character	code_point	kMandarin17	CNS11643	policy
㐜	U+341C	chóu	qiú	kMandarin17 retained
㐡	U+3421	nuò	nuò rú	kMandarin17 retained
㐬	U+342C	liú	bù fōu fǒu fū tū liú huāng	kMandarin17 retained
㐰	U+3430	xìn	xìn shēn	kMandarin17 retained
㐵	U+3435	rú	xiè rú	kMandarin17 retained
㐷	U+3437	mǎ	mà	kMandarin17 retained
㐸	U+3438	qiàn	qiàn cì	kMandarin17 retained
㐹	U+3439	yì	qì yì	kMandarin17 retained
㐺	U+343A	yín	pān zhòng yín	kMandarin17 retained
㐼	U+343C	chèng	shēng	kMandarin17 retained
㑃	U+3443	ǎo	ào	kMandarin17 retained
㑇	U+3447	zhòu	zhòu zhū	kMandarin17 retained
㑈	U+3448	dòng	dōng	kMandarin17 retained
㑋	U+344B	qióng	qiòng	kMandarin17 retained
㑌	U+344C	kuāng	kuāng wāng	kMandarin17 retained
㑐	U+3450	shū	shú	kMandarin17 retained
㑘	U+3458	jiè	ga jià jiè	kMandarin17 retained
㑜	U+345C	yì	zhè chì yì	kMandarin17 retained
㑞	U+345E	yìng	yìng yùn	kMandarin17 retained
㑥	U+3465	yì	chǐ shì yì	kMandarin17 retained
㑨	U+3468	yǔ	hóu hòu	kMandarin17 retained
㑱	U+3471	rǎo	náo rǎo	kMandarin17 retained
㑵	U+3475	hàn	jí	kMandarin17 retained
㑹	U+3479	huì	guì kuài huǐ huì	kMandarin17 retained
㑺	U+347A	jùn	jùn zùn	kMandarin17 retained
㒀	U+3480	zhāi	zhǎ zhé	kMandarin17 retained
㒃	U+3483	èr	nì èr	kMandarin17 retained
㒆	U+3486	chì	hé xì shè	kMandarin17 retained
㒈	U+3488	hàn	xiàn	kMandarin17 retained
㒉	U+3489	tǎng	tǎng chǎng	kMandarin17 retained
㒍	U+348D	léi	lěi	kMandarin17 retained
㒑	U+3491	kuǐ	huì	kMandarin17 retained
㒔	U+3494	shú	dú tǔ shǔ	kMandarin17 retained
㒚	U+349A	yìn	yìn wěn	kMandarin17 retained
㒛	U+349B	diào	diǎo	kMandarin17 retained
㒝	U+349D	miè	miè wà	kMandarin17 retained
㒞	U+349E	jùn	jùn zùn	kMandarin17 retained
㒤	U+34A4	chè	chè shè	kMandarin17 retained
㒦	U+34A6	lěi	lěi lèi	kMandarin17 retained
㒷	U+34B7	guǎ	xīng xìng	kMandarin17 retained
㒻	U+34BB	mào	mò mào méng	kMandarin17 retained
㓄	U+34C4	zhèn	chèn	kMandarin17 retained
㓎	U+34CE	qīn	qīn qǐn qìn	kMandarin17 retained
㓝	U+34DD	xíng	xíng chuāng chuàng	kMandarin17 retained
㓞	U+34DE	qià	qì qià	kMandarin17 retained
㓠	U+34E0	diàn	diǎn diàn	kMandarin17 retained
㓡	U+34E1	fǔ	fǒu	kMandarin17 retained
㓣	U+34E3	qià	gē qià	kMandarin17 retained
㓥	U+34E5	tāng	tāng tōng	kMandarin17 retained
㓨	U+34E8	cí	cì	kMandarin17 retained
㓮	U+34EE	diāo	diāo gē	kMandarin17 retained
㓯	U+34EF	lí	lí lǐ	kMandarin17 retained
㓰	U+34F0	huà	huá huà	kMandarin17 retained
㓱	U+34F1	tóu	tóu shū	kMandarin17 retained
㓸	U+34F8	zhuō	dōu lóu zhuó	kMandarin17 retained
㓹	U+34F9	ruì	ruì cuì	kMandarin17 retained
㓺	U+34FA	jiān	jiān qián	kMandarin17 retained
㓽	U+34FD	chóng	chóng chòng	kMandarin17 retained
㓾	U+34FE	xī	qí xī	kMandarin17 retained
㔀	U+3500	lüè	liàng	kMandarin17 retained
㔃	U+3503	jué	jué xuē	kMandarin17 retained
㔉	U+3509	zhǔ	zhú	kMandarin17 retained
㔊	U+350A	zhǎn	dǎn zhǎn	kMandarin17 retained
㔋	U+350B	jiān	làn jiān	kMandarin17 retained
㔌	U+350C	zòu	zòu cǒu	kMandarin17 retained
㔎	U+350E	xiè	xuē	kMandarin17 retained
㔗	U+3517	fèi	bèi fèi	kMandarin17 retained
㔘	U+3518	chù	zhuó chù	kMandarin17 retained
㔚	U+351A	jié	kǒu	kMandarin17 retained
㔜	U+351C	bá	bó	kMandarin17 retained
㔝	U+351D	liǎng	liáng liǎng	kMandarin17 retained
㔞	U+351E	kuài	kuāi	kMandarin17 retained
㔠	U+3520	xiā	hé xiā	kMandarin17 retained
㔡	U+3521	biē	pì	kMandarin17 retained
㔢	U+3522	jué	jué xuē	kMandarin17 retained
㔣	U+3523	léi	léi lèi	kMandarin17 retained
㔥	U+3525	bài	bǎi bài pí	kMandarin17 retained
㔭	U+352D	chè	chí shi	kMandarin17 retained
㔯	U+352F	xuán	xuán suān suǎn	kMandarin17 retained
㔶	U+3536	gòng	gǎn gòng	kMandarin17 retained
㔽	U+353D	yào	yǒu	kMandarin17 retained
㔾	U+353E	xiān	jié	kMandarin17 retained
㕂	U+3542	yín	qín yín	kMandarin17 retained
㕆	U+3546	hù	dǔ hù	kMandarin17 retained
㕉	U+3549	kè	kè ǎn wā	kMandarin17 retained
㕐	U+3550	xiě	xiě xiè	kMandarin17 retained
㕒	U+3552	wēi	wéi	kMandarin17 retained
㕛	U+355B	xù	xiáo yáo yǒu	kMandarin17 retained
㕟	U+355F	kuì	tiān kuài kuì	kMandarin17 retained
㕠	U+3560	shuāng	shuāng shuàng	kMandarin17 retained
㕤	U+3564	qiú	qiú róu	kMandarin17 retained
㕬	U+356C	gōng	gōng zhōng sòng	kMandarin17 retained
㕮	U+356E	fǔ	fǔ fù	kMandarin17 retained
㕯	U+356F	nè	nà	kMandarin17 retained
㕰	U+3570	xuè	mā xuè	kMandarin17 retained
㕲	U+3572	huá	huá yíng	kMandarin17 retained
㕵	U+3575	guó	máng guó	kMandarin17 retained
㕶	U+3576	ň	mò fǔ en	kMandarin17 retained
㕷	U+3577	huà	pā piā huà huò	kMandarin17 retained
㕺	U+357A	xiāo	háo hào xiāo è	kMandarin17 retained
㖃	U+3583	hǒu	gòu hǒu	kMandarin17 retained
㖕	U+3595	niè	niè xīn	kMandarin17 retained
㖖	U+3596	niè	niè xīn	kMandarin17 retained
㖠	U+35A0	nuò	nǎ něi nuó	kMandarin17 retained
㖢	U+35A2	qí	zǐ cí suò	kMandarin17 retained
㖣	U+35A3	tòu	pǒu	kMandarin17 retained
㖧	U+35A7	hūn	hūn wěn	kMandarin17 retained
㖩	U+35A9	jū	dié niè jū zú sǒu	kMandarin17 retained
㖪	U+35AA	huò	guó huò xù yù	kMandarin17 retained
㖵	U+35B5	gé	jù	kMandarin17 retained
㖶	U+35B6	yān	yè yān yàn yīn	kMandarin17 retained
㖸	U+35B8	xué	jù jué xuē	kMandarin17 retained
㖹	U+35B9	pēn	pēn pén pèn fèn	kMandarin17 retained
㖻	U+35BB	niú	niú róu	kMandarin17 retained
㖼	U+35BC	duǒ	móu	kMandarin17 retained
㖽	U+35BD	zé	dié zhì zé	kMandarin17 retained
㖿	U+35BF	xié	yé	kMandarin17 retained
㗇	U+35C7	xiá	xiā	kMandarin17 retained
㗈	U+35C8	màn	mán	kMandarin17 retained
㗉	U+35C9	lüè	lüè è	kMandarin17 retained
㗑	U+35D1	bai	bài bei	kMandarin17 retained
㗕	U+35D5	gòu	gōu gòu	kMandarin17 retained
㗗	U+35D7	bēi	bǐ	kMandarin17 retained
㗙	U+35D9	chū	chú	kMandarin17 retained
㗢	U+35E2	hóng	dòng hóng hòng	kMandarin17 retained
㗤	U+35E4	cù	qī zá zú	kMandarin17 retained
㗥	U+35E5	kuò	guō kuò	kMandarin17 retained
㗧	U+35E7	zhì	dié zhì	kMandarin17 retained
㗨	U+35E8	xiē	xiē ǎi	kMandarin17 retained
㗬	U+35EC	zhā	chā	kMandarin17 retained
㗲	U+35F2	huò	huà huò	kMandarin17 retained
㗳	U+35F3	tǎ	dā tǎ tà	kMandarin17 retained
㗵	U+35F5	xù	hū xù chuā	kMandarin17 retained
㗻	U+35FB	guō	guō hé	kMandarin17 retained
㗿	U+35FF	hé	hē hě qiè xiā xià	kMandarin17 retained
㘆	U+3606	tǎi	tái	kMandarin17 retained
㘈	U+3608	yì	nǐ yì	kMandarin17 retained
㘉	U+3609	zhì	jié	kMandarin17 retained
㘊	U+360A	xī	xī yì	kMandarin17 retained
㘌	U+360C	jù	jù jué xuē	kMandarin17 retained
㘔	U+3614	sǎi	sāi sái sǎi	kMandarin17 retained
㘕	U+3615	hǎn	lán làn hǎn	kMandarin17 retained
㘜	U+361C	chǐ	chóu	kMandarin17 retained
㘝	U+361D	niè	nì	kMandarin17 retained
㘞	U+361E	huò	duò huò	kMandarin17 retained
㘠	U+3620	bì	bī	kMandarin17 retained
㘡	U+3621	xiá	jiǎ xiá	kMandarin17 retained
㘣	U+3623	xuán	xuān	kMandarin17 retained
㘥	U+3625	yóu	é yóu	kMandarin17 retained
㘨	U+3628	niè	niè kuài	kMandarin17 retained
㘫	U+362B	jǐng	jìng	kMandarin17 retained
㘬	U+362C	ào	bì fó fú āo ào wù	kMandarin17 retained
㘭	U+362D	ào	huàn āo ào	kMandarin17 retained
㘷	U+3637	ài	ài yì	kMandarin17 retained
㘸	U+3638	zàng	zàng zuò	kMandarin17 retained
㘹	U+3639	cí	jí	kMandarin17 retained
㙀	U+3640	liù	liù jiù	kMandarin17 retained
㙉	U+3649	tiǎn	diǎn tiǎn	kMandarin17 retained
㙊	U+364A	cháng	zhàng	kMandarin17 retained
㙍	U+364D	duō	duō duó	kMandarin17 retained
㙔	U+3654	wěi	hán wěi	kMandarin17 retained
㙙	U+3659	lǒng	měng	kMandarin17 retained
㙜	U+365C	chí	tái	kMandarin17 retained
㙤	U+3664	xià	hū xià	kMandarin17 retained
㙨	U+3668	jì	jī qí	kMandarin17 retained
㙮	U+366E	dā	dā da	kMandarin17 retained
㙲	U+3672	yǒng	yōng yǒng	kMandarin17 retained
㙳	U+3673	kǎn	kǎn hǎn	kMandarin17 retained
㙷	U+3677	zhí	zhí zhé	kMandarin17 retained
㙸	U+3678	bào	pú	kMandarin17 retained
㙺	U+367A	kuí	guì	kMandarin17 retained
㙼	U+367C	lěi	lěi lǜ	kMandarin17 retained
㙾	U+367E	xì	hú què xué	kMandarin17 retained
㚇	U+3687	zōng	zōng zòng	kMandarin17 retained
㚌	U+368C	huà	huǒ	kMandarin17 retained
㚔	U+3694	niè	niè xìng	kMandarin17 retained
㚕	U+3695	fú	bì fú	kMandarin17 retained
㚜	U+369C	yù	xù yù	kMandarin17 retained
㚝	U+369D	zhuī	kuī jùn	kMandarin17 retained
㚢	U+36A2	nú	nú wǔ	kMandarin17 retained
㚣	U+36A3	xiáo	jiāo jiǎo	kMandarin17 retained
㚦	U+36A6	yí	jī	kMandarin17 retained
㚨	U+36A8	shěn	shēn	kMandarin17 retained
㚯	U+36AF	xín	xún	kMandarin17 retained
㚰	U+36B0	pēi	bǐ	kMandarin17 retained
㚲	U+36B2	chān	diǎn diàn chè chān	kMandarin17 retained
㚴	U+36B4	bù	pù	kMandarin17 retained
㚶	U+36B6	sì	jī sì	kMandarin17 retained
㚷	U+36B7	ěr	nǎi	kMandarin17 retained
㚹	U+36B9	mǎo	miáo	kMandarin17 retained
㛀	U+36C0	chú	chú zòu	kMandarin17 retained
㛆	U+36C6	duò	duǒ duò	kMandarin17 retained
㛐	U+36D0	sǒu	sǎo	kMandarin17 retained
㛕	U+36D5	yì	è yì yà	kMandarin17 retained
㛗	U+36D7	qiē	qiē zuō suō	kMandarin17 retained
㛚	U+36DA	tǒng	tǒng yǒng	kMandarin17 retained
㛛	U+36DB	xìn	zhèn chén shēn	kMandarin17 retained
㛤	U+36E4	lí	lí lì	kMandarin17 retained
㛩	U+36E9	zhóu	zhóu zhú	kMandarin17 retained
㛪	U+36EA	yàn	yān yàn	kMandarin17 retained
㛫	U+36EB	xī	xí	kMandarin17 retained
㛭	U+36ED	xī	xí	kMandarin17 retained
㛯	U+36EF	fàn	miǎn fàn fù zhuàn wǎn	kMandarin17 retained
㛱	U+36F1	wěi	wēi wěi	kMandarin17 retained
㛲	U+36F2	fà	fǎ	kMandarin17 retained
㛺	U+36FA	ān	ā āng yān	kMandarin17 retained
㛼	U+36FC	chā	chā shà	kMandarin17 retained
㜄	U+3704	xún	xín	kMandarin17 retained
㜇	U+3707	huì	huì yè	kMandarin17 retained
㜑	U+3711	fú	pó	kMandarin17 retained
㜗	U+3717	cān	cān sēn	kMandarin17 retained
㜘	U+3718	jù	jiē qù chá	kMandarin17 retained
㜛	U+371B	nèn	nèn ruǎn	kMandarin17 retained
㜝	U+371D	ǎn	ān ǎn yǎn	kMandarin17 retained
㜞	U+371E	qiàn	qiàn cán	kMandarin17 retained
㜣	U+3723	rán	shǎn rán	kMandarin17 retained
㜤	U+3724	niǎn	tán tiǎn niǎn shěn	kMandarin17 retained
㜦	U+3726	xín	xún	kMandarin17 retained
㜧	U+3727	yuè	yuē	kMandarin17 retained
㜪	U+372A	shēn	xiǎn xīn	kMandarin17 retained
㜫	U+372B	mà	měi	kMandarin17 retained
㜮	U+372E	làn	lán làn	kMandarin17 retained
㜱	U+3731	zhì	zhí	kMandarin17 retained
㜲	U+3732	wěng	yíng	kMandarin17 retained
㜶	U+3736	wǎn	fàn	kMandarin17 retained
㜷	U+3737	mí	mí xiǎn	kMandarin17 retained
㜻	U+373B	liàn	luán lüǎn	kMandarin17 retained
㜽	U+373D	zǐ	zǐ zi	kMandarin17 retained
㜾	U+373E	hái	gū hāi hái	kMandarin17 retained
㝀	U+3740	hào	hǎo hào	kMandarin17 retained
㝁	U+3741	xuān	qióng xuān	kMandarin17 retained
㝂	U+3742	zhì	zhì zhè	kMandarin17 retained
㝃	U+3743	miǎn	miǎn wǎn	kMandarin17 retained
㝄	U+3744	chún	zhǔn chún	kMandarin17 retained
㝈	U+3748	luán	luán lüán	kMandarin17 retained
㝉	U+3749	zhù	bāo bǎo zhù	kMandarin17 retained
㝊	U+374A	shǒu	shǒu shòu	kMandarin17 retained
㝍	U+374D	xiě	xiě xiè	kMandarin17 retained
㝎	U+374E	dìng	biǎn dìng	kMandarin17 retained
㝑	U+3751	máng	bàng páng péng fáng	kMandarin17 retained
㝔	U+3754	yǎo	jiào yǎo yào	kMandarin17 retained
㝕	U+3755	níng	níng nìng	kMandarin17 retained
㝗	U+3757	láng	láng lǎng	kMandarin17 retained
㝞	U+375E	yā	yā yà	kMandarin17 retained
㝟	U+375F	máo	mào méng kuān	kMandarin17 retained
㝡	U+3761	zuì	zuì cuō	kMandarin17 retained
㝫	U+376B	lóng	lōng	kMandarin17 retained
㝭	U+376D	xǐng	xíng	kMandarin17 retained
㝵	U+3775	dé	dé de dǎi děi ài	kMandarin17 retained
㝶	U+3776	ài	dé de dǎi děi ài	kMandarin17 retained
㝻	U+377B	jǐn	jìn	kMandarin17 retained
㝽	U+377D	chuí	zhuǐ	kMandarin17 retained
㞂	U+3782	tuǐ	tuǐ kuǐ kuì	kMandarin17 retained
㞃	U+3783	jì	jí	kMandarin17 retained
㞆	U+3786	jǐ	jǐ qì	kMandarin17 retained
㞉	U+3789	zā	zuō	kMandarin17 retained
㞋	U+378B	niǎn	niǎn jí ruǎn	kMandarin17 retained
㞎	U+378E	bǎ	bǎ pā	kMandarin17 retained
㞏	U+378F	zhé	jí zhí	kMandarin17 retained
㞐	U+3790	jū	jī jū	kMandarin17 retained
㞒	U+3792	xiè	xì xiè	kMandarin17 retained
㞔	U+3794	yí	chǐ	kMandarin17 retained
㞕	U+3795	xiè	xiè xiāo xuè	kMandarin17 retained
㞖	U+3796	cí	cì	kMandarin17 retained
㞘	U+3798	dū	dū tún zhuó	kMandarin17 retained
㞙	U+3799	niào	niào shī	kMandarin17 retained
㞟	U+379F	diàn	diàn dǐng	kMandarin17 retained
㞠	U+37A0	láo	liáo	kMandarin17 retained
㞤	U+37A4	yín	cén yín	kMandarin17 retained
㞧	U+37A7	huì	guì kuài huǐ huì	kMandarin17 retained
㞩	U+37A9	lán	lán lǎn	kMandarin17 retained
㞫	U+37AB	jù	zǒu	kMandarin17 retained
㞬	U+37AC	qìn	qǐn	kMandarin17 retained
㞯	U+37AF	jié	qǐ	kMandarin17 retained
㞶	U+37B6	mǐn	mín	kMandarin17 retained
㞷	U+37B7	huáng	kuáng huáng	kMandarin17 retained
㞿	U+37BF	chì	qí	kMandarin17 retained
㟅	U+37C5	yáng	lóng yáng	kMandarin17 retained
㟇	U+37C7	cuò	zuò cuó	kMandarin17 retained
㟎	U+37CE	tuǒ	tuó tuǐ	kMandarin17 retained
㟏	U+37CF	hán	hān hán	kMandarin17 retained
㟐	U+37D0	mǎng	máng	kMandarin17 retained
㟒	U+37D2	qūn	qūn qún	kMandarin17 retained
㟔	U+37D4	hán	hān hán	kMandarin17 retained
㟗	U+37D7	bīn	bīn fēn	kMandarin17 retained
㟛	U+37DB	zàn	kān qiān qiǎn qiàn	kMandarin17 retained
㟝	U+37DD	péi	péi pǒu	kMandarin17 retained
㟞	U+37DE	zhàn	zhǎn	kMandarin17 retained
㟠	U+37E0	gǎng	gāng gǎng	kMandarin17 retained
㟪	U+37EA	wēi	wēi wěi	kMandarin17 retained
㟲	U+37F2	jué	yuán	kMandarin17 retained
㟴	U+37F4	kuài	wéi	kMandarin17 retained
㟵	U+37F5	gǎng	gāng gǎng	kMandarin17 retained
㟷	U+37F7	da	dā	kMandarin17 retained
㟺	U+37FA	lóu	lǒu	kMandarin17 retained
㟻	U+37FB	qiàn	qiàn zhǎn chán	kMandarin17 retained
㟽	U+37FD	biǎo	biāo biǎo	kMandarin17 retained
㟿	U+37FF	mǎng	máng mǎng	kMandarin17 retained
㠅	U+3805	fú	fù	kMandarin17 retained
㠌	U+380C	qī	qī qí qiān qiàn	kMandarin17 retained
㠎	U+380E	jí	jí jié	kMandarin17 retained
㠐	U+3810	jiào	jiào qiáo	kMandarin17 retained
㠒	U+3812	biǎo	biāo biǎo	kMandarin17 retained
㠙	U+3819	háo	yáo	kMandarin17 retained
㠜	U+381C	nì	nì yí	kMandarin17 retained
㠠	U+3820	lú	lǘ	kMandarin17 retained
㠥	U+3825	lǜ	léi lěi lèi lǜ	kMandarin17 retained
㠮	U+382E	pēng	gāng	kMandarin17 retained
㠱	U+3831	jì	jì qǐ	kMandarin17 retained
㠶	U+3836	fán	fān fán	kMandarin17 retained
㠸	U+3838	kù	fū	kMandarin17 retained
㠺	U+383A	shā	miáo	kMandarin17 retained
㠿	U+383F	zī	zī cǐ	kMandarin17 retained
㡄	U+3844	xún	xián xuān xuàn xún	kMandarin17 retained
㡇	U+3847	zhé	jiē zhé	kMandarin17 retained
㡈	U+3848	wèn	mén miǎn wèn	kMandarin17 retained
㡋	U+384B	yé	ān yè	kMandarin17 retained
㡎	U+384E	shān	shān shēn cāo	kMandarin17 retained
㡏	U+384F	shù	tóu xū shū shù yú	kMandarin17 retained
㡑	U+3851	qiāo	jiǎo qiāo cāo	kMandarin17 retained
㡓	U+3853	kūn	kūn huī	kMandarin17 retained
㡔	U+3854	wù	mòu mú mù xù wù	kMandarin17 retained
㡖	U+3856	chuáng	chóng	kMandarin17 retained
㡛	U+385B	máng	huāng	kMandarin17 retained
㡜	U+385C	xiè	xiè xuě	kMandarin17 retained
㡠	U+3860	zhèng	zhēn zhèng	kMandarin17 retained
㡦	U+3866	pīn	bīn	kMandarin17 retained
㡧	U+3867	zhèng	zhēn zhèng	kMandarin17 retained
㡨	U+3868	jiān	jiān qiān	kMandarin17 retained
㡫	U+386B	yì	yì yè	kMandarin17 retained
㡯	U+386F	zhái	dù duò zhè zhái	kMandarin17 retained
㡳	U+3873	zhǐ	de dǐ zhǐ	kMandarin17 retained
㡸	U+3878	zhà	zhǎ chá	kMandarin17 retained
㡼	U+387C	yì	xiè	kMandarin17 retained
㢁	U+3881	chǐ	chǐ chì	kMandarin17 retained
㢂	U+3882	yǎn	duī tuí yǎn	kMandarin17 retained
㢈	U+3888	tuí	duī tuí	kMandarin17 retained
㢊	U+388A	ǎi	ǎi yǐ	kMandarin17 retained
㢏	U+388F	tóu	tóu yú yǔ	kMandarin17 retained
㢑	U+3891	tuí	suī	kMandarin17 retained
㢓	U+3893	yǎo	zhàng	kMandarin17 retained
㢖	U+3896	pān	bān pān	kMandarin17 retained
㢙	U+3899	qín	jǐn jìn qín	kMandarin17 retained
㢛	U+389B	yàn	lián qiān yàn	kMandarin17 retained
㢜	U+389C	kàng	kāng	kMandarin17 retained
㢟	U+389F	chān	chān chǎn	kMandarin17 retained
㢠	U+38A0	jiǒng	huí jiǒng	kMandarin17 retained
㢣	U+38A3	jìng	qíng	kMandarin17 retained
㢧	U+38A7	juàn	juǎn juàn quán	kMandarin17 retained
㢮	U+38AE	chí	chí shǐ	kMandarin17 retained
㢯	U+38AF	diāo	mín diāo dūn	kMandarin17 retained
㢲	U+38B2	xùn	xùn sùn	kMandarin17 retained
㢻	U+38BB	ruì	nèi ruì	kMandarin17 retained
㢼	U+38BC	biè	bié biè	kMandarin17 retained
㣃	U+38C3	yǔ	yù	kMandarin17 retained
㣆	U+38C6	mí	mǐ	kMandarin17 retained
㣑	U+38D1	róng	yóng	kMandarin17 retained
㣔	U+38D4	dīng	dīng zhēng chēng	kMandarin17 retained
㣠	U+38E0	tāo	tāo tóng zhōng yōu	kMandarin17 retained
㣦	U+38E6	wēi	wēi wěi	kMandarin17 retained
㣫	U+38EB	zhǒng	dòng zhǒng	kMandarin17 retained
㣰	U+38F0	xiè	xī	kMandarin17 retained
㣼	U+38FC	rěn	bō bāo rěn	kMandarin17 retained
㣽	U+38FD	shù	nù shù	kMandarin17 retained
㣿	U+38FF	zhuó	dì diǎo zhuó	kMandarin17 retained
㤁	U+3901	miǎn	tiǎn	kMandarin17 retained
㤃	U+3903	fáng	fāng fáng fǎng	kMandarin17 retained
㤄	U+3904	pèi	pèi fèi	kMandarin17 retained
㤇	U+3907	ǎo	ào	kMandarin17 retained
㤉	U+3909	qiā	qiā yà	kMandarin17 retained
㤊	U+390A	xiào	jiāo xiào	kMandarin17 retained
㤋	U+390B	fēn	bèn fēn	kMandarin17 retained
㤐	U+3910	chān	tiē zhān	kMandarin17 retained
㤑	U+3911	yòu	yōu yòu	kMandarin17 retained
㤖	U+3916	zhù	zhǔ	kMandarin17 retained
㤘	U+3918	zhòu	zhòu chǎo	kMandarin17 retained
㤛	U+391B	nín	nín rèn	kMandarin17 retained
㤜	U+391C	jué	xù	kMandarin17 retained
㤞	U+391E	chà	duó zhè chā	kMandarin17 retained
㤠	U+3920	liè	lì liè	kMandarin17 retained
㤡	U+3921	lì	lì liè	kMandarin17 retained
㤩	U+3929	kè	kè què	kMandarin17 retained
㤪	U+392A	yuàn	yuān yuàn	kMandarin17 retained
㤯	U+392F	jiǒng	jiōng	kMandarin17 retained
㤱	U+3931	fù	fù dòu	kMandarin17 retained
㤳	U+3933	běi	bǎi	kMandarin17 retained
㤴	U+3934	chè	dié chè shè	kMandarin17 retained
㤶	U+3936	máng	máng màng	kMandarin17 retained
㤹	U+3939	qiú	jiù qiú	kMandarin17 retained
㤺	U+393A	huǎng	huāng huang	kMandarin17 retained
㤾	U+393E	sàn	tán tàn sàn	kMandarin17 retained
㤿	U+393F	yān	yān yàn	kMandarin17 retained
㥀	U+3940	zhí	dé shí	kMandarin17 retained
㥃	U+3943	mèn	mēn mèn	kMandarin17 retained
㥄	U+3944	líng	léng líng	kMandarin17 retained
㥉	U+3949	chè	chì	kMandarin17 retained
㥊	U+394A	péng	pēng péng	kMandarin17 retained
㥍	U+394D	jì	jī jì qí	kMandarin17 retained
㥎	U+394E	lái	lí	kMandarin17 retained
㥐	U+3950	yuàn	yuān yuàn	kMandarin17 retained
㥒	U+3952	cǎi	cāi cǎi	kMandarin17 retained
㥚	U+395A	yú	yú yǔ	kMandarin17 retained
㥛	U+395B	jí	kè jí	kMandarin17 retained
㥠	U+3960	xū	xǔ	kMandarin17 retained
㥦	U+3966	qiè	qiè xiá	kMandarin17 retained
㥨	U+3968	shuì	shuì wěi	kMandarin17 retained
㥪	U+396A	lóu	lóu lǚ	kMandarin17 retained
㥭	U+396D	tài	tài shì	kMandarin17 retained
㥮	U+396E	zhòu	chǎo	kMandarin17 retained
㥱	U+3971	fěi	bēi fěi	kMandarin17 retained
㥴	U+3974	yí	tí yí	kMandarin17 retained
㥶	U+3976	sè	hán qiān sè	kMandarin17 retained
㥷	U+3977	yè	qiè yì	kMandarin17 retained
㥺	U+397A	hé	gài hé	kMandarin17 retained
㥼	U+397C	yìn	yān yìn	kMandarin17 retained
㥽	U+397D	cè	zé cè	kMandarin17 retained
㦀	U+3980	féng	péng	kMandarin17 retained
㦁	U+3981	lián	lián liǎn	kMandarin17 retained
㦅	U+3985	diē	dié chài	kMandarin17 retained
㦆	U+3986	hū	hū xiā	kMandarin17 retained
㦉	U+3989	yì	yí yì	kMandarin17 retained
㦌	U+398C	hū	hū hù cuǎn	kMandarin17 retained
㦏	U+398F	sǔn	xuàn sǔn	kMandarin17 retained
㦔	U+3994	yàn	yān yàn	kMandarin17 retained
㦖	U+3996	mèn	mǎn mèn	kMandarin17 retained
㦛	U+399B	yǔ	yú yǔ	kMandarin17 retained
㦤	U+39A4	yì	yí yì	kMandarin17 retained
㦥	U+39A5	xuān	xiǎn xuān	kMandarin17 retained
㦨	U+39A8	lán	lǎn	kMandarin17 retained
㦶	U+39B6	dié	dié yǒng	kMandarin17 retained
㦸	U+39B8	jǐ	jí jǐ	kMandarin17 retained
㦿	U+39BF	qiǎn	hù qiǎn	kMandarin17 retained
㧁	U+39C1	qù	hé qù	kMandarin17 retained
㧃	U+39C3	shōu	jiū shōu	kMandarin17 retained
㧅	U+39C5	mù	mù dāo lè cái	kMandarin17 retained
㧆	U+39C6	jīn	jīn jìn	kMandarin17 retained
㧉	U+39C9	gài	gài yè	kMandarin17 retained
㧊	U+39CA	pō	bá pō	kMandarin17 retained
㧍	U+39CD	fǎng	bāng bǎng bàng bēng bèng péng fǎng	kMandarin17 retained
㧎	U+39CE	yá	hē hè qiā yà	kMandarin17 retained
㧏	U+39CF	gāng	gāng gàng	kMandarin17 retained
㧑	U+39D1	huī	huī wéi	kMandarin17 retained
㧒	U+39D2	yù	tāo yǎo yù	kMandarin17 retained
㧗	U+39D7	zǐ	jǐ zhǐ zǐ	kMandarin17 retained
㧙	U+39D9	bì	bì bié	kMandarin17 retained
㧡	U+39E1	hài	hài wèi	kMandarin17 retained
㧦	U+39E6	xuàn	hōng jú xuàn	kMandarin17 retained
㧪	U+39EA	guǐ	guǐ wěi	kMandarin17 retained
㧫	U+39EB	ér	bù pū rù ruí ruán ér	kMandarin17 retained
㧭	U+39ED	qióng	gǒng qíng qióng	kMandarin17 retained
㧰	U+39F0	lì	lì luò	kMandarin17 retained
㧱	U+39F1	chèn	bǎ bà bǎi ná	kMandarin17 retained
㧳	U+39F3	zhuò	pǎi zhuò	kMandarin17 retained
㧴	U+39F4	wǒ	ě	kMandarin17 retained
㧵	U+39F5	póu	póu pǒu	kMandarin17 retained
㧻	U+39FB	zhuó	zhuó zú	kMandarin17 retained
㧼	U+39FC	biào	biǎo	kMandarin17 retained
㧾	U+39FE	hū	kū hū zǒng	kMandarin17 retained
㨀	U+3A00	bǐng	bǐng bìng	kMandarin17 retained
㨁	U+3A01	zhì	zhí zhì	kMandarin17 retained
㨄	U+3A04	zhōu	tiáo zhào	kMandarin17 retained
㨅	U+3A05	nèi	nèi ruì	kMandarin17 retained
㨇	U+3A07	pó	pó pán	kMandarin17 retained
㨊	U+3A0A	wěi	duò tuǒ wěi	kMandarin17 retained
㨋	U+3A0B	chě	zhě	kMandarin17 retained
㨎	U+3A0E	rú	rǔ rù ruí ruán	kMandarin17 retained
㨒	U+3A12	kuī	kuī kuí	kMandarin17 retained
㨕	U+3A15	yíng	luò yíng	kMandarin17 retained
㨙	U+3A19	xié	xì xié	kMandarin17 retained
㨚	U+3A1A	xún	xún sǔn	kMandarin17 retained
㨛	U+3A1B	shǎn	shǎn shàn yàn	kMandarin17 retained
㨝	U+3A1D	xiē	xiè	kMandarin17 retained
㨟	U+3A1F	hāi	gāi hái	kMandarin17 retained
㨠	U+3A20	mì	miǎn	kMandarin17 retained
㨡	U+3A21	hún	gǔn hún	kMandarin17 retained
㨩	U+3A29	jié	tíng tǐng jié	kMandarin17 retained
㨯	U+3A2F	huò	kuò	kMandarin17 retained
㨰	U+3A30	gǔn	gùn	kMandarin17 retained
㨳	U+3A33	guǐ	guǐ jǐ jì	kMandarin17 retained
㨵	U+3A35	jiǎn	jiǎn qiān qián	kMandarin17 retained
㨷	U+3A37	jìn	jiān jìn	kMandarin17 retained
㨹	U+3A39	huì	xuě zuì	kMandarin17 retained
㨼	U+3A3C	lüè	liào lüè	kMandarin17 retained
㨽	U+3A3D	pì	pì fù	kMandarin17 retained
㩁	U+3A41	què	huō què	kMandarin17 retained
㩃	U+3A43	qiān	jiǎn qiān	kMandarin17 retained
㩆	U+3A46	jiù	jiù cù	kMandarin17 retained
㩇	U+3A47	huò	huá huò xù zuó	kMandarin17 retained
㩉	U+3A49	dá	dá tā tà lā xī	kMandarin17 retained
㩋	U+3A4B	xiāo	xiāo sù	kMandarin17 retained
㩎	U+3A4E	yè	yè yàng	kMandarin17 retained
㩔	U+3A54	tún	diàn tún	kMandarin17 retained
㩗	U+3A57	xí	xī xié	kMandarin17 retained
㩘	U+3A58	nǐ	xī yǐ	kMandarin17 retained
㩙	U+3A59	sāi	sè sāi sài sēi	kMandarin17 retained
㩛	U+3A5B	tuán	bó tuán zhuàn	kMandarin17 retained
㩞	U+3A5E	cì	cè	kMandarin17 retained
㩠	U+3A60	āo	póu piǎo lù āo áo	kMandarin17 retained
㩦	U+3A66	xié	xī xié	kMandarin17 retained
㩪	U+3A6A	xié	jí jié xié	kMandarin17 retained
㩭	U+3A6D	bó	gǎo jiǎo	kMandarin17 retained
㩮	U+3A6E	qián	qiān	kMandarin17 retained
㩰	U+3A70	jiǎo	jiǎo chāo cháo	kMandarin17 retained
㩲	U+3A72	kǔn	quán	kMandarin17 retained
㩴	U+3A74	jú	jū qú	kMandarin17 retained
㩶	U+3A76	niè	niē niǎn	kMandarin17 retained
㩻	U+3A7B	qī	guǐ guì qī	kMandarin17 retained
㩾	U+3A7E	zhuì	qí zhuī	kMandarin17 retained
㪁	U+3A81	qín	kān qiān qiàn qín	kMandarin17 retained
㪅	U+3A85	gèng	gēng gèng jīng	kMandarin17 retained
㪉	U+3A89	hé	gé hé	kMandarin17 retained
㪋	U+3A8B	hàn	hě hàn	kMandarin17 retained
㪌	U+3A8C	tǒng	tǒng sǒng	kMandarin17 retained
㪎	U+3A8E	shǎn	nà shǎn	kMandarin17 retained
㪓	U+3A93	chuái	chái	kMandarin17 retained
㪔	U+3A94	sàn	sān sǎn sàn	kMandarin17 retained
㪕	U+3A95	diào	diào chuò	kMandarin17 retained
㪚	U+3A9A	sàn	sǎn sàn	kMandarin17 retained
㪜	U+3A9C	chuǎi	duǒ chuǎi	kMandarin17 retained
㪠	U+3AA0	qiān	jiān qiān qiàn	kMandarin17 retained
㪡	U+3AA1	kài	kè	kMandarin17 retained
㪢	U+3AA2	shǎo	shāo	kMandarin17 retained
㪣	U+3AA3	xiāo	qiāo	kMandarin17 retained
㪬	U+3AAC	chuō	zhuó	kMandarin17 retained
㪯	U+3AAF	chá	jǔ	kMandarin17 retained
㪶	U+3AB6	hú	hú hù	kMandarin17 retained
㪾	U+3ABE	luò	luò gé	kMandarin17 retained
㪿	U+3ABF	zhé	zhē zhé shé	kMandarin17 retained
㫄	U+3AC4	páng	bàng páng péng	kMandarin17 retained
㫅	U+3AC5	chá	qí	kMandarin17 retained
㫊	U+3ACA	yǐ	ě yǐ	kMandarin17 retained
㫎	U+3ACE	huī	gǔn huī	kMandarin17 retained
㫑	U+3AD1	zhǐ	zhǐ zhù shí	kMandarin17 retained
㫒	U+3AD2	gǒng	gōng	kMandarin17 retained
㫓	U+3AD3	qǐ	qì	kMandarin17 retained
㫔	U+3AD4	gèn	mín gěn gèn yín	kMandarin17 retained
㫚	U+3ADA	hū	hū wù wěn	kMandarin17 retained
㫜	U+3ADC	tǎn	dàn tǎn	kMandarin17 retained
㫥	U+3AE5	mǐng	míng mǐng zhāo zhān	kMandarin17 retained
㫧	U+3AE7	bào	bào pù	kMandarin17 retained
㫯	U+3AEF	mào	mò mào méng	kMandarin17 retained
㫰	U+3AF0	làng	lǎng làng	kMandarin17 retained
㫱	U+3AF1	nǎn	nǎn nàn	kMandarin17 retained
㫲	U+3AF2	bèi	bó bèi	kMandarin17 retained
㫵	U+3AF5	fēi	féi	kMandarin17 retained
㫼	U+3AFC	dié	zhé	kMandarin17 retained
㬄	U+3B04	chàn	nǎn nàn	kMandarin17 retained
㬅	U+3B05	màn	màn wàn	kMandarin17 retained
㬉	U+3B09	nuǎn	nuǎn xuān	kMandarin17 retained
㬍	U+3B0D	bó	pù	kMandarin17 retained
㬐	U+3B10	jìn	jìn zī	kMandarin17 retained
㬗	U+3B17	xiàn	niàn	kMandarin17 retained
㬝	U+3B1D	céng	sōng	kMandarin17 retained
㬞	U+3B1E	hè	hè yè	kMandarin17 retained
㬠	U+3B20	shài	shā shà shài	kMandarin17 retained
㬡	U+3B21	líng	līng	kMandarin17 retained
㬪	U+3B2A	dié	dá dié	kMandarin17 retained
㬭	U+3B2D	jiào	jiào jué	kMandarin17 retained
㬰	U+3B30	yú	yú yǒng	kMandarin17 retained
㬵	U+3B35	xiáo	jiāo	kMandarin17 retained
㬻	U+3B3B	huāng	hāng huāng huǎng	kMandarin17 retained
㭏	U+3B4F	wěi	huī wěi	kMandarin17 retained
㭑	U+3B51	mèi	mò mèi zhū	kMandarin17 retained
㭒	U+3B52	sì	sì yí	kMandarin17 retained
㭓	U+3B53	biàn	biàn pàn fān fèn guān	kMandarin17 retained
㭘	U+3B58	gé	gé hé xiá shī shí shè	kMandarin17 retained
㭛	U+3B5B	pài	bà pài	kMandarin17 retained
㭟	U+3B5F	gǒng	gōng gǒng	kMandarin17 retained
㭡	U+3B61	xì	xì xìn	kMandarin17 retained
㭢	U+3B62	xīn	xīng	kMandarin17 retained
㭤	U+3B64	niǎo	mù niǎo	kMandarin17 retained
㭨	U+3B68	xié	yé	kMandarin17 retained
㭩	U+3B69	liè	lè liè	kMandarin17 retained
㭬	U+3B6C	zhuó	zhū	kMandarin17 retained
㭭	U+3B6D	bā	bā bèi biē bié fèi	kMandarin17 retained
㭮	U+3B6E	zuò	zá zǎn	kMandarin17 retained
㭯	U+3B6F	zhé	zhé chè	kMandarin17 retained
㭰	U+3B70	zuī	zuī zuǐ	kMandarin17 retained
㭱	U+3B71	hé	hé xiá	kMandarin17 retained
㭺	U+3B7A	yǎn	ān yān	kMandarin17 retained
㮂	U+3B82	jú	jū	kMandarin17 retained
㮄	U+3B84	bǎng	bǎng bèng	kMandarin17 retained
㮆	U+3B86	niè	niè è	kMandarin17 retained
㮋	U+3B8B	yǒu	yǒu yù	kMandarin17 retained
㮏	U+3B8F	nài	nà nài nì	kMandarin17 retained
㮐	U+3B90	shěng	xǐng	kMandarin17 retained
㮑	U+3B91	chā	qì chā	kMandarin17 retained
㮒	U+3B92	yān	rǎn yīn	kMandarin17 retained
㮓	U+3B93	gèn	gèn gèng hù	kMandarin17 retained
㮔	U+3B94	chòng	tóng chòng	kMandarin17 retained
㮛	U+3B9B	chí	chí yí	kMandarin17 retained
㮣	U+3BA3	gài	gài kài	kMandarin17 retained
㮩	U+3BA9	xī	xí	kMandarin17 retained
㮫	U+3BAB	hé	hé qià xiá	kMandarin17 retained
㮭	U+3BAD	xián	hán jiān xián	kMandarin17 retained
㮮	U+3BAE	jié	jié jú	kMandarin17 retained
㮯	U+3BAF	hún	huá hún hùn	kMandarin17 retained
㮰	U+3BB0	pí	bié pí	kMandarin17 retained
㮱	U+3BB1	shēn	shēng	kMandarin17 retained
㮵	U+3BB5	zhān	dān zhān	kMandarin17 retained
㮹	U+3BB9	zhǐ	zhì	kMandarin17 retained
㯅	U+3BC5	pí	bī pí	kMandarin17 retained
㯆	U+3BC6	chǎn	chǎn shàn	kMandarin17 retained
㯉	U+3BC9	huò	huà shū	kMandarin17 retained
㯌	U+3BCC	chuán	chuán yuán	kMandarin17 retained
㯏	U+3BCF	gǔ	gǔ xīn xīng	kMandarin17 retained
㯐	U+3BD0	fǎng	tuǒ	kMandarin17 retained
㯚	U+3BDA	tā	dá tā	kMandarin17 retained
㯜	U+3BDC	cuì	zuó cuì	kMandarin17 retained
㯡	U+3BE1	pào	páo pào	kMandarin17 retained
㯥	U+3BE5	cáo	zāo	kMandarin17 retained
㯦	U+3BE6	qí	jī qí	kMandarin17 retained
㯪	U+3BEA	líng	líng lìng	kMandarin17 retained
㯯	U+3BEF	gòng	dǎn gǎn gòng jù	kMandarin17 retained
㯰	U+3BF0	zhé	zhí	kMandarin17 retained
㯳	U+3BF3	qíng	jìng qíng	kMandarin17 retained
㯿	U+3BFF	liè	là liè	kMandarin17 retained
㰃	U+3C03	mián	mián miàn	kMandarin17 retained
㰄	U+3C04	jiàn	jiān jiàn	kMandarin17 retained
㰅	U+3C05	dí	dí zhé	kMandarin17 retained
㰆	U+3C06	bèi	bài bù fú	kMandarin17 retained
㰈	U+3C08	liǎn	liàn	kMandarin17 retained
㰐	U+3C10	jué	tuǒ	kMandarin17 retained
㰖	U+3C16	lǎn	lán lǎn	kMandarin17 retained
㰗	U+3C17	qí	cù	kMandarin17 retained
㰙	U+3C19	nuó	nuǒ	kMandarin17 retained
㰟	U+3C1F	jì	jí jì qì chī	kMandarin17 retained
㰤	U+3C24	hē	hē hě qiè ō	kMandarin17 retained
㰥	U+3C25	xì	huì xì	kMandarin17 retained
㰦	U+3C26	qù	qū qù	kMandarin17 retained
㰯	U+3C2F	kòu	tòu hòu	kMandarin17 retained
㰰	U+3C30	xiā	hē qiè xià	kMandarin17 retained
㰲	U+3C32	yū	xù yù	kMandarin17 retained
㰳	U+3C33	yà	yā yà	kMandarin17 retained
㰴	U+3C34	pǒu	pòu	kMandarin17 retained
㰶	U+3C36	yǒu	ǒu yǒu	kMandarin17 retained
㰷	U+3C37	zì	zī zì cì	kMandarin17 retained
㰹	U+3C39	xiān	hān hǎn xiān	kMandarin17 retained
㰺	U+3C3A	xià	xiá xià	kMandarin17 retained
㰻	U+3C3B	yǐ	hòu xī yǐ	kMandarin17 retained
㰼	U+3C3C	shà	qiè shà	kMandarin17 retained
㱀	U+3C40	chǐ	chǐ chuò	kMandarin17 retained
㱁	U+3C41	shì	kuǎn suì	kMandarin17 retained
㱃	U+3C43	yǐn	yǐn yìn	kMandarin17 retained
㱄	U+3C44	hēi	mò hēi	kMandarin17 retained
㱅	U+3C45	yì	yí yì	kMandarin17 retained
㱌	U+3C4C	yé	chè yé	kMandarin17 retained
㱏	U+3C4F	zhèng	dìng zhēng zhèng	kMandarin17 retained
㱔	U+3C54	xiē	xiē suò	kMandarin17 retained
㱘	U+3C58	àn	yǎn yàn	kMandarin17 retained
㱙	U+3C59	xiǔ	guǎ xiǔ	kMandarin17 retained
㱚	U+3C5A	cán	cán wā	kMandarin17 retained
㱛	U+3C5B	chuǎn	bù chuǎn	kMandarin17 retained
㱞	U+3C5E	yì	lā yì	kMandarin17 retained
㱟	U+3C5F	pī	pī pǐ	kMandarin17 retained
㱠	U+3C60	kū	gū kū	kMandarin17 retained
㱤	U+3C64	xī	xí	kMandarin17 retained
㱥	U+3C65	líng	lěng lèng líng	kMandarin17 retained
㱧	U+3C67	wò	wò yuǎn	kMandarin17 retained
㱨	U+3C68	liàn	lián liàn	kMandarin17 retained
㱪	U+3C6A	mèn	hūn	kMandarin17 retained
㱮	U+3C6E	kuài	kuì	kMandarin17 retained
㱶	U+3C76	péng	bēng péng	kMandarin17 retained
㱽	U+3C7D	zhěn	qín zhěn	kMandarin17 retained
㱾	U+3C7E	gāi	gāi kāi	kMandarin17 retained
㱿	U+3C7F	què	ké huò qiào què	kMandarin17 retained
㲀	U+3C80	zhēn	zhēn chén	kMandarin17 retained
㲁	U+3C81	kōng	kōng zhōng	kMandarin17 retained
㲄	U+3C84	jué	jué yù	kMandarin17 retained
㲈	U+3C88	sháo	táo sháo shào	kMandarin17 retained
㲌	U+3C8C	nèng	nìng	kMandarin17 retained
㲎	U+3C8E	lóu	lǘ	kMandarin17 retained
㲓	U+3C93	róng	shù	kMandarin17 retained
㲘	U+3C98	qú	tǎn qú	kMandarin17 retained
㲜	U+3C9C	tán	tǎn	kMandarin17 retained
㲝	U+3C9D	rǒng	mào rǒng	kMandarin17 retained
㲞	U+3C9E	sū	zú sù	kMandarin17 retained
㲠	U+3CA0	máo	máo lí	kMandarin17 retained
㲨	U+3CA8	róng	róng rǒng	kMandarin17 retained
㲯	U+3CAF	rán	lán rán	kMandarin17 retained
㲳	U+3CB3	dié	dié zhì	kMandarin17 retained
㲶	U+3CB6	lǜ	lù lǜ	kMandarin17 retained
㲹	U+3CB9	guǐ	fǎn fàn guǐ jǐ	kMandarin17 retained
㲺	U+3CBA	jí	jī	kMandarin17 retained
㲻	U+3CBB	nì	nì niào	kMandarin17 retained
㲽	U+3CBD	niàn	niàn rěn	kMandarin17 retained
㲾	U+3CBE	yǔ	yǔ yù	kMandarin17 retained
㳂	U+3CC2	yán	yán yàn	kMandarin17 retained
㳄	U+3CC4	xián	xián zī cì yàn	kMandarin17 retained
㳅	U+3CC5	jiǎo	liú	kMandarin17 retained
㳇	U+3CC7	fù	wù	kMandarin17 retained
㳊	U+3CCA	yōu	mò xì zhōng yōu	kMandarin17 retained
㳐	U+3CD0	zhá	chá	kMandarin17 retained
㳒	U+3CD2	biàn	fā fá fǎ fà	kMandarin17 retained
㳗	U+3CD7	chài	chà chài	kMandarin17 retained
㳙	U+3CD9	xuàn	juān	kMandarin17 retained
㳛	U+3CDB	yú	yóu yú	kMandarin17 retained
㳡	U+3CE1	guō	guō wō	kMandarin17 retained
㳧	U+3CE7	chè	chè rè	kMandarin17 retained
㳨	U+3CE8	jiǎn	zá	kMandarin17 retained
㳫	U+3CEB	zǎn	tà zǎn	kMandarin17 retained
㳭	U+3CED	xián	xián yàn	kMandarin17 retained
㳮	U+3CEE	niào	niào suī	kMandarin17 retained
㳶	U+3CF6	nǒu	nǒu rǔ	kMandarin17 retained
㳹	U+3CF9	wǎng	wǎng wàng	kMandarin17 retained
㳽	U+3CFD	mǐ	mí mǐ	kMandarin17 retained
㳿	U+3CFF	xiè	dié xiè	kMandarin17 retained
㴀	U+3D00	fàn	fān	kMandarin17 retained
㴄	U+3D04	yǒng	jiǒng wěng	kMandarin17 retained
㴆	U+3D06	jìn	jīn jìn	kMandarin17 retained
㴉	U+3D09	jǐ	jǐ jì	kMandarin17 retained
㴋	U+3D0B	sù	xiāo sū sù	kMandarin17 retained
㴐	U+3D10	miàn	miǎn miàn	kMandarin17 retained
㴑	U+3D11	sù	shuò sù suò	kMandarin17 retained
㴔	U+3D14	jí	xī xì sè yì	kMandarin17 retained
㴖	U+3D16	luò	bó pò luò	kMandarin17 retained
㴜	U+3D1C	biàn	biàn piàn	kMandarin17 retained
㴦	U+3D26	guàn	gōng	kMandarin17 retained
㴧	U+3D27	xī	xí	kMandarin17 retained
㴳	U+3D33	lǒng	měng	kMandarin17 retained
㴴	U+3D34	chén	dān zhàn	kMandarin17 retained
㴶	U+3D36	què	hú què	kMandarin17 retained
㴿	U+3D3F	dǐng	dǐng tìng	kMandarin17 retained
㵅	U+3D45	tān	tān tàn	kMandarin17 retained
㵆	U+3D46	gǎo	hào	kMandarin17 retained
㵐	U+3D50	jué	què	kMandarin17 retained
㵒	U+3D52	fèi	bì pài fèi fú	kMandarin17 retained
㵦	U+3D66	suí	suǐ	kMandarin17 retained
㵧	U+3D67	gé	gé yì	kMandarin17 retained
㵨	U+3D68	pì	bò pì	kMandarin17 retained
㵪	U+3D6A	xián	xián yàn	kMandarin17 retained
㵱	U+3D71	piǎo	piāo piǎo piào	kMandarin17 retained
㵵	U+3D75	zòu	jù zòu	kMandarin17 retained
㵹	U+3D79	huán	mò	kMandarin17 retained
㶁	U+3D81	guó	biāo guó huò	kMandarin17 retained
㶅	U+3D85	xué	xiào xué	kMandarin17 retained
㶆	U+3D86	zhū	zhū chú	kMandarin17 retained
㶏	U+3D8F	yīn	yǐn	kMandarin17 retained
㶒	U+3D92	shǎn	tàn shǎn shěn	kMandarin17 retained
㶔	U+3D94	bèi	bài	kMandarin17 retained
㶟	U+3D9F	lěi	léi lěi	kMandarin17 retained
㶡	U+3DA1	dài	huǒ	kMandarin17 retained
㶣	U+3DA3	chán	tán chán yín	kMandarin17 retained
㶥	U+3DA5	gān	tán chán yín	kMandarin17 retained
㶧	U+3DA7	nèn	něn nèn	kMandarin17 retained
㶫	U+3DAB	liǎo	liáo liǎo liào	kMandarin17 retained
㶼	U+3DBC	āi	xī āi	kMandarin17 retained
㷅	U+3DC5	chǎo	chá	kMandarin17 retained
㷉	U+3DC9	wèi	wèi yù yùn	kMandarin17 retained
㷊	U+3DCA	fén	fén fèn	kMandarin17 retained
㷎	U+3DCE	hè	hè yè	kMandarin17 retained
㷗	U+3DD7	jiǒng	jǐng jiǒng	kMandarin17 retained
㷟	U+3DDF	tuì	tuī	kMandarin17 retained
㷪	U+3DEA	cuì	juǎn	kMandarin17 retained
㷯	U+3DEF	bèng	pěng	kMandarin17 retained
㷰	U+3DF0	chī	lí chī	kMandarin17 retained
㷴	U+3DF4	gé	lì	kMandarin17 retained
㷶	U+3DF6	bèi	bì	kMandarin17 retained
㷷	U+3DF7	juǎn	juǎn juàn zuī	kMandarin17 retained
㷹	U+3DF9	zhào	zhào shào	kMandarin17 retained
㷻	U+3DFB	wú	mó wú	kMandarin17 retained
㷼	U+3DFC	yàn	yān yàn	kMandarin17 retained
㸀	U+3E00	tái	dǎi tái	kMandarin17 retained
㸁	U+3E01	hǎn	hàn	kMandarin17 retained
㸄	U+3E04	jì	jī jì qí	kMandarin17 retained
㸆	U+3E06	kào	kǎo	kMandarin17 retained
㸉	U+3E09	xiè	xiē xiè	kMandarin17 retained
㸊	U+3E0A	lài	là lài	kMandarin17 retained
㸒	U+3E12	yín	rén yín	kMandarin17 retained
㸚	U+3E1A	lǐ	lǐ lì	kMandarin17 retained
㸝	U+3E1D	xiān	kǎn xiān	kMandarin17 retained
㸠	U+3E20	tiǎo	diào tiào	kMandarin17 retained
㸣	U+3E23	yè	niè yè	kMandarin17 retained
㸤	U+3E24	piàn	biàn piàn	kMandarin17 retained
㸥	U+3E25	chàn	chán	kMandarin17 retained
㸧	U+3E27	kèn	kěn yín	kMandarin17 retained
㸩	U+3E29	ān	án	kMandarin17 retained
㸪	U+3E2A	chún	xún chún	kMandarin17 retained
㸫	U+3E2B	qián	kē jiān qián	kMandarin17 retained
㸷	U+3E37	shì	chì shì	kMandarin17 retained
㸸	U+3E38	hǒu	kǒu hǒu ǒu	kMandarin17 retained
㸹	U+3E39	liè	lè liè	kMandarin17 retained
㹀	U+3E40	bó	zì	kMandarin17 retained
㹇	U+3E47	hé	hé jiān qián	kMandarin17 retained
㹉	U+3E49	yuán	wán yuán	kMandarin17 retained
㹒	U+3E52	pǔ	pú	kMandarin17 retained
㹖	U+3E56	huàn	huàn quán	kMandarin17 retained
㹚	U+3E5A	yíng	wěng	kMandarin17 retained
㹞	U+3E5E	yín	yái yán yín	kMandarin17 retained
㹟	U+3E5F	jué	guài jué	kMandarin17 retained
㹡	U+3E61	xuán	juàn xuán	kMandarin17 retained
㹤	U+3E64	qiè	qiè què	kMandarin17 retained
㹬	U+3E6C	shǐ	shǐ shì	kMandarin17 retained
㹭	U+3E6D	yì	sì	kMandarin17 retained
㹮	U+3E6E	mò	bó mò	kMandarin17 retained
㹲	U+3E72	xiāo	xiāo xiào	kMandarin17 retained
㹳	U+3E73	wú	wú wù	kMandarin17 retained
㹶	U+3E76	tíng	yán	kMandarin17 retained
㹷	U+3E77	shǐ	xī xǐ	kMandarin17 retained
㹸	U+3E78	ní	mào	kMandarin17 retained
㹻	U+3E7B	wō	wō wēi	kMandarin17 retained
㹾	U+3E7E	piǎo	piǎo jiào	kMandarin17 retained
㹿	U+3E7F	zhuó	zhào zhuó	kMandarin17 retained
㺀	U+3E80	hū	náo hū rǎo	kMandarin17 retained
㺂	U+3E82	yán	gǎn yán	kMandarin17 retained
㺄	U+3E84	yǔ	yú yǔ	kMandarin17 retained
㺍	U+3E8D	pín	biān	kMandarin17 retained
㺎	U+3E8E	róng	yōng yóng	kMandarin17 retained
㺑	U+3E91	shān	shān shǎn shàn sāo	kMandarin17 retained
㺒	U+3E92	xiāo	nǎo qiāo xiāo	kMandarin17 retained
㺓	U+3E93	zé	jī	kMandarin17 retained
㺔	U+3E94	hài	hài huī	kMandarin17 retained
㺕	U+3E95	fán	biàn fán	kMandarin17 retained
㺖	U+3E96	hǎn	hàn	kMandarin17 retained
㺚	U+3E9A	tǎ	tǎ tà	kMandarin17 retained
㺝	U+3E9D	hàn	xiàn	kMandarin17 retained
㺢	U+3EA2	huò	huō	kMandarin17 retained
㺩	U+3EA9	jiù	bā	kMandarin17 retained
㺫	U+3EAB	qiú	bā	kMandarin17 retained
㺬	U+3EAC	gǒng	gōng gǒng gòng xìn	kMandarin17 retained
㺵	U+3EB5	jiú	jiǔ	kMandarin17 retained
㺺	U+3EBA	mào	mèi mào	kMandarin17 retained
㻅	U+3EC5	huì	kuài huì	kMandarin17 retained
㻊	U+3ECA	máng	mén	kMandarin17 retained
㻋	U+3ECB	là	là jí	kMandarin17 retained
㻎	U+3ECE	lì	sè	kMandarin17 retained
㻗	U+3ED7	bèi	bèi pèi fèi	kMandarin17 retained
㻞	U+3EDE	bīn	bān bīn	kMandarin17 retained
㻡	U+3EE1	xuē	dié xiè	kMandarin17 retained
㻪	U+3EEA	suì	xuán suì	kMandarin17 retained
㻬	U+3EEC	tū	tū tú	kMandarin17 retained
㻰	U+3EF0	miǎn	zhì wèi	kMandarin17 retained
㻱	U+3EF1	jīn	féng jīn	kMandarin17 retained
㻲	U+3EF2	lǚ	liú	kMandarin17 retained
㻽	U+3EFD	suì	xuán suì	kMandarin17 retained
㼇	U+3F07	qióng	qióng xī wèi	kMandarin17 retained
㼋	U+3F0B	gū	gū rǔ	kMandarin17 retained
㼛	U+3F1B	xíng	jiān xíng yán	kMandarin17 retained
㼝	U+3F1D	fàn	wǎn	kMandarin17 retained
㼞	U+3F1E	pèng	bèng pèng	kMandarin17 retained
㼥	U+3F25	tǒu	tǒu kǎo	kMandarin17 retained
㼩	U+3F29	chéng	chéng shèng	kMandarin17 retained
㼫	U+3F2B	huàn	huà huǎn	kMandarin17 retained
㼮	U+3F2E	chāi	qì chāi	kMandarin17 retained
㼱	U+3F31	ruǎn	jùn ruǎn	kMandarin17 retained
㼵	U+3F35	dì	dí dì tí	kMandarin17 retained
㼷	U+3F37	chuán	zhuān chuán	kMandarin17 retained
㼹	U+3F39	kāng	kāng huāng qiāng	kMandarin17 retained
㼽	U+3F3D	chuǎng	chuǎng shuǎng	kMandarin17 retained
㼿	U+3F3F	tóng	tóng zhòng	kMandarin17 retained
㽁	U+3F41	lì	lì gé	kMandarin17 retained
㽎	U+3F4E	tán	tán xiān	kMandarin17 retained
㽖	U+3F56	nán	nán liú	kMandarin17 retained
㽙	U+3F59	jùn	jùn yǔn	kMandarin17 retained
㽛	U+3F5B	gōu	gōu qú	kMandarin17 retained
㽬	U+3F6C	fù	bì	kMandarin17 retained
㽭	U+3F6D	ruǎn	ruán	kMandarin17 retained
㽯	U+3F6F	xí	qí xī wā	kMandarin17 retained
㽰	U+3F70	shù	shū	kMandarin17 retained
㽱	U+3F71	jiǎo	niú jiǎo jiū	kMandarin17 retained
㽲	U+3F72	jiǎo	niú jiǎo jiū	kMandarin17 retained
㽹	U+3F79	fǎn	fǎn fàn	kMandarin17 retained
㾀	U+3F80	qiè	qiè qǔ	kMandarin17 retained
㾁	U+3F81	shù	chuáng shù	kMandarin17 retained
㾄	U+3F84	dú	dú chóu yóu	kMandarin17 retained
㾆	U+3F86	rán	dān chān	kMandarin17 retained
㾊	U+3F8A	jí	jí cì sè	kMandarin17 retained
㾋	U+3F8B	xiū	xiū xiù	kMandarin17 retained
㾌	U+3F8C	xuǎn	xiǎn xuǎn	kMandarin17 retained
㾏	U+3F8F	jiè	jiè yá	kMandarin17 retained
㾑	U+3F91	dá	dá da	kMandarin17 retained
㾒	U+3F92	rú	rú rù	kMandarin17 retained
㾕	U+3F95	shěn	shēn	kMandarin17 retained
㾙	U+3F99	xìn	xī xǐn xìn chī	kMandarin17 retained
㾢	U+3FA2	ài	lái lài	kMandarin17 retained
㾦	U+3FA6	pèi	pēi pèi	kMandarin17 retained
㾧	U+3FA7	kuò	kè	kMandarin17 retained
㾨	U+3FA8	yī	qǐ ǎi yī yǐ	kMandarin17 retained
㾯	U+3FAF	huī	tuí huī	kMandarin17 retained
㾹	U+3FB9	chái	zhài chái	kMandarin17 retained
㾻	U+3FBB	zhù	zhù chá chú	kMandarin17 retained
㾽	U+3FBD	zhuì	tuí zhuì	kMandarin17 retained
㾾	U+3FBE	xiān	lián xiān	kMandarin17 retained
㿃	U+3FC3	zhì	dài zhì	kMandarin17 retained
㿄	U+3FC4	ài	ài yì	kMandarin17 retained
㿅	U+3FC5	xiǎn	xiǎn xuǎn	kMandarin17 retained
㿆	U+3FC6	guō	gē	kMandarin17 retained
㿉	U+3FC9	tuǐ	tuí huī	kMandarin17 retained
㿋	U+3FCB	sào	zǎo sāo	kMandarin17 retained
㿎	U+3FCE	fèn	fén fèn	kMandarin17 retained
㿑	U+3FD1	yào	yuè	kMandarin17 retained
㿒	U+3FD2	dǎo	dǎo zhòu chóu	kMandarin17 retained
㿖	U+3FD6	lú	lú lù	kMandarin17 retained
㿗	U+3FD7	tuí	huī	kMandarin17 retained
㿙	U+3FD9	pì	bèi	kMandarin17 retained
㿜	U+3FDC	biě	biē biě	kMandarin17 retained
㿞	U+3FDE	mào	máo mào	kMandarin17 retained
㿟	U+3FDF	bái	bó	kMandarin17 retained
㿢	U+3FE2	yào	yào yuè	kMandarin17 retained
㿥	U+3FE5	hé	hú	kMandarin17 retained
㿧	U+3FE7	chóu	zhōu chóu shòu	kMandarin17 retained
㿨	U+3FE8	lì	lì luò	kMandarin17 retained
㿭	U+3FED	chè	lè chè	kMandarin17 retained
㿰	U+3FF0	áo	bì áo	kMandarin17 retained
㿵	U+3FF5	rǎn	nóu rǎn	kMandarin17 retained
㿷	U+3FF7	cuó	chuì	kMandarin17 retained
㿸	U+3FF8	wǎn	mán wǎn	kMandarin17 retained
㿺	U+3FFA	báo	bō	kMandarin17 retained
䀃	U+4003	tuí	tuí lí lǐ	kMandarin17 retained
䀎	U+400E	miǎn	pàn miǎn	kMandarin17 retained
䀐	U+4010	shān	shān shàn sǎn	kMandarin17 retained
䀑	U+4011	wò	nài wò	kMandarin17 retained
䀗	U+4017	jué	jué xuè	kMandarin17 retained
䀘	U+4018	xié	jī xī	kMandarin17 retained
䀛	U+401B	mèi	mà mèi wù	kMandarin17 retained
䀜	U+401C	gǔ	mà mèi hū wù	kMandarin17 retained
䀞	U+401E	tāo	jiǎo chōu ǎo	kMandarin17 retained
䀟	U+401F	fán	fèi fú	kMandarin17 retained
䀡	U+4021	chàn	diān zhān	kMandarin17 retained
䀣	U+4023	bì	bì mà	kMandarin17 retained
䀤	U+4024	mào	mòu	kMandarin17 retained
䀥	U+4025	shuò	lì shuò	kMandarin17 retained
䀨	U+4028	huà	guā huà	kMandarin17 retained
䀫	U+402B	jiá	dǔn jiá	kMandarin17 retained
䀳	U+4033	ài	là	kMandarin17 retained
䀴	U+4034	yǐng	kēng yǐng	kMandarin17 retained
䀵	U+4035	shùn	shī	kMandarin17 retained
䀸	U+4038	chì	zhè chì	kMandarin17 retained
䀹	U+4039	jié	jié zhǎ	kMandarin17 retained
䀺	U+403A	chōu	tāo chōu	kMandarin17 retained
䀼	U+403C	chēn	chēn rèn	kMandarin17 retained
䀿	U+403F	dì	zhè chì	kMandarin17 retained
䁁	U+4041	liàng	liàng jié	kMandarin17 retained
䁅	U+4045	měng	mèng	kMandarin17 retained
䁈	U+4048	qì	dǔ qì	kMandarin17 retained
䁉	U+4049	qì	dǔ qì	kMandarin17 retained
䁋	U+404B	xiè	dié xié	kMandarin17 retained
䁍	U+404D	qià	kān qià	kMandarin17 retained
䁎	U+404E	chéng	tíng chēng chéng	kMandarin17 retained
䁐	U+4050	yīng	yīng yìng	kMandarin17 retained
䁒	U+4052	jí	jí zí	kMandarin17 retained
䁓	U+4053	zōng	zōng zǒng	kMandarin17 retained
䁔	U+4054	xuān	hàn xuān	kMandarin17 retained
䁖	U+4056	lōu	lóu lǘ	kMandarin17 retained
䁙	U+4059	yǎn	yàn	kMandarin17 retained
䁜	U+405C	huàng	huǎng	kMandarin17 retained
䁝	U+405D	yíng	yǐng	kMandarin17 retained
䁞	U+405E	shěng	xǐng shěng	kMandarin17 retained
䁤	U+4064	chè	huǐ chè	kMandarin17 retained
䁦	U+4066	qù	qù xū	kMandarin17 retained
䁰	U+4070	jiǎng	xiàng	kMandarin17 retained
䁴	U+4074	zhǎn	zhǎn shǎn	kMandarin17 retained
䁷	U+4077	jué	jué wù	kMandarin17 retained
䁸	U+4078	náng	nóng	kMandarin17 retained
䁻	U+407B	shuò	lì shuò	kMandarin17 retained
䂂	U+4082	qú	qù	kMandarin17 retained
䂅	U+4085	xiān	shān	kMandarin17 retained
䂎	U+408E	zuǎn	zuǎn cuān	kMandarin17 retained
䂐	U+4090	zhuō	zhuō zhuó chù chuò	kMandarin17 retained
䂒	U+4092	qià	jié	kMandarin17 retained
䂖	U+4096	shí	dàn shí	kMandarin17 retained
䂝	U+409D	jié	tuō	kMandarin17 retained
䂞	U+409E	zhè	tuò zhè	kMandarin17 retained
䂡	U+40A1	dǐ	fǎ dǐ jié zhǐ	kMandarin17 retained
䂣	U+40A3	cí	cī	kMandarin17 retained
䂥	U+40A5	mín	mín wén	kMandarin17 retained
䂦	U+40A6	zhēn	zhēn zhěn	kMandarin17 retained
䂧	U+40A7	zhěn	zhēn zhěn	kMandarin17 retained
䂩	U+40A9	yàn	qìng yàn	kMandarin17 retained
䂪	U+40AA	qiǎo	diào qiāo	kMandarin17 retained
䂫	U+40AB	hāng	hóng	kMandarin17 retained
䂲	U+40B2	fǎ	fá fǎ jiá jié què	kMandarin17 retained
䂳	U+40B3	cuǒ	chuǎ cuǒ	kMandarin17 retained
䂺	U+40BA	wǒ	kē wǒ	kMandarin17 retained
䃉	U+40C9	mín	mín wén	kMandarin17 retained
䃌	U+40CC	zhēn	zhēn yīn	kMandarin17 retained
䃍	U+40CD	zhào	zhuì	kMandarin17 retained
䃎	U+40CE	zhà	zhǎ zhà	kMandarin17 retained
䃕	U+40D5	láo	láo luò	kMandarin17 retained
䃗	U+40D7	bō	bō chuò	kMandarin17 retained
䃘	U+40D8	kēng	kēng jīng jìng qìng	kMandarin17 retained
䃚	U+40DA	cù	zú cù cuò	kMandarin17 retained
䃡	U+40E1	jīn	jīn qín	kMandarin17 retained
䃬	U+40EC	wěi	kuǐ	kMandarin17 retained
䃱	U+40F1	xiàn	jīn xiàn	kMandarin17 retained
䃳	U+40F3	là	là liè	kMandarin17 retained
䃶	U+40F6	huái	guài guī huái	kMandarin17 retained
䃸	U+40F8	xiàn	jīn xiàn	kMandarin17 retained
䃺	U+40FA	mó	mó mò	kMandarin17 retained
䃽	U+40FD	guǐ	guǐ zhī	kMandarin17 retained
䄂	U+4102	liù	liù xiù	kMandarin17 retained
䄆	U+4106	huó	guā huó huàn	kMandarin17 retained
䄋	U+410B	yǎn	yǎn yàn	kMandarin17 retained
䄏	U+410F	yú	yāo	kMandarin17 retained
䄒	U+4112	niè	niǎn rěn	kMandarin17 retained
䄜	U+411C	lí	lí chī	kMandarin17 retained
䄟	U+411F	cuī	cuì	kMandarin17 retained
䄠	U+4120	shàn	chán shàn	kMandarin17 retained
䄡	U+4121	dān	dān zhān chān	kMandarin17 retained
䄢	U+4122	qí	jì qí zhāi zī	kMandarin17 retained
䄤	U+4124	lài	lài lǎn	kMandarin17 retained
䄫	U+412B	qǐ	jǐ qǐ	kMandarin17 retained
䄳	U+4133	xiān	xiǎn	kMandarin17 retained
䄶	U+4136	bì	bó bì	kMandarin17 retained
䄺	U+413A	zhì	tí zhì	kMandarin17 retained
䄻	U+413B	táo	tāo tiāo cháo	kMandarin17 retained
䄽	U+413D	tiǎn	tiǎn xiān	kMandarin17 retained
䅀	U+4140	liè	lì	kMandarin17 retained
䅂	U+4142	hé	hè	kMandarin17 retained
䅃	U+4143	qióng	jiòng qióng	kMandarin17 retained
䅏	U+414F	huì	wěi wèi	kMandarin17 retained
䅗	U+4157	suì	ruí	kMandarin17 retained
䅜	U+415C	duò	duò tuǒ chuí	kMandarin17 retained
䅟	U+415F	cǎn	shān cān cǎn	kMandarin17 retained
䅣	U+4163	huáng	huáng zōng	kMandarin17 retained
䅱	U+4171	hùn	èn	kMandarin17 retained
䅳	U+4173	chú	chú zōu	kMandarin17 retained
䅶	U+4176	nòu	nòu rù	kMandarin17 retained
䅷	U+4177	tú	tú chú	kMandarin17 retained
䅹	U+4179	lǒu	lóu	kMandarin17 retained
䅼	U+417C	mán	mán màn	kMandarin17 retained
䅽	U+417D	xīn	gǔ xīn xīng	kMandarin17 retained
䅿	U+417F	huáng	huá	kMandarin17 retained
䆂	U+4182	lián	liǎn liàn xián	kMandarin17 retained
䆊	U+418A	cuì	mèi cuì	kMandarin17 retained
䆏	U+418F	fèi	fèi fèn	kMandarin17 retained
䆓	U+4193	è	ruǎn	kMandarin17 retained
䆘	U+4198	yā	zá yā	kMandarin17 retained
䆚	U+419A	tóng	dòng tóng	kMandarin17 retained
䆝	U+419D	xuè	xuè zhú	kMandarin17 retained
䆞	U+419E	yǎo	jiào yǎo yào	kMandarin17 retained
䆟	U+419F	kè	kè āo yāo wā wà	kMandarin17 retained
䆦	U+41A6	shèn	dàn	kMandarin17 retained
䆩	U+41A9	míng	míng mǐng	kMandarin17 retained
䆮	U+41AE	jìn	jǐn jìn	kMandarin17 retained
䆳	U+41B3	qióng	suì	kMandarin17 retained
䆹	U+41B9	chōng	tǒng chōng	kMandarin17 retained
䆾	U+41BE	lán	lán làn	kMandarin17 retained
䇃	U+41C3	sì	qí sì	kMandarin17 retained
䇅	U+41C5	fá	fā	kMandarin17 retained
䇇	U+41C7	méng	máng méng	kMandarin17 retained
䇏	U+41CF	duì	duǐ	kMandarin17 retained
䇜	U+41DC	qiǎn	qiǎn qiàn	kMandarin17 retained
䇞	U+41DE	gān	gān gǎn	kMandarin17 retained
䇢	U+41E2	kǔ	gǔ kǔ	kMandarin17 retained
䇥	U+41E5	zé	zhà zé	kMandarin17 retained
䇦	U+41E6	ǎng	ǎng yīng	kMandarin17 retained
䇧	U+41E7	zhì	jì zhì	kMandarin17 retained
䇨	U+41E8	gòng	gòng xiáng	kMandarin17 retained
䇩	U+41E9	yì	yì yè	kMandarin17 retained
䇬	U+41EC	zhū	chū chuǎng shū	kMandarin17 retained
䇮	U+41EE	rèn	rěn	kMandarin17 retained
䇲	U+41F2	cè	jiá cè	kMandarin17 retained
䇵	U+41F5	yí	yín	kMandarin17 retained
䇶	U+41F6	jué	jué wò	kMandarin17 retained
䇹	U+41F9	jùn	juàn jūn jùn	kMandarin17 retained
䇽	U+41FD	zhé	zhì	kMandarin17 retained
䈄	U+4204	hán	hán cén	kMandarin17 retained
䈇	U+4207	zhào	dào zhì zhào rì	kMandarin17 retained
䈈	U+4208	féi	bā féi	kMandarin17 retained
䈉	U+4209	shà	jiē jié shà	kMandarin17 retained
䈍	U+420D	máng	máng méng	kMandarin17 retained
䈏	U+420F	báo	bó fú	kMandarin17 retained
䈐	U+4210	guì	guó guì	kMandarin17 retained
䈓	U+4213	gé	gé qià	kMandarin17 retained
䈕	U+4215	shí	chí	kMandarin17 retained
䈚	U+421A	tái	chí	kMandarin17 retained
䈛	U+421B	kuài	guài	kMandarin17 retained
䈟	U+421F	cè	chuā cè	kMandarin17 retained
䈠	U+4220	huǎn	huǎn yuàn	kMandarin17 retained
䈡	U+4221	cōng	còng sōng	kMandarin17 retained
䈢	U+4222	sǎi	xǐ sǎi	kMandarin17 retained
䈭	U+422D	sōu	huái sōu	kMandarin17 retained
䈲	U+4232	bān	bān pán	kMandarin17 retained
䈹	U+4239	sǒu	shǔ shù sǒu	kMandarin17 retained
䈼	U+423C	miè	mì miè	kMandarin17 retained
䉈	U+4248	sǎn	sàn	kMandarin17 retained
䉒	U+4252	fán	fān fán	kMandarin17 retained
䉘	U+4258	cóng	shuàng	kMandarin17 retained
䉛	U+425B	yù	ǎo yù	kMandarin17 retained
䉠	U+4260	wéi	méi wéi	kMandarin17 retained
䉤	U+4264	sǒu	shǔ sǒu	kMandarin17 retained
䉧	U+4267	liú	liú liǔ	kMandarin17 retained
䉰	U+4270	xiào	jiǎo jiào xiào	kMandarin17 retained
䉳	U+4273	xiān	xiān xiǎn	kMandarin17 retained
䊀	U+4280	hú	hū hú hǔ hù	kMandarin17 retained
䊂	U+4282	cè	cè sè	kMandarin17 retained
䊇	U+4287	bù	bū bù	kMandarin17 retained
䊊	U+428A	wèi	wěi wèi	kMandarin17 retained
䊎	U+428E	quǎn	quǎn qǔn	kMandarin17 retained
䊔	U+4294	yíng	yīng	kMandarin17 retained
䊗	U+4297	huáng	huáng zōng	kMandarin17 retained
䊙	U+4299	yān	yán	kMandarin17 retained
䊝	U+429D	xiè	xī	kMandarin17 retained
䊠	U+42A0	xì	qì xì	kMandarin17 retained
䊡	U+42A1	mán	mán màn	kMandarin17 retained
䊤	U+42A4	tán	dàn tán	kMandarin17 retained
䊧	U+42A7	bì	pì	kMandarin17 retained
䊬	U+42AC	chuā	chuǎ	kMandarin17 retained
䊭	U+42AD	dào	dào chóu	kMandarin17 retained
䊯	U+42AF	kuàng	gǒng	kMandarin17 retained
䊲	U+42B2	chàn	chǎn chàn	kMandarin17 retained
䊳	U+42B3	mí	mó miè	kMandarin17 retained
䊽	U+42BD	guài	guài jué	kMandarin17 retained
䊿	U+42BF	bó	fū	kMandarin17 retained
䋁	U+42C1	gěng	gěng gèng	kMandarin17 retained
䋂	U+42C2	yáo	jiǎo xiáo yáo	kMandarin17 retained
䋈	U+42C8	rú	nǎ nǘ rú	kMandarin17 retained
䋉	U+42C9	xué	xuè	kMandarin17 retained
䋌	U+42CC	jiǎng	jiǎng jū	kMandarin17 retained
䋎	U+42CE	zhàn	dìng zhàn zǔ	kMandarin17 retained
䋏	U+42CF	zuó	zhà zuó zuò	kMandarin17 retained
䋑	U+42D1	liè	bǐng liè	kMandarin17 retained
䋕	U+42D5	rèn	rén rèn	kMandarin17 retained
䋘	U+42D8	chuò	zhuì	kMandarin17 retained
䋜	U+42DC	qìng	qǐ qìng	kMandarin17 retained
䋢	U+42E2	biē	piē	kMandarin17 retained
䋣	U+42E3	fán	pó fán	kMandarin17 retained
䋧	U+42E7	qú	qú xuàn	kMandarin17 retained
䋮	U+42EE	jìn	jīn	kMandarin17 retained
䋯	U+42EF	qǐ	qǐ qìng	kMandarin17 retained
䋰	U+42F0	jú	jū	kMandarin17 retained
䋲	U+42F2	chě	shéng	kMandarin17 retained
䋳	U+42F3	běi	bèi	kMandarin17 retained
䋵	U+42F5	yì	yì yè	kMandarin17 retained
䋶	U+42F6	xǔ	xié xǔ	kMandarin17 retained
䋼	U+42FC	tīng	yíng	kMandarin17 retained
䋾	U+42FE	zhǎ	nà zhǎ	kMandarin17 retained
䌁	U+4301	yāo	yāo yào	kMandarin17 retained
䌃	U+4303	xiāo	xiāo shuò	kMandarin17 retained
䌄	U+4304	gěng	gěng gèng	kMandarin17 retained
䌇	U+4307	huì	suó suǒ	kMandarin17 retained
䌈	U+4308	tā	tà	kMandarin17 retained
䌊	U+430A	yáo	zhòu yáo yóu	kMandarin17 retained
䌌	U+430C	qì	jié qiè	kMandarin17 retained
䌓	U+4313	fán	pó fán	kMandarin17 retained
䌔	U+4314	ōu	ōu òu	kMandarin17 retained
䌗	U+4317	fǔ	fǔ wù	kMandarin17 retained
䌚	U+431A	sū	sù	kMandarin17 retained
䌛	U+431B	yáo	zhòu yáo yóu	kMandarin17 retained
䌝	U+431D	jīn	jīn jìn	kMandarin17 retained
䌟	U+431F	bó	bó bì	kMandarin17 retained
䌤	U+4324	shī	zhǐ shī	kMandarin17 retained
䌦	U+4326	dào	dí	kMandarin17 retained
䌧	U+4327	chóu	chōu chóu	kMandarin17 retained
䌨	U+4328	cā	cā cài	kMandarin17 retained
䌫	U+432B	lǎn	lǎn làn	kMandarin17 retained
䌭	U+432D	jiāo	jiāo qiāo	kMandarin17 retained
䌯	U+432F	quān	guàn quān quán	kMandarin17 retained
䌷	U+4337	chōu	chōu chóu chòu	kMandarin17 retained
䌸	U+4338	juàn	juàn zhuàn	kMandarin17 retained
䌹	U+4339	jiǒng	jiōng jiǒng	kMandarin17 retained
䌼	U+433C	ruì	duì	kMandarin17 retained
䌾	U+433E	rén	nín	kMandarin17 retained
䌿	U+433F	fú	bī fú	kMandarin17 retained
䍆	U+4346	zhù	zhǔ	kMandarin17 retained
䍋	U+434B	chuí	zhuì chuí	kMandarin17 retained
䍌	U+434C	bù	pǒu	kMandarin17 retained
䍎	U+434E	cùn	qiàn	kMandarin17 retained
䍒	U+4352	mǒu	fóu fú	kMandarin17 retained
䍕	U+4355	dī	dī dǐ	kMandarin17 retained
䍗	U+4357	xuàn	juàn xuàn	kMandarin17 retained
䍟	U+435F	zòng	shǎ zōng	kMandarin17 retained
䍢	U+4362	wú	wú wǔ	kMandarin17 retained
䍩	U+4369	yǎng	yǎng yàng	kMandarin17 retained
䍯	U+436F	guǐ	guǐ wéi	kMandarin17 retained
䍾	U+437E	yǎn	yuǎn	kMandarin17 retained
䎄	U+4384	xiāo	diāo tiáo xiāo	kMandarin17 retained
䎊	U+438A	luò	pò luò	kMandarin17 retained
䎚	U+439A	guàn	huì	kMandarin17 retained
䎝	U+439D	chú	zhù	kMandarin17 retained
䎧	U+43A7	bàng	bàng póu	kMandarin17 retained
䎨	U+43A8	yè	ǎn yè	kMandarin17 retained
䎫	U+43AB	chuàng	zōng	kMandarin17 retained
䎱	U+43B1	bà	bà bēi pá	kMandarin17 retained
䎲	U+43B2	zhé	yì	kMandarin17 retained
䎳	U+43B3	wà	yuè	kMandarin17 retained
䎵	U+43B5	bì	mì	kMandarin17 retained
䎹	U+43B9	wén	wén wèn	kMandarin17 retained
䎽	U+43BD	wén	shēng	kMandarin17 retained
䎾	U+43BE	gǔn	gùn	kMandarin17 retained
䏀	U+43C0	là	lá	kMandarin17 retained
䏃	U+43C3	mián	mián mǐn míng	kMandarin17 retained
䏌	U+43CC	qì	xì	kMandarin17 retained
䏍	U+43CD	yuàn	yuān yuàn	kMandarin17 retained
䏑	U+43D1	dì	zhì	kMandarin17 retained
䏓	U+43D3	guǎn	guǎn ruǎn wǎn	kMandarin17 retained
䏔	U+43D4	niǔ	nǜ zhǒu róu	kMandarin17 retained
䏕	U+43D5	rèn	rěn	kMandarin17 retained
䏖	U+43D6	zhèn	zhèn yǐn yìn	kMandarin17 retained
䏘	U+43D8	pì	pǐ	kMandarin17 retained
䏙	U+43D9	tǎn	dàn tǎn	kMandarin17 retained
䏚	U+43DA	chǎo	miǎo chǎo	kMandarin17 retained
䏟	U+43DF	bié	bì bié fèi	kMandarin17 retained
䏠	U+43E0	qì	lā qì	kMandarin17 retained
䏣	U+43E3	jué	qū	kMandarin17 retained
䏤	U+43E4	sì	xìn	kMandarin17 retained
䏦	U+43E6	guā	tián guā	kMandarin17 retained
䏧	U+43E7	nà	ná nà chǐ	kMandarin17 retained
䏨	U+43E8	huǐ	duī	kMandarin17 retained
䏩	U+43E9	xī	xié xiè è yà	kMandarin17 retained
䏫	U+43EB	xiū	qiú xiū	kMandarin17 retained
䏰	U+43F0	rùn	rěn	kMandarin17 retained
䏲	U+43F2	tī	dié tī	kMandarin17 retained
䏴	U+43F4	shào	miǎo shào yào	kMandarin17 retained
䏵	U+43F5	měng	méng	kMandarin17 retained
䏷	U+43F7	hàn	hán hàn	kMandarin17 retained
䏼	U+43FC	cán	cán wā	kMandarin17 retained
䏽	U+43FD	bù	bù péi	kMandarin17 retained
䐁	U+4401	zhuó	tún zhuó	kMandarin17 retained
䐃	U+4403	jùn	jǔn zhūn	kMandarin17 retained
䐄	U+4404	xiàn	hàn xiàn	kMandarin17 retained
䐇	U+4407	wěn	chún wěn	kMandarin17 retained
䐊	U+440A	kūn	kūn hún hùn	kMandarin17 retained
䐍	U+440D	chù	zhòu zhù chù	kMandarin17 retained
䐏	U+440F	chǔn	chǔn shǔn	kMandarin17 retained
䐔	U+4414	bǐn	biǎn biàn bǐn	kMandarin17 retained
䐗	U+4417	zhū	dǔ dù zhū	kMandarin17 retained
䐚	U+441A	jī	jí	kMandarin17 retained
䐛	U+441B	dā	dā dá	kMandarin17 retained
䐟	U+441F	xiǎng	gōu xiǎng	kMandarin17 retained
䐠	U+4420	huǎng	hāng huāng	kMandarin17 retained
䐢	U+4422	zhù	zhòu zhù chù	kMandarin17 retained
䐤	U+4424	chāi	chāi cuó	kMandarin17 retained
䐩	U+4429	gāi	gāi guī kǎi	kMandarin17 retained
䐪	U+442A	fàn	juǎn	kMandarin17 retained
䐭	U+442D	zhì	dài dì zhì	kMandarin17 retained
䐱	U+4431	zhài	zhāi	kMandarin17 retained
䐳	U+4433	yú	sū yú	kMandarin17 retained
䐴	U+4434	guì	gài	kMandarin17 retained
䐵	U+4435	gōng	gōng huáng	kMandarin17 retained
䐶	U+4436	zān	jǐn qián zān	kMandarin17 retained
䐹	U+4439	sōu	xiào sōu sù	kMandarin17 retained
䐺	U+443A	tàn	tán	kMandarin17 retained
䐼	U+443C	xì	xì xiè	kMandarin17 retained
䐽	U+443D	mán	mǎn	kMandarin17 retained
䑄	U+4444	pì	pì yì	kMandarin17 retained
䑇	U+4447	zhì	zhí	kMandarin17 retained
䑊	U+444A	wéi	zhuì wéi wèi	kMandarin17 retained
䑌	U+444C	lán	lán làn	kMandarin17 retained
䑍	U+444D	yān	yān yǐng	kMandarin17 retained
䑎	U+444E	chǎn	qiān	kMandarin17 retained
䑏	U+444F	quán	huān quán	kMandarin17 retained
䑙	U+4459	tān	tān tàn rán	kMandarin17 retained
䑛	U+445B	chǐ	shì	kMandarin17 retained
䑜	U+445C	tà	tà tiē	kMandarin17 retained
䑥	U+4465	è	sà è	kMandarin17 retained
䑧	U+4467	fú	bù	kMandarin17 retained
䑪	U+446A	è	sà è	kMandarin17 retained
䑬	U+446C	tāo	tāo tiào yào	kMandarin17 retained
䑲	U+4472	zhào	dí zhào zhuō	kMandarin17 retained
䑵	U+4475	mù	mò mù	kMandarin17 retained
䑹	U+4479	sōu	sāo sōu	kMandarin17 retained
䑼	U+447C	zhōu	zōu	kMandarin17 retained
䒃	U+4483	cào	zào cào	kMandarin17 retained
䒐	U+4490	méng	méng mèng	kMandarin17 retained
䒞	U+449E	chén	chén yín	kMandarin17 retained
䒠	U+44A0	fēng	fēng jiè xiá	kMandarin17 retained
䒢	U+44A2	áng	áng yǎng	kMandarin17 retained
䒧	U+44A7	qū	qū qù	kMandarin17 retained
䒬	U+44AC	mò	mò mù	kMandarin17 retained
䒲	U+44B2	chà	zhà	kMandarin17 retained
䒺	U+44BA	jǐn	dǒng jǐn jìn	kMandarin17 retained
䓄	U+44C4	yín	yán	kMandarin17 retained
䓅	U+44C5	qí	qín	kMandarin17 retained
䓆	U+44C6	zhé	zhè	kMandarin17 retained
䓇	U+44C7	xì	hè	kMandarin17 retained
䓉	U+44C9	yé	xié	kMandarin17 retained
䓍	U+44CD	hǎn	hǎn hàn	kMandarin17 retained
䓏	U+44CF	fū	fóu fū	kMandarin17 retained
䓒	U+44D2	kuǎi	guài kuǎi kuài	kMandarin17 retained
䓓	U+44D3	chóu	shàn	kMandarin17 retained
䓕	U+44D5	tuǒ	wěi yuǎn	kMandarin17 retained
䓘	U+44D8	gāo	gāo jiù	kMandarin17 retained
䓙	U+44D9	kuā	guāi kuāi	kMandarin17 retained
䓚	U+44DA	qū	qū cú	kMandarin17 retained
䓛	U+44DB	qū	gū gǔ	kMandarin17 retained
䓧	U+44E7	cì	jí	kMandarin17 retained
䓭	U+44ED	chà	shà	kMandarin17 retained
䓱	U+44F1	chái	bì pí chái zuī	kMandarin17 retained
䓳	U+44F3	hěn	hěn xié	kMandarin17 retained
䓶	U+44F6	lài	là lài cì cè	kMandarin17 retained
䓺	U+44FA	měi	mí mǐ	kMandarin17 retained
䓼	U+44FC	máng	máng hè huò	kMandarin17 retained
䔂	U+4502	zǐ	zǐ zǎi	kMandarin17 retained
䔄	U+4504	yáo	yáo yào	kMandarin17 retained
䔆	U+4506	lí	mái wō	kMandarin17 retained
䔇	U+4507	qǐ	qǐ ái	kMandarin17 retained
䔋	U+450B	suō	shā suō	kMandarin17 retained
䔑	U+4511	xié	tú xié yé	kMandarin17 retained
䔒	U+4512	bèi	bèi péi pú	kMandarin17 retained
䔖	U+4516	líng	léng líng	kMandarin17 retained
䔛	U+451B	qǐng	gǒu jí qǐng	kMandarin17 retained
䔠	U+4520	shǎo	shāo shǎo shuò	kMandarin17 retained
䔢	U+4522	huá	huā huá huà	kMandarin17 retained
䔤	U+4524	pā	bā pā	kMandarin17 retained
䔰	U+4530	fù	fú	kMandarin17 retained
䔴	U+4534	cè	cè cuì	kMandarin17 retained
䔶	U+4536	tí	tái tí	kMandarin17 retained
䔸	U+4538	biǎo	biāo biǎo	kMandarin17 retained
䔺	U+453A	wéi	suǐ	kMandarin17 retained
䔻	U+453B	dūn	duī dūn	kMandarin17 retained
䔾	U+453E	qì	qì qiè è	kMandarin17 retained
䕑	U+4551	jùn	jùn suǒ suī	kMandarin17 retained
䕓	U+4553	chá	chá chuì	kMandarin17 retained
䕕	U+4555	màn	mán màn wàn	kMandarin17 retained
䕝	U+455D	chēng	shèng	kMandarin17 retained
䕤	U+4564	jī	qí	kMandarin17 retained
䕧	U+4567	xiào	jiāo jiǎo xiào	kMandarin17 retained
䕪	U+456A	zé	zhé	kMandarin17 retained
䕭	U+456D	qián	qián xián	kMandarin17 retained
䕸	U+4578	jiē	jiē xiá	kMandarin17 retained
䕹	U+4579	zá	jié	kMandarin17 retained
䕾	U+457E	yín	yán yín	kMandarin17 retained
䖂	U+4582	luán	lüán	kMandarin17 retained
䖆	U+4586	niàng	niàng rǎng	kMandarin17 retained
䖈	U+4588	nüè	nüè hǎi	kMandarin17 retained
䖋	U+458B	nüè	nüè yào	kMandarin17 retained
䖍	U+458D	qián	qiān qián	kMandarin17 retained
䖏	U+458F	chǔ	chǔ chù	kMandarin17 retained
䖔	U+4594	kǎn	kǎn hàn	kMandarin17 retained
䖕	U+4595	zǔ	cuó	kMandarin17 retained
䖝	U+459D	chóng	huǐ chóng	kMandarin17 retained
䖟	U+459F	mǎng	méng	kMandarin17 retained
䖤	U+45A4	wǎn	wān wǎn	kMandarin17 retained
䖥	U+45A5	lí	máo	kMandarin17 retained
䖦	U+45A6	qū	qū zhuó	kMandarin17 retained
䖨	U+45A8	shí	zhī shí	kMandarin17 retained
䖫	U+45AB	bàng	bàng bèng	kMandarin17 retained
䖮	U+45AE	xiǎng	xiàng	kMandarin17 retained
䖯	U+45AF	kuí	kuí wā	kMandarin17 retained
䖲	U+45B2	xún	xún zōng	kMandarin17 retained
䖸	U+45B8	é	é yǐ	kMandarin17 retained
䖻	U+45BB	yóu	liú yóu	kMandarin17 retained
䖽	U+45BD	lí	lí lì	kMandarin17 retained
䗁	U+45C1	jì	jì qī	kMandarin17 retained
䗆	U+45C6	guǎn	guān guǎn	kMandarin17 retained
䗇	U+45C7	jú	jú qú	kMandarin17 retained
䗈	U+45C8	méng	máng méng	kMandarin17 retained
䗌	U+45CC	xīng	qīng xīng	kMandarin17 retained
䗍	U+45CD	lǐ	lí lǐ	kMandarin17 retained
䗑	U+45D1	yì	xí yì	kMandarin17 retained
䗔	U+45D4	hóu	hóu hòu	kMandarin17 retained
䗕	U+45D5	wǎn	wān wǎn	kMandarin17 retained
䗘	U+45D8	gé	gě	kMandarin17 retained
䗣	U+45E3	hàn	hān hàn	kMandarin17 retained
䗫	U+45EB	má	má ma mò	kMandarin17 retained
䗱	U+45F1	pú	pò pú pù	kMandarin17 retained
䗿	U+45FF	níng	níng nìng	kMandarin17 retained
䘀	U+4600	fù	piāo fù	kMandarin17 retained
䘁	U+4601	gé	jié	kMandarin17 retained
䘅	U+4605	nái	nài	kMandarin17 retained
䘆	U+4606	xiǎn	qiǎn yǐn	kMandarin17 retained
䘐	U+4610	nǜ	niù nǜ	kMandarin17 retained
䘑	U+4611	mài	mò mài	kMandarin17 retained
䘒	U+4612	zuī	jùn zuī suān	kMandarin17 retained
䘔	U+4614	kā	kā kà kè	kMandarin17 retained
䘘	U+4618	yù	sù yù	kMandarin17 retained
䘚	U+461A	zhú	zú cù	kMandarin17 retained
䘠	U+4620	fú	bá bō fèi fú	kMandarin17 retained
䘣	U+4623	zǐ	zhǐ zǐ	kMandarin17 retained
䘥	U+4625	xiá	jiá jiǎ xiá	kMandarin17 retained
䘩	U+4629	xún	xián xuān xuàn xún	kMandarin17 retained
䘫	U+462B	nòu	rú	kMandarin17 retained
䘶	U+4636	hān	hán hàn	kMandarin17 retained
䘸	U+4638	yì	zhī	kMandarin17 retained
䘺	U+463A	zhàn	dìng zhàn	kMandarin17 retained
䘾	U+463E	guǎn	guǎn guàn	kMandarin17 retained
䙀	U+4640	běng	bēng běng bèng	kMandarin17 retained
䙄	U+4644	qì	qì zhǎ	kMandarin17 retained
䙅	U+4645	yāo	yāo yào	kMandarin17 retained
䙇	U+4647	ruán	ruán ruǎn ruàn	kMandarin17 retained
䙌	U+464C	kuì	kuì huì	kMandarin17 retained
䙎	U+464E	xié	xì xié	kMandarin17 retained
䙏	U+464F	bó	bó bò báo	kMandarin17 retained
䙑	U+4651	cuī	shuāi cuī	kMandarin17 retained
䙒	U+4652	xù	chǔ	kMandarin17 retained
䙘	U+4658	chǔ	chǔ cù	kMandarin17 retained
䙛	U+465B	guàn	gǔn	kMandarin17 retained
䙝	U+465D	xiè	bāo xiè	kMandarin17 retained
䙡	U+4661	kuì	kuì huì	kMandarin17 retained
䙪	U+466A	lóng	pàn	kMandarin17 retained
䙮	U+466E	guàn	guàn quān quán	kMandarin17 retained
䙯	U+466F	cù	chǔ cù	kMandarin17 retained
䙱	U+4671	dú	shú shǔ	kMandarin17 retained
䙳	U+4673	biāo	biāo piāo piào	kMandarin17 retained
䙷	U+4677	dé	dé de dǎi děi ài	kMandarin17 retained
䙸	U+4678	dé	dé de dǎi děi ài	kMandarin17 retained
䙹	U+4679	xiàn	xiàn èr	kMandarin17 retained
䙼	U+467C	shào	jiāo shào	kMandarin17 retained
䚇	U+4687	shěng	xǐng shěng	kMandarin17 retained
䚊	U+468A	jiǎn	jiàn	kMandarin17 retained
䚐	U+4690	jí	tì jí	kMandarin17 retained
䚒	U+4692	chuáng	zhuàng chuáng	kMandarin17 retained
䚓	U+4693	niǎn	tán shěn	kMandarin17 retained
䚔	U+4694	bīn	bīn pìn	kMandarin17 retained
䚗	U+4697	gāng	jiāng zhōng	kMandarin17 retained
䚙	U+4699	xuān	xī xuān	kMandarin17 retained
䚜	U+469C	bī	bēi bī	kMandarin17 retained
䚟	U+469F	dǎi	dǎi jīng è	kMandarin17 retained
䚠	U+46A0	hùn	huá hún hùn	kMandarin17 retained
䚩	U+46A9	jiǎo	jiǎo jiào qiáo	kMandarin17 retained
䚫	U+46AB	xí	xí áo	kMandarin17 retained
䚯	U+46AF	tǎo	tǎo jiào xuān	kMandarin17 retained
䚰	U+46B0	pǐ	pǐ é	kMandarin17 retained
䚱	U+46B1	xìn	xìn shēn	kMandarin17 retained
䚴	U+46B4	wà	yuè	kMandarin17 retained
䚷	U+46B7	yī	xì yī yì	kMandarin17 retained
䚹	U+46B9	pǐ	pǐ é	kMandarin17 retained
䚾	U+46BE	nín	nín rén	kMandarin17 retained
䛀	U+46C0	fǎn	bàn fǎn fàn	kMandarin17 retained
䛂	U+46C2	yāo	chǐ	kMandarin17 retained
䛄	U+46C4	yuǎn	wǎn yuàn	kMandarin17 retained
䛊	U+46CA	xī	xī zhǐ zhì shì	kMandarin17 retained
䛌	U+46CC	táo	páo	kMandarin17 retained
䛏	U+46CF	ní	ní nǐ	kMandarin17 retained
䛖	U+46D6	è	yì	kMandarin17 retained
䛘	U+46D8	rén	nín rén	kMandarin17 retained
䛣	U+46E3	pīng	pīng chōu	kMandarin17 retained
䛥	U+46E5	xī	xī xì xīn	kMandarin17 retained
䛧	U+46E7	mí	mèi mí mì	kMandarin17 retained
䛩	U+46E9	wù	qià wǔ	kMandarin17 retained
䛪	U+46EA	qióng	qiòng	kMandarin17 retained
䛫	U+46EB	zhāng	zhāng zhèng	kMandarin17 retained
䛲	U+46F2	mán	mián	kMandarin17 retained
䛳	U+46F3	yàn	yān yàn	kMandarin17 retained
䛷	U+46F7	wǎn	wǎn yuàn	kMandarin17 retained
䛸	U+46F8	chè	zhān zhàn	kMandarin17 retained
䛹	U+46F9	càn	qiàn xuàn	kMandarin17 retained
䛽	U+46FD	zhǎ	zhǎ chā shà	kMandarin17 retained
䜅	U+4705	wéi	chuī wéi	kMandarin17 retained
䜆	U+4706	zhé	mò	kMandarin17 retained
䜈	U+4708	chāo	zhāo chāo	kMandarin17 retained
䜉	U+4709	chī	qī	kMandarin17 retained
䜊	U+470A	zāo	cáo	kMandarin17 retained
䜎	U+470E	láo	láo lào	kMandarin17 retained
䜐	U+4710	huī	tuō	kMandarin17 retained
䜔	U+4714	suí	tuō suí	kMandarin17 retained
䜕	U+4715	mài	mài tà hài xiè	kMandarin17 retained
䜖	U+4716	tàn	tán	kMandarin17 retained
䜗	U+4717	xìn	hàn xìn	kMandarin17 retained
䜙	U+4719	án	è án	kMandarin17 retained
䜟	U+471F	chén	chèn	kMandarin17 retained
䜠	U+4720	chè	zhì	kMandarin17 retained
䜣	U+4723	xīn	xī xīn xín	kMandarin17 retained
䜫	U+472B	jiāng	hóng jiāng	kMandarin17 retained
䜬	U+472C	sǒng	xiù	kMandarin17 retained
䜮	U+472E	liáo	láo liáo	kMandarin17 retained
䜱	U+4731	mǎn	mán	kMandarin17 retained
䜴	U+4734	chù	chǐ shì	kMandarin17 retained
䜵	U+4735	chǐ	chǐ shì	kMandarin17 retained
䜸	U+4738	měi	méi měi	kMandarin17 retained
䜹	U+4739	shù	sū	kMandarin17 retained
䜺	U+473A	chǎi	cè	kMandarin17 retained
䜻	U+473B	chǐ	chǐ shì	kMandarin17 retained
䜼	U+473C	gú	móu mù dú gǔ	kMandarin17 retained
䝌	U+474C	jué	jué jùn	kMandarin17 retained
䝍	U+474D	jùn	jūn jùn	kMandarin17 retained
䝐	U+4750	wéi	duò wěi	kMandarin17 retained
䝝	U+475D	yǐ	ě yī yǐ	kMandarin17 retained
䝞	U+475E	hào	háo hào	kMandarin17 retained
䝟	U+475F	yà	jiá yà	kMandarin17 retained
䝠	U+4760	huán	yuán	kMandarin17 retained
䝡	U+4761	màn	mán màn wàn	kMandarin17 retained
䝢	U+4762	màn	mán màn wàn	kMandarin17 retained
䝤	U+4764	lǎo	lǎo liáo	kMandarin17 retained
䝥	U+4765	háo	gāo háo	kMandarin17 retained
䝩	U+4769	zhèn	zhěn zhèn	kMandarin17 retained
䝯	U+476F	yì	yí	kMandarin17 retained
䝳	U+4773	cán	hài cán	kMandarin17 retained
䝼	U+477C	jìng	jìng qíng	kMandarin17 retained
䞁	U+4781	yàn	yǎn	kMandarin17 retained
䞄	U+4784	biào	biǎo	kMandarin17 retained
䞇	U+4787	dié	zhì	kMandarin17 retained
䞈	U+4788	guì	guì huò	kMandarin17 retained
䞋	U+478B	chèn	qìn chèn	kMandarin17 retained
䞌	U+478C	shé	shí	kMandarin17 retained
䞍	U+478D	qíng	jìng qíng	kMandarin17 retained
䞓	U+4793	chēng	zhēn chēng	kMandarin17 retained
䞕	U+4795	rú	rú yú	kMandarin17 retained
䞗	U+4797	cāi	chāi cāi	kMandarin17 retained
䞘	U+4798	jí	qì	kMandarin17 retained
䞙	U+4799	zá	zā	kMandarin17 retained
䞚	U+479A	qí	kuí qí	kMandarin17 retained
䞛	U+479B	yān	wū	kMandarin17 retained
䞜	U+479C	fù	bó péi	kMandarin17 retained
䞞	U+479E	fú	fèi fú	kMandarin17 retained
䞢	U+47A2	zuó	zuò	kMandarin17 retained
䞣	U+47A3	chě	qiè	kMandarin17 retained
䞤	U+47A4	qú	fǔ qú qǔ	kMandarin17 retained
䞨	U+47A8	guǐ	kuǐ	kMandarin17 retained
䞩	U+47A9	è	xiá è	kMandarin17 retained
䞭	U+47AD	cūn	qiù qūn	kMandarin17 retained
䞯	U+47AF	fù	pò fú fù	kMandarin17 retained
䞰	U+47B0	zuó	qì chuò zé	kMandarin17 retained
䞳	U+47B3	bó	bó péi	kMandarin17 retained
䞵	U+47B5	juě	jué zhuó	kMandarin17 retained
䞶	U+47B6	tāng	tì	kMandarin17 retained
䞷	U+47B7	jué	jué zhú chū	kMandarin17 retained
䞸	U+47B8	fù	bó	kMandarin17 retained
䞼	U+47BC	chuǐ	cuàn	kMandarin17 retained
䞾	U+47BE	chí	dì chí	kMandarin17 retained
䟁	U+47C1	xiáo	xiāo chāo	kMandarin17 retained
䟃	U+47C3	cān	cà cān	kMandarin17 retained
䟄	U+47C4	qì	qì chuò zé	kMandarin17 retained
䟅	U+47C5	jiàn	jiàn zàn	kMandarin17 retained
䟇	U+47C7	jī	jī xī	kMandarin17 retained
䟈	U+47C8	zhí	zhì	kMandarin17 retained
䟉	U+47C9	zhú	zhú shǔ	kMandarin17 retained
䟌	U+47CC	jí	jí jié	kMandarin17 retained
䟓	U+47D3	chēng	dīng chēng	kMandarin17 retained
䟔	U+47D4	fù	bó fù	kMandarin17 retained
䟖	U+47D6	tàng	zhǐ	kMandarin17 retained
䟘	U+47D8	hàng	gǎng hàng	kMandarin17 retained
䟚	U+47DA	qí	jī qí	kMandarin17 retained
䟛	U+47DB	bó	bá bèi fèi	kMandarin17 retained
䟡	U+47E1	zhī	dì zhī	kMandarin17 retained
䟢	U+47E2	chén	tiǎn tiàn niǎn jī jiàn chèn	kMandarin17 retained
䟤	U+47E4	bì	bì bié	kMandarin17 retained
䟥	U+47E5	méng	máo móu méng	kMandarin17 retained
䟨	U+47E8	mín	mín mǐn	kMandarin17 retained
䟩	U+47E9	liě	liě què	kMandarin17 retained
䟪	U+47EA	fěng	fǎn fěng	kMandarin17 retained
䟫	U+47EB	chēng	chéng	kMandarin17 retained
䟭	U+47ED	tiáo	tiào zuò	kMandarin17 retained
䟮	U+47EE	fú	bó fú	kMandarin17 retained
䟷	U+47F7	chì	qì chì	kMandarin17 retained
䟺	U+47FA	bèi	pèi	kMandarin17 retained
䟻	U+47FB	dù	dù chǎ	kMandarin17 retained
䟾	U+47FE	zhuó	jué zhuó	kMandarin17 retained
䠀	U+4800	tāng	tāng tàng chǎng chéng	kMandarin17 retained
䠂	U+4802	chú	chǔ	kMandarin17 retained
䠇	U+4807	jué	jué qū	kMandarin17 retained
䠋	U+480B	bì	bì pián	kMandarin17 retained
䠍	U+480D	xiā	xiá	kMandarin17 retained
䠎	U+480E	wò	wō wò	kMandarin17 retained
䠏	U+480F	jì	guī kuí jì	kMandarin17 retained
䠑	U+4811	kuǐ	kuí kuǐ wěi	kMandarin17 retained
䠓	U+4813	qiū	qiū qiú yóu	kMandarin17 retained
䠚	U+481A	wà	wǎ wà	kMandarin17 retained
䠠	U+4820	chì	dài dān dié xué zhì chì shì	kMandarin17 retained
䠡	U+4821	cuó	chá cuó	kMandarin17 retained
䠤	U+4824	duǒ	duǒ duò	kMandarin17 retained
䠥	U+4825	bié	bié biè	kMandarin17 retained
䠦	U+4826	zhè	zhì	kMandarin17 retained
䠭	U+482D	lái	lài	kMandarin17 retained
䠰	U+4830	quán	juǎn quán	kMandarin17 retained
䠴	U+4834	zhěn	chěn	kMandarin17 retained
䠶	U+4836	shè	shí shè yì yè	kMandarin17 retained
䠹	U+4839	ái	hái	kMandarin17 retained
䠻	U+483B	qióng	qióng qiòng	kMandarin17 retained
䠿	U+483F	wài	kuì wài	kMandarin17 retained
䡀	U+4840	zhǎn	tǎn zhǎn chán shàn	kMandarin17 retained
䡂	U+4842	jiū	jiū jiù	kMandarin17 retained
䡅	U+4845	chūn	dùn chūn shǔn	kMandarin17 retained
䡈	U+4848	jué	jiǎo jiào jué	kMandarin17 retained
䡋	U+484B	qí	qí zhǐ zhèn chén	kMandarin17 retained
䡍	U+484D	fú	fū	kMandarin17 retained
䡖	U+4856	qìng	qīng qìng	kMandarin17 retained
䡙	U+4859	láng	láng liáng	kMandarin17 retained
䡝	U+485D	yuān	yuān yǔn	kMandarin17 retained
䡢	U+4862	biàn	biǎn	kMandarin17 retained
䡣	U+4863	hūn	hún xuān	kMandarin17 retained
䡧	U+4867	wū	wū wǔ	kMandarin17 retained
䡨	U+4868	chà	chái	kMandarin17 retained
䡩	U+4869	kēng	kēng qiān zhěn	kMandarin17 retained
䡰	U+4870	kēng	gū gǔ kēng kěng	kMandarin17 retained
䡲	U+4872	chán	dān chán	kMandarin17 retained
䡶	U+4876	bèi	pì	kMandarin17 retained
䡷	U+4877	kài	kē	kMandarin17 retained
䢈	U+4888	chén	huì chén	kMandarin17 retained
䢍	U+488D	fǎng	fàng	kMandarin17 retained
䢑	U+4891	dǐ	dǐ dì	kMandarin17 retained
䢖	U+4896	yù	lǜ jiàn yù	kMandarin17 retained
䢚	U+489A	gēng	kàng háng	kMandarin17 retained
䢡	U+48A1	yè	xiè zhì zhuì suì yè	kMandarin17 retained
䢥	U+48A5	yán	yuàn	kMandarin17 retained
䢨	U+48A8	cōng	zōng zòng cōng cóng	kMandarin17 retained
䢩	U+48A9	yù	yà yù	kMandarin17 retained
䢪	U+48AA	bó	qiāo qiào cuì	kMandarin17 retained
䢯	U+48AF	lín	lín lìn	kMandarin17 retained
䢰	U+48B0	tī	tì yuē	kMandarin17 retained
䢸	U+48B8	jū	qū	kMandarin17 retained
䢹	U+48B9	jǔ	jǔ qú	kMandarin17 retained
䣀	U+48C0	guǐ	guǐ qī wéi	kMandarin17 retained
䣈	U+48C8	hàng	xiàng	kMandarin17 retained
䣍	U+48CD	yǎn	yān yǎn	kMandarin17 retained
䣑	U+48D1	chán	hé chán	kMandarin17 retained
䣓	U+48D3	lí	lí lì	kMandarin17 retained
䣕	U+48D5	mǎ	mǎ mà	kMandarin17 retained
䣖	U+48D6	mǎ	mǎ mà	kMandarin17 retained
䣙	U+48D9	péi	péi pěng	kMandarin17 retained
䣝	U+48DD	tú	tú chá	kMandarin17 retained
䣟	U+48DF	cán	xí	kMandarin17 retained
䣠	U+48E0	jié	xí	kMandarin17 retained
䣤	U+48E4	jué	què quān	kMandarin17 retained
䣬	U+48EC	zǎi	dài gē	kMandarin17 retained
䣭	U+48ED	tài	yóu	kMandarin17 retained
䣮	U+48EE	pò	bó	kMandarin17 retained
䣱	U+48F1	xù	xù xiōng	kMandarin17 retained
䣵	U+48F5	èr	nì èr	kMandarin17 retained
䣶	U+48F6	huó	tián huó	kMandarin17 retained
䣸	U+48F8	rǎn	nǎn nàn rǎn	kMandarin17 retained
䣹	U+48F9	fá	fā	kMandarin17 retained
䣺	U+48FA	juān	juàn	kMandarin17 retained
䣽	U+48FD	zhī	tí tǐ zhī	kMandarin17 retained
䣾	U+48FE	mì	mì yīn	kMandarin17 retained
䤁	U+4901	cén	chén cén yīn	kMandarin17 retained
䤃	U+4903	yīn	ān yīn	kMandarin17 retained
䤅	U+4905	tú	tóu tú	kMandarin17 retained
䤆	U+4906	kuí	guǐ	kMandarin17 retained
䤊	U+490A	róng	nì èr	kMandarin17 retained
䤋	U+490B	yù	guó xù yù	kMandarin17 retained
䤎	U+490E	jú	jú jué	kMandarin17 retained
䤒	U+4912	jì	jǐ jì	kMandarin17 retained
䤕	U+4915	xuè	hù xuè yo	kMandarin17 retained
䤘	U+4918	chǎn	qiǎn chǎn	kMandarin17 retained
䤛	U+491B	qiú	qiú chóu	kMandarin17 retained
䤝	U+491D	yìng	qióng yìng	kMandarin17 retained
䤞	U+491E	yǔn	ruì yǔn	kMandarin17 retained
䤠	U+4920	zhǐ	zhǐ rì	kMandarin17 retained
䤦	U+4926	yuè	huì yuè	kMandarin17 retained
䤨	U+4928	pì	pī	kMandarin17 retained
䤪	U+492A	duǒ	duǒ duò	kMandarin17 retained
䤵	U+4935	fèi	pī fèi	kMandarin17 retained
䤶	U+4936	yè	ān yè yǎn	kMandarin17 retained
䤸	U+4938	zuàn	cōng	kMandarin17 retained
䤼	U+493C	xiàn	quán	kMandarin17 retained
䥅	U+4945	qiàn	qín	kMandarin17 retained
䥆	U+4946	jǐn	qín	kMandarin17 retained
䥈	U+4948	mǔ	mǎng mǔ	kMandarin17 retained
䥍	U+494D	zhì	xiè zhì	kMandarin17 retained
䥑	U+4951	mài	mài wǎn	kMandarin17 retained
䥒	U+4952	jiàng	qiáng	kMandarin17 retained
䥖	U+4956	tián	diàn tián	kMandarin17 retained
䥗	U+4957	kuǎn	kuǎn kuàn	kMandarin17 retained
䥘	U+4958	cù	cù cuò	kMandarin17 retained
䥛	U+495B	jiē	niè jié qiè	kMandarin17 retained
䥡	U+4961	yè	dié	kMandarin17 retained
䥢	U+4962	lóng	dōng lóng qì	kMandarin17 retained
䥣	U+4963	záo	záo zuò	kMandarin17 retained
䥤	U+4964	báo	báo bào	kMandarin17 retained
䥨	U+4968	lǜ	lǘ lǜ	kMandarin17 retained
䥭	U+496D	zhèng	dēng dèng zhèng	kMandarin17 retained
䥯	U+496F	bēi	bà bēi	kMandarin17 retained
䥶	U+4976	lì	lì gé	kMandarin17 retained
䥷	U+4977	zhá	zhá zhé zé cè	kMandarin17 retained
䥺	U+497A	yé	yá yé	kMandarin17 retained
䦃	U+4983	zhuō	zhuó	kMandarin17 retained
䦈	U+4988	jiē	jiē jiè juē chài zuǒ cuò	kMandarin17 retained
䦐	U+4990	tǐng	tǐng kāi rùn	kMandarin17 retained
䦓	U+4993	zhān	chān	kMandarin17 retained
䦔	U+4994	tǎn	dǎn tǎn	kMandarin17 retained
䦖	U+4996	xié	xiá xié	kMandarin17 retained
䦙	U+4999	sì	shì sì	kMandarin17 retained
䦚	U+499A	kuà	kuò	kMandarin17 retained
䦝	U+499D	huō	huò	kMandarin17 retained
䦟	U+499F	chuài	chuài wěn	kMandarin17 retained
䦠	U+49A0	dū	dū zhuó shǐ	kMandarin17 retained
䦤	U+49A4	chuài	chuì	kMandarin17 retained
䦧	U+49A7	qié	dòu ní xì ér	kMandarin17 retained
䦲	U+49B2	yán	qiàn chàn yán	kMandarin17 retained
䦵	U+49B5	nǐ	mí nǐ	kMandarin17 retained
䦷	U+49B7	chuài	chuài wěn	kMandarin17 retained
䦼	U+49BC	jué	pì jué	kMandarin17 retained
䧂	U+49C2	dào	zhào	kMandarin17 retained
䧇	U+49C7	yī	yī yǐ	kMandarin17 retained
䧊	U+49CA	kū	gù kū	kMandarin17 retained
䧋	U+49CB	xiǎn	xiǎn xiàn	kMandarin17 retained
䧍	U+49CD	xì	qì xì	kMandarin17 retained
䧎	U+49CE	xuàn	xuán xuàn	kMandarin17 retained
䧕	U+49D5	chéng	yù	kMandarin17 retained
䧚	U+49DA	hào	gǎo hào qiāo	kMandarin17 retained
䧛	U+49DB	bàng	bāng bàng páng péng	kMandarin17 retained
䧝	U+49DD	chī	zhì chī	kMandarin17 retained
䧞	U+49DE	mà	mà fù	kMandarin17 retained
䧟	U+49DF	xiàn	xiàn xuàn	kMandarin17 retained
䧠	U+49E0	shuàn	zhuān	kMandarin17 retained
䧡	U+49E1	yōng	yōng yóng	kMandarin17 retained
䧮	U+49EE	xiàn	xiǎn xiàn	kMandarin17 retained
䧲	U+49F2	hàn	gān	kMandarin17 retained
䧳	U+49F3	cí	cī cí	kMandarin17 retained
䧴	U+49F4	zhī	zhī chì shì	kMandarin17 retained
䧵	U+49F5	qí	zhèn	kMandarin17 retained
䧹	U+49F9	yīng	yàn yīng	kMandarin17 retained
䧼	U+49FC	hú	gào gǔ hú	kMandarin17 retained
䧿	U+49FF	què	qiǎo què	kMandarin17 retained
䨄	U+4A04	yàn	ān	kMandarin17 retained
䨆	U+4A06	bí	bì biē	kMandarin17 retained
䨋	U+4A0B	nüè	nüè yào	kMandarin17 retained
䨌	U+4A0C	báo	bó báo bào	kMandarin17 retained
䨎	U+4A0E	hóng	hóng wēng	kMandarin17 retained
䨏	U+4A0F	cí	zī cí	kMandarin17 retained
䨐	U+4A10	qià	xiá	kMandarin17 retained
䨒	U+4A12	yù	yǔ	kMandarin17 retained
䨔	U+4A14	báo	bó báo bào	kMandarin17 retained
䨘	U+4A18	xiàn	xiàn sàn	kMandarin17 retained
䨙	U+4A19	cén	yín	kMandarin17 retained
䨛	U+4A1B	sè	xí sè suǒ	kMandarin17 retained
䨥	U+4A25	huò	huò shuāng shuàng	kMandarin17 retained
䨦	U+4A26	pāng	pāng páng wù	kMandarin17 retained
䨫	U+4A2B	mài	mò	kMandarin17 retained
䨮	U+4A2E	xuě	xuě xuè	kMandarin17 retained
䨳	U+4A33	xì	xī	kMandarin17 retained
䨾	U+4A3E	fèi	fēi fèi	kMandarin17 retained
䩀	U+4A40	bèi	bì	kMandarin17 retained
䩄	U+4A44	miǎn	miǎn tiǎn	kMandarin17 retained
䩆	U+4A46	zhǎn	zhǎ	kMandarin17 retained
䩇	U+4A47	zhān	diān zhān	kMandarin17 retained
䩐	U+4A50	hū	gān hū xié	kMandarin17 retained
䩔	U+4A54	duò	pán duò shān	kMandarin17 retained
䩗	U+4A57	bà	yuè	kMandarin17 retained
䩘	U+4A58	dì	dī	kMandarin17 retained
䩚	U+4A5A	dì	dī dīng	kMandarin17 retained
䩝	U+4A5D	páo	bāo páo	kMandarin17 retained
䩞	U+4A5E	tié	dié tiè	kMandarin17 retained
䩟	U+4A5F	yí	tì yí	kMandarin17 retained
䩡	U+4A61	jiá	tà gé jiá	kMandarin17 retained
䩥	U+4A65	dàn	dàn chān	kMandarin17 retained
䩧	U+4A67	xiè	xuè	kMandarin17 retained
䩩	U+4A69	yuǎn	wǎn yuān yǔn	kMandarin17 retained
䩯	U+4A6F	jí	jí qì	kMandarin17 retained
䩰	U+4A70	xuàn	jí	kMandarin17 retained
䩱	U+4A71	shù	shū shù yú	kMandarin17 retained
䩸	U+4A78	róng	róng rǒng	kMandarin17 retained
䩹	U+4A79	é	kuò é	kMandarin17 retained
䪇	U+4A87	bó	bó bù pòu	kMandarin17 retained
䪌	U+4A8C	zhàn	chán	kMandarin17 retained
䪓	U+4A93	diē	dié	kMandarin17 retained
䪔	U+4A94	bǔ	bó bǔ bù pò pòu fù	kMandarin17 retained
䪖	U+4A96	pò	pò fù	kMandarin17 retained
䪛	U+4A9B	fān	fān fán	kMandarin17 retained
䪜	U+4A9C	chān	chān chàn	kMandarin17 retained
䪝	U+4A9D	hù	hù huò wò	kMandarin17 retained
䪥	U+4AA5	xiè	jiǔ xiè	kMandarin17 retained
䪱	U+4AB1	gǎi	gǎi hái	kMandarin17 retained
䪲	U+4AB2	kūn	wù	kMandarin17 retained
䪴	U+4AB4	zhěn	dǎn dàn zhěn	kMandarin17 retained
䪵	U+4AB5	yǎ	yā yǎ	kMandarin17 retained
䪷	U+4AB7	hòu	gòu hòu	kMandarin17 retained
䪹	U+4AB9	bāi	bāi péi	kMandarin17 retained
䪻	U+4ABB	biàn	biàn fàn	kMandarin17 retained
䪼	U+4ABC	zhuō	zhuó	kMandarin17 retained
䪿	U+4ABF	shěng	xìn cōng	kMandarin17 retained
䫁	U+4AC1	bì	bì tóu	kMandarin17 retained
䫃	U+4AC3	chún	zhèn chún	kMandarin17 retained
䫈	U+4AC8	chěn	zèn cén	kMandarin17 retained
䫊	U+4ACA	péi	bāi péi	kMandarin17 retained
䫋	U+4ACB	wēi	duī tuí wēi	kMandarin17 retained
䫍	U+4ACD	fǔ	pái fǔ tiào	kMandarin17 retained
䫎	U+4ACE	zhuō	zhuó	kMandarin17 retained
䫏	U+4ACF	qī	yī	kMandarin17 retained
䫓	U+4AD3	wú	wū	kMandarin17 retained
䫔	U+4AD4	qì	kuí qì qiè yà	kMandarin17 retained
䫖	U+4AD6	chěn	chěn shèn	kMandarin17 retained
䫘	U+4AD8	hé	kě hé	kMandarin17 retained
䫝	U+4ADD	fǔ	fù	kMandarin17 retained
䫞	U+4ADE	qiāo	fén qiāo	kMandarin17 retained
䫟	U+4ADF	hùn	hùn yǔn	kMandarin17 retained
䫡	U+4AE1	yán	jiàn qiǎn qiàn yán	kMandarin17 retained
䫥	U+4AE5	kuǐ	kuí kuǐ	kMandarin17 retained
䫦	U+4AE6	gé	gé kài	kMandarin17 retained
䫨	U+4AE8	ào	áo	kMandarin17 retained
䫬	U+4AEC	zhěn	qǐn zhěn	kMandarin17 retained
䫱	U+4AF1	ná	rú	kMandarin17 retained
䫸	U+4AF8	chāo	náo chāo	kMandarin17 retained
䫾	U+4AFE	bī	bì	kMandarin17 retained
䬄	U+4B04	xù	xū	kMandarin17 retained
䬅	U+4B05	lì	lì liè xié	kMandarin17 retained
䬏	U+4B0F	bù	fǒu	kMandarin17 retained
䬑	U+4B11	wèi	wèi yù	kMandarin17 retained
䬕	U+4B15	xiāng	qiǎng xiāng	kMandarin17 retained
䬛	U+4B1B	bì	bì sè	kMandarin17 retained
䬣	U+4B23	xì	qì	kMandarin17 retained
䬤	U+4B24	zàn	zhān zài zàn zuàn	kMandarin17 retained
䬦	U+4B26	dòu	dòu shè	kMandarin17 retained
䬧	U+4B27	yuán	wán yuán	kMandarin17 retained
䬬	U+4B2C	yǐng	yǎng	kMandarin17 retained
䬯	U+4B2F	nián	tiǎn nián	kMandarin17 retained
䬴	U+4B34	mò	mǒ mò	kMandarin17 retained
䬵	U+4B35	gāi	gāi ài	kMandarin17 retained
䬽	U+4B3D	shuì	duì shuì	kMandarin17 retained
䬿	U+4B3F	wěi	wěi wèi	kMandarin17 retained
䭃	U+4B43	rěn	niè rěn	kMandarin17 retained
䭅	U+4B45	hú	gù hú	kMandarin17 retained
䭇	U+4B47	yē	hú yì yē yè	kMandarin17 retained
䭈	U+4B48	jiàn	jiān jiǎn	kMandarin17 retained
䭑	U+4B51	lián	liǎn qiàn xiàn	kMandarin17 retained
䭒	U+4B52	xī	xí	kMandarin17 retained
䭕	U+4B55	zǎn	jiǎn zǎn	kMandarin17 retained
䭛	U+4B5B	dàn	gǎn	kMandarin17 retained
䭝	U+4B5D	kuài	guài kuài	kMandarin17 retained
䭡	U+4B61	èn	wèn	kMandarin17 retained
䭥	U+4B65	xuè	yàng	kMandarin17 retained
䭦	U+4B66	bō	bó	kMandarin17 retained
䭧	U+4B67	mǐ	mí mǐ	kMandarin17 retained
䭨	U+4B68	shuì	duì shuì ruì	kMandarin17 retained
䭩	U+4B69	mó	mí mǐ	kMandarin17 retained
䭫	U+4B6B	qǐ	jī qǐ	kMandarin17 retained
䭰	U+4B70	bèng	běng	kMandarin17 retained
䭴	U+4B74	huán	huán xuán	kMandarin17 retained
䭹	U+4B79	áng	áng ǎng	kMandarin17 retained
䭻	U+4B7B	fù	fēn	kMandarin17 retained
䭾	U+4B7E	tuó	duò tuó	kMandarin17 retained
䮋	U+4B8B	lì	liè	kMandarin17 retained
䮓	U+4B93	zhuō	zhuó chào	kMandarin17 retained
䮕	U+4B95	zhuó	chuò	kMandarin17 retained
䮗	U+4B97	àn	àn yàn	kMandarin17 retained
䮘	U+4B98	ér	ní ér	kMandarin17 retained
䮚	U+4B9A	lèng	lèng líng	kMandarin17 retained
䮜	U+4B9C	zhá	shà yè	kMandarin17 retained
䮟	U+4B9F	sōu	sōu sǒng	kMandarin17 retained
䮡	U+4BA1	bì	bó bì	kMandarin17 retained
䮢	U+4BA2	zhá	shà	kMandarin17 retained
䮤	U+4BA4	hé	hè	kMandarin17 retained
䮧	U+4BA7	hàn	hán hàn	kMandarin17 retained
䮮	U+4BAE	mài	mò	kMandarin17 retained
䮯	U+4BAF	ào	áo ào	kMandarin17 retained
䮳	U+4BB3	fán	yán	kMandarin17 retained
䮴	U+4BB4	dèng	dèng tēng	kMandarin17 retained
䮸	U+4BB8	wò	jué wù	kMandarin17 retained
䮹	U+4BB9	wèi	guì wèi	kMandarin17 retained
䮻	U+4BBB	chì	dǎo	kMandarin17 retained
䮾	U+4BBE	lóng	péng	kMandarin17 retained
䮿	U+4BBF	jiǎn	jiǎn qiān	kMandarin17 retained
䯂	U+4BC2	shēn	jí shēn	kMandarin17 retained
䯇	U+4BC7	kū	kū kuò	kMandarin17 retained
䯉	U+4BC9	wā	wà	kMandarin17 retained
䯊	U+4BCA	qià	kē qià	kMandarin17 retained
䯋	U+4BCB	bó	bó fèi	kMandarin17 retained
䯎	U+4BCE	gàn	gān gàn	kMandarin17 retained
䯓	U+4BD3	kuī	kuí	kMandarin17 retained
䯕	U+4BD5	tīng	tíng	kMandarin17 retained
䯗	U+4BD7	bì	bì pí	kMandarin17 retained
䯜	U+4BDC	tì	tì xí	kMandarin17 retained
䯥	U+4BE5	àn	qì àn	kMandarin17 retained
䯨	U+4BE8	qiāo	huò	kMandarin17 retained
䯪	U+4BEA	kǎo	kǎo kào	kMandarin17 retained
䯱	U+4BF1	pī	pēi fù	kMandarin17 retained
䯲	U+4BF2	pā	pā pà	kMandarin17 retained
䯺	U+4BFA	kuò	guā kuò yuè	kMandarin17 retained
䯽	U+4BFD	póu	bǎo póu pǒu	kMandarin17 retained
䯾	U+4BFE	tiáo	diāo tiáo chóu	kMandarin17 retained
䯿	U+4BFF	zú	zú zuì suì	kMandarin17 retained
䰄	U+4C04	sāi	sī sāi	kMandarin17 retained
䰈	U+4C08	cuó	cuǒ	kMandarin17 retained
䰉	U+4C09	pán	bān pán	kMandarin17 retained
䰌	U+4C0C	zǒng	zǒng cōng	kMandarin17 retained
䰍	U+4C0D	cì	xiū	kMandarin17 retained
䰏	U+4C0F	jì	jì jié	kMandarin17 retained
䰔	U+4C14	pán	bān pán	kMandarin17 retained
䰖	U+4C16	zuǎn	zǎn zuǎn	kMandarin17 retained
䰘	U+4C18	liú	liú jiǎo	kMandarin17 retained
䰛	U+4C1B	lì	lì gé	kMandarin17 retained
䰜	U+4C1C	lì	lì gé	kMandarin17 retained
䰠	U+4C20	shén	shēn shén	kMandarin17 retained
䰥	U+4C25	huò	yù	kMandarin17 retained
䰩	U+4C29	chě	dū chě	kMandarin17 retained
䰫	U+4C2B	chāo	cháo	kMandarin17 retained
䰭	U+4C2D	nòu	rú	kMandarin17 retained
䰹	U+4C39	zé	jí jì zé	kMandarin17 retained
䰼	U+4C3C	qín	shěn cén yín	kMandarin17 retained
䰾	U+4C3E	bā	bā bà	kMandarin17 retained
䱈	U+4C48	qí	qí zhǐ	kMandarin17 retained
䱉	U+4C49	shàn	jū shàn	kMandarin17 retained
䱍	U+4C4D	gèng	gēng gèng	kMandarin17 retained
䱎	U+4C4E	gèng	gēng	kMandarin17 retained
䱏	U+4C4F	tǒu	dòu tǒu	kMandarin17 retained
䱐	U+4C50	fū	fú	kMandarin17 retained
䱒	U+4C52	yè	yē	kMandarin17 retained
䱓	U+4C53	tíng	tíng tǐng	kMandarin17 retained
䱔	U+4C54	tiáo	tiáo chóu shù yóu	kMandarin17 retained
䱕	U+4C55	móu	méi móu	kMandarin17 retained
䱙	U+4C59	shū	shū shú	kMandarin17 retained
䱛	U+4C5B	huò	yì	kMandarin17 retained
䱝	U+4C5D	pái	bái bēi	kMandarin17 retained
䱞	U+4C5E	liú	nài	kMandarin17 retained
䱟	U+4C5F	jù	jū jù	kMandarin17 retained
䱠	U+4C60	zhàn	chǎn	kMandarin17 retained
䱥	U+4C65	zhì	jì zhì	kMandarin17 retained
䱨	U+4C68	là	jì zhì	kMandarin17 retained
䱭	U+4C6D	gèng	gēng gèng	kMandarin17 retained
䱯	U+4C6F	mú	mó	kMandarin17 retained
䱰	U+4C70	zhòng	tóng zhòng	kMandarin17 retained
䱱	U+4C71	tí	dì tí	kMandarin17 retained
䱳	U+4C73	zhān	zhān shàn	kMandarin17 retained
䱸	U+4C78	sōu	qiū sōu	kMandarin17 retained
䱹	U+4C79	zhǎ	zhǎ zǎ	kMandarin17 retained
䲃	U+4C83	zǎo	cháo zǎo suǒ	kMandarin17 retained
䲄	U+4C84	mín	miǎn wǎn	kMandarin17 retained
䲊	U+4C8A	duò	tuǒ wěi	kMandarin17 retained
䲓	U+4C93	yǎn	yán yǎn	kMandarin17 retained
䲔	U+4C94	qíng	jīng qíng	kMandarin17 retained
䲦	U+4CA6	dài	dà dài	kMandarin17 retained
䲯	U+4CAF	jí	lì jí jiá	kMandarin17 retained
䲳	U+4CB3	háng	dàn háng zhèn	kMandarin17 retained
䲵	U+4CB5	què	qiāo qiǎo què	kMandarin17 retained
䲹	U+4CB9	pí	péi pī	kMandarin17 retained
䲻	U+4CBB	xuán	xuán yuán	kMandarin17 retained
䲽	U+4CBD	shí	dǎo shí	kMandarin17 retained
䲿	U+4CBF	cí	zī cí	kMandarin17 retained
䳀	U+4CC0	dié	dié yì	kMandarin17 retained
䳁	U+4CC1	bó	bá	kMandarin17 retained
䳂	U+4CC2	diāo	diāo tiáo xiāo	kMandarin17 retained
䳃	U+4CC3	wǎn	wǎn yuān	kMandarin17 retained
䳄	U+4CC4	cí	cī cí	kMandarin17 retained
䳅	U+4CC5	zhǐ	zhǐ zhì	kMandarin17 retained
䳆	U+4CC6	bái	bó	kMandarin17 retained
䳉	U+4CC9	dàn	dōng	kMandarin17 retained
䳏	U+4CCF	guì	guì jú jué	kMandarin17 retained
䳒	U+4CD2	yuán	yuān	kMandarin17 retained
䳔	U+4CD4	jú	jiù jú	kMandarin17 retained
䳠	U+4CE0	shuì	chuí	kMandarin17 retained
䳡	U+4CE1	yàn	zhuī zhǔn yàn	kMandarin17 retained
䳪	U+4CEA	juàn	zhuān	kMandarin17 retained
䳬	U+4CEC	è	yì	kMandarin17 retained
䳯	U+4CEF	chóng	chóng chǒng	kMandarin17 retained
䳱	U+4CF1	wù	mù wù	kMandarin17 retained
䳶	U+4CF6	xī	jī qī xī	kMandarin17 retained
䳺	U+4CFA	yàn	ān	kMandarin17 retained
䳻	U+4CFB	cán	chán cán	kMandarin17 retained
䳽	U+4CFD	hè	hè háo	kMandarin17 retained
䴁	U+4D01	yù	yú yù	kMandarin17 retained
䴆	U+4D06	pú	pū pú	kMandarin17 retained
䴉	U+4D09	huán	xuán	kMandarin17 retained
䴋	U+4D0B	huán	xuán	kMandarin17 retained
䴌	U+4D0C	méng	máng méng měng	kMandarin17 retained
䴏	U+4D0F	yàn	yān yàn	kMandarin17 retained
䴔	U+4D14	jiāo	jiāo xiāo	kMandarin17 retained
䴖	U+4D16	jīng	jīng qīng	kMandarin17 retained
䴘	U+4D18	tī	tī sī	kMandarin17 retained
䴙	U+4D19	pì	bì pì	kMandarin17 retained
䴜	U+4D1C	wāi	huái	kMandarin17 retained
䴠	U+4D20	yǎo	ǎo	kMandarin17 retained
䴢	U+4D22	mí	mí jūn qún	kMandarin17 retained
䴯	U+4D2F	hū	hù	kMandarin17 retained
䴰	U+4D30	shú	shú yì	kMandarin17 retained
䴴	U+4D34	tiè	tiè nián	kMandarin17 retained
䴷	U+4D37	hún	huàn hún	kMandarin17 retained
䴹	U+4D39	guǒ	luǒ guǒ hún	kMandarin17 retained
䵃	U+4D43	kuàng	kuàng huáng	kMandarin17 retained
䵄	U+4D44	bí	fēng	kMandarin17 retained
䵅	U+4D45	áo	āo áo	kMandarin17 retained
䵊	U+4D4A	tuān	tūn	kMandarin17 retained
䵋	U+4D4B	wěi	huǐ wěi	kMandarin17 retained
䵗	U+4D57	bó	bó bī	kMandarin17 retained
䵙	U+4D59	zhā	zhā zhǎ	kMandarin17 retained
䵝	U+4D5D	yì	yì yà	kMandarin17 retained
䵞	U+4D5E	jìng	jīng qíng	kMandarin17 retained
䵠	U+4D60	dí	dí zhuó	kMandarin17 retained
䵤	U+4D64	jiǎn	jiǎn xiàn	kMandarin17 retained
䵦	U+4D66	xiè	xiè wū	kMandarin17 retained
䵪	U+4D6A	gùn	gǔn	kMandarin17 retained
䵫	U+4D6B	xūn	xūn yù	kMandarin17 retained
䵱	U+4D71	xì	xī xì	kMandarin17 retained
䵴	U+4D74	yìng	zèng yìng yùn	kMandarin17 retained
䵶	U+4D76	qú	gōu qú	kMandarin17 retained
䵺	U+4D7A	tǐng	dǐng tǐng	kMandarin17 retained
䵻	U+4D7B	gǔ	huì	kMandarin17 retained
䵿	U+4D7F	tiè	tiè qì	kMandarin17 retained
䶀	U+4D80	tà	tà gé hé	kMandarin17 retained
䶂	U+4D82	zhuó	bào dì jué zhuó	kMandarin17 retained
䶅	U+4D85	hé	hè	kMandarin17 retained
䶇	U+4D87	zhòu	zhòu yòu	kMandarin17 retained
䶌	U+4D8C	pào	bāo pào	kMandarin17 retained
䶍	U+4D8D	dì	tì wū	kMandarin17 retained
䶎	U+4D8E	hē	hé	kMandarin17 retained
䶏	U+4D8F	tì	tǐ tì	kMandarin17 retained
䶐	U+4D90	wài	huì	kMandarin17 retained
䶕	U+4D95	bà	bā	kMandarin17 retained
䶗	U+4D97	kè	kè qiā qiǎ	kMandarin17 retained
䶝	U+4D9D	qià	xié	kMandarin17 retained
䶠	U+4DA0	jiǎn	xián	kMandarin17 retained
䶡	U+4DA1	shí	shí zé	kMandarin17 retained
䶢	U+4DA2	jiān	xián	kMandarin17 retained
䶣	U+4DA3	ái	gāi ái	kMandarin17 retained
䶥	U+4DA5	zhā	jǔ zhā zū	kMandarin17 retained
䶧	U+4DA7	yǎo	jiāo yǎo	kMandarin17 retained
䶪	U+4DAA	chà	chá	kMandarin17 retained
䶲	U+4DB2	nán	rán	kMandarin17 retained
䶵	U+4DB5	chí	dì hǔ chí	kMandarin17 retained
一	U+4E00	yī	yī yí yì	kMandarin17 retained
丁	U+4E01	dīng	dīng zhēng	kMandarin17 retained
丄	U+4E04	shàng	shǎng shàng	kMandarin17 retained
万	U+4E07	wàn	mò wàn	kMandarin17 retained
三	U+4E09	sān	sā sān sàn	kMandarin17 retained
上	U+4E0A	shàng	shǎng shàng	kMandarin17 retained
不	U+4E0D	bù	bú bù fōu fǒu fū	kMandarin17 retained
且	U+4E14	qiě	jū qiě	kMandarin17 retained
両	U+4E21	liǎng	liǎng liàng	kMandarin17 retained
两	U+4E24	liǎng	liǎng liàng	kMandarin17 retained
並	U+4E26	bìng	bàng bìng	kMandarin17 retained
丧	U+4E27	sàng	sāng sàng	kMandarin17 retained
个	U+4E2A	gè	gè ge	kMandarin17 retained
丬	U+4E2C	qiáng	zhuàng	kMandarin17 retained
中	U+4E2D	zhōng	zhōng zhòng	kMandarin17 retained
丮	U+4E2E	jǐ	jí	kMandarin17 retained
串	U+4E32	chuàn	guàn chuàn	kMandarin17 retained
丳	U+4E33	chǎn	chǎn chàn	kMandarin17 retained
临	U+4E34	lín	lín lìn	kMandarin17 retained
丷	U+4E37	bā	hā	kMandarin17 retained
为	U+4E3A	wèi	wéi wèi	kMandarin17 retained
丼	U+4E3C	jǐng	dǎn jǐng	kMandarin17 retained
丽	U+4E3D	lì	lí lì	kMandarin17 retained
乂	U+4E42	yì	ài yì	kMandarin17 retained
乇	U+4E47	tuō	tuō zhé	kMandarin17 retained
么	U+4E48	me	yāo	kMandarin17 retained
义	U+4E49	yì	chā chá chǎ yì	kMandarin17 retained
乎	U+4E4E	hū	hū hú	kMandarin17 retained
乐	U+4E50	lè	lè yuè	kMandarin17 retained
乑	U+4E51	yín	pān zhòng yín	kMandarin17 retained
乔	U+4E54	qiáo	jiāo qiáo	kMandarin17 retained
乗	U+4E57	chéng	chéng shèng	kMandarin17 retained
乘	U+4E58	chéng	chéng shèng	kMandarin17 retained
乜	U+4E5C	miē	miē niè	kMandarin17 retained
乞	U+4E5E	qǐ	qǐ qì	kMandarin17 retained
乢	U+4E62	gài	gě gài hé	kMandarin17 retained
乨	U+4E68	shǐ	luàn shǐ shì	kMandarin17 retained
乱	U+4E71	luàn	làn luàn	kMandarin17 retained
乸	U+4E78	nǎ	ná nǎ	kMandarin17 retained
乹	U+4E79	gān	gān qián	kMandarin17 retained
乼	U+4E7C	cui	cuī	kMandarin17 retained
乾	U+4E7E	qián	gān qián	kMandarin17 retained
乿	U+4E7F	zhì	luàn zhì chí chì	kMandarin17 retained
亀	U+4E80	guī	guī jūn qiū	kMandarin17 retained
亁	U+4E81	gān	gān qián	kMandarin17 retained
亃	U+4E83	lǐn	lín lǐn	kMandarin17 retained
了	U+4E86	le	le liǎo	kMandarin17 retained
亇	U+4E87	ma	gè ge	kMandarin17 retained
予	U+4E88	yǔ	yú yǔ	kMandarin17 retained
亊	U+4E8A	shì	zhì shì	kMandarin17 retained
于	U+4E8E	yú	xū yú	kMandarin17 retained
亏	U+4E8F	kuī	kuī xū yú	kMandarin17 retained
亐	U+4E90	yú	yū yú	kMandarin17 retained
亘	U+4E98	gèn	gèn gèng hù huán xuān	kMandarin17 retained
亙	U+4E99	gèn	gèn gèng	kMandarin17 retained
亚	U+4E9A	yà	yā yà	kMandarin17 retained
些	U+4E9B	xiē	xiē suò	kMandarin17 retained
亜	U+4E9C	yà	yǎ yà	kMandarin17 retained
亝	U+4E9D	qí	jì qí zhāi zī	kMandarin17 retained
亞	U+4E9E	yà	yā yǎ yà	kMandarin17 retained
亟	U+4E9F	jí	jí qì	kMandarin17 retained
亡	U+4EA1	wáng	wú wáng	kMandarin17 retained
亢	U+4EA2	kàng	gāng kàng	kMandarin17 retained
亣	U+4EA3	dà	dà dài tài jī jì qí	kMandarin17 retained
亨	U+4EA8	hēng	pēng hēng héng	kMandarin17 retained
亪	U+4EAA	ye	yē	kMandarin17 retained
京	U+4EAC	jīng	jīng yuán	kMandarin17 retained
亮	U+4EAE	liàng	liáng liàng	kMandarin17 retained
亯	U+4EAF	xiǎng	pēng hēng héng xiǎng	kMandarin17 retained
亰	U+4EB0	jīng	jīng yuán yuàn	kMandarin17 retained
亲	U+4EB2	qīn	qīn qìng xīn	kMandarin17 retained
亳	U+4EB3	bó	bò	kMandarin17 retained
亹	U+4EB9	wěi	mén wěi	kMandarin17 retained
亾	U+4EBE	wáng	wú wáng	kMandarin17 retained
亿	U+4EBF	yì	yī yì	kMandarin17 retained
什	U+4EC0	shén	shí shé shén	kMandarin17 retained
仅	U+4EC5	jǐn	fù nú jǐn jìn	kMandarin17 retained
仆	U+4EC6	pū	pū fù	kMandarin17 retained
仇	U+4EC7	chóu	qiú chóu	kMandarin17 retained
仌	U+4ECC	bīng	bīng níng	kMandarin17 retained
从	U+4ECE	cóng	zōng zòng cōng cóng	kMandarin17 retained
仏	U+4ECF	fó	bì fó fú sì	kMandarin17 retained
仑	U+4ED1	lún	lún lùn	kMandarin17 retained
仓	U+4ED3	cāng	chuàng cāng	kMandarin17 retained
仔	U+4ED4	zǐ	zī zǐ zǎi	kMandarin17 retained
他	U+4ED6	tā	tā tuō	kMandarin17 retained
仛	U+4EDB	tuō	tuō chà	kMandarin17 retained
仡	U+4EE1	gē	qì yì	kMandarin17 retained
仢	U+4EE2	bó	bó zhuó	kMandarin17 retained
仦	U+4EE6	chào	miǎo chào	kMandarin17 retained
仧	U+4EE7	cháng	zhǎng zhàng cháng	kMandarin17 retained
仩	U+4EE9	cháng	cháng shàng	kMandarin17 retained
们	U+4EEC	men	mén mèn men	kMandarin17 retained
仮	U+4EEE	fǎn	fān fǎn fàn jiǎ jià	kMandarin17 retained
仯	U+4EEF	chào	miǎo chào	kMandarin17 retained
仱	U+4EF1	qián	jīn jīng qián	kMandarin17 retained
仴	U+4EF4	wò	è wò	kMandarin17 retained
价	U+4EF7	jià	ga jià jiè	kMandarin17 retained
任	U+4EFB	rèn	rén rèn	kMandarin17 retained
仼	U+4EFC	wáng	guàng kuáng wáng wǎng	kMandarin17 retained
份	U+4EFD	fèn	bīn fèn	kMandarin17 retained
企	U+4F01	qǐ	qì	kMandarin17 retained
伆	U+4F06	wù	wěn	kMandarin17 retained
伐	U+4F10	fá	fā fá	kMandarin17 retained
休	U+4F11	xiū	xiū xiǔ xǔ	kMandarin17 retained
伒	U+4F12	jìn	jìn yín	kMandarin17 retained
伓	U+4F13	pī	bēi	kMandarin17 retained
伔	U+4F14	dǎn	chén	kMandarin17 retained
伖	U+4F16	tǎng	tǎng nú	kMandarin17 retained
众	U+4F17	zhòng	pān zhòng yín	kMandarin17 retained
会	U+4F1A	huì	guì kuài huǐ huì	kMandarin17 retained
伛	U+4F1B	yǔ	kòu qū yǔ	kMandarin17 retained
传	U+4F20	chuán	zhuàn chuán	kMandarin17 retained
伡	U+4F21	chē	jū chē	kMandarin17 retained
伣	U+4F23	qiàn	qiàn xiàn	kMandarin17 retained
伥	U+4F25	chāng	chāng chàng chéng	kMandarin17 retained
伧	U+4F27	cāng	chéng cāng	kMandarin17 retained
伨	U+4F28	xùn	xún xùn	kMandarin17 retained
伪	U+4F2A	wěi	wéi wěi	kMandarin17 retained
伬	U+4F2C	ze	chǐ	kMandarin17 retained
伯	U+4F2F	bó	bà bó bǎi	kMandarin17 retained
估	U+4F30	gū	gū gǔ gù	kMandarin17 retained
伲	U+4F32	ní	nǐ	kMandarin17 retained
伺	U+4F3A	cì	cì sì	kMandarin17 retained
伽	U+4F3D	jiā	jiā qié	kMandarin17 retained
伿	U+4F3F	yì	zhì yì	kMandarin17 retained
佁	U+4F41	yǐ	ǎi	kMandarin17 retained
佂	U+4F42	zhēng	lèng zhēng	kMandarin17 retained
佃	U+4F43	diàn	diàn tián	kMandarin17 retained
佄	U+4F44	hān	gān hān	kMandarin17 retained
佅	U+4F45	mài	mò mài mèi	kMandarin17 retained
佋	U+4F4B	zhāo	zhāo shào	kMandarin17 retained
佒	U+4F52	yǎng	yāng	kMandarin17 retained
体	U+4F53	tǐ	bèn tǐ	kMandarin17 retained
佔	U+4F54	zhàn	zhān zhàn	kMandarin17 retained
佗	U+4F57	tuó	tā tuō tuó	kMandarin17 retained
余	U+4F59	yú	xú yú	kMandarin17 retained
佚	U+4F5A	yì	dié yì	kMandarin17 retained
佛	U+4F5B	fú	bì fó fú	kMandarin17 retained
作	U+4F5C	zuò	zuō zuó zuò	kMandarin17 retained
佝	U+4F5D	gōu	kòu	kMandarin17 retained
佡	U+4F61	xiān	xiān xuān	kMandarin17 retained
佢	U+4F62	qú	jǔ qú	kMandarin17 retained
佣	U+4F63	yōng	yòng	kMandarin17 retained
佦	U+4F66	shi	shī	kMandarin17 retained
佪	U+4F6A	huí	huái huí	kMandarin17 retained
佰	U+4F70	bǎi	bó bǎi mò	kMandarin17 retained
佱	U+4F71	fǎ	fā fá fǎ fà	kMandarin17 retained
佲	U+4F72	mǐng	míng mǐng	kMandarin17 retained
佴	U+4F74	nài	èr	kMandarin17 retained
佻	U+4F7B	tiāo	tiāo tiáo	kMandarin17 retained
使	U+4F7F	shǐ	shǐ shì	kMandarin17 retained
侅	U+4F85	gāi	gāi kāi	kMandarin17 retained
來	U+4F86	lái	lái lài	kMandarin17 retained
侊	U+4F8A	guāng	guāng gōng	kMandarin17 retained
侌	U+4F8C	yīn	ān yīn yìn	kMandarin17 retained
侗	U+4F97	dòng	dòng tóng	kMandarin17 retained
侙	U+4F99	chī	chì	kMandarin17 retained
供	U+4F9B	gōng	gōng gòng	kMandarin17 retained
侞	U+4F9E	rú	rú rǔ	kMandarin17 retained
侟	U+4F9F	cún	jiàn cún	kMandarin17 retained
侠	U+4FA0	xiá	jiá xiá	kMandarin17 retained
価	U+4FA1	sì	ga jià sì	kMandarin17 retained
侥	U+4FA5	jiǎo	jiāo jiǎo yáo	kMandarin17 retained
侧	U+4FA7	cè	zè cè	kMandarin17 retained
侨	U+4FA8	qiáo	jiǎo qiáo	kMandarin17 retained
侭	U+4FAD	jǐn	jìn	kMandarin17 retained
侰	U+4FB0	jiǒng	jùn	kMandarin17 retained
侱	U+4FB1	chěng	tǐng chěng	kMandarin17 retained
侳	U+4FB3	zuò	cuò	kMandarin17 retained
侴	U+4FB4	chǒu	hào chǒu	kMandarin17 retained
侸	U+4FB8	shù	dōu shù	kMandarin17 retained
侻	U+4FBB	tuì	tuō tuì	kMandarin17 retained
侾	U+4FBE	xiāo	hāo xiāo	kMandarin17 retained
便	U+4FBF	biàn	biàn pián	kMandarin17 retained
俄	U+4FC4	é	é è	kMandarin17 retained
俆	U+4FC6	xú	xú shū	kMandarin17 retained
俇	U+4FC7	guàng	guàng wǎng	kMandarin17 retained
俉	U+4FC9	wǔ	wú	kMandarin17 retained
俒	U+4FD2	hùn	hún hùn	kMandarin17 retained
俓	U+4FD3	jìng	jìng yíng	kMandarin17 retained
俔	U+4FD4	qiàn	qiàn xiàn	kMandarin17 retained
俖	U+4FD6	pěi	pǎi	kMandarin17 retained
俛	U+4FDB	fǔ	miǎn fǔ	kMandarin17 retained
俞	U+4FDE	yú	shū yú yù	kMandarin17 retained
俟	U+4FDF	qí	qí sì	kMandarin17 retained
俠	U+4FE0	xiá	jiá xiá	kMandarin17 retained
信	U+4FE1	xìn	xìn shēn	kMandarin17 retained
俥	U+4FE5	chē	jū chē	kMandarin17 retained
俦	U+4FE6	chóu	dào chóu	kMandarin17 retained
俩	U+4FE9	liǎ	liǎ liǎng	kMandarin17 retained
俪	U+4FEA	lì	lí lì	kMandarin17 retained
俱	U+4FF1	jù	jū jù	kMandarin17 retained
俵	U+4FF5	biào	biǎo	kMandarin17 retained
俶	U+4FF6	chù	tì chù	kMandarin17 retained
俹	U+4FF9	yà	yā yà	kMandarin17 retained
俺	U+4FFA	ǎn	ǎn yàn	kMandarin17 retained
俼	U+4FFC	yù	zhǔ zhù yù	kMandarin17 retained
俾	U+4FFE	bǐ	bēi bì	kMandarin17 retained
俿	U+4FFF	hǔ	chí	kMandarin17 retained
倆	U+5006	liǎ	liǎ liǎng	kMandarin17 retained
倈	U+5008	lái	lái lài	kMandarin17 retained
倊	U+500A	zòng	zǒng zòng	kMandarin17 retained
個	U+500B	gè	gě gè ge	kMandarin17 retained
倎	U+500E	tiǎn	tiān tiǎn	kMandarin17 retained
倏	U+500F	shū	shù	kMandarin17 retained
倐	U+5010	shū	shù	kMandarin17 retained
們	U+5011	men	mén men	kMandarin17 retained
倒	U+5012	dào	dǎo dào	kMandarin17 retained
倔	U+5014	jué	jué juè	kMandarin17 retained
倘	U+5018	tǎng	tǎng cháng	kMandarin17 retained
倞	U+501E	jìng	liàng jìng	kMandarin17 retained
倠	U+5020	suī	huī	kMandarin17 retained
倡	U+5021	chàng	chāng chàng	kMandarin17 retained
値	U+5024	zhí	zhí zhì	kMandarin17 retained
倥	U+5025	kǒng	kōng kǒng	kMandarin17 retained
倬	U+502C	zhuō	zhuó	kMandarin17 retained
倭	U+502D	wō	wō wǒ wēi	kMandarin17 retained
倰	U+5030	lèng	léng lèng líng	kMandarin17 retained
倴	U+5034	bèn	bēn	kMandarin17 retained
倶	U+5036	jù	jū jù	kMandarin17 retained
倷	U+5037	nǎi	nài	kMandarin17 retained
倹	U+5039	jiǎn	jiǎn jiàn	kMandarin17 retained
倻	U+503B	yē	yā yē	kMandarin17 retained
值	U+503C	zhí	zhí zhì	kMandarin17 retained
倾	U+503E	qīng	qīng qǐng	kMandarin17 retained
偄	U+5044	ruǎn	rú ruǎn	kMandarin17 retained
假	U+5047	jiǎ	jiǎ jià	kMandarin17 retained
偈	U+5048	jì	jì jié	kMandarin17 retained
偐	U+5050	yàn	yàn yīng	kMandarin17 retained
偒	U+5052	tǎng	dàng tǎng	kMandarin17 retained
偕	U+5055	xié	jiē xié	kMandarin17 retained
偖	U+5056	chě	chě shē	kMandarin17 retained
偘	U+5058	kǎn	kǎn yǎn	kMandarin17 retained
偞	U+505E	xiè	xiè yè	kMandarin17 retained
偦	U+5066	xǔ	xū xǔ	kMandarin17 retained
偨	U+5068	cī	chāi cī	kMandarin17 retained
偪	U+506A	bī	bī fú	kMandarin17 retained
偲	U+5072	cāi	sī sāi	kMandarin17 retained
側	U+5074	cè	zè cè	kMandarin17 retained
偺	U+507A	zá	zá zán	kMandarin17 retained
偽	U+507D	wěi	wèi	kMandarin17 retained
傀	U+5080	kuǐ	guī kuǐ	kMandarin17 retained
傁	U+5081	sǒu	sōu sǒu	kMandarin17 retained
傂	U+5082	zhì	chǐ	kMandarin17 retained
傉	U+5089	nù	nù rù	kMandarin17 retained
傊	U+508A	yùn	yǔn	kMandarin17 retained
傋	U+508B	jiǎng	gòu jiǎng	kMandarin17 retained
傌	U+508C	mà	mǎ mà	kMandarin17 retained
傍	U+508D	bàng	bāng bàng páng	kMandarin17 retained
傒	U+5092	xī	xī xì	kMandarin17 retained
傓	U+5093	shàn	shān shàn	kMandarin17 retained
傖	U+5096	cāng	chéng cāng	kMandarin17 retained
傛	U+509B	yǒng	róng yóng yǒng	kMandarin17 retained
傝	U+509D	tàn	tà	kMandarin17 retained
傠	U+50A0	fá	fā	kMandarin17 retained
傥	U+50A5	tǎng	tǎng tàng	kMandarin17 retained
傦	U+50A6	gǔ	gū	kMandarin17 retained
傧	U+50A7	bīn	bīn bìn	kMandarin17 retained
傭	U+50AD	yōng	yōng yóng	kMandarin17 retained
傮	U+50AE	zāo	zāo cáo	kMandarin17 retained
傰	U+50B0	bēng	bēng péng	kMandarin17 retained
傳	U+50B3	chuán	zhuàn chuán	kMandarin17 retained
傶	U+50B6	zú	qī zú cù	kMandarin17 retained
傸	U+50B8	chuǎng	qiǎng chuǎng	kMandarin17 retained
傹	U+50B9	jìng	liàng jiāng jìng	kMandarin17 retained
傾	U+50BE	qīng	kēng qīng	kMandarin17 retained
傿	U+50BF	yàn	yān yàn	kMandarin17 retained
僁	U+50C1	xiè	xī xiè	kMandarin17 retained
僄	U+50C4	piào	piāo piào	kMandarin17 retained
僅	U+50C5	jǐn	jǐn jìn	kMandarin17 retained
僈	U+50C8	mán	màn	kMandarin17 retained
僋	U+50CB	tàn	tàn làn qiú	kMandarin17 retained
僓	U+50D3	tuǐ	tuí tuǐ	kMandarin17 retained
僜	U+50DC	chēng	dèng chēng	kMandarin17 retained
僞	U+50DE	wěi	wěi wèi	kMandarin17 retained
僠	U+50E0	bō	fān	kMandarin17 retained
僢	U+50E2	chuǎn	chuǎn chǔn	kMandarin17 retained
僣	U+50E3	tiě	tiě jiàn	kMandarin17 retained
僥	U+50E5	jiǎo	jiǎo yáo	kMandarin17 retained
僪	U+50EA	jú	jué	kMandarin17 retained
僫	U+50EB	è	ě è wū wù	kMandarin17 retained
僮	U+50EE	tóng	tóng zhuàng	kMandarin17 retained
僯	U+50EF	lìn	lín lǐn	kMandarin17 retained
僴	U+50F4	xiàn	xián xiàn	kMandarin17 retained
僷	U+50F7	yè	xiè yè	kMandarin17 retained
價	U+50F9	jià	ga jià	kMandarin17 retained
僻	U+50FB	pì	bèi pì	kMandarin17 retained
僿	U+50FF	sài	shì	kMandarin17 retained
儁	U+5101	jùn	jùn zùn	kMandarin17 retained
儃	U+5103	chán	tǎn chán shàn	kMandarin17 retained
儅	U+5105	dàng	dāng dàng	kMandarin17 retained
儉	U+5109	jiǎn	jiǎn jiàn	kMandarin17 retained
儎	U+510E	zài	zǎi zài	kMandarin17 retained
儏	U+510F	càn	cān	kMandarin17 retained
儐	U+5110	bīn	bīn bìn	kMandarin17 retained
儑	U+5111	án	àn	kMandarin17 retained
儜	U+511C	níng	néng	kMandarin17 retained
儬	U+512C	qìng	jìng qīn qìng zhēn	kMandarin17 retained
儲	U+5132	chǔ	chú chǔ	kMandarin17 retained
儳	U+5133	chán	chàn	kMandarin17 retained
儵	U+5135	shū	shù	kMandarin17 retained
儶	U+5136	huì	huì xī	kMandarin17 retained
儽	U+513D	léi	lěi lèi	kMandarin17 retained
儿	U+513F	ér	rén	kMandarin17 retained
兂	U+5142	zān	zān zēn	kMandarin17 retained
先	U+5148	xiān	xiān xiàn	kMandarin17 retained
兊	U+514A	duì	duì yuè	kMandarin17 retained
免	U+514D	miǎn	miǎn wèn	kMandarin17 retained
兏	U+514F	cháng	zhǎng zhàng cháng	kMandarin17 retained
児	U+5150	ér	ní ér	kMandarin17 retained
兑	U+5151	duì	miǎn duì wèn yuè	kMandarin17 retained
兒	U+5152	ér	ní ér	kMandarin17 retained
兘	U+5158	shǐ	shǐ shì	kMandarin17 retained
兟	U+515F	shēn	xīn shēn	kMandarin17 retained
兤	U+5164	huǎng	guǎng kuǎng kuàng huǎng huàng	kMandarin17 retained
入	U+5165	rù	rì rǔ rù	kMandarin17 retained
兦	U+5166	wáng	wú wáng	kMandarin17 retained
內	U+5167	nèi	nà nèi	kMandarin17 retained
兪	U+516A	yú	shū yú yù	kMandarin17 retained
六	U+516D	liù	liù lù	kMandarin17 retained
共	U+5171	gòng	gōng gǒng gòng	kMandarin17 retained
关	U+5173	guān	guān xiào	kMandarin17 retained
兴	U+5174	xìng	xīng xìng	kMandarin17 retained
其	U+5176	qí	jī jì qí	kMandarin17 retained
兹	U+5179	zī	zī cí	kMandarin17 retained
冂	U+5182	jiōng	mì jiōng jiǒng	kMandarin17 retained
内	U+5185	nèi	nà nèi	kMandarin17 retained
冈	U+5188	gāng	tóng tòng gāng gǎng wǎng	kMandarin17 retained
冊	U+518A	cè	chǎi cè	kMandarin17 retained
冋	U+518B	jiōng	huí jiōng	kMandarin17 retained
册	U+518C	cè	chǎi cè	kMandarin17 retained
冐	U+5190	mào	mò mào zhòu	kMandarin17 retained
冒	U+5192	mào	mò mào	kMandarin17 retained
冖	U+5196	mì	mì mù	kMandarin17 retained
冘	U+5198	yín	yóu yín	kMandarin17 retained
写	U+5199	xiě	xiě xiè	kMandarin17 retained
冠	U+51A0	guān	guān guàn	kMandarin17 retained
冡	U+51A1	méng	méng zhǒng	kMandarin17 retained
冣	U+51A3	jù	jù zuì	kMandarin17 retained
冥	U+51A5	míng	míng mǐng	kMandarin17 retained
冧	U+51A7	lín	mín	kMandarin17 retained
冯	U+51AF	féng	píng féng	kMandarin17 retained
冲	U+51B2	chōng	chōng chòng	kMandarin17 retained
冹	U+51B9	fú	fú fǔ	kMandarin17 retained
冺	U+51BA	mǐn	mín mǐn	kMandarin17 retained
冼	U+51BC	xiǎn	xǐ xiǎn shěng	kMandarin17 retained
冾	U+51BE	qià	xiá	kMandarin17 retained
净	U+51C0	jìng	jìng zhēng	kMandarin17 retained
凁	U+51C1	sōu	sòu	kMandarin17 retained
凂	U+51C2	měi	měi miǎn fǔ	kMandarin17 retained
凈	U+51C8	jìng	jìng zhēng	kMandarin17 retained
凉	U+51C9	liáng	liáng liàng	kMandarin17 retained
凊	U+51CA	qìng	jìng	kMandarin17 retained
凐	U+51D0	yīn	yīn yín	kMandarin17 retained
凛	U+51DB	lǐn	lǐn qín	kMandarin17 retained
凜	U+51DC	lǐn	lǐn qín	kMandarin17 retained
几	U+51E0	jǐ	jī jǐ	kMandarin17 retained
凥	U+51E5	jū	kāo jī jū	kMandarin17 retained
処	U+51E6	chǔ	chǔ chù	kMandarin17 retained
凨	U+51E8	fēng	fēng fèng	kMandarin17 retained
凬	U+51EC	fēng	fēng fèng	kMandarin17 retained
凮	U+51EE	fēng	fēng fèng	kMandarin17 retained
凲	U+51F2	gān	gān jiān	kMandarin17 retained
凵	U+51F5	qiǎn	kǎn qū	kMandarin17 retained
凸	U+51F8	tū	dié tū tú gǔ	kMandarin17 retained
凹	U+51F9	āo	āo yāo wā wà	kMandarin17 retained
凿	U+51FF	záo	záo zuò	kMandarin17 retained
刄	U+5204	rèn	liǎng rèn yǔ yù	kMandarin17 retained
分	U+5206	fēn	fēn fèn	kMandarin17 retained
切	U+5207	qiè	qiē qiè	kMandarin17 retained
刉	U+5209	jī	guì jī jì	kMandarin17 retained
刋	U+520B	qiàn	kān	kMandarin17 retained
刏	U+520F	jī	guì jī	kMandarin17 retained
划	U+5212	huà	huá	kMandarin17 retained
刓	U+5213	wán	wān wán	kMandarin17 retained
列	U+5217	liè	liè zhū zá	kMandarin17 retained
创	U+521B	chuàng	chuāng chuàng	kMandarin17 retained
刨	U+5228	páo	bào páo	kMandarin17 retained
别	U+522B	bié	bié biè	kMandarin17 retained
刬	U+522C	chàn	chān chǎn chàn	kMandarin17 retained
刷	U+5237	shuā	shuā shuà	kMandarin17 retained
刹	U+5239	shā	chà shā shà	kMandarin17 retained
刻	U+523B	kè	kē kè	kMandarin17 retained
刽	U+523D	guì	guì kuài chuāng chuàng	kMandarin17 retained
剀	U+5240	kǎi	kǎi ái	kMandarin17 retained
剅	U+5245	lóu	dōu lóu	kMandarin17 retained
剆	U+5246	luǒ	luó	kMandarin17 retained
削	U+524A	xuē	xiāo xuè	kMandarin17 retained
剋	U+524B	kēi	kè	kMandarin17 retained
剌	U+524C	là	lá là	kMandarin17 retained
剎	U+524E	shā	chà shā	kMandarin17 retained
剏	U+524F	chuàng	chuāng chuàng	kMandarin17 retained
剖	U+5256	pōu	pōu pǒu	kMandarin17 retained
剙	U+5259	chuàng	chuāng chuàng	kMandarin17 retained
剝	U+525D	bō	bō bāo	kMandarin17 retained
剟	U+525F	duō	duó	kMandarin17 retained
剠	U+5260	qíng	lüè qíng	kMandarin17 retained
剡	U+5261	shàn	shàn yǎn	kMandarin17 retained
剢	U+5262	dū	zhuó	kMandarin17 retained
剥	U+5265	bō	bō bāo	kMandarin17 retained
剧	U+5267	jù	jí jù	kMandarin17 retained
剨	U+5268	huō	huò	kMandarin17 retained
副	U+526F	fù	pì fù	kMandarin17 retained
剳	U+5273	dá	dá zhá	kMandarin17 retained
創	U+5275	chuàng	chuāng chuàng	kMandarin17 retained
剶	U+5276	chuān	juān chuān	kMandarin17 retained
剸	U+5278	tuán	tuán zhuān	kMandarin17 retained
剹	U+5279	lù	lù jiū	kMandarin17 retained
剻	U+527B	pěng	pěng fóu	kMandarin17 retained
剽	U+527D	piāo	piào	kMandarin17 retained
剾	U+527E	kōu	kōu ōu	kMandarin17 retained
劁	U+5281	qiāo	qiáo qiào	kMandarin17 retained
劃	U+5283	huà	huá huà	kMandarin17 retained
劄	U+5284	zhá	zhā	kMandarin17 retained
劇	U+5287	jù	jí jù	kMandarin17 retained
劈	U+5288	pī	pī pǐ	kMandarin17 retained
劊	U+528A	guì	guì kuài	kMandarin17 retained
劋	U+528B	jiǎo	jiǎo zǎo	kMandarin17 retained
劏	U+528F	tāng	tāng tōng	kMandarin17 retained
劐	U+5290	huō	hù huá huà huō huò	kMandarin17 retained
劗	U+5297	jiǎn	zuān cuán	kMandarin17 retained
劚	U+529A	zhǔ	zhú	kMandarin17 retained
劜	U+529C	yà	yā	kMandarin17 retained
务	U+52A1	wù	wú wǔ wù	kMandarin17 retained
劰	U+52B0	mò	miǎo	kMandarin17 retained
劲	U+52B2	jìn	jìn jìng	kMandarin17 retained
劳	U+52B3	láo	láo lào	kMandarin17 retained
労	U+52B4	láo	láo lào	kMandarin17 retained
劵	U+52B5	juàn	juàn quàn	kMandarin17 retained
勁	U+52C1	jìn	jìn jìng	kMandarin17 retained
勂	U+52C2	gào	háo	kMandarin17 retained
勌	U+52CC	juàn	quàn	kMandarin17 retained
勏	U+52CF	bù	pǒu	kMandarin17 retained
勑	U+52D1	chì	lái lài chì	kMandarin17 retained
勒	U+52D2	lēi	lè lēi	kMandarin17 retained
勔	U+52D4	miǎn	miǎn mǐn	kMandarin17 retained
勘	U+52D8	kān	kān kàn	kMandarin17 retained
勜	U+52DC	wěng	yǎng wěng	kMandarin17 retained
勝	U+52DD	shèng	shēng shèng	kMandarin17 retained
勞	U+52DE	láo	láo lào	kMandarin17 retained
勡	U+52E1	piào	piǎo piào	kMandarin17 retained
勥	U+52E5	jiàng	qiǎng	kMandarin17 retained
勦	U+52E6	chāo	jiǎo chāo	kMandarin17 retained
勪	U+52EA	jué	jiǎo jué qiāo	kMandarin17 retained
勫	U+52EB	fān	fán	kMandarin17 retained
勭	U+52ED	tóng	dòng tóng	kMandarin17 retained
勷	U+52F7	ráng	xiāng ráng	kMandarin17 retained
勺	U+52FA	sháo	sháo shuò	kMandarin17 retained
勽	U+52FD	bào	bào wěn	kMandarin17 retained
勾	U+52FE	gōu	gōu gòu	kMandarin17 retained
匁	U+5301	wén	liǎng	kMandarin17 retained
匂	U+5302	xiōng	bì	kMandarin17 retained
匃	U+5303	gài	gài guā xiōng	kMandarin17 retained
匇	U+5307	yì	cōng	kMandarin17 retained
匊	U+530A	jū	jú	kMandarin17 retained
匎	U+530E	è	é àn	kMandarin17 retained
匔	U+5314	gōng	gōng jú	kMandarin17 retained
化	U+5316	huà	huā huà	kMandarin17 retained
北	U+5317	běi	bò běi bèi	kMandarin17 retained
匙	U+5319	shi	chí shi	kMandarin17 retained
匛	U+531B	jiù	jiǔ jiù	kMandarin17 retained
匨	U+5328	zāng	zāng zàng cáng	kMandarin17 retained
匫	U+532B	hū	hū wū wù	kMandarin17 retained
匮	U+532E	kuì	guì kuì	kMandarin17 retained
匱	U+5331	guì	guì kuì	kMandarin17 retained
匶	U+5336	jiù	jiǔ jiù	kMandarin17 retained
匷	U+5337	jué	qú	kMandarin17 retained
匹	U+5339	pǐ	pī pǐ	kMandarin17 retained
区	U+533A	qū	gōu qū ōu	kMandarin17 retained
医	U+533B	yī	yī yì	kMandarin17 retained
匼	U+533C	kē	ǎn	kMandarin17 retained
區	U+5340	qū	gōu qū ōu	kMandarin17 retained
卂	U+5342	xùn	xìn xùn	kMandarin17 retained
卆	U+5346	zú	zú cù	kMandarin17 retained
午	U+5348	wǔ	huo wǔ	kMandarin17 retained
卒	U+5352	zú	zú cù	kMandarin17 retained
卓	U+5353	zhuó	zhuō zhuó	kMandarin17 retained
单	U+5355	dān	dān chán shàn	kMandarin17 retained
南	U+5357	nán	ná nán	kMandarin17 retained
単	U+5358	dān	dān chán shàn	kMandarin17 retained
卙	U+5359	jí	jí chì	kMandarin17 retained
卛	U+535B	shuài	lǜ shuò shuài	kMandarin17 retained
卜	U+535C	bo	bǔ	kMandarin17 retained
卝	U+535D	kuàng	luǎn guàn gǒng kuàng	kMandarin17 retained
卟	U+535F	bǔ	jī	kMandarin17 retained
占	U+5360	zhàn	zhān zhàn	kMandarin17 retained
卡	U+5361	kǎ	kǎ qiǎ	kMandarin17 retained
卢	U+5362	lú	lú lǘ	kMandarin17 retained
卤	U+5364	lǔ	lǔ xī	kMandarin17 retained
卨	U+5368	xiè	lí xiè chī	kMandarin17 retained
卬	U+536C	áng	áng yǎng	kMandarin17 retained
卭	U+536D	qióng	mǎo qióng áng yǎng	kMandarin17 retained
危	U+5371	wēi	wéi	kMandarin17 retained
卶	U+5376	chǐ	chì shì	kMandarin17 retained
卷	U+5377	juǎn	juǎn juàn quán	kMandarin17 retained
卺	U+537A	jǐn	jǐn chéng	kMandarin17 retained
卽	U+537D	jí	jí jì	kMandarin17 retained
厂	U+5382	chǎng	hǎn	kMandarin17 retained
厃	U+5383	wěi	zhān yán wéi wěi	kMandarin17 retained
厇	U+5387	zhé	jié zhé	kMandarin17 retained
厈	U+5388	hǎn	hǎn jú chì chǎng ān yán	kMandarin17 retained
厉	U+5389	lì	lài lì	kMandarin17 retained
厌	U+538C	yàn	yā yǎn yàn	kMandarin17 retained
厎	U+538E	dǐ	de dǐ zhǐ	kMandarin17 retained
厐	U+5390	páng	páng lóng	kMandarin17 retained
厒	U+5392	qiè	kè	kMandarin17 retained
厓	U+5393	yá	ái ài yá yái	kMandarin17 retained
厔	U+5394	zhì	zhì shì	kMandarin17 retained
厕	U+5395	cè	cì cè	kMandarin17 retained
厖	U+5396	máng	páng máng	kMandarin17 retained
厜	U+539C	zuī	chuí	kMandarin17 retained
原	U+539F	yuán	yuán yuàn	kMandarin17 retained
厠	U+53A0	cè	cì cè sì	kMandarin17 retained
厡	U+53A1	yuán	yuán yuàn	kMandarin17 retained
厦	U+53A6	shà	xià shà	kMandarin17 retained
厩	U+53A9	jiù	jì jiù	kMandarin17 retained
厪	U+53AA	jǐn	jǐn jìn qín	kMandarin17 retained
厭	U+53AD	yàn	yān yàn	kMandarin17 retained
厱	U+53B1	lán	lán qiān	kMandarin17 retained
厲	U+53B2	lì	lài lì	kMandarin17 retained
厷	U+53B7	gōng	gōng qù yòu	kMandarin17 retained
厸	U+53B8	lín	miǎn lín	kMandarin17 retained
厹	U+53B9	róu	qiú róu	kMandarin17 retained
厾	U+53BE	dū	diū dū	kMandarin17 retained
叁	U+53C1	sān	shēn cān cēn sā sān sàn	kMandarin17 retained
参	U+53C2	cān	shēn cān cēn sān	kMandarin17 retained
參	U+53C3	cān	shēn cān cēn sān	kMandarin17 retained
叄	U+53C4	cān	sān	kMandarin17 retained
叅	U+53C5	cān	léi lěi lèi shēn cān cēn sān	kMandarin17 retained
叆	U+53C6	ài	ài yǐ	kMandarin17 retained
叉	U+53C9	chā	chā chá chǎ	kMandarin17 retained
双	U+53CC	shuāng	shuāng shuàng	kMandarin17 retained
反	U+53CD	fǎn	fān fǎn fàn	kMandarin17 retained
叏	U+53CF	guài	guài jué	kMandarin17 retained
叐	U+53D0	bá	bó	kMandarin17 retained
发	U+53D1	fā	fā fà	kMandarin17 retained
叒	U+53D2	ruò	rě ruò	kMandarin17 retained
叓	U+53D3	shì	lì shì	kMandarin17 retained
叔	U+53D4	shū	shú	kMandarin17 retained
叚	U+53DA	xiá	duàn jiǎ jià xiá	kMandarin17 retained
叜	U+53DC	sǒu	sōu sǒu	kMandarin17 retained
叝	U+53DD	jí	gào	kMandarin17 retained
叞	U+53DE	wèi	wèi yū yù yùn	kMandarin17 retained
叟	U+53DF	sǒu	sōu sǒu	kMandarin17 retained
叠	U+53E0	dié	dá dié	kMandarin17 retained
叢	U+53E2	cóng	cōng cóng	kMandarin17 retained
句	U+53E5	jù	gōu gòu jù	kMandarin17 retained
叧	U+53E7	guǎ	guǎ guō kuā kuāi	kMandarin17 retained
叨	U+53E8	dāo	dāo tāo	kMandarin17 retained
只	U+53EA	zhǐ	zhī zhǐ	kMandarin17 retained
召	U+53EC	zhào	zhào shào	kMandarin17 retained
可	U+53EF	kě	kě kè	kMandarin17 retained
台	U+53F0	tái	tāi tái yí	kMandarin17 retained
叴	U+53F4	qiú	qiú róu	kMandarin17 retained
叶	U+53F6	yè	xié shè yè	kMandarin17 retained
号	U+53F7	hào	háo hào	kMandarin17 retained
叹	U+53F9	tàn	tàn yòu	kMandarin17 retained
叻	U+53FB	lè	lè lì	kMandarin17 retained
吀	U+5400	miē	mǐ miē xiáng yáng	kMandarin17 retained
吂	U+5402	máng	máng màng	kMandarin17 retained
吃	U+5403	chī	jí chī	kMandarin17 retained
吅	U+5405	xuān	lín xuān sòng	kMandarin17 retained
吇	U+5407	zǐ	jī jí zǐ	kMandarin17 retained
合	U+5408	hé	gě hé	kMandarin17 retained
同	U+540C	tóng	tóng tòng	kMandarin17 retained
吐	U+5410	tǔ	tǔ tù	kMandarin17 retained
吒	U+5412	zhā	zhà	kMandarin17 retained
吓	U+5413	xià	hè xià	kMandarin17 retained
吔	U+5414	yě	yē ye	kMandarin17 retained
吖	U+5416	ā	ā yā	kMandarin17 retained
吗	U+5417	ma	má mà ma	kMandarin17 retained
吙	U+5419	huō	huō xuē	kMandarin17 retained
吚	U+541A	yī	xī yī	kMandarin17 retained
吡	U+5421	bǐ	bǐ bì bié	kMandarin17 retained
吤	U+5424	jiè	gè jiè xiè	kMandarin17 retained
吥	U+5425	bù	bù pōu pǐ fǒu	kMandarin17 retained
否	U+5426	fǒu	pǐ fǒu	kMandarin17 retained
吧	U+5427	ba	bā ba	kMandarin17 retained
吨	U+5428	dūn	dūn dùn tún tǔn zhùn	kMandarin17 retained
含	U+542B	hán	hán hàn	kMandarin17 retained
听	U+542C	tīng	tīng tìng yí yǐn	kMandarin17 retained
吭	U+542D	kēng	kēng háng	kMandarin17 retained
吱	U+5431	zhī	qì zhī zī	kMandarin17 retained
吲	U+5432	yǐn	shěn yǐn	kMandarin17 retained
吴	U+5434	wú	tūn wú	kMandarin17 retained
吷	U+5437	xuè	xuè chuò	kMandarin17 retained
吹	U+5439	chuī	chuī chuì	kMandarin17 retained
吽	U+543D	hōng	hǒu hōng óu	kMandarin17 retained
吾	U+543E	wú	wú yú	kMandarin17 retained
吿	U+543F	gào	gào gù	kMandarin17 retained
呀	U+5440	ya	xiā yā ya	kMandarin17 retained
呅	U+5445	méi	méi wěn	kMandarin17 retained
呆	U+5446	dāi	dāi ái	kMandarin17 retained
呇	U+5447	mèn	qǐ	kMandarin17 retained
告	U+544A	gào	gào gù	kMandarin17 retained
呋	U+544B	fū	fū fú dié	kMandarin17 retained
呍	U+544D	hōng	hǒu	kMandarin17 retained
呐	U+5450	nà	nà nè	kMandarin17 retained
呒	U+5452	ḿ	fǔ	kMandarin17 retained
呔	U+5454	dāi	tai	kMandarin17 retained
呕	U+5455	ǒu	ōu ǒu òu	kMandarin17 retained
呗	U+5457	bei	bài bei	kMandarin17 retained
员	U+5458	yuán	yuán yuàn yún	kMandarin17 retained
呙	U+5459	guō	guō guó wāi	kMandarin17 retained
呚	U+545A	wen	qì	kMandarin17 retained
呛	U+545B	qiāng	qiāng qiáng qiàng	kMandarin17 retained
呜	U+545C	wū	wū wù	kMandarin17 retained
呞	U+545E	shī	tái chī	kMandarin17 retained
呟	U+545F	juǎn	quǎn	kMandarin17 retained
呡	U+5461	wěn	mín wěn	kMandarin17 retained
呢	U+5462	ne	ne ní	kMandarin17 retained
呣	U+5463	ḿ	móu	kMandarin17 retained
呤	U+5464	lìng	líng	kMandarin17 retained
呫	U+546B	tiè	chè	kMandarin17 retained
呬	U+546C	xì	líng xì	kMandarin17 retained
呱	U+5471	gū	gū guā wā	kMandarin17 retained
呴	U+5474	xǔ	hōu xǔ	kMandarin17 retained
呵	U+5475	hē	hē ō	kMandarin17 retained
呷	U+5477	xiā	xiá	kMandarin17 retained
呹	U+5479	yì	chì yì	kMandarin17 retained
呺	U+547A	xiāo	háo xiāo	kMandarin17 retained
呿	U+547F	qù	qū	kMandarin17 retained
咁	U+5481	hán	gān	kMandarin17 retained
咄	U+5484	duō	duò	kMandarin17 retained
咇	U+5487	bì	bǐ bì bié	kMandarin17 retained
咉	U+5489	yāng	yāng yǎng	kMandarin17 retained
咊	U+548A	hé	hé hè hàn hú huò huo	kMandarin17 retained
咋	U+548B	zǎ	zhà zé	kMandarin17 retained
和	U+548C	hé	dōng hé hè hàn hú huò huo	kMandarin17 retained
咎	U+548E	jiù	gāo jiù	kMandarin17 retained
咑	U+5491	dā	dā da	kMandarin17 retained
咔	U+5494	kā	lòng kā kǎ	kMandarin17 retained
咜	U+549C	ta	zhà	kMandarin17 retained
咟	U+549F	huò	huà huò	kMandarin17 retained
咠	U+54A0	qì	qī qì	kMandarin17 retained
咣	U+54A3	guāng	guāng gōng	kMandarin17 retained
咤	U+54A4	zhà	zhà chì chà	kMandarin17 retained
咥	U+54A5	xì	dié xì	kMandarin17 retained
咧	U+54A7	liě	liē lié liě	kMandarin17 retained
咬	U+54AC	yǎo	jiāo yǎo	kMandarin17 retained
咮	U+54AE	zhòu	zhòu zhù	kMandarin17 retained
咯	U+54AF	gē	lo luò gē gé kǎ	kMandarin17 retained
咰	U+54B0	shù	xún shuài	kMandarin17 retained
咱	U+54B1	zán	zá zán	kMandarin17 retained
咳	U+54B3	hāi	kǎ ké hāi	kMandarin17 retained
咵	U+54B5	kuǎ	kuā kuǎ	kMandarin17 retained
咶	U+54B6	huài	guā huà huài shì	kMandarin17 retained
咹	U+54B9	è	è àn	kMandarin17 retained
咻	U+54BB	xiū	xiū xǔ	kMandarin17 retained
咼	U+54BC	guō	kuāi	kMandarin17 retained
咽	U+54BD	yàn	yè yān yàn	kMandarin17 retained
哄	U+54C4	hōng	hōng hǒng	kMandarin17 retained
哆	U+54C6	duō	duō chě	kMandarin17 retained
哇	U+54C7	wa	wā wa	kMandarin17 retained
哈	U+54C8	hā	kā hā hǎ	kMandarin17 retained
哊	U+54CA	yòu	yù	kMandarin17 retained
哋	U+54CB	diè	dié	kMandarin17 retained
哌	U+54CC	pài	gū guā wā	kMandarin17 retained
哏	U+54CF	gén	gén hēn	kMandarin17 retained
哑	U+54D1	yǎ	è yā yǎ	kMandarin17 retained
哕	U+54D5	huì	huì yuē	kMandarin17 retained
哗	U+54D7	huā	huā huá	kMandarin17 retained
哘	U+54D8	xing	xíng	kMandarin17 retained
哙	U+54D9	kuài	guài kuài	kMandarin17 retained
哝	U+54DD	nóng	táng náng nóng	kMandarin17 retained
哞	U+54DE	mōu	móu	kMandarin17 retained
哟	U+54DF	yō	yō yo	kMandarin17 retained
員	U+54E1	yuán	yuán yún yùn	kMandarin17 retained
哦	U+54E6	ó	ó é	kMandarin17 retained
哩	U+54E9	lī	lī lǐ li	kMandarin17 retained
哪	U+54EA	nǎ	nǎ něi nuó	kMandarin17 retained
哮	U+54EE	xiào	xiāo xiào	kMandarin17 retained
哰	U+54F0	láo	lāo láo	kMandarin17 retained
哱	U+54F1	bō	pò	kMandarin17 retained
哳	U+54F3	zhā	zhá	kMandarin17 retained
哴	U+54F4	liàng	láng liàng	kMandarin17 retained
哶	U+54F6	miē	mǐ miē xiáng yáng	kMandarin17 retained
哷	U+54F7	liè	lè	kMandarin17 retained
哺	U+54FA	bǔ	bǔ bù pǔ	kMandarin17 retained
哻	U+54FB	hān	hàn	kMandarin17 retained
哾	U+54FE	shuō	shuō yuè	kMandarin17 retained
哿	U+54FF	gě	gě kě	kMandarin17 retained
唄	U+5504	bei	bài bei	kMandarin17 retained
唅	U+5505	hán	hān	kMandarin17 retained
唇	U+5507	chún	zhēn chún	kMandarin17 retained
唈	U+5508	yì	è yì	kMandarin17 retained
唋	U+550B	tū	tú tǔ	kMandarin17 retained
唌	U+550C	xián	dàn xián yán	kMandarin17 retained
唑	U+5511	zuò	shì zuò	kMandarin17 retained
唖	U+5516	yǎ	è yā yǎ	kMandarin17 retained
唛	U+551B	mài	mà	kMandarin17 retained
唝	U+551D	hǒng	gǒng gòng hǒng	kMandarin17 retained
唠	U+5520	láo	lào	kMandarin17 retained
唧	U+5527	jī	jī jí	kMandarin17 retained
唩	U+5529	wō	wō wěi	kMandarin17 retained
唫	U+552B	jìn	jìn qín yín	kMandarin17 retained
唭	U+552D	qì	qī qì	kMandarin17 retained
唯	U+552F	wéi	wéi wěi	kMandarin17 retained
唶	U+5536	zé	jí jiè zè	kMandarin17 retained
唷	U+5537	yō	yō yù	kMandarin17 retained
唹	U+5539	yū	yū yú	kMandarin17 retained
唺	U+553A	tiǎn	xiàn	kMandarin17 retained
唻	U+553B	lài	lái	kMandarin17 retained
唼	U+553C	shà	qiè shà zā	kMandarin17 retained
唽	U+553D	xī	xī zhá	kMandarin17 retained
唿	U+553F	hū	gǔ hū qū	kMandarin17 retained
啀	U+5540	ái	yái	kMandarin17 retained
啁	U+5541	zhāo	zhōu cháo	kMandarin17 retained
啃	U+5543	kěn	kěn kèn	kMandarin17 retained
啇	U+5547	dì	dì shì	kMandarin17 retained
啈	U+5548	hēng	hèng	kMandarin17 retained
啉	U+5549	lín	lán làn	kMandarin17 retained
啊	U+554A	a	ā a ō	kMandarin17 retained
啋	U+554B	cǎi	xiāo	kMandarin17 retained
啌	U+554C	xiāng	qiāng xiāng	kMandarin17 retained
啐	U+5550	cuì	q cuì	kMandarin17 retained
啑	U+5551	shà	jié shà	kMandarin17 retained
啒	U+5552	gǔ	gǔ hū	kMandarin17 retained
啘	U+5558	yè	yè wā	kMandarin17 retained
啚	U+555A	bǐ	bǐ bì tú	kMandarin17 retained
啜	U+555C	chuài	chuò	kMandarin17 retained
啞	U+555E	yǎ	è yā yǎ	kMandarin17 retained
啦	U+5566	la	lā la	kMandarin17 retained
啨	U+5568	yīng	qíng yīng	kMandarin17 retained
啩	U+5569	guà	guǎ	kMandarin17 retained
啪	U+556A	pā	pā piā	kMandarin17 retained
啫	U+556B	zhě	shì	kMandarin17 retained
啮	U+556E	niè	niè yǎo	kMandarin17 retained
啰	U+5570	luō	luō luó	kMandarin17 retained
啲	U+5572	dī	dì	kMandarin17 retained
啴	U+5574	chǎn	tān chǎn	kMandarin17 retained
啵	U+5575	bo	bō bo	kMandarin17 retained
啸	U+5578	xiào	xiào chì	kMandarin17 retained
啻	U+557B	chì	tì chì	kMandarin17 retained
喀	U+5580	kā	kā kà kè	kMandarin17 retained
喁	U+5581	yóng	yú yóng	kMandarin17 retained
喇	U+5587	lǎ	lā lǎ	kMandarin17 retained
喋	U+558B	dié	dié zhá	kMandarin17 retained
喌	U+558C	zhōu	zhōu zhù	kMandarin17 retained
喎	U+558E	wāi	kuāi	kMandarin17 retained
喏	U+558F	nuò	nuò rě	kMandarin17 retained
喒	U+5592	zá	zá zán	kMandarin17 retained
喔	U+5594	ō	ō wū wò	kMandarin17 retained
喛	U+559B	huàn	huàn xuān	kMandarin17 retained
喝	U+559D	hē	hē hè yè	kMandarin17 retained
喞	U+559E	jī	jī jí	kMandarin17 retained
喡	U+55A1	wéi	wēi wěi wèi	kMandarin17 retained
喣	U+55A3	xù	xǔ	kMandarin17 retained
喥	U+55A5	duó	dù duó zhà	kMandarin17 retained
喦	U+55A6	niè	niè yán	kMandarin17 retained
喩	U+55A9	yù	yú yù	kMandarin17 retained
喪	U+55AA	sàng	sāng sàng	kMandarin17 retained
喬	U+55AC	qiáo	jiāo qiáo	kMandarin17 retained
單	U+55AE	dān	dān chán shàn	kMandarin17 retained
喯	U+55AF	pèn	pēn pèn fèn	kMandarin17 retained
喱	U+55B1	lí	lí lǐ	kMandarin17 retained
喲	U+55B2	yō	yāo	kMandarin17 retained
喳	U+55B3	zhā	zhā chā	kMandarin17 retained
喷	U+55B7	pēn	pēn pèn	kMandarin17 retained
喺	U+55BA	xí	xǐ	kMandarin17 retained
喼	U+55BC	jiē	jí	kMandarin17 retained
喽	U+55BD	lóu	lóu lǒu lou	kMandarin17 retained
喿	U+55BF	zào	qiāo shēn zào cāo cān cēn sān	kMandarin17 retained
嗀	U+55C0	hù	huò	kMandarin17 retained
嗄	U+55C4	shà	shà á	kMandarin17 retained
嗆	U+55C6	qiāng	qiāng qiàng	kMandarin17 retained
嗌	U+55CC	ài	ài yì	kMandarin17 retained
嗍	U+55CD	suō	shuò	kMandarin17 retained
嗎	U+55CE	ma	mǎ ma	kMandarin17 retained
嗑	U+55D1	kē	kè hé	kMandarin17 retained
嗒	U+55D2	dā	dā tà	kMandarin17 retained
嗔	U+55D4	chēn	tián chēn	kMandarin17 retained
嗕	U+55D5	rù	nòu rù	kMandarin17 retained
嗗	U+55D7	wā	gū wā	kMandarin17 retained
嗛	U+55DB	qiǎn	qiān qiǎn qiàn xián	kMandarin17 retained
嗟	U+55DF	jiē	jiē jiè juē	kMandarin17 retained
嗠	U+55E0	lào	lào luò	kMandarin17 retained
嗫	U+55EB	niè	niè zhé	kMandarin17 retained
嗮	U+55EE	sài	sāi	kMandarin17 retained
嗯	U+55EF	ǹg	ēn en	kMandarin17 retained
嗲	U+55F2	diǎ	diē	kMandarin17 retained
嗳	U+55F3	ǎi	āi ǎi ài	kMandarin17 retained
嗺	U+55FA	zuī	zuī cuī suī	kMandarin17 retained
嗻	U+55FB	zhē	zhē zhè zhù	kMandarin17 retained
嗾	U+55FE	sǒu	zú sǒu	kMandarin17 retained
嘁	U+5601	qī	qī zá zú	kMandarin17 retained
嘅	U+5605	kǎi	kài xì	kMandarin17 retained
嘇	U+5607	shān	shān càn sǎn	kMandarin17 retained
嘊	U+560A	ái	ái yái	kMandarin17 retained
嘋	U+560B	xiào	xiāo	kMandarin17 retained
嘌	U+560C	piào	piāo	kMandarin17 retained
嘍	U+560D	lóu	lóu lou	kMandarin17 retained
嘎	U+560E	gā	gā gá	kMandarin17 retained
嘏	U+560F	gǔ	gǔ jiǎ	kMandarin17 retained
嘔	U+5614	ǒu	xū ōu ǒu òu	kMandarin17 retained
嘘	U+5618	xū	xū shī	kMandarin17 retained
嘚	U+561A	dē	dē dé	kMandarin17 retained
嘛	U+561B	ma	má ma	kMandarin17 retained
嘜	U+561C	mà	mǎ mà mò	kMandarin17 retained
嘞	U+561E	lei	lè le lēi lei liǎo	kMandarin17 retained
嘠	U+5620	gā	gā gá gǎ	kMandarin17 retained
嘩	U+5629	huā	huā huá	kMandarin17 retained
嘪	U+562A	mǎi	mǎi mǐ miē	kMandarin17 retained
嘬	U+562C	zuō	chuài zuō	kMandarin17 retained
嘲	U+5632	cháo	zhāo cháo	kMandarin17 retained
嘷	U+5637	háo	gāo háo	kMandarin17 retained
嘸	U+5638	fǔ	wǔ	kMandarin17 retained
嘼	U+563C	chù	xiù xù chù shòu	kMandarin17 retained
嘽	U+563D	chǎn	tān chǎn	kMandarin17 retained
嘾	U+563E	dàn	dàn tán	kMandarin17 retained
嘿	U+563F	hēi	mò hēi	kMandarin17 retained
噀	U+5640	xùn	xùn sùn	kMandarin17 retained
噅	U+5645	huī	kuī huī	kMandarin17 retained
噆	U+5646	zǎn	zā zǎn cǎn	kMandarin17 retained
噈	U+5648	cù	zú cù	kMandarin17 retained
噌	U+564C	cēng	chēng cēng cěng	kMandarin17 retained
噍	U+564D	jiào	jiáo jiào jiū jué qiū	kMandarin17 retained
噏	U+564F	xī	xī xì shè	kMandarin17 retained
噑	U+5651	háo	gāo háo	kMandarin17 retained
噒	U+5652	lián	tān	kMandarin17 retained
噛	U+565B	niè	niè yǎo	kMandarin17 retained
噜	U+565C	lū	lū lǔ	kMandarin17 retained
噟	U+565F	yìng	yīng yìng	kMandarin17 retained
噠	U+5660	dā	dā dá	kMandarin17 retained
噢	U+5662	ō	yǔ	kMandarin17 retained
噣	U+5663	zhòu	zhòu zhuó	kMandarin17 retained
噦	U+5666	huì	huì yuē	kMandarin17 retained
噧	U+5667	xiè	tà xiè	kMandarin17 retained
噫	U+566B	yī	yī yì	kMandarin17 retained
噯	U+566F	āi	ǎi ài	kMandarin17 retained
噱	U+5671	xué	jué xuē	kMandarin17 retained
噴	U+5674	pēn	pēn pèn fen	kMandarin17 retained
噶	U+5676	gá	gá gé	kMandarin17 retained
噷	U+5677	hm	xīn	kMandarin17 retained
噸	U+5678	dūn	dùn	kMandarin17 retained
嚂	U+5682	làn	lán làn hǎn xiàn	kMandarin17 retained
嚃	U+5683	tā	tà	kMandarin17 retained
嚄	U+5684	huō	huò ǒ	kMandarin17 retained
嚇	U+5687	xià	hè xià	kMandarin17 retained
嚉	U+5689	duō	duò	kMandarin17 retained
嚊	U+568A	pì	bì xì xiù	kMandarin17 retained
嚋	U+568B	chóu	zhōu chóu shòu	kMandarin17 retained
嚕	U+5695	lǔ	lū	kMandarin17 retained
嚗	U+5697	bó	bō	kMandarin17 retained
嚛	U+569B	hù	hù yo	kMandarin17 retained
嚜	U+569C	me	mò me	kMandarin17 retained
嚝	U+569D	hōng	huāng	kMandarin17 retained
嚡	U+56A1	hai	hài	kMandarin17 retained
嚣	U+56A3	xiāo	xiāo áo	kMandarin17 retained
嚤	U+56A4	mó	mō	kMandarin17 retained
嚪	U+56AA	dàn	dān dàn	kMandarin17 retained
嚯	U+56AF	huò	nüè jù jué xuē	kMandarin17 retained
嚰	U+56B0	mó	mē	kMandarin17 retained
嚱	U+56B1	xì	xī xì	kMandarin17 retained
嚵	U+56B5	chán	chàn	kMandarin17 retained
嚷	U+56B7	rǎng	rāng rǎng	kMandarin17 retained
嚻	U+56BB	xiāo	qì xiāo	kMandarin17 retained
嚼	U+56BC	jué	jiáo jiào jué	kMandarin17 retained
囀	U+56C0	zhuàn	zhuǎn	kMandarin17 retained
囁	U+56C1	niè	niè zhé	kMandarin17 retained
囉	U+56C9	luō	luō luó	kMandarin17 retained
囋	U+56CB	zá	zá zàn	kMandarin17 retained
囎	U+56CE	zen	zèn	kMandarin17 retained
囐	U+56D0	zá	niè huì zá zàn è yàn	kMandarin17 retained
囔	U+56D4	nāng	nang	kMandarin17 retained
囖	U+56D6	lo	lō	kMandarin17 retained
囝	U+56DD	jiǎn	nān jiǎn yuè	kMandarin17 retained
团	U+56E2	tuán	tuán qiú	kMandarin17 retained
囤	U+56E4	dùn	dùn tún	kMandarin17 retained
囪	U+56EA	cōng	chuāng cōng	kMandarin17 retained
园	U+56ED	yuán	tuán wán yuán	kMandarin17 retained
囮	U+56EE	é	é yóu	kMandarin17 retained
囱	U+56F1	cōng	chuāng cōng	kMandarin17 retained
囷	U+56F7	qūn	jūn	kMandarin17 retained
囸	U+56F8	rì	mì rì	kMandarin17 retained
圂	U+5702	hùn	huàn hùn	kMandarin17 retained
圈	U+5708	quān	juān juàn quān quàn	kMandarin17 retained
圏	U+570F	quān	juān juàn quān quàn	kMandarin17 retained
圑	U+5711	pǔ	fù	kMandarin17 retained
圔	U+5714	yà	è	kMandarin17 retained
圕	U+5715	tú	shū	kMandarin17 retained
圙	U+5719	lüè	tuán chán	kMandarin17 retained
圜	U+571C	huán	huán yuán	kMandarin17 retained
圣	U+5723	shèng	kū shèng	kMandarin17 retained
圩	U+5729	wéi	wéi yú	kMandarin17 retained
圪	U+572A	gē	gē yì	kMandarin17 retained
圫	U+572B	tuō	ào	kMandarin17 retained
地	U+5730	de	de dì	kMandarin17 retained
圳	U+5733	zhèn	zhèn chóu zùn	kMandarin17 retained
圹	U+5739	kuàng	kuǎng kuàng	kMandarin17 retained
场	U+573A	chǎng	chāng cháng chǎng	kMandarin17 retained
圻	U+573B	qí	qí yín	kMandarin17 retained
圾	U+573E	jī	jí sè	kMandarin17 retained
坃	U+5743	xūn	xuān xūn	kMandarin17 retained
坄	U+5744	yì	tóu yì	kMandarin17 retained
坆	U+5746	méi	méi fén fèn	kMandarin17 retained
均	U+5747	jūn	jūn yùn	kMandarin17 retained
坉	U+5749	tún	dùn tún	kMandarin17 retained
坊	U+574A	fāng	fāng fáng	kMandarin17 retained
坋	U+574B	bèn	fèn	kMandarin17 retained
坏	U+574F	huài	pēi péi pī guài huài	kMandarin17 retained
坓	U+5753	jǐng	jǐng xíng	kMandarin17 retained
坔	U+5754	dì	de dì	kMandarin17 retained
坘	U+5758	dǐ	dǐ chí	kMandarin17 retained
坞	U+575E	wù	wǔ	kMandarin17 retained
坟	U+575F	fén	fén fèn	kMandarin17 retained
坢	U+5762	bàn	pǎn	kMandarin17 retained
坥	U+5765	qū	jù qū	kMandarin17 retained
坧	U+5767	zhī	zhí zhuó	kMandarin17 retained
坭	U+576D	ní	ní nǐ	kMandarin17 retained
坯	U+576F	pī	pēi péi pī guài huài	kMandarin17 retained
坳	U+5773	ào	āo ào	kMandarin17 retained
坴	U+5774	lù	liù lù	kMandarin17 retained
坶	U+5776	mǔ	mǔ mù	kMandarin17 retained
坺	U+577A	bá	bá fá	kMandarin17 retained
坻	U+577B	dǐ	dǐ chí	kMandarin17 retained
垃	U+5783	lā	lè	kMandarin17 retained
垇	U+5787	ào	āo ào	kMandarin17 retained
垊	U+578A	min	mīn	kMandarin17 retained
垌	U+578C	dòng	dòng tóng	kMandarin17 retained
垏	U+578F	lǜ	lù	kMandarin17 retained
垐	U+5790	cí	jí	kMandarin17 retained
垖	U+5796	duī	duī zuī	kMandarin17 retained
垛	U+579B	duǒ	duǒ duò	kMandarin17 retained
垜	U+579C	duǒ	duǒ duò	kMandarin17 retained
垦	U+57A6	kěn	kěn yín	kMandarin17 retained
垧	U+57A7	shǎng	jiōng jiǒng	kMandarin17 retained
垨	U+57A8	shǒu	zhù shǒu shòu	kMandarin17 retained
垩	U+57A9	è	shèng è	kMandarin17 retained
垪	U+57AA	bìng	pīn pín	kMandarin17 retained
垭	U+57AD	yā	è yǎ yà	kMandarin17 retained
垯	U+57AF	da	dá	kMandarin17 retained
垸	U+57B8	yuàn	huán	kMandarin17 retained
垻	U+57BB	bà	bà bèi	kMandarin17 retained
垾	U+57BE	hàn	àn	kMandarin17 retained
埁	U+57C1	qín	cén	kMandarin17 retained
埄	U+57C4	běng	bèng fēng	kMandarin17 retained
埅	U+57C5	fáng	fāng fáng de dì	kMandarin17 retained
埉	U+57C9	jiā	jiá	kMandarin17 retained
埊	U+57CA	dì	de dì	kMandarin17 retained
埋	U+57CB	mái	mái mán	kMandarin17 retained
埏	U+57CF	shān	shān yán	kMandarin17 retained
埒	U+57D2	liè	lè	kMandarin17 retained
埓	U+57D3	liè	lè	kMandarin17 retained
埔	U+57D4	bù	bǔ pǔ	kMandarin17 retained
埚	U+57DA	guō	guō wō	kMandarin17 retained
埛	U+57DB	jiōng	jiōng jiǒng	kMandarin17 retained
埝	U+57DD	niàn	diàn niè niàn	kMandarin17 retained
埞	U+57DE	dī	dī tí	kMandarin17 retained
埠	U+57E0	bù	bù fù	kMandarin17 retained
埡	U+57E1	yā	è yà wù	kMandarin17 retained
埢	U+57E2	quán	juǎn juàn quán	kMandarin17 retained
埤	U+57E4	pí	bēi bì pí pì	kMandarin17 retained
埥	U+57E5	qīng	qīng chēng	kMandarin17 retained
埦	U+57E6	wǎn	wān wǎn yuè	kMandarin17 retained
埨	U+57E8	lǔn	lún	kMandarin17 retained
埫	U+57EB	tǎng	chǒng	kMandarin17 retained
埯	U+57EF	ǎn	ǎn yǎn	kMandarin17 retained
埱	U+57F1	chù	shú	kMandarin17 retained
埲	U+57F2	běng	běng bèng	kMandarin17 retained
埶	U+57F6	yì	shì yì	kMandarin17 retained
培	U+57F9	péi	péi pǒu	kMandarin17 retained
埽	U+57FD	sào	sǎo	kMandarin17 retained
埿	U+57FF	ní	ní nǐ nì	kMandarin17 retained
堁	U+5801	kè	kě	kMandarin17 retained
堄	U+5804	nì	ní	kMandarin17 retained
堇	U+5807	jǐn	jǐn jìn	kMandarin17 retained
堋	U+580B	péng	bèng péng	kMandarin17 retained
堎	U+580E	lèng	líng	kMandarin17 retained
堏	U+580F	fang	fāng	kMandarin17 retained
堐	U+5810	yá	ái	kMandarin17 retained
堑	U+5811	qiàn	jiàn qiàn	kMandarin17 retained
堒	U+5812	kūn	gūn	kMandarin17 retained
堔	U+5814	shēn	chēn	kMandarin17 retained
堕	U+5815	duò	duò huī	kMandarin17 retained
堗	U+5817	tū	tú	kMandarin17 retained
堡	U+5821	bǎo	bǎo pù	kMandarin17 retained
堢	U+5822	bǎo	bǎo pù	kMandarin17 retained
堤	U+5824	dī	dī tí	kMandarin17 retained
堥	U+5825	máo	máo móu	kMandarin17 retained
堨	U+5828	è	è ài yè	kMandarin17 retained
場	U+5834	chǎng	cháng chǎng	kMandarin17 retained
堷	U+5837	yìn	ǎn yìn	kMandarin17 retained
堻	U+583B	jīn	zhēn	kMandarin17 retained
堼	U+583C	hèng	fēng	kMandarin17 retained
堾	U+583E	chūn	chuǎn chǔn	kMandarin17 retained
堿	U+583F	jiǎn	kǎn hǎn jiǎn	kMandarin17 retained
塂	U+5842	xiàng	jiǎng xiàng	kMandarin17 retained
塈	U+5848	jì	jì xì	kMandarin17 retained
塐	U+5850	sù	sù suò	kMandarin17 retained
塙	U+5859	què	qiāo què	kMandarin17 retained
塜	U+585C	zhǒng	péng zhǒng	kMandarin17 retained
塞	U+585E	sāi	sè sāi sài sēi	kMandarin17 retained
塠	U+5860	duī	duī chuī zuī	kMandarin17 retained
塣	U+5863	zhèng	chěng	kMandarin17 retained
塤	U+5864	xūn	xuān xūn	kMandarin17 retained
塩	U+5869	yán	yán yàn	kMandarin17 retained
塪	U+586A	kǎn	kǎn xiàn	kMandarin17 retained
塲	U+5872	cháng	cháng chǎng shāng	kMandarin17 retained
塴	U+5874	bèng	bēng bèng	kMandarin17 retained
塸	U+5878	ōu	ōu ǒu	kMandarin17 retained
塺	U+587A	méi	mò méi	kMandarin17 retained
塻	U+587B	mò	mò àn	kMandarin17 retained
墆	U+5886	zhì	dié	kMandarin17 retained
墇	U+5887	zhàng	zhāng zhàng	kMandarin17 retained
墉	U+5889	yōng	yōng yóng	kMandarin17 retained
墌	U+588C	zhí	zhí zhuó	kMandarin17 retained
墍	U+588D	xì	jì xì	kMandarin17 retained
墐	U+5890	jìn	jǐn jìn	kMandarin17 retained
墑	U+5891	dì	dī	kMandarin17 retained
墕	U+5895	yàn	yān yǎn yàn	kMandarin17 retained
墛	U+589B	wèi	wēi	kMandarin17 retained
墢	U+58A2	bá	bá fèi	kMandarin17 retained
墤	U+58A4	kuài	duī tuí kuài	kMandarin17 retained
墧	U+58A7	què	gāo gǎo qiáo què	kMandarin17 retained
墫	U+58AB	zūn	zūn zǔn	kMandarin17 retained
墬	U+58AC	dì	dì zuì	kMandarin17 retained
墮	U+58AE	duò	duò huī	kMandarin17 retained
墲	U+58B2	mú	mú wú	kMandarin17 retained
墳	U+58B3	fén	fén fèn	kMandarin17 retained
墶	U+58B6	da	dā da	kMandarin17 retained
墼	U+58BC	jī	jí	kMandarin17 retained
壀	U+58C0	pí	bēi bì pí pì	kMandarin17 retained
壅	U+58C5	yōng	yōng yǒng	kMandarin17 retained
壊	U+58CA	huài	guài huài	kMandarin17 retained
壎	U+58CE	xūn	xuān xūn	kMandarin17 retained
壏	U+58CF	xiàn	làn jiàn	kMandarin17 retained
壐	U+58D0	xǐ	xī xǐ	kMandarin17 retained
壑	U+58D1	hè	huò	kMandarin17 retained
壒	U+58D2	ài	kài ài	kMandarin17 retained
壗	U+58D7	jìn	háo	kMandarin17 retained
壘	U+58D8	lěi	lěi lǜ	kMandarin17 retained
壞	U+58DE	huài	guài huài	kMandarin17 retained
壠	U+58E0	lǒng	lóng lǒng	kMandarin17 retained
壦	U+58E6	xūn	xuān xūn	kMandarin17 retained
壭	U+58ED	san	sān	kMandarin17 retained
声	U+58F0	shēng	qìng shēng	kMandarin17 retained
壳	U+58F3	ké	ké qiào què	kMandarin17 retained
壿	U+58FF	zūn	zūn cún	kMandarin17 retained
夃	U+5903	gǔ	gū	kMandarin17 retained
处	U+5904	chù	chǔ chù	kMandarin17 retained
夅	U+5905	jiàng	jiàng xiáng	kMandarin17 retained
夆	U+5906	féng	páng féng	kMandarin17 retained
夋	U+590B	qūn	jùn qūn	kMandarin17 retained
复	U+590D	fù	fòu fù	kMandarin17 retained
夎	U+590E	cuò	zuò	kMandarin17 retained
夏	U+590F	xià	jiǎ xià	kMandarin17 retained
夐	U+5910	xiòng	xuàn xiòng	kMandarin17 retained
夓	U+5913	xià	jiǎ xià	kMandarin17 retained
夕	U+5915	xī	xì	kMandarin17 retained
夗	U+5917	yuàn	wān wǎn yuān yuàn	kMandarin17 retained
夘	U+5918	mǎo	mǎo qīng áng yǎng wài wān yuān yuàn	kMandarin17 retained
多	U+591A	duō	duō duó	kMandarin17 retained
夛	U+591B	duō	duō duó	kMandarin17 retained
大	U+5927	dà	dà dài tài	kMandarin17 retained
夫	U+592B	fū	fū fú	kMandarin17 retained
夭	U+592D	yāo	ǎo yāo yǎo	kMandarin17 retained
夲	U+5932	tāo	běn tāo	kMandarin17 retained
头	U+5934	tóu	tóu tou	kMandarin17 retained
夵	U+5935	yǎn	tāo yǎn	kMandarin17 retained
夶	U+5936	bǐ	bǐ bì pí	kMandarin17 retained
夺	U+593A	duó	duó duì	kMandarin17 retained
夼	U+593C	kuǎng	kuǎng chuàn	kMandarin17 retained
夾	U+593E	jiā	jiā jiá jià	kMandarin17 retained
夿	U+593F	bā	pā	kMandarin17 retained
奀	U+5940	ēn	máng ēn	kMandarin17 retained
奃	U+5943	dī	dī dì	kMandarin17 retained
奄	U+5944	yǎn	yān yǎn	kMandarin17 retained
奆	U+5946	juàn	juǎn	kMandarin17 retained
奇	U+5947	qí	jī qí	kMandarin17 retained
奊	U+594A	xié	liè xié	kMandarin17 retained
奋	U+594B	fèn	fèn gǎng	kMandarin17 retained
奍	U+594D	quān	yǎng	kMandarin17 retained
契	U+5951	qì	qì qiè xiè	kMandarin17 retained
奓	U+5953	zhā	zhā chǐ shē	kMandarin17 retained
奔	U+5954	bēn	bēn bèn	kMandarin17 retained
奘	U+5958	zàng	zhuǎng zàng	kMandarin17 retained
奙	U+5959	běn	bò běn	kMandarin17 retained
奞	U+595E	xùn	xiāo xùn suī	kMandarin17 retained
奟	U+595F	bēng	bēng kēng	kMandarin17 retained
奤	U+5964	hǎ	pò tǎi	kMandarin17 retained
奥	U+5965	ào	ào yù	kMandarin17 retained
奧	U+5967	ào	ào yù	kMandarin17 retained
奰	U+5970	bì	bèi	kMandarin17 retained
奱	U+5971	luán	lián	kMandarin17 retained
奲	U+5972	duǒ	chě	kMandarin17 retained
女	U+5973	nǚ	nǚ nǜ rǔ	kMandarin17 retained
奻	U+597B	nuán	nán	kMandarin17 retained
好	U+597D	hǎo	hǎo hào	kMandarin17 retained
妃	U+5983	fēi	pèi fēi	kMandarin17 retained
妊	U+598A	rèn	rén rèn	kMandarin17 retained
妋	U+598B	fū	fū yōu	kMandarin17 retained
妎	U+598E	hài	xì	kMandarin17 retained
妏	U+598F	wèn	wén wèn	kMandarin17 retained
妔	U+5994	kēng	kēng háng	kMandarin17 retained
妚	U+599A	fǒu	pēi pī huán qióng xuān	kMandarin17 retained
妜	U+599C	yuè	jué yuè	kMandarin17 retained
妧	U+59A7	yuán	wàn yuán	kMandarin17 retained
妨	U+59A8	fáng	fāng fáng	kMandarin17 retained
妪	U+59AA	yù	yǔ yù	kMandarin17 retained
妫	U+59AB	guī	guī guì	kMandarin17 retained
妭	U+59AD	bá	bó	kMandarin17 retained
妮	U+59AE	nī	ní	kMandarin17 retained
妯	U+59AF	zhóu	zhóu zhú	kMandarin17 retained
妳	U+59B3	nǎi	nǐ	kMandarin17 retained
妴	U+59B4	yuàn	wǎn yuǎn	kMandarin17 retained
妶	U+59B6	xián	xuán	kMandarin17 retained
妷	U+59B7	zhí	zhí yì	kMandarin17 retained
妸	U+59B8	ē	ē ě	kMandarin17 retained
妺	U+59BA	mò	mò mèi	kMandarin17 retained
妻	U+59BB	qī	qī qì	kMandarin17 retained
姇	U+59C7	fū	fū fú fù	kMandarin17 retained
姉	U+59C9	zǐ	jiě zǐ	kMandarin17 retained
姊	U+59CA	zǐ	jiě zǐ	kMandarin17 retained
始	U+59CB	shǐ	shǐ shì	kMandarin17 retained
姍	U+59CD	shān	xiān shān	kMandarin17 retained
委	U+59D4	wěi	wēi wěi	kMandarin17 retained
姕	U+59D5	zī	zī cī	kMandarin17 retained
姗	U+59D7	shān	xiān shān	kMandarin17 retained
姙	U+59D9	rèn	rén rèn	kMandarin17 retained
姛	U+59DB	dòng	dòng tǒng	kMandarin17 retained
姠	U+59E0	xiàng	shàng	kMandarin17 retained
姡	U+59E1	huá	kuò huá huó	kMandarin17 retained
姣	U+59E3	jiāo	jiāo jiǎo	kMandarin17 retained
姥	U+59E5	lǎo	mǔ lǎo	kMandarin17 retained
姩	U+59E9	niàn	nián	kMandarin17 retained
姫	U+59EB	jī	zhěn	kMandarin17 retained
姰	U+59F0	jūn	xuàn xūn	kMandarin17 retained
姶	U+59F6	è	è yà yǎn	kMandarin17 retained
姺	U+59FA	shēn	xiǎn	kMandarin17 retained
姼	U+59FC	shí	tí jì chǐ	kMandarin17 retained
娂	U+5A02	hóng	gāng gōng hóng	kMandarin17 retained
娄	U+5A04	lóu	lóu lǘ lǚ	kMandarin17 retained
娅	U+5A05	yà	yā yǎ yà	kMandarin17 retained
娆	U+5A06	ráo	ráo rǎo	kMandarin17 retained
娈	U+5A08	luán	lián liàn luǎn	kMandarin17 retained
娋	U+5A0B	shào	shāo shào	kMandarin17 retained
娍	U+5A0D	chéng	chéng shèng	kMandarin17 retained
娎	U+5A0E	xiè	xiào	kMandarin17 retained
娒	U+5A12	méi	mǔ wǔ	kMandarin17 retained
娕	U+5A15	chuò	lài chuò	kMandarin17 retained
娗	U+5A17	tǐng	dìng tiǎn tǐng	kMandarin17 retained
娚	U+5A1A	nán	nǎo nán shēng	kMandarin17 retained
娜	U+5A1C	nà	nà nuó	kMandarin17 retained
娞	U+5A1E	něi	něi suī	kMandarin17 retained
娠	U+5A20	shēn	zhèn shēn	kMandarin17 retained
娦	U+5A26	pín	bīn pín	kMandarin17 retained
娨	U+5A28	xiàn	hàn	kMandarin17 retained
娩	U+5A29	miǎn	miǎn wǎn	kMandarin17 retained
娬	U+5A2C	wǔ	fǔ wǔ	kMandarin17 retained
娭	U+5A2D	āi	xī	kMandarin17 retained
娯	U+5A2F	yú	yú yù	kMandarin17 retained
娱	U+5A31	yú	yú yù	kMandarin17 retained
娵	U+5A35	jū	jū cǒu	kMandarin17 retained
娶	U+5A36	qǔ	qǔ qù	kMandarin17 retained
娷	U+5A37	zhuì	zhuì chuí shuì	kMandarin17 retained
娺	U+5A3A	zhuó	zhuó zhuī	kMandarin17 retained
娻	U+5A3B	dōng	dōng dòng	kMandarin17 retained
娾	U+5A3E	ǎi	ǎi yái	kMandarin17 retained
娿	U+5A3F	ē	ē ě	kMandarin17 retained
婀	U+5A40	ē	ē ě	kMandarin17 retained
婁	U+5A41	lóu	lóu lǚ	kMandarin17 retained
婈	U+5A48	líng	dīng dìng líng	kMandarin17 retained
婌	U+5A4C	shú	shú shǔ	kMandarin17 retained
婎	U+5A4E	huī	huī huì	kMandarin17 retained
婏	U+5A4F	fàn	fù	kMandarin17 retained
婐	U+5A50	wǒ	ě	kMandarin17 retained
婑	U+5A51	ruí	wǒ	kMandarin17 retained
婙	U+5A59	jìng	jīng jìng qiàn qīng	kMandarin17 retained
婡	U+5A61	lái	lái lài	kMandarin17 retained
婢	U+5A62	bì	bèi bì	kMandarin17 retained
婤	U+5A64	zhōu	zhōu chōu	kMandarin17 retained
婩	U+5A69	àn	nüè àn yàn	kMandarin17 retained
婫	U+5A6B	kūn	gūn hùn	kMandarin17 retained
婯	U+5A6F	lì	lí lì	kMandarin17 retained
婱	U+5A71	xián	xián xuán	kMandarin17 retained
婴	U+5A74	yīng	yīng yìng	kMandarin17 retained
婸	U+5A78	dàng	dàng yáng	kMandarin17 retained
婼	U+5A7C	ruò	chuò ruò ér	kMandarin17 retained
婾	U+5A7E	tōu	tōu yú	kMandarin17 retained
媀	U+5A80	yù	ǒu yú yù	kMandarin17 retained
媁	U+5A81	wéi	wēi wéi wěi	kMandarin17 retained
媂	U+5A82	dì	dì tí	kMandarin17 retained
媆	U+5A86	ruǎn	nèn ruǎn	kMandarin17 retained
媇	U+5A87	qīn	qīn qìng	kMandarin17 retained
媉	U+5A89	wò	wū	kMandarin17 retained
媊	U+5A8A	qián	jiǎn qián	kMandarin17 retained
媌	U+5A8C	miáo	máo miáo	kMandarin17 retained
媐	U+5A90	yí	xī	kMandarin17 retained
媔	U+5A94	mián	mián miǎn	kMandarin17 retained
媕	U+5A95	ān	ān yǎn	kMandarin17 retained
媛	U+5A9B	yuàn	yuán yuàn	kMandarin17 retained
媜	U+5A9C	zhēng	zhēn	kMandarin17 retained
媞	U+5A9E	shì	tí	kMandarin17 retained
媠	U+5AA0	tuǒ	duò tuǒ	kMandarin17 retained
媨	U+5AA8	cù	jiù	kMandarin17 retained
媪	U+5AAA	ǎo	ǎo wēn	kMandarin17 retained
媮	U+5AAE	tōu	tōu yú	kMandarin17 retained
媰	U+5AB0	chú	zhòu chú zōu	kMandarin17 retained
媿	U+5ABF	kuì	kuì chǒu	kMandarin17 retained
嫅	U+5AC5	jiē	jiē suǒ	kMandarin17 retained
嫆	U+5AC6	róng	róng yóng	kMandarin17 retained
嫇	U+5AC7	míng	méng míng	kMandarin17 retained
嫍	U+5ACD	tāo	tāo yǎo	kMandarin17 retained
嫎	U+5ACE	páng	bàng páng	kMandarin17 retained
嫑	U+5AD1	báo	yāo	kMandarin17 retained
嫓	U+5AD3	pì	bī pī pí	kMandarin17 retained
嫖	U+5AD6	piáo	piāo piáo	kMandarin17 retained
嫚	U+5ADA	mān	màn	kMandarin17 retained
嫞	U+5ADE	yōng	chóng yóng	kMandarin17 retained
嫤	U+5AE4	jǐn	jǐn jìn	kMandarin17 retained
嫧	U+5AE7	zé	zé cè	kMandarin17 retained
嫨	U+5AE8	hān	hān rǎn	kMandarin17 retained
嫬	U+5AEC	zhē	zhē zhe	kMandarin17 retained
嫲	U+5AF2	ma	mā má mà	kMandarin17 retained
嫹	U+5AF9	miáo	máo	kMandarin17 retained
嬀	U+5B00	guī	guī wéi wèi	kMandarin17 retained
嬇	U+5B07	kuì	huì	kMandarin17 retained
嬈	U+5B08	ráo	ráo rǎo yǎo	kMandarin17 retained
嬊	U+5B0A	yàn	yǎn yàn	kMandarin17 retained
嬎	U+5B0E	fàn	fù	kMandarin17 retained
嬐	U+5B10	xiān	jìn xiān yǎn yǐn	kMandarin17 retained
嬒	U+5B12	huì	wò wèi	kMandarin17 retained
嬓	U+5B13	jiào	jiào chān	kMandarin17 retained
嬔	U+5B14	fù	fàn fù	kMandarin17 retained
嬚	U+5B1A	liǎn	lián	kMandarin17 retained
嬛	U+5B1B	huán	huán qióng xuān	kMandarin17 retained
嬜	U+5B1C	xīn	xiān ān	kMandarin17 retained
嬟	U+5B1F	yì	yǐ yì	kMandarin17 retained
嬠	U+5B20	cān	cán	kMandarin17 retained
嬣	U+5B23	níng	néng níng	kMandarin17 retained
嬭	U+5B2D	nǎi	nǎi nì	kMandarin17 retained
嬮	U+5B2E	yān	yè yān yàn	kMandarin17 retained
嬱	U+5B31	qiàn	qiàn cán	kMandarin17 retained
嬷	U+5B37	mó	mā mó	kMandarin17 retained
嬹	U+5B39	xìng	xīng xìng	kMandarin17 retained
嬼	U+5B3C	liǔ	liú liǔ liù	kMandarin17 retained
孂	U+5B42	jiǎo	guǐ jiǎo	kMandarin17 retained
孈	U+5B48	huì	huì xī shuāi	kMandarin17 retained
孉	U+5B49	quán	huān juǎn juàn quán	kMandarin17 retained
孌	U+5B4C	luán	luán lüǎn	kMandarin17 retained
孎	U+5B4E	zhú	zhú zhǔ chuò	kMandarin17 retained
子	U+5B50	zǐ	zǐ zi	kMandarin17 retained
孒	U+5B52	jué	gǒng jué	kMandarin17 retained
孖	U+5B56	mā	zī	kMandarin17 retained
孙	U+5B59	sūn	xùn sūn	kMandarin17 retained
孚	U+5B5A	fú	fū fú	kMandarin17 retained
孛	U+5B5B	bèi	bó bèi	kMandarin17 retained
孞	U+5B5E	xìn	xìn shēn	kMandarin17 retained
学	U+5B66	xué	bó bèi xiáo xué	kMandarin17 retained
孨	U+5B68	zhuǎn	nì zhuǎn	kMandarin17 retained
孪	U+5B6A	luán	luán lüán	kMandarin17 retained
孫	U+5B6B	sūn	xùn sūn sùn	kMandarin17 retained
孭	U+5B6D	miē	mē miē	kMandarin17 retained
孱	U+5B71	chán	chán càn	kMandarin17 retained
孳	U+5B73	zī	zī zì	kMandarin17 retained
孶	U+5B76	zī	zī zì	kMandarin17 retained
孹	U+5B79	bò	bò bì	kMandarin17 retained
孿	U+5B7F	luán	luán lüán	kMandarin17 retained
宁	U+5B81	níng	zhù	kMandarin17 retained
宂	U+5B82	rǒng	xué xuè rǒng	kMandarin17 retained
它	U+5B83	tā	tā tuō tuó	kMandarin17 retained
宅	U+5B85	zhái	zhè zhái	kMandarin17 retained
宆	U+5B86	qióng	qiōng qióng	kMandarin17 retained
守	U+5B88	shǒu	shǒu shòu	kMandarin17 retained
宊	U+5B8A	tū	tú gū jiā	kMandarin17 retained
宍	U+5B8D	ròu	ròu rù	kMandarin17 retained
宓	U+5B93	mì	mì fú	kMandarin17 retained
宔	U+5B94	zhǔ	zhǔ zhù	kMandarin17 retained
宛	U+5B9B	wǎn	wǎn yuān	kMandarin17 retained
宠	U+5BA0	chǒng	lóng chǒng	kMandarin17 retained
审	U+5BA1	shěn	pán shěn	kMandarin17 retained
宪	U+5BAA	xiàn	xiàn xiòng	kMandarin17 retained
宲	U+5BB2	bǎo	bǎo shí	kMandarin17 retained
害	U+5BB3	hài	hé hài	kMandarin17 retained
家	U+5BB6	jiā	gū jiā	kMandarin17 retained
宷	U+5BB7	shěn	shěn cǎi	kMandarin17 retained
宿	U+5BBF	sù	xiǔ xiù sù	kMandarin17 retained
寂	U+5BC2	jì	jí	kMandarin17 retained
寈	U+5BC8	qīng	jīng qīng	kMandarin17 retained
寋	U+5BCB	jiàn	jiǎn	kMandarin17 retained
寕	U+5BD5	níng	níng nìng	kMandarin17 retained
寗	U+5BD7	níng	níng nìng	kMandarin17 retained
寜	U+5BDC	níng	níng nìng	kMandarin17 retained
寠	U+5BE0	jù	lóu lǜ jù	kMandarin17 retained
寣	U+5BE3	hū	hū hù	kMandarin17 retained
寧	U+5BE7	níng	níng nìng	kMandarin17 retained
寫	U+5BEB	xiě	xiě xiè	kMandarin17 retained
寴	U+5BF4	qīn	qīn qìn	kMandarin17 retained
寻	U+5BFB	xún	xín xún	kMandarin17 retained
寽	U+5BFD	lǜ	lè luō lǚ	kMandarin17 retained
射	U+5C04	shè	shí shè yì yè	kMandarin17 retained
将	U+5C06	jiāng	jiāng jiàng qiāng	kMandarin17 retained
將	U+5C07	jiāng	jiāng jiàng qiāng	kMandarin17 retained
尉	U+5C09	wèi	wèi yù	kMandarin17 retained
尋	U+5C0B	xún	xín xún	kMandarin17 retained
導	U+5C0E	dǎo	dǎo dào	kMandarin17 retained
尐	U+5C10	jié	jī jí jié shǎo shào	kMandarin17 retained
少	U+5C11	shǎo	shǎo shào	kMandarin17 retained
尕	U+5C15	gǎ	nǎi gǎ	kMandarin17 retained
尗	U+5C17	shū	shú	kMandarin17 retained
尛	U+5C1B	mó	má ma mó mǒ me	kMandarin17 retained
尞	U+5C1E	liào	liáo liǎo liào	kMandarin17 retained
尡	U+5C21	kun	hùn	kMandarin17 retained
尦	U+5C26	liào	niǎo liào	kMandarin17 retained
尨	U+5C28	máng	páng máng méng	kMandarin17 retained
尬	U+5C2C	gà	gà jiè	kMandarin17 retained
尯	U+5C2F	kuì	kuǐ kuì	kMandarin17 retained
尰	U+5C30	zhǒng	tōng zhǒng zhòng chòng	kMandarin17 retained
尶	U+5C36	gān	gān jiān	kMandarin17 retained
尷	U+5C37	gān	gān jiān	kMandarin17 retained
尺	U+5C3A	chǐ	chí chǐ chě	kMandarin17 retained
尽	U+5C3D	jǐn	jǐn jìn	kMandarin17 retained
尾	U+5C3E	wěi	yǐ wěi	kMandarin17 retained
居	U+5C45	jū	jī jū	kMandarin17 retained
屇	U+5C47	tián	tiān tián	kMandarin17 retained
屉	U+5C49	tì	tì xiè	kMandarin17 retained
届	U+5C4A	jiè	jiè qū	kMandarin17 retained
屎	U+5C4E	shǐ	xī shǐ	kMandarin17 retained
屏	U+5C4F	píng	bīng bǐng píng	kMandarin17 retained
屓	U+5C53	xiè	bì méi xì xiè	kMandarin17 retained
屗	U+5C57	wěi	mān	kMandarin17 retained
屘	U+5C58	mǎn	mān	kMandarin17 retained
屛	U+5C5B	píng	bīng bǐng píng	kMandarin17 retained
属	U+5C5E	shǔ	zhǔ shǔ	kMandarin17 retained
屟	U+5C5F	xiè	dié tì xiè	kMandarin17 retained
屠	U+5C60	tú	tú chú	kMandarin17 retained
屩	U+5C69	juē	jué	kMandarin17 retained
屬	U+5C6C	shǔ	zhǔ shǔ	kMandarin17 retained
屯	U+5C6F	tún	tún zhūn	kMandarin17 retained
屰	U+5C70	nì	pò nì jǐ	kMandarin17 retained
屶	U+5C76	huì	dāo	kMandarin17 retained
屸	U+5C78	lóng	lóng hóng	kMandarin17 retained
屽	U+5C7D	hàn	hàn àn	kMandarin17 retained
岅	U+5C85	bǎn	bǎn zé	kMandarin17 retained
岈	U+5C88	yá	xiā	kMandarin17 retained
岎	U+5C8E	fén	fēn fén chà	kMandarin17 retained
岔	U+5C94	chà	chá chà	kMandarin17 retained
岗	U+5C97	gǎng	gāng	kMandarin17 retained
岙	U+5C99	ào	yǎo	kMandarin17 retained
岝	U+5C9D	zuò	zé	kMandarin17 retained
岞	U+5C9E	zuò	zé zuó	kMandarin17 retained
岡	U+5CA1	gāng	gāng gǎng	kMandarin17 retained
岤	U+5CA4	xué	xuè	kMandarin17 retained
岥	U+5CA5	pō	bō	kMandarin17 retained
岨	U+5CA8	qū	jǔ qū zǔ	kMandarin17 retained
岭	U+5CAD	lǐng	líng	kMandarin17 retained
岯	U+5CAF	pí	pēi	kMandarin17 retained
岰	U+5CB0	ào	yǒu	kMandarin17 retained
岲	U+5CB2	kuàng	huàng	kMandarin17 retained
岿	U+5CBF	kuī	kuī kuǐ kuì	kMandarin17 retained
峀	U+5CC0	xiù	bāng	kMandarin17 retained
峆	U+5CC6	hé	hē hé	kMandarin17 retained
峇	U+5CC7	bā	bā kē	kMandarin17 retained
峉	U+5CC9	è	ē	kMandarin17 retained
峎	U+5CCE	ěn	lǎng ěn	kMandarin17 retained
峏	U+5CCF	ér	ér ěr	kMandarin17 retained
峑	U+5CD1	quān	jì	kMandarin17 retained
峒	U+5CD2	dòng	dòng tóng	kMandarin17 retained
峗	U+5CD7	wéi	wéi wěi	kMandarin17 retained
峘	U+5CD8	huán	hū huán	kMandarin17 retained
峛	U+5CDB	liè	lǐ	kMandarin17 retained
峜	U+5CDC	jì	quān	kMandarin17 retained
峝	U+5CDD	tóng	dòng tóng	kMandarin17 retained
峞	U+5CDE	wéi	kuǐ wéi	kMandarin17 retained
峠	U+5CE0	qiǎ	gǔ	kMandarin17 retained
峤	U+5CE4	jiào	jiào qiáo	kMandarin17 retained
峥	U+5CE5	zhēng	zhēng chéng	kMandarin17 retained
峫	U+5CEB	xié	xié yé	kMandarin17 retained
峵	U+5CF5	róng	hóng róng	kMandarin17 retained
峼	U+5CFC	gào	hào	kMandarin17 retained
崀	U+5D00	làng	láng lǎng	kMandarin17 retained
崁	U+5D01	kàn	kǎn	kMandarin17 retained
崄	U+5D04	xiǎn	xiǎn yǎn	kMandarin17 retained
崋	U+5D0B	huà	huá huà	kMandarin17 retained
崕	U+5D15	yá	ái yá yái	kMandarin17 retained
崖	U+5D16	yá	yái	kMandarin17 retained
崗	U+5D17	gǎng	gāng gǎng	kMandarin17 retained
崝	U+5D1D	zhēng	zhēng chēng chéng	kMandarin17 retained
崢	U+5D22	zhēng	zhēng chéng	kMandarin17 retained
崤	U+5D24	xiáo	yáo	kMandarin17 retained
崥	U+5D25	pí	bǐ pí pǐ	kMandarin17 retained
崫	U+5D2B	kū	kū jué	kMandarin17 retained
崭	U+5D2D	zhǎn	zhǎn chán	kMandarin17 retained
崴	U+5D34	wǎi	wēi	kMandarin17 retained
崸	U+5D38	yáng	dùn	kMandarin17 retained
崾	U+5D3E	yào	yǎo	kMandarin17 retained
嵅	U+5D45	hán	gān gàn	kMandarin17 retained
嵈	U+5D48	huàn	guǎn	kMandarin17 retained
嵌	U+5D4C	qiàn	kǎn qiān qiàn	kMandarin17 retained
嵍	U+5D4D	wù	máo wù	kMandarin17 retained
嵑	U+5D51	kě	kě jié jué	kMandarin17 retained
嵔	U+5D54	wěi	wēi wěi	kMandarin17 retained
嵖	U+5D56	chá	cuó	kMandarin17 retained
嵜	U+5D5C	qí	qī qí qǐ	kMandarin17 retained
嵠	U+5D60	xī	qī xī	kMandarin17 retained
嵣	U+5D63	dàng	dāng dàng táng	kMandarin17 retained
嵤	U+5D64	róng	hóng róng yíng	kMandarin17 retained
嵦	U+5D66	kǎi	kǎi ái	kMandarin17 retained
嵨	U+5D68	wù	wǔ	kMandarin17 retained
嵪	U+5D6A	qiāo	kāo qiāo	kMandarin17 retained
嵱	U+5D71	yǒng	yóng	kMandarin17 retained
嵷	U+5D77	sǒng	zōng	kMandarin17 retained
嶃	U+5D83	zhǎn	zhǎn chán	kMandarin17 retained
嶄	U+5D84	zhǎn	zhǎn chán	kMandarin17 retained
嶉	U+5D89	cuī	zuī zuǐ	kMandarin17 retained
嶎	U+5D8E	yù	wèi	kMandarin17 retained
嶏	U+5D8F	pèi	pèi pǐ	kMandarin17 retained
嶖	U+5D96	yān	yān yǎn	kMandarin17 retained
嶜	U+5D9C	jīn	jīn qín	kMandarin17 retained
嶡	U+5DA1	guì	guì jué	kMandarin17 retained
嶣	U+5DA3	jiāo	jiāo qiáo	kMandarin17 retained
嶦	U+5DA6	shàn	zhān shàn	kMandarin17 retained
嶨	U+5DA8	xué	hú què xuē xué	kMandarin17 retained
嶬	U+5DAC	yí	yī yí yǐ wéi	kMandarin17 retained
嶭	U+5DAD	niè	è	kMandarin17 retained
嶲	U+5DB2	xī	suǐ	kMandarin17 retained
嶳	U+5DB3	dì	de dì	kMandarin17 retained
嶵	U+5DB5	zuǐ	zuì	kMandarin17 retained
嶶	U+5DB6	wēi	wéi	kMandarin17 retained
嶷	U+5DB7	yí	nì yí	kMandarin17 retained
嶸	U+5DB8	róng	hóng róng	kMandarin17 retained
嶻	U+5DBB	jié	jié zá	kMandarin17 retained
嶿	U+5DBF	ru	rú	kMandarin17 retained
巀	U+5DC0	jié	jié zá	kMandarin17 retained
巁	U+5DC1	lì	lì liè	kMandarin17 retained
巂	U+5DC2	guī	xī suǐ	kMandarin17 retained
巆	U+5DC6	róng	hóng róng yíng	kMandarin17 retained
巍	U+5DCD	wēi	wéi	kMandarin17 retained
巙	U+5DD9	kuí	náo kuí	kMandarin17 retained
巛	U+5DDB	chuān	kūn chuān shùn	kMandarin17 retained
巜	U+5DDC	kuài	guài kuài	kMandarin17 retained
巫	U+5DEB	wū	wū wú	kMandarin17 retained
巬	U+5DEC	pu	pū	kMandarin17 retained
巭	U+5DED	pu	pū	kMandarin17 retained
差	U+5DEE	chà	chā chà chāi chài cī cuō	kMandarin17 retained
巰	U+5DF0	qiú	liú qiú	kMandarin17 retained
巶	U+5DF6	zhāo	zhāo shào	kMandarin17 retained
巺	U+5DFA	xùn	xùn sùn	kMandarin17 retained
巻	U+5DFB	juàn	juǎn juàn quán	kMandarin17 retained
巽	U+5DFD	xùn	xùn sùn	kMandarin17 retained
币	U+5E01	bì	bì yìn	kMandarin17 retained
帆	U+5E06	fān	fān fán	kMandarin17 retained
帑	U+5E11	tǎng	tǎng nú	kMandarin17 retained
帖	U+5E16	tiē	tiē tiě tiè	kMandarin17 retained
帗	U+5E17	bō	fú	kMandarin17 retained
帞	U+5E1E	mò	bó pà mò	kMandarin17 retained
帣	U+5E23	juǎn	juǎn juàn	kMandarin17 retained
帥	U+5E25	shuài	shuò shuài	kMandarin17 retained
帧	U+5E27	zhēn	zhèng	kMandarin17 retained
帬	U+5E2C	qún	jūn qún	kMandarin17 retained
帰	U+5E30	guī	guī kuì	kMandarin17 retained
帱	U+5E31	chóu	dào chóu	kMandarin17 retained
帴	U+5E34	sàn	jiǎn cán	kMandarin17 retained
帹	U+5E39	shà	qiè shà	kMandarin17 retained
帺	U+5E3A	qí	jì qí	kMandarin17 retained
帻	U+5E3B	zé	zé cè	kMandarin17 retained
幂	U+5E42	mì	mì mù	kMandarin17 retained
幆	U+5E46	yì	kài yì	kMandarin17 retained
幈	U+5E48	píng	bīng bǐng píng	kMandarin17 retained
幍	U+5E4D	tāo	dāo tāo qià	kMandarin17 retained
幏	U+5E4F	jià	jiā jià	kMandarin17 retained
幒	U+5E52	zhōng	zhōng cǒng	kMandarin17 retained
幓	U+5E53	shān	shān shēn cāo sēn	kMandarin17 retained
幕	U+5E55	mù	mò mù	kMandarin17 retained
幜	U+5E5C	jǐng	jiǒng	kMandarin17 retained
幞	U+5E5E	fú	pú	kMandarin17 retained
幢	U+5E62	chuáng	zhuàng chuáng	kMandarin17 retained
幥	U+5E65	zhǎng	zhāng	kMandarin17 retained
幧	U+5E67	qiāo	qiāo cāo	kMandarin17 retained
幪	U+5E6A	méng	méng měng	kMandarin17 retained
幬	U+5E6C	chóu	dào chóu	kMandarin17 retained
幯	U+5E6F	jié	jiē jié	kMandarin17 retained
干	U+5E72	gàn	gān	kMandarin17 retained
平	U+5E73	píng	pián píng	kMandarin17 retained
并	U+5E76	bìng	bīng bìng	kMandarin17 retained
幷	U+5E77	bìng	bīng bìng	kMandarin17 retained
幹	U+5E79	gàn	gàn hán	kMandarin17 retained
幺	U+5E7A	yāo	má ma mó mo mì sī yāo	kMandarin17 retained
幾	U+5E7E	jǐ	jī jǐ	kMandarin17 retained
广	U+5E7F	guǎng	yǎn	kMandarin17 retained
庅	U+5E85	mó	má mó	kMandarin17 retained
庆	U+5E86	qìng	qīng qìng	kMandarin17 retained
庉	U+5E89	dùn	dùn tún	kMandarin17 retained
庋	U+5E8B	guǐ	guǐ jǐ	kMandarin17 retained
庍	U+5E8D	bài	bài tīng xìn	kMandarin17 retained
庑	U+5E91	wǔ	wú wǔ	kMandarin17 retained
应	U+5E94	yīng	yīng yìng	kMandarin17 retained
底	U+5E95	dǐ	de dǐ	kMandarin17 retained
庛	U+5E9B	cì	cī cì	kMandarin17 retained
庞	U+5E9E	páng	páng lóng	kMandarin17 retained
度	U+5EA6	dù	dù duò	kMandarin17 retained
庨	U+5EA8	xiāo	qiāo xiāo	kMandarin17 retained
庩	U+5EA9	tú	tū	kMandarin17 retained
庫	U+5EAB	kù	kù shè	kMandarin17 retained
庬	U+5EAC	máng	páng máng měng	kMandarin17 retained
庰	U+5EB0	bìng	bǐng bìng	kMandarin17 retained
庳	U+5EB3	bì	bēi bì	kMandarin17 retained
庸	U+5EB8	yōng	yōng yóng	kMandarin17 retained
庼	U+5EBC	qǐng	qīng qǐng qìng	kMandarin17 retained
廀	U+5EC0	sōu	sōu sǒu sòu	kMandarin17 retained
廁	U+5EC1	cè	cì cè sì	kMandarin17 retained
廅	U+5EC5	è	hé è	kMandarin17 retained
廆	U+5EC6	wěi	guī huì wěi	kMandarin17 retained
廈	U+5EC8	shà	xià shà	kMandarin17 retained
廏	U+5ECF	jiù	jì jiù	kMandarin17 retained
廐	U+5ED0	jiù	jì jiù	kMandarin17 retained
廑	U+5ED1	jǐn	jǐn jìn qín	kMandarin17 retained
廜	U+5EDC	tú	tū	kMandarin17 retained
廞	U+5EDE	xīn	qīn	kMandarin17 retained
廨	U+5EE8	xiè	jiè xiè	kMandarin17 retained
廭	U+5EED	jì	jī	kMandarin17 retained
廮	U+5EEE	yǐng	yíng yǐng	kMandarin17 retained
廹	U+5EF9	pǎi	pò	kMandarin17 retained
开	U+5F00	kāi	bìng kāi jiān qí yán	kMandarin17 retained
弁	U+5F01	biàn	biàn pán	kMandarin17 retained
异	U+5F02	yì	yí yì	kMandarin17 retained
弄	U+5F04	nòng	nòng lòng	kMandarin17 retained
弅	U+5F05	fèn	fén fèn	kMandarin17 retained
弌	U+5F0C	yī	yī yí yì	kMandarin17 retained
弎	U+5F0E	sān	sā sān sàn	kMandarin17 retained
弐	U+5F10	èr	sān	kMandarin17 retained
弛	U+5F1B	chí	chí shǐ	kMandarin17 retained
弜	U+5F1C	jiàng	jiàng qí	kMandarin17 retained
弞	U+5F1E	shěn	shěn yǐn	kMandarin17 retained
弟	U+5F1F	dì	dì tì	kMandarin17 retained
弥	U+5F25	mí	mí mǐ	kMandarin17 retained
弲	U+5F32	xuān	xuān yuān	kMandarin17 retained
弴	U+5F34	diāo	diāo dūn	kMandarin17 retained
張	U+5F35	zhāng	zhāng zhàng	kMandarin17 retained
強	U+5F37	qiáng	jiàng qiāng qiáng qiǎng	kMandarin17 retained
弸	U+5F38	péng	bēng péng	kMandarin17 retained
弹	U+5F39	dàn	dàn tán	kMandarin17 retained
强	U+5F3A	qiáng	jiàng qiáng qiǎng	kMandarin17 retained
弽	U+5F3D	shè	xiè shè yè	kMandarin17 retained
弾	U+5F3E	dàn	dàn tán	kMandarin17 retained
彈	U+5F48	dàn	dàn tán	kMandarin17 retained
彉	U+5F49	guō	kuò	kMandarin17 retained
彊	U+5F4A	jiàng	jiàng qiáng qiǎng	kMandarin17 retained
彍	U+5F4D	guō	kuò héng huò huáng	kMandarin17 retained
归	U+5F52	guī	guī kuì	kMandarin17 retained
当	U+5F53	dāng	dāng dǎng dàng	kMandarin17 retained
彠	U+5F60	yuē	huò	kMandarin17 retained
彡	U+5F61	shān	xiān shān	kMandarin17 retained
彣	U+5F63	wén	wén wèn	kMandarin17 retained
彲	U+5F72	chī	lí chī	kMandarin17 retained
彴	U+5F74	zhuó	bó zhuó	kMandarin17 retained
彵	U+5F75	tuǒ	tuó	kMandarin17 retained
彷	U+5F77	páng	páng fǎng	kMandarin17 retained
彽	U+5F7D	dī	dī chí	kMandarin17 retained
彾	U+5F7E	líng	líng lǐng	kMandarin17 retained
待	U+5F85	dài	dāi dài	kMandarin17 retained
徇	U+5F87	xùn	xún xùn	kMandarin17 retained
徊	U+5F8A	huái	huái huí	kMandarin17 retained
徍	U+5F8D	wǎng	wā	kMandarin17 retained
徎	U+5F8E	chěng	zhèng chěng	kMandarin17 retained
徏	U+5F8F	zhì	bù zhì	kMandarin17 retained
従	U+5F93	cóng	zōng zòng cōng cóng	kMandarin17 retained
徔	U+5F94	zhi	cóng	kMandarin17 retained
得	U+5F97	dé	dé de dǎi děi	kMandarin17 retained
徚	U+5F9A	dōng	liàn	kMandarin17 retained
從	U+5F9E	cóng	zōng zòng cōng cóng	kMandarin17 retained
徠	U+5FA0	lái	lái lài	kMandarin17 retained
御	U+5FA1	yù	yà yù	kMandarin17 retained
徧	U+5FA7	biàn	biàn piàn	kMandarin17 retained
復	U+5FA9	fù	fòu fù	kMandarin17 retained
徬	U+5FAC	páng	bàng páng	kMandarin17 retained
微	U+5FAE	wēi	wēi wéi	kMandarin17 retained
徱	U+5FB1	piào	biāo piāo piào	kMandarin17 retained
徲	U+5FB2	tí	chí	kMandarin17 retained
徴	U+5FB4	zhēng	zhǐ zhēng	kMandarin17 retained
徵	U+5FB5	zhǐ	zhǐ zhēng	kMandarin17 retained
徸	U+5FB8	chōng	dòng zhōng zhǒng chòng	kMandarin17 retained
徺	U+5FBA	jiǎo	jiǎo yáo	kMandarin17 retained
徻	U+5FBB	huì	wèi	kMandarin17 retained
徼	U+5FBC	jiào	jiāo jiǎo jiào yāo	kMandarin17 retained
徿	U+5FBF	lòng	lǒng lòng	kMandarin17 retained
忄	U+5FC4	xin	xīn	kMandarin17 retained
忊	U+5FCA	dìng	dìng tìng	kMandarin17 retained
忏	U+5FCF	chàn	qiān qiǎn chàn	kMandarin17 retained
忓	U+5FD3	gān	gān hàn	kMandarin17 retained
忔	U+5FD4	qì	qì yì	kMandarin17 retained
忕	U+5FD5	shì	tài shì	kMandarin17 retained
忘	U+5FD8	wàng	wáng wàng	kMandarin17 retained
忚	U+5FDA	xī	liě xī	kMandarin17 retained
忛	U+5FDB	fān	fān fán	kMandarin17 retained
応	U+5FDC	yīng	yīng yìng	kMandarin17 retained
忟	U+5FDF	wěn	mín	kMandarin17 retained
忧	U+5FE7	yōu	yōu yòu	kMandarin17 retained
忪	U+5FEA	sōng	zhōng sōng	kMandarin17 retained
忬	U+5FEC	yù	shū yù	kMandarin17 retained
忲	U+5FF2	tài	tài shì	kMandarin17 retained
忴	U+5FF4	qián	qián qín	kMandarin17 retained
忹	U+5FF9	kuáng	kuáng wǎng	kMandarin17 retained
忼	U+5FFC	kāng	kāng kǎng	kMandarin17 retained
忾	U+5FFE	kài	kài qì xī xì yì	kMandarin17 retained
怀	U+6000	huái	fù huái	kMandarin17 retained
怌	U+600C	pēi	pēi pī huái	kMandarin17 retained
怎	U+600E	zěn	zě zěn	kMandarin17 retained
怐	U+6010	jù	kòu	kMandarin17 retained
怔	U+6014	zhēng	lèng zhēng	kMandarin17 retained
怗	U+6017	tiē	tiē zhān	kMandarin17 retained
怘	U+6018	hù	gù hù	kMandarin17 retained
怜	U+601C	lián	lián líng	kMandarin17 retained
思	U+601D	sī	sī sì sāi	kMandarin17 retained
怞	U+601E	chóu	zhòu chóu yóu	kMandarin17 retained
怢	U+6022	tū	tú	kMandarin17 retained
怨	U+6028	yuàn	yuān yuàn	kMandarin17 retained
怫	U+602B	fú	bèi fèi fú	kMandarin17 retained
怬	U+602C	xì	xì sì	kMandarin17 retained
怯	U+602F	qiè	qiè què	kMandarin17 retained
怶	U+6036	bì	bì pī	kMandarin17 retained
怷	U+6037	shù	xī shù	kMandarin17 retained
怸	U+6038	xī	xī xí	kMandarin17 retained
总	U+603B	zǒng	zōng zǒng	kMandarin17 retained
怽	U+603D	mo	mò mí	kMandarin17 retained
恀	U+6040	shì	chǐ shì	kMandarin17 retained
恁	U+6041	nèn	nín rèn	kMandarin17 retained
恄	U+6044	xì	xī xì	kMandarin17 retained
恈	U+6048	móu	mú	kMandarin17 retained
恔	U+6054	jiǎo	xiào	kMandarin17 retained
恖	U+6056	sī	sī sì sāi	kMandarin17 retained
恗	U+6057	hū	kuā hū xū	kMandarin17 retained
恣	U+6063	zì	zī zì cī	kMandarin17 retained
恦	U+6066	shàng	xiàng	kMandarin17 retained
恪	U+606A	kè	kè què	kMandarin17 retained
恫	U+606B	dòng	dòng tōng	kMandarin17 retained
恮	U+606E	quān	quán	kMandarin17 retained
息	U+606F	xī	xí	kMandarin17 retained
恶	U+6076	è	ě è	kMandarin17 retained
恷	U+6077	xiao	xiāo	kMandarin17 retained
悁	U+6081	yuān	juān juàn	kMandarin17 retained
悂	U+6082	pī	bī pī pǐ	kMandarin17 retained
悄	U+6084	qiāo	qiǎo	kMandarin17 retained
悆	U+6086	yù	shū yù	kMandarin17 retained
悊	U+608A	zhé	qī zhé	kMandarin17 retained
悓	U+6093	qiàn	ní jiàn qiàn xiàn	kMandarin17 retained
悖	U+6096	bèi	bó bèi	kMandarin17 retained
悗	U+6097	mán	mán měn	kMandarin17 retained
悘	U+6098	yī	yī yì	kMandarin17 retained
悙	U+6099	hēng	hēng hèng	kMandarin17 retained
悚	U+609A	sǒng	sóng sǒng	kMandarin17 retained
悥	U+60A5	yì	niàn yì	kMandarin17 retained
悪	U+60AA	è	ě è wū wù	kMandarin17 retained
悶	U+60B6	mèn	mēn mèn	kMandarin17 retained
悹	U+60B9	guàn	guǎn guàn	kMandarin17 retained
悾	U+60BE	kōng	kōng kǒng	kMandarin17 retained
惀	U+60C0	lún	lún lùn	kMandarin17 retained
惃	U+60C3	gǔn	gūn kūn	kMandarin17 retained
惉	U+60C9	zhān	zhān chān	kMandarin17 retained
惊	U+60CA	jīng	liáng liàng hèn jīng	kMandarin17 retained
惋	U+60CB	wǎn	wàn	kMandarin17 retained
惏	U+60CF	lán	lán lín	kMandarin17 retained
惐	U+60D0	yù	xù yù	kMandarin17 retained
惒	U+60D2	hé	hé hè hàn hú huò huo	kMandarin17 retained
惛	U+60DB	hūn	mèn hūn	kMandarin17 retained
惜	U+60DC	xī	xí	kMandarin17 retained
惝	U+60DD	chǎng	tǎng chǎng	kMandarin17 retained
惡	U+60E1	è	ě è wū wù	kMandarin17 retained
惤	U+60E4	jiān	jiān xián	kMandarin17 retained
惥	U+60E5	yǒng	yú yǒng	kMandarin17 retained
惩	U+60E9	chéng	chéng chěng	kMandarin17 retained
惮	U+60EE	dàn	dān dàn	kMandarin17 retained
惺	U+60FA	xīng	xīng xǐng	kMandarin17 retained
惽	U+60FD	mǐn	mèn hūn	kMandarin17 retained
愀	U+6100	qiǎo	jiǔ qiǎo	kMandarin17 retained
愂	U+6102	bèi	bó bèi	kMandarin17 retained
愒	U+6112	kài	kài qì	kMandarin17 retained
愓	U+6113	dàng	shāng	kMandarin17 retained
愖	U+6116	chén	dān chén	kMandarin17 retained
愗	U+6117	mào	mòu	kMandarin17 retained
愙	U+6119	kè	kè què	kMandarin17 retained
愞	U+611E	nuò	nuò rú	kMandarin17 retained
感	U+611F	gǎn	gǎn hàn	kMandarin17 retained
愡	U+6121	zǒng	nǎo zǒng	kMandarin17 retained
愢	U+6122	sāi	xǐ sī sāi	kMandarin17 retained
愣	U+6123	lèng	lēng lèng	kMandarin17 retained
愰	U+6130	huàng	huǎng huàng	kMandarin17 retained
愸	U+6138	zhěng	zhěng yìn	kMandarin17 retained
愻	U+613B	xùn	sùn	kMandarin17 retained
愾	U+613E	kài	kài xì	kMandarin17 retained
慀	U+6140	xì	xì xié	kMandarin17 retained
慂	U+6142	yǒng	dòng tōng yú yǒng	kMandarin17 retained
慅	U+6145	sāo	cǎo sāo	kMandarin17 retained
慊	U+614A	qiàn	qiè qiàn	kMandarin17 retained
慌	U+614C	huāng	huāng huang	kMandarin17 retained
慐	U+6150	gong	gōng gòng hóng	kMandarin17 retained
慒	U+6152	cóng	zāo cóng	kMandarin17 retained
慓	U+6153	piāo	piào	kMandarin17 retained
慔	U+6154	mù	mò mù	kMandarin17 retained
慥	U+6165	zào	zào cào	kMandarin17 retained
慨	U+6168	kǎi	kǎi kài	kMandarin17 retained
慩	U+6169	lián	lián liǎn	kMandarin17 retained
慪	U+616A	òu	ōu òu	kMandarin17 retained
慯	U+616F	shāng	shāng shàng	kMandarin17 retained
慴	U+6174	shè	zhé	kMandarin17 retained
慵	U+6175	yōng	yōng yóng	kMandarin17 retained
慷	U+6177	kāng	kāng kǎng	kMandarin17 retained
慸	U+6178	dì	dì dié chì chài	kMandarin17 retained
慺	U+617A	lóu	lóu lǚ	kMandarin17 retained
憁	U+6181	còng	zǒng	kMandarin17 retained
憅	U+6185	tòng	dòng tòng	kMandarin17 retained
憆	U+6186	chēng	táng chēng	kMandarin17 retained
憇	U+6187	qì	qì xí	kMandarin17 retained
憌	U+618C	qióng	chún	kMandarin17 retained
憍	U+618D	jiāo	jiāo qiáo	kMandarin17 retained
憕	U+6195	chéng	dèng zhèng chéng	kMandarin17 retained
憗	U+6197	yìn	zhěng yìn	kMandarin17 retained
憘	U+6198	xǐ	xǐ xì	kMandarin17 retained
憙	U+6199	xǐ	xǐ xì	kMandarin17 retained
憞	U+619E	duì	duì dūn	kMandarin17 retained
憪	U+61AA	xián	xián xiàn	kMandarin17 retained
憭	U+61AD	liǎo	liáo liǎo	kMandarin17 retained
憷	U+61B7	chù	chǔ chù	kMandarin17 retained
憹	U+61B9	náo	náo nǎo nóng	kMandarin17 retained
憿	U+61BF	jiǎo	jī jiāo jiǎo	kMandarin17 retained
懁	U+61C1	xuān	huán xuān	kMandarin17 retained
懄	U+61C4	qín	jǐn qín	kMandarin17 retained
應	U+61C9	yīng	yīng yìng	kMandarin17 retained
懋	U+61CB	mào	mào mòu	kMandarin17 retained
懔	U+61D4	lǐn	lǎn lǐn	kMandarin17 retained
懕	U+61D5	yān	yān yàn	kMandarin17 retained
懖	U+61D6	kuò	guā	kMandarin17 retained
懙	U+61D9	yǔ	yú yǔ	kMandarin17 retained
懜	U+61DC	měng	méng měng mèng	kMandarin17 retained
懝	U+61DD	ài	nì ài	kMandarin17 retained
懞	U+61DE	méng	méng měng	kMandarin17 retained
懢	U+61E2	lán	lán xiàn	kMandarin17 retained
懬	U+61EC	kuàng	kuǎng	kMandarin17 retained
懳	U+61F3	hui	huì	kMandarin17 retained
懵	U+61F5	měng	méng měng	kMandarin17 retained
懶	U+61F6	lǎn	lài lǎn	kMandarin17 retained
懾	U+61FE	shè	zhé shè	kMandarin17 retained
戂	U+6202	mí	mó mí	kMandarin17 retained
戅	U+6205	gàng	gàng zhuàng	kMandarin17 retained
戆	U+6206	gàng	gàng zhuàng	kMandarin17 retained
戇	U+6207	zhuàng	gàng zhuàng	kMandarin17 retained
戏	U+620F	xì	hū huī xì	kMandarin17 retained
我	U+6211	wǒ	ě wǒ	kMandarin17 retained
戕	U+6215	qiāng	qiáng zāng	kMandarin17 retained
戚	U+621A	qī	qī cù	kMandarin17 retained
戝	U+621D	zéi	zé zéi	kMandarin17 retained
戞	U+621E	jiá	gā jiá	kMandarin17 retained
戠	U+6220	zhī	zhí chì shì	kMandarin17 retained
戧	U+6227	qiāng	qiāng qiàng	kMandarin17 retained
戬	U+622C	jiǎn	jiǎn jìn	kMandarin17 retained
戭	U+622D	yǎn	yǎn yǐn	kMandarin17 retained
戯	U+622F	hū	hū huī xì	kMandarin17 retained
戱	U+6231	xì	hū huī xì	kMandarin17 retained
戲	U+6232	xì	hū huī xì	kMandarin17 retained
戹	U+6239	è	è ài	kMandarin17 retained
戺	U+623A	shì	mén shì yí	kMandarin17 retained
扁	U+6241	biǎn	biǎn piān	kMandarin17 retained
扃	U+6243	jiōng	jiōng jiǒng	kMandarin17 retained
扄	U+6244	shǎng	jiōng shǎng	kMandarin17 retained
扇	U+6247	shàn	shān shàn	kMandarin17 retained
扌	U+624C	shou	shǒu	kMandarin17 retained
扎	U+624E	zhā	zhā zhá zhǎ	kMandarin17 retained
扒	U+6252	bā	bā bié pá	kMandarin17 retained
打	U+6253	dǎ	dá dǎ	kMandarin17 retained
扔	U+6254	rēng	rēng réng rěng rèng	kMandarin17 retained
扗	U+6257	zài	zhuàng zài	kMandarin17 retained
扛	U+625B	káng	gāng káng	kMandarin17 retained
扝	U+625D	kū	kū xū wū yū	kMandarin17 retained
扠	U+6260	chā	zhǎ chā	kMandarin17 retained
扡	U+6261	tuō	tuō zhǎ chǐ chā chuāi yǐ	kMandarin17 retained
扢	U+6262	gǔ	xì	kMandarin17 retained
扥	U+6265	dèn	dèn dùn	kMandarin17 retained
扩	U+6269	kuò	tǎng kuò	kMandarin17 retained
扫	U+626B	sǎo	sǎo sào	kMandarin17 retained
扮	U+626E	bàn	bàn fěn	kMandarin17 retained
扰	U+6270	rǎo	rǎo yòu	kMandarin17 retained
扲	U+6272	qián	qián qín chī	kMandarin17 retained
扳	U+6273	bān	bān pān	kMandarin17 retained
扵	U+6275	yú	wū yú	kMandarin17 retained
扸	U+6278	xī	xī zhē zhé shé	kMandarin17 retained
扻	U+627B	zhì	kǎn jié zì sǔn	kMandarin17 retained
扽	U+627D	dèn	dùn	kMandarin17 retained
抅	U+6285	jū	jū jú	kMandarin17 retained
抆	U+6286	wěn	wèn	kMandarin17 retained
把	U+628A	bǎ	bǎ bà bǎi	kMandarin17 retained
抌	U+628C	dǎn	dǎn zhěn	kMandarin17 retained
抐	U+6290	nè	nè nèn	kMandarin17 retained
抓	U+6293	zhuā	zhāo zhuā chuǎ	kMandarin17 retained
折	U+6298	zhé	zhē zhé shé	kMandarin17 retained
抚	U+629A	fǔ	fǔ wǔ	kMandarin17 retained
抝	U+629D	ǎo	niù ǎo ào yào yù	kMandarin17 retained
択	U+629E	zé	zhái zé	kMandarin17 retained
抟	U+629F	tuán	tuān tuán zhuàn	kMandarin17 retained
抠	U+62A0	kōu	kōu ōu	kMandarin17 retained
抡	U+62A1	lūn	liú lūn	kMandarin17 retained
抢	U+62A2	qiǎng	qiāng qiǎng qiàng	kMandarin17 retained
抣	U+62A3	yun	jūn yún	kMandarin17 retained
抦	U+62A6	bǐng	bǐng bìng	kMandarin17 retained
抧	U+62A7	zhǐ	zhǐ zhǎi	kMandarin17 retained
抩	U+62A9	nán	tān nán	kMandarin17 retained
抪	U+62AA	bù	bù pū	kMandarin17 retained
披	U+62AB	pī	pēi pī	kMandarin17 retained
抰	U+62B0	yāng	yāng yǎng	kMandarin17 retained
抲	U+62B2	hē	hē hé hè qiā	kMandarin17 retained
抵	U+62B5	dǐ	dǐ zhǐ	kMandarin17 retained
抷	U+62B7	pī	pēi pī	kMandarin17 retained
抸	U+62B8	jiā	zā	kMandarin17 retained
抹	U+62B9	mǒ	mǒ mò	kMandarin17 retained
抻	U+62BB	chēn	chēn shèn	kMandarin17 retained
押	U+62BC	yā	yā yá	kMandarin17 retained
抾	U+62BE	qū	jié qiè qū	kMandarin17 retained
拀	U+62C0	chù	zhù chù	kMandarin17 retained
拂	U+62C2	fú	bì fú	kMandarin17 retained
拃	U+62C3	zhǎ	zhǎn	kMandarin17 retained
担	U+62C5	dān	dá dān dàn jiē qì	kMandarin17 retained
拆	U+62C6	chāi	chè chāi	kMandarin17 retained
拈	U+62C8	niān	diān nián niǎn	kMandarin17 retained
拌	U+62CC	bàn	bàn pàn	kMandarin17 retained
拍	U+62CD	pāi	bó pā pò pāi	kMandarin17 retained
拎	U+62CE	līn	līng	kMandarin17 retained
拓	U+62D3	tà	tà tuō tuò zhí	kMandarin17 retained
拗	U+62D7	ào	niù ǎo ào yù	kMandarin17 retained
拙	U+62D9	zhuō	zhuó	kMandarin17 retained
招	U+62DB	zhāo	qiáo zhāo sháo	kMandarin17 retained
拞	U+62DE	dǐ	dí dǐ zhǐ	kMandarin17 retained
拟	U+62DF	nǐ	ní nǐ	kMandarin17 retained
拤	U+62E4	qiá	nòng lòng kǎ qiá	kMandarin17 retained
拧	U+62E7	níng	níng nǐng nìng	kMandarin17 retained
拨	U+62E8	bō	bō fá	kMandarin17 retained
择	U+62E9	zé	zhái zé zè	kMandarin17 retained
括	U+62EC	kuò	guā kuò	kMandarin17 retained
拵	U+62F5	cún	tún zùn cún	kMandarin17 retained
拶	U+62F6	zā	zá zǎn	kMandarin17 retained
拸	U+62F8	yí	chǐ	kMandarin17 retained
拽	U+62FD	zhuài	zhuāi zhuài yè	kMandarin17 retained
拾	U+62FE	shí	shī shí shè	kMandarin17 retained
挀	U+6300	bāi	bò	kMandarin17 retained
挃	U+6303	zhì	zhí	kMandarin17 retained
挅	U+6305	duǒ	duǒ duò chuǎi	kMandarin17 retained
挆	U+6306	duǒ	duǒ duò	kMandarin17 retained
挊	U+630A	nòng	nòng lòng	kMandarin17 retained
挍	U+630D	jiào	jiāo jiào xiào	kMandarin17 retained
挎	U+630E	kuà	kōu kū kuà	kMandarin17 retained
挏	U+630F	dòng	dòng tóng	kMandarin17 retained
挐	U+6310	ná	ná rú	kMandarin17 retained
挑	U+6311	tiāo	tiāo tiáo tiǎo	kMandarin17 retained
挖	U+6316	wā	wā wá	kMandarin17 retained
挛	U+631B	luán	liàn lüán	kMandarin17 retained
挜	U+631C	yà	yǎ yà	kMandarin17 retained
挝	U+631D	wō	zhuā wō	kMandarin17 retained
挟	U+631F	xié	jiá xiá xié	kMandarin17 retained
挠	U+6320	náo	náo nào xiāo	kMandarin17 retained
挡	U+6321	dǎng	dǎng dàng	kMandarin17 retained
挢	U+6322	jiǎo	jiāo jiǎo	kMandarin17 retained
挣	U+6323	zhēng	zhēng zhèng	kMandarin17 retained
挥	U+6325	huī	huī hún	kMandarin17 retained
挨	U+6328	āi	āi ái	kMandarin17 retained
挩	U+6329	tuō	tuō tuì shuì yǎn	kMandarin17 retained
挮	U+632E	tǐ	tǐ tì	kMandarin17 retained
振	U+632F	zhèn	zhēn zhèn	kMandarin17 retained
挱	U+6331	sā	shā sha sa suō	kMandarin17 retained
挲	U+6332	sā	sha sa suō	kMandarin17 retained
挳	U+6333	kēng	kēng kěng qiān	kMandarin17 retained
挵	U+6335	nòng	nòng lòng	kMandarin17 retained
挶	U+6336	jū	jú	kMandarin17 retained
挷	U+6337	péng	bāng bǎng bàng bēng bèng péng	kMandarin17 retained
挻	U+633B	shān	shān yán	kMandarin17 retained
挼	U+633C	ruá	nuó huī	kMandarin17 retained
挾	U+633E	xié	jiá xiá xié	kMandarin17 retained
捀	U+6340	féng	fēng féng	kMandarin17 retained
捁	U+6341	jiǎo	gǎo kù jiǎo	kMandarin17 retained
捅	U+6345	tǒng	tǒng sǒng	kMandarin17 retained
捋	U+634B	lǚ	lè luō lǚ	kMandarin17 retained
捎	U+634E	shāo	shāo shào	kMandarin17 retained
捑	U+6351	zè	shè zé	kMandarin17 retained
捒	U+6352	shù	shù cè sōu sǒng	kMandarin17 retained
捔	U+6354	jué	jué zhuó	kMandarin17 retained
捕	U+6355	bǔ	bǔ bù	kMandarin17 retained
捖	U+6356	wán	huán wán	kMandarin17 retained
捙	U+6359	yè	yì	kMandarin17 retained
捝	U+635D	tuō	tuō tuì shuì yǎn	kMandarin17 retained
捡	U+6361	jiǎn	jiān jiǎn jiàn	kMandarin17 retained
捤	U+6364	wěi	wēi	kMandarin17 retained
捥	U+6365	wàn	wān wǎn wàn yù	kMandarin17 retained
捩	U+6369	liè	lì liè	kMandarin17 retained
捬	U+636C	fǔ	fǔ wǔ	kMandarin17 retained
捭	U+636D	bǎi	bò bǎi	kMandarin17 retained
据	U+636E	jù	jū jù	kMandarin17 retained
捯	U+636F	dáo	dáo dǎo	kMandarin17 retained
捻	U+637B	niǎn	niē niǎn	kMandarin17 retained
捼	U+637C	ruó	nuó nuí ruó wéi	kMandarin17 retained
捽	U+637D	zuó	zú zuó	kMandarin17 retained
捾	U+637E	wò	xiá wò	kMandarin17 retained
捿	U+637F	qī	qī xī	kMandarin17 retained
掃	U+6383	sǎo	sǎo sào	kMandarin17 retained
掄	U+6384	lūn	lūn lún	kMandarin17 retained
掇	U+6387	duō	duō duó	kMandarin17 retained
掊	U+638A	póu	póu pǒu	kMandarin17 retained
掋	U+638B	dǐ	dǐ dì zhǐ	kMandarin17 retained
掍	U+638D	hùn	gǔn hǔn	kMandarin17 retained
排	U+6392	pái	pái pǎi	kMandarin17 retained
掓	U+6393	shū	shú	kMandarin17 retained
掕	U+6395	líng	léng líng lìng	kMandarin17 retained
掖	U+6396	yē	yì yē yè	kMandarin17 retained
掗	U+6397	yà	yǎ yà	kMandarin17 retained
掙	U+6399	zhēng	zhēng zhèng	kMandarin17 retained
掜	U+639C	yì	nǐ niē niǎn yǐ yì	kMandarin17 retained
掝	U+639D	huò	huò xù	kMandarin17 retained
掞	U+639E	yàn	shàn yàn	kMandarin17 retained
掟	U+639F	zhěng	dìng	kMandarin17 retained
探	U+63A2	tàn	tān tàn	kMandarin17 retained
掦	U+63A6	tì	tī	kMandarin17 retained
掫	U+63AB	zhōu	zōu	kMandarin17 retained
掬	U+63AC	jū	jú	kMandarin17 retained
掱	U+63B1	pá	shǒu	kMandarin17 retained
掲	U+63B2	jiē	jiē jié qì	kMandarin17 retained
掴	U+63B4	guāi	guó	kMandarin17 retained
掵	U+63B5	ming	mìng	kMandarin17 retained
掸	U+63B8	dǎn	dǎn shàn	kMandarin17 retained
掹	U+63B9	meng	mēng	kMandarin17 retained
掺	U+63BA	chān	chān shān shǎn càn	kMandarin17 retained
掿	U+63BF	nuò	nòu nì nù nuò ruò	kMandarin17 retained
揁	U+63C1	zhēng	kēng	kMandarin17 retained
揄	U+63C4	yú	yáo yóu yú	kMandarin17 retained
揆	U+63C6	kuí	kuí kuǐ	kMandarin17 retained
揊	U+63CA	pì	bì	kMandarin17 retained
提	U+63D0	tí	dī tí shí	kMandarin17 retained
揖	U+63D6	yī	jí yī	kMandarin17 retained
揗	U+63D7	xún	shǔn	kMandarin17 retained
揘	U+63D8	yóng	héng huáng	kMandarin17 retained
揙	U+63D9	biān	biān biàn	kMandarin17 retained
揝	U+63DD	zǎn	zuàn	kMandarin17 retained
揣	U+63E3	chuāi	chuǎi	kMandarin17 retained
揤	U+63E4	jí	jí jié	kMandarin17 retained
揥	U+63E5	tì	dì tì	kMandarin17 retained
揨	U+63E8	chén	chéng	kMandarin17 retained
揭	U+63ED	jiē	jiē qì	kMandarin17 retained
揯	U+63EF	gèn	gēng gèng	kMandarin17 retained
揲	U+63F2	dié	shé	kMandarin17 retained
揵	U+63F5	qián	jiàn qián	kMandarin17 retained
搀	U+6400	chān	chān shàn	kMandarin17 retained
搁	U+6401	gē	gē gé	kMandarin17 retained
搂	U+6402	lǒu	lōu lǒu	kMandarin17 retained
搃	U+6403	zǒng	zōng	kMandarin17 retained
搇	U+6407	qìn	qīn qìn	kMandarin17 retained
搈	U+6408	róng	yóng	kMandarin17 retained
搐	U+6410	chù	chōu chù	kMandarin17 retained
搑	U+6411	róng	fǔ náng nǎng róng rǒng	kMandarin17 retained
搒	U+6412	bàng	bāng bǎng bàng bēng bèng péng	kMandarin17 retained
搙	U+6419	nù	nòu nù nuò	kMandarin17 retained
搚	U+641A	lā	lā xié xiàn	kMandarin17 retained
搛	U+641B	jiān	lián jiān	kMandarin17 retained
搨	U+6428	tà	tā tà	kMandarin17 retained
搫	U+642B	pán	pó pán	kMandarin17 retained
搮	U+642E	lì	biāo piǎo lì	kMandarin17 retained
搱	U+6431	zhì	nái zhì	kMandarin17 retained
搲	U+6432	wā	wā wǎ	kMandarin17 retained
搳	U+6433	huá	huá xiá	kMandarin17 retained
搶	U+6436	qiǎng	qiāng qiǎng chuǎng	kMandarin17 retained
搹	U+6439	è	gé è	kMandarin17 retained
携	U+643A	xié	xī xié	kMandarin17 retained
搻	U+643B	nuò	nì nuò ruò	kMandarin17 retained
搽	U+643D	chá	chá cā	kMandarin17 retained
摂	U+6442	shè	zhé shè	kMandarin17 retained
摃	U+6443	káng	gāng gàng	kMandarin17 retained
摄	U+6444	shè	zhé shè	kMandarin17 retained
摅	U+6445	shū	lù shū	kMandarin17 retained
摆	U+6446	bǎi	bǎi bēi	kMandarin17 retained
摉	U+6449	sōu	sōu sǒu	kMandarin17 retained
摊	U+644A	tān	tān nàn	kMandarin17 retained
摋	U+644B	sà	shā sà	kMandarin17 retained
摌	U+644C	chǎn	chǎn sùn	kMandarin17 retained
摑	U+6451	guāi	guó	kMandarin17 retained
摕	U+6455	dì	dì tú	kMandarin17 retained
摖	U+6456	qì	qì chá	kMandarin17 retained
摗	U+6457	sōu	sōu sǒng	kMandarin17 retained
摘	U+6458	zhāi	tì zhāi	kMandarin17 retained
摚	U+645A	chēng	táng chēng	kMandarin17 retained
摞	U+645E	luò	luó luò	kMandarin17 retained
摟	U+645F	lǒu	lōu lóu lǒu	kMandarin17 retained
摡	U+6461	gài	gài xì	kMandarin17 retained
摢	U+6462	hù	hù chū shū	kMandarin17 retained
摤	U+6464	chuǎng	qiāng qiǎng chuǎng	kMandarin17 retained
摩	U+6469	mó	mā mó	kMandarin17 retained
摪	U+646A	jiāng	jiāng qiàng	kMandarin17 retained
摬	U+646C	yǐng	yìng	kMandarin17 retained
摱	U+6471	màn	mán màn	kMandarin17 retained
摲	U+6472	chàn	shàn	kMandarin17 retained
摴	U+6474	chū	shū	kMandarin17 retained
摶	U+6476	tuán	tuán zhuàn	kMandarin17 retained
摸	U+6478	mō	mō mó māo	kMandarin17 retained
摺	U+647A	zhé	zhé zhě	kMandarin17 retained
摻	U+647B	càn	chān shān shǎn càn	kMandarin17 retained
摼	U+647C	kēng	kēng qiān	kMandarin17 retained
摽	U+647D	biào	biāo biào piǎo	kMandarin17 retained
摾	U+647E	jiàng	lüè jiàng jīng	kMandarin17 retained
摿	U+647F	yáo	yáo yīn	kMandarin17 retained
撃	U+6483	jī	jí	kMandarin17 retained
撆	U+6486	piē	piē piě	kMandarin17 retained
撇	U+6487	piē	piē piě	kMandarin17 retained
撈	U+6488	lāo	lāo láo	kMandarin17 retained
撌	U+648C	guì	guì kuì	kMandarin17 retained
撍	U+648D	zǎn	qián zān zǎn zēn	kMandarin17 retained
撏	U+648F	xián	xún	kMandarin17 retained
撒	U+6492	sā	sā sǎ	kMandarin17 retained
撔	U+6494	hòng	hèng	kMandarin17 retained
撕	U+6495	sī	xī sī	kMandarin17 retained
撖	U+6496	hàn	gǎn	kMandarin17 retained
撗	U+6497	guàng	guàng huáng	kMandarin17 retained
撜	U+649C	zhěng	zhěng chéng	kMandarin17 retained
撞	U+649E	zhuàng	zhuàng chuáng	kMandarin17 retained
撟	U+649F	jiǎo	jiǎo jiào	kMandarin17 retained
撡	U+64A1	cāo	chān shān shǎn cāo cào càn	kMandarin17 retained
撢	U+64A2	dǎn	dǎn tàn	kMandarin17 retained
撣	U+64A3	dǎn	dǎn shàn	kMandarin17 retained
撧	U+64A7	juē	jué	kMandarin17 retained
撨	U+64A8	fǔ	xiāo xiào sōu	kMandarin17 retained
撩	U+64A9	liāo	liāo liáo	kMandarin17 retained
撬	U+64AC	qiào	qiāo qiào	kMandarin17 retained
播	U+64AD	bō	bò	kMandarin17 retained
撮	U+64AE	cuō	zuó zuǒ zuì cuō cuò	kMandarin17 retained
撱	U+64B1	wěi	tuǒ	kMandarin17 retained
撹	U+64B9	jiǎo	gǎo jiǎo	kMandarin17 retained
撾	U+64BE	wō	zhuā	kMandarin17 retained
擁	U+64C1	yōng	yōng yǒng	kMandarin17 retained
擂	U+64C2	léi	léi lèi	kMandarin17 retained
擄	U+64C4	lǔ	lǔ luǒ	kMandarin17 retained
擇	U+64C7	zé	zhái zé	kMandarin17 retained
擈	U+64C8	pū	pū pú	kMandarin17 retained
擉	U+64C9	chuò	chù	kMandarin17 retained
擊	U+64CA	jī	jí	kMandarin17 retained
擌	U+64CC	sè	suǒ	kMandarin17 retained
操	U+64CD	cāo	cāo cào	kMandarin17 retained
擏	U+64CF	qíng	jǐng jìng qíng	kMandarin17 retained
擓	U+64D3	kuǎi	kuāi	kMandarin17 retained
擔	U+64D4	dān	dān dàn	kMandarin17 retained
擕	U+64D5	xié	xī xié	kMandarin17 retained
擖	U+64D6	kā	gé gě jiā qiā zhá yè	kMandarin17 retained
擗	U+64D7	pǐ	pì	kMandarin17 retained
擞	U+64DE	sǒu	sǒu sòu	kMandarin17 retained
擩	U+64E9	rǔ	rù ruí	kMandarin17 retained
擪	U+64EA	yè	yè yàn	kMandarin17 retained
擭	U+64ED	wò	huò	kMandarin17 retained
擮	U+64EE	jié	jiā jié	kMandarin17 retained
擰	U+64F0	níng	níng nǐng nìng	kMandarin17 retained
擲	U+64F2	zhì	zhí	kMandarin17 retained
擳	U+64F3	zhì	jié	kMandarin17 retained
擵	U+64F5	mó	mā mó	kMandarin17 retained
擷	U+64F7	xié	jié xié	kMandarin17 retained
擸	U+64F8	liè	là liè	kMandarin17 retained
擻	U+64FB	sǒu	sǒu sòu	kMandarin17 retained
擿	U+64FF	tī	tì zhí	kMandarin17 retained
攂	U+6502	lèi	léi lèi	kMandarin17 retained
攃	U+6503	cā	cà sà	kMandarin17 retained
攅	U+6505	zǎn	zǎn cuán	kMandarin17 retained
攈	U+6508	jùn	jūn jùn	kMandarin17 retained
攉	U+6509	huō	huò	kMandarin17 retained
攊	U+650A	lì	lì lüè	kMandarin17 retained
攋	U+650B	là	là lǎi lài lǎn	kMandarin17 retained
攌	U+650C	huǎn	hàn	kMandarin17 retained
攒	U+6512	zǎn	zān zǎn cuán	kMandarin17 retained
攘	U+6518	rǎng	ráng rǎng	kMandarin17 retained
攜	U+651C	xié	xī xié	kMandarin17 retained
攝	U+651D	shè	niè shè	kMandarin17 retained
攞	U+651E	luó	luō luó luǒ	kMandarin17 retained
攟	U+651F	jùn	jūn jùn	kMandarin17 retained
攡	U+6521	chī	lí chī	kMandarin17 retained
攢	U+6522	zǎn	zǎn cuán	kMandarin17 retained
攣	U+6523	luán	liàn luán lüán	kMandarin17 retained
攨	U+6528	wā	wā wǎ	kMandarin17 retained
攪	U+652A	jiǎo	gǎo jiǎo	kMandarin17 retained
攭	U+652D	lì	lì luǒ	kMandarin17 retained
攰	U+6530	guì	guǐ guì qī	kMandarin17 retained
攱	U+6531	guǐ	guǐ guì	kMandarin17 retained
攳	U+6533	xún	xín xún	kMandarin17 retained
攵	U+6535	pū	pū zhī wén wèn	kMandarin17 retained
攺	U+653A	yǐ	gǎi sì yǐ	kMandarin17 retained
攽	U+653D	bān	bān bīn	kMandarin17 retained
放	U+653E	fàng	fǎng fàng	kMandarin17 retained
敀	U+6540	pò	bó	kMandarin17 retained
敆	U+6546	hé	gé	kMandarin17 retained
敌	U+654C	dí	dí huá qì	kMandarin17 retained
敎	U+654E	jiào	jiāo jiào	kMandarin17 retained
敐	U+6550	chén	zhěn chén	kMandarin17 retained
敖	U+6556	áo	áo ào	kMandarin17 retained
教	U+6559	jiào	jiāo jiào	kMandarin17 retained
敠	U+6560	duō	duó	kMandarin17 retained
散	U+6563	sàn	sǎn sàn	kMandarin17 retained
敦	U+6566	dūn	duī duì dūn dùn	kMandarin17 retained
敧	U+6567	jī	jī qī qǐ	kMandarin17 retained
敨	U+6568	tǒu	dǒu tǒu	kMandarin17 retained
敪	U+656A	duō	duó	kMandarin17 retained
敫	U+656B	jiǎo	jiāo jiào yào	kMandarin17 retained
敮	U+656E	xiá	xiā	kMandarin17 retained
敯	U+656F	mǐn	mǐn hūn	kMandarin17 retained
数	U+6570	shù	shǔ shù shuò cù sù	kMandarin17 retained
敱	U+6571	ái	zhū zhú ái	kMandarin17 retained
敶	U+6576	zhèn	zhèn chén	kMandarin17 retained
數	U+6578	shù	shǔ shù shuò cù sù	kMandarin17 retained
敺	U+657A	qū	qū ōu	kMandarin17 retained
敼	U+657C	yǐ	xǐ	kMandarin17 retained
敿	U+657F	jiǎo	jiǎo qiáo	kMandarin17 retained
斁	U+6581	yì	dù tú yì	kMandarin17 retained
斂	U+6582	liǎn	liàn	kMandarin17 retained
斅	U+6585	xiào	jiāo jiào xiáo xué	kMandarin17 retained
文	U+6587	wén	wén wèn	kMandarin17 retained
斈	U+6588	xué	xiáo xué	kMandarin17 retained
斉	U+6589	qí	jì qí zhāi zī	kMandarin17 retained
斊	U+658A	qí	jì qí zhāi zī	kMandarin17 retained
斍	U+658D	jué	jiǎo jiào jué	kMandarin17 retained
斐	U+6590	fěi	fēi fěi	kMandarin17 retained
斗	U+6597	dòu	dǒu	kMandarin17 retained
斜	U+659C	xié	xiá xié yé	kMandarin17 retained
斡	U+65A1	wò	guǎn wò	kMandarin17 retained
斢	U+65A2	tiǎo	tǒu tòu	kMandarin17 retained
斦	U+65A6	yín	zhì yín	kMandarin17 retained
斩	U+65A9	zhǎn	zhǎn zhàn	kMandarin17 retained
斪	U+65AA	qú	jū qú	kMandarin17 retained
斮	U+65AE	cuò	zhuó	kMandarin17 retained
斸	U+65B8	zhǔ	zhú	kMandarin17 retained
斺	U+65BA	chǎn	xiè	kMandarin17 retained
於	U+65BC	yú	wū yú	kMandarin17 retained
施	U+65BD	shī	shī yī yí yì	kMandarin17 retained
旁	U+65C1	páng	bàng páng péng	kMandarin17 retained
旄	U+65C4	máo	máo mào	kMandarin17 retained
旇	U+65C7	pī	bèi pī	kMandarin17 retained
旉	U+65C9	fū	fū fú	kMandarin17 retained
旋	U+65CB	xuán	xuán xuàn	kMandarin17 retained
旘	U+65D8	zhì	zhì chì	kMandarin17 retained
旙	U+65D9	fān	fán	kMandarin17 retained
旜	U+65DC	zhān	dān zhān	kMandarin17 retained
无	U+65E0	wú	mó mú wú	kMandarin17 retained
日	U+65E5	rì	mì rì	kMandarin17 retained
旲	U+65F2	tái	tái yīng	kMandarin17 retained
旽	U+65FD	tūn	tūn zhùn	kMandarin17 retained
昁	U+6601	bèi	pō pèi	kMandarin17 retained
昅	U+6605	jié	jí jié	kMandarin17 retained
昔	U+6614	xī	xí cuò	kMandarin17 retained
昘	U+6618	fǎng	màn fǎng wàn	kMandarin17 retained
昙	U+6619	tán	yù	kMandarin17 retained
昞	U+661E	bǐng	bǐng fǎng	kMandarin17 retained
昢	U+6622	pò	pò pěi pèi	kMandarin17 retained
昤	U+6624	líng	līng líng	kMandarin17 retained
昫	U+662B	xù	xǔ	kMandarin17 retained
昮	U+662E	zòng	gōng zòng	kMandarin17 retained
昰	U+6630	shì	jiǎ xià shì	kMandarin17 retained
昲	U+6632	fèi	fèi fú	kMandarin17 retained
昳	U+6633	dié	dié yì	kMandarin17 retained
昵	U+6635	nì	nì zhí	kMandarin17 retained
昷	U+6637	wēn	jǔ wēn	kMandarin17 retained
晃	U+6643	huǎng	huǎng huàng	kMandarin17 retained
晄	U+6644	huǎng	huǎng huàng	kMandarin17 retained
晅	U+6645	xuǎn	xuān	kMandarin17 retained
晇	U+6647	xū	kuā xū xù	kMandarin17 retained
晈	U+6648	jiǎo	jiāo jiǎo	kMandarin17 retained
晊	U+664A	zhì	zhǐ zhì	kMandarin17 retained
晕	U+6655	yūn	yùn	kMandarin17 retained
晟	U+665F	chéng	chéng shèng	kMandarin17 retained
晠	U+6660	shèng	chéng shèng	kMandarin17 retained
晥	U+6665	wǎn	hàn huǎn wǎn	kMandarin17 retained
景	U+666F	jǐng	jǐng yǐng	kMandarin17 retained
晲	U+6672	nǐ	yǐ	kMandarin17 retained
晸	U+6678	zhěng	zhěn zhěng	kMandarin17 retained
晻	U+667B	àn	ǎn àn yǎn	kMandarin17 retained
暃	U+6683	fēi	féi	kMandarin17 retained
暅	U+6685	gèng	xuān yuán	kMandarin17 retained
暇	U+6687	xiá	xiá xià	kMandarin17 retained
暈	U+6688	yūn	yìn yūn yùn	kMandarin17 retained
暊	U+668A	xǔ	fǔ	kMandarin17 retained
暍	U+668D	yē	hè yè	kMandarin17 retained
暏	U+668F	shǔ	shǔ shù	kMandarin17 retained
暖	U+6696	nuǎn	nuǎn xuān	kMandarin17 retained
暝	U+669D	míng	míng mìng	kMandarin17 retained
暤	U+66A4	hào	gāo hào	kMandarin17 retained
暩	U+66A9	jì	guì	kMandarin17 retained
暪	U+66AA	mèn	měn	kMandarin17 retained
暫	U+66AB	zàn	zhàn zàn	kMandarin17 retained
暬	U+66AC	xiè	niè xiè	kMandarin17 retained
暭	U+66AD	hào	gāo hào	kMandarin17 retained
暴	U+66B4	bào	bō bào pù	kMandarin17 retained
暸	U+66B8	liáo	liǎo	kMandarin17 retained
暺	U+66BA	tǎn	dàn	kMandarin17 retained
暼	U+66BC	piē	piāo	kMandarin17 retained
曃	U+66C3	dài	tài	kMandarin17 retained
曅	U+66C5	yè	huá yè	kMandarin17 retained
曋	U+66CB	shěn	qǐn shěn	kMandarin17 retained
曍	U+66CD	hào	gāo hào	kMandarin17 retained
曏	U+66CF	xiǎng	xiàng	kMandarin17 retained
曑	U+66D1	shēn	shēn cān cēn sān	kMandarin17 retained
曓	U+66D3	bào	bào pù	kMandarin17 retained
曗	U+66D7	yè	huá yè	kMandarin17 retained
曙	U+66D9	shǔ	shù	kMandarin17 retained
曜	U+66DC	yào	yào yuè	kMandarin17 retained
曡	U+66E1	dié	dá dié	kMandarin17 retained
曢	U+66E2	liǎo	liáo	kMandarin17 retained
曥	U+66E5	lú	lǘ	kMandarin17 retained
曱	U+66F1	yuē	yā	kMandarin17 retained
曲	U+66F2	qū	qū qǔ	kMandarin17 retained
曳	U+66F3	yè	yì yè	kMandarin17 retained
更	U+66F4	gèng	gēng gèng jīng	kMandarin17 retained
曵	U+66F5	yè	yì yè	kMandarin17 retained
曼	U+66FC	màn	màn wàn	kMandarin17 retained
曽	U+66FD	cēng	zēng	kMandarin17 retained
曾	U+66FE	céng	zēng céng	kMandarin17 retained
朂	U+6702	xù	mào xù	kMandarin17 retained
會	U+6703	huì	guì kuài huǐ huì	kMandarin17 retained
朄	U+6704	yǐn	yìn	kMandarin17 retained
朇	U+6707	pí	bì pí	kMandarin17 retained
有	U+6709	yǒu	yǒu yòu	kMandarin17 retained
朊	U+670A	ruǎn	guǎn ruǎn	kMandarin17 retained
朌	U+670C	fén	bān	kMandarin17 retained
朑	U+6711	tì	shì	kMandarin17 retained
朘	U+6718	zuī	juān	kMandarin17 retained
朚	U+671A	huāng	máng mèng huāng wáng	kMandarin17 retained
朝	U+671D	cháo	zhāo cháo	kMandarin17 retained
朞	U+671E	jī	jī qī qí	kMandarin17 retained
期	U+671F	qī	jī qī qí	kMandarin17 retained
朡	U+6721	zōng	zōng zǒng	kMandarin17 retained
朩	U+6729	děng	pìn	kMandarin17 retained
朮	U+672E	shù	zhú	kMandarin17 retained
术	U+672F	shù	zhú shú shù suì	kMandarin17 retained
朰	U+6730	mù	wèi	kMandarin17 retained
朱	U+6731	zhū	zhū shú	kMandarin17 retained
朴	U+6734	pǔ	pò pú	kMandarin17 retained
朷	U+6737	dāo	mù dāo tiáo	kMandarin17 retained
朹	U+6739	guǐ	qiú	kMandarin17 retained
机	U+673A	jī	jī jǐ	kMandarin17 retained
朾	U+673E	chéng	tīng	kMandarin17 retained
杂	U+6742	zá	guǐ jiù qiú	kMandarin17 retained
杈	U+6748	chā	chā chà	kMandarin17 retained
杉	U+6749	shān	shā shān	kMandarin17 retained
杋	U+674B	fán	fán xìn	kMandarin17 retained
杒	U+6752	rèn	rèn ér	kMandarin17 retained
杓	U+6753	biāo	biāo sháo	kMandarin17 retained
杔	U+6754	tuō	tuō zhé	kMandarin17 retained
杕	U+6755	dì	dì duò	kMandarin17 retained
杚	U+675A	gài	gǔ	kMandarin17 retained
杝	U+675D	lí	yí	kMandarin17 retained
杠	U+6760	gàng	gāng gàng	kMandarin17 retained
条	U+6761	tiáo	dí tiáo	kMandarin17 retained
杢	U+6762	jié	gōng	kMandarin17 retained
杣	U+6763	mián	shān	kMandarin17 retained
来	U+6765	lái	lái lài	kMandarin17 retained
杫	U+676B	sì	xǐ zhǐ sì	kMandarin17 retained
杬	U+676C	yuán	wàn yuán	kMandarin17 retained
杮	U+676E	fèi	fèi lín	kMandarin17 retained
杷	U+6777	pá	bà ba pá pa	kMandarin17 retained
杺	U+677A	xīn	xīn xín	kMandarin17 retained
杻	U+677B	chǒu	niǔ chǒu	kMandarin17 retained
枀	U+6780	sōng	róng sōng	kMandarin17 retained
枂	U+6782	wò	wò yuè	kMandarin17 retained
枃	U+6783	jìn	jìn yún	kMandarin17 retained
构	U+6784	gòu	gōu	kMandarin17 retained
枒	U+6792	yā	yá	kMandarin17 retained
枓	U+6793	dǒu	dǒu zhǔ	kMandarin17 retained
枔	U+6794	xín	xún	kMandarin17 retained
枕	U+6795	zhěn	zhěn zhèn	kMandarin17 retained
枖	U+6796	yāo	yāo yǎo	kMandarin17 retained
枘	U+6798	ruì	nèn ruì	kMandarin17 retained
枙	U+6799	ě	é è	kMandarin17 retained
枝	U+679D	zhī	qí zhī	kMandarin17 retained
枟	U+679F	yùn	tán yùn	kMandarin17 retained
枠	U+67A0	huà	zuì	kMandarin17 retained
枢	U+67A2	shū	qū shū	kMandarin17 retained
枤	U+67A4	dì	fú	kMandarin17 retained
枦	U+67A6	lú	hù	kMandarin17 retained
枬	U+67AC	zhān	dān	kMandarin17 retained
枱	U+67B1	tái	tái cí yí	kMandarin17 retained
枳	U+67B3	zhǐ	jǐ zhǐ	kMandarin17 retained
枸	U+67B8	gǒu	gōu gǒu jǔ	kMandarin17 retained
枹	U+67B9	bāo	bāo fū fú	kMandarin17 retained
枽	U+67BD	yè	sāng yè	kMandarin17 retained
枾	U+67BE	shì	lín shì	kMandarin17 retained
枿	U+67BF	niè	niè è	kMandarin17 retained
柁	U+67C1	tuó	duò	kMandarin17 retained
柄	U+67C4	bǐng	bǐng bìng	kMandarin17 retained
柈	U+67C8	bàn	pán pàn	kMandarin17 retained
柉	U+67C9	fán	biān fān fán	kMandarin17 retained
柍	U+67CD	yǎng	yāng	kMandarin17 retained
柏	U+67CF	bǎi	bó bǎi	kMandarin17 retained
柑	U+67D1	gān	gān qián	kMandarin17 retained
柕	U+67D5	mào	mào mòu	kMandarin17 retained
柖	U+67D6	sháo	sháo shào	kMandarin17 retained
柜	U+67DC	guì	guì kuì jǔ	kMandarin17 retained
柞	U+67DE	zhà	zé zuò	kMandarin17 retained
柠	U+67E0	níng	níng chǔ	kMandarin17 retained
柣	U+67E3	zhì	dié zhí	kMandarin17 retained
查	U+67E5	chá	zhā chá	kMandarin17 retained
柨	U+67E8	bù	bù pū	kMandarin17 retained
柫	U+67EB	fú	bì fú	kMandarin17 retained
柭	U+67ED	bā	bá bō fú	kMandarin17 retained
柴	U+67F4	chái	zhài chái	kMandarin17 retained
柵	U+67F5	shān	zhà shàn	kMandarin17 retained
柷	U+67F7	zhù	zhù chù	kMandarin17 retained
柹	U+67F9	shì	fèi shì	kMandarin17 retained
査	U+67FB	zhā	zhā chá	kMandarin17 retained
柼	U+67FC	yǎo	yáo yǎo	kMandarin17 retained
柽	U+67FD	chēng	jué chēng	kMandarin17 retained
柾	U+67FE	jiù	jiǔ jiù	kMandarin17 retained
栅	U+6805	zhà	zhà shàn	kMandarin17 retained
栕	U+6815	zhēn	guān zhēn zhèn chén	kMandarin17 retained
栖	U+6816	qī	qī xī	kMandarin17 retained
栜	U+681C	sè	cì sè sù	kMandarin17 retained
栝	U+681D	guā	tiàn guā kuò	kMandarin17 retained
栟	U+681F	bēn	bīng píng	kMandarin17 retained
校	U+6821	xiào	jiào xiào	kMandarin17 retained
栢	U+6822	bǎi	bó bǎi	kMandarin17 retained
栨	U+6828	cì	jié cì	kMandarin17 retained
栯	U+682F	yǒu	yǒu yù	kMandarin17 retained
栰	U+6830	fá	fā fá fèi	kMandarin17 retained
栵	U+6835	liè	lì	kMandarin17 retained
样	U+6837	yàng	yáng	kMandarin17 retained
栺	U+683A	yì	zhǐ	kMandarin17 retained
桁	U+6841	héng	háng hàng héng	kMandarin17 retained
桄	U+6844	guāng	guāng guàng	kMandarin17 retained
桅	U+6845	wéi	guǐ wéi	kMandarin17 retained
桉	U+6849	ān	àn	kMandarin17 retained
桊	U+684A	juàn	juàn quān	kMandarin17 retained
桔	U+6854	jié	jié jú	kMandarin17 retained
桕	U+6855	jiù	gāo jiù	kMandarin17 retained
桗	U+6857	duò	duō duò	kMandarin17 retained
桘	U+6858	zhuì	zhuī chuí	kMandarin17 retained
桙	U+6859	yú	móu yú	kMandarin17 retained
桚	U+685A	zǎn	zá zǎn	kMandarin17 retained
桧	U+6867	guì	huì	kMandarin17 retained
桬	U+686C	shā	shā suō	kMandarin17 retained
桭	U+686D	zhēn	zhēn zhèn	kMandarin17 retained
桯	U+686F	tīng	tīng yíng	kMandarin17 retained
桰	U+6870	kuò	tiàn guā kuò	kMandarin17 retained
桲	U+6872	po	bó	kMandarin17 retained
桵	U+6875	ruí	ruǐ	kMandarin17 retained
桾	U+687E	jūn	jūn qún	kMandarin17 retained
梀	U+6880	sù	cì cù sè sù	kMandarin17 retained
梎	U+688E	āo	yāo yòu	kMandarin17 retained
梕	U+6895	rèn	rèn ér	kMandarin17 retained
梘	U+6898	jiǎn	jiǎn jiàn xiàn	kMandarin17 retained
梜	U+689C	jiā	jiá jié	kMandarin17 retained
梟	U+689F	xiāo	jiāo xiāo	kMandarin17 retained
梡	U+68A1	hún	kuǎn	kMandarin17 retained
梣	U+68A3	chén	chén cén	kMandarin17 retained
梤	U+68A4	fén	fēn fén	kMandarin17 retained
梧	U+68A7	wú	wú wù	kMandarin17 retained
梫	U+68AB	qǐn	qīn qǐn cēn	kMandarin17 retained
梬	U+68AC	yǐng	chěng yǐng	kMandarin17 retained
梮	U+68AE	jū	jú	kMandarin17 retained
械	U+68B0	xiè	jiè xiè	kMandarin17 retained
梲	U+68B2	zhuó	tuō zhuó	kMandarin17 retained
梹	U+68B9	bīn	bīn bīng	kMandarin17 retained
棁	U+68C1	zhuō	tuō zhuó	kMandarin17 retained
棅	U+68C5	bǐng	bǐng bìng	kMandarin17 retained
棊	U+68CA	qí	jī qí	kMandarin17 retained
棋	U+68CB	qí	jī qí	kMandarin17 retained
棌	U+68CC	cài	cǎi	kMandarin17 retained
棏	U+68CF	dé	zhé	kMandarin17 retained
棑	U+68D1	pái	bèi pái pǎi fěi	kMandarin17 retained
棓	U+68D3	bèi	bàng péi pǒu	kMandarin17 retained
棙	U+68D9	lì	lì liè	kMandarin17 retained
棞	U+68DE	jùn	kǔn hún jùn	kMandarin17 retained
棣	U+68E3	dì	dì tì	kMandarin17 retained
棤	U+68E4	cuò	xí cuò	kMandarin17 retained
棲	U+68F2	qī	qī xī	kMandarin17 retained
棳	U+68F3	zhuō	zhuó	kMandarin17 retained
棵	U+68F5	kē	kē kě	kMandarin17 retained
棹	U+68F9	zhào	zhào zhuō	kMandarin17 retained
棾	U+68FE	qíng	qióng	kMandarin17 retained
棿	U+68FF	ní	ní niè	kMandarin17 retained
椅	U+6905	yǐ	yī yǐ	kMandarin17 retained
椉	U+6909	chéng	chéng shèng	kMandarin17 retained
椊	U+690A	zuó	zuó cuì	kMandarin17 retained
椎	U+690E	zhuī	zhuī chuí	kMandarin17 retained
椑	U+6911	bēi	bēi pí	kMandarin17 retained
椝	U+691D	guī	chāng	kMandarin17 retained
椟	U+691F	dú	mēn	kMandarin17 retained
椦	U+6926	quan	quàn	kMandarin17 retained
椫	U+692B	shàn	dān	kMandarin17 retained
椮	U+692E	sēn	sān sǎn sēn	kMandarin17 retained
椯	U+692F	duǒ	duó duǒ chuán	kMandarin17 retained
椰	U+6930	yē	yé	kMandarin17 retained
椵	U+6935	jiǎ	duàn jiā jiǎ	kMandarin17 retained
椹	U+6939	shèn	zhēn shèn	kMandarin17 retained
椾	U+693E	jiān	jiān zhàn	kMandarin17 retained
楁	U+6941	hé	kè hé	kMandarin17 retained
楂	U+6942	zhā	zhā chá	kMandarin17 retained
楄	U+6944	pián	biān pián	kMandarin17 retained
楅	U+6945	bī	bì fú	kMandarin17 retained
楇	U+6947	huò	gē guǒ kuǎ	kMandarin17 retained
楎	U+694E	huī	huī hún	kMandarin17 retained
楏	U+694F	kuí	kuī kuí	kMandarin17 retained
楔	U+6954	xiē	xiē xiè	kMandarin17 retained
楖	U+6956	zhì	jí jié	kMandarin17 retained
楗	U+6957	jiàn	juàn	kMandarin17 retained
楙	U+6959	mào	mào mòu	kMandarin17 retained
楛	U+695B	hù	kǔ hù	kMandarin17 retained
楞	U+695E	léng	léng lèng	kMandarin17 retained
楤	U+6964	sǒng	cōng	kMandarin17 retained
楧	U+6967	yǎng	yāng	kMandarin17 retained
楬	U+696C	jié	jié qià	kMandarin17 retained
業	U+696D	yè	niè yè	kMandarin17 retained
楯	U+696F	dùn	shǔn	kMandarin17 retained
楱	U+6971	zòu	còu	kMandarin17 retained
楴	U+6974	tì	dì	kMandarin17 retained
楺	U+697A	rǒu	róu	kMandarin17 retained
楻	U+697B	huáng	héng	kMandarin17 retained
楽	U+697D	lè	lè lào yào yuè	kMandarin17 retained
榃	U+6983	tán	lín lǐn	kMandarin17 retained
榅	U+6985	wēn	wù	kMandarin17 retained
榋	U+698B	chu	chū	kMandarin17 retained
榌	U+698C	bī	fēi	kMandarin17 retained
榗	U+6997	jiàn	jiàn jìn	kMandarin17 retained
榙	U+6999	tā	tā tǎ	kMandarin17 retained
榚	U+699A	yǎo	gāo yǎo	kMandarin17 retained
榜	U+699C	bǎng	bǎng bèng	kMandarin17 retained
榝	U+699D	shā	shā shà	kMandarin17 retained
榥	U+69A5	huàng	huǎng	kMandarin17 retained
榦	U+69A6	gàn	gàn hán	kMandarin17 retained
榲	U+69B2	wēn	wù	kMandarin17 retained
榼	U+69BC	kē	kè	kMandarin17 retained
槆	U+69C6	chūn	xún	kMandarin17 retained
槍	U+69CD	qiāng	qiāng chēng	kMandarin17 retained
様	U+69D8	yàng	xiàng yàng	kMandarin17 retained
槛	U+69DB	kǎn	jiàn	kMandarin17 retained
槜	U+69DC	zuì	zhì	kMandarin17 retained
槣	U+69E3	jī	guī jī	kMandarin17 retained
槦	U+69E6	yōng	yóng	kMandarin17 retained
槩	U+69E9	gài	gài kài	kMandarin17 retained
槪	U+69EA	gài	gài kài	kMandarin17 retained
槭	U+69ED	qì	cù	kMandarin17 retained
槮	U+69EE	sēn	sǎn sēn	kMandarin17 retained
槶	U+69F6	guì	guó guì kuì	kMandarin17 retained
槷	U+69F7	niè	niè xiē xiè yì	kMandarin17 retained
槺	U+69FA	kāng	liáng kāng	kMandarin17 retained
槽	U+69FD	cáo	zāo cáo	kMandarin17 retained
槾	U+69FE	màn	mán	kMandarin17 retained
樂	U+6A02	lè	lè lào yào yuè	kMandarin17 retained
樃	U+6A03	lǎng	láng	kMandarin17 retained
樍	U+6A0D	zé	jī	kMandarin17 retained
樗	U+6A17	chū	shū	kMandarin17 retained
樘	U+6A18	táng	táng chēng	kMandarin17 retained
標	U+6A19	biāo	biāo piǎo	kMandarin17 retained
模	U+6A21	mó	mó mú	kMandarin17 retained
樢	U+6A22	niǎo	mù niǎo	kMandarin17 retained
樣	U+6A23	yàng	xiàng yàng	kMandarin17 retained
樤	U+6A24	tiáo	dí tiáo	kMandarin17 retained
樨	U+6A28	xī	xī xū	kMandarin17 retained
横	U+6A2A	héng	héng hèng	kMandarin17 retained
樷	U+6A37	cóng	cōng cóng	kMandarin17 retained
樸	U+6A38	pǔ	pú	kMandarin17 retained
樿	U+6A3F	shàn	zhǎn shàn	kMandarin17 retained
橁	U+6A41	chūn	xún chūn	kMandarin17 retained
橃	U+6A43	fá	fá fèi	kMandarin17 retained
橅	U+6A45	mó	mó mú	kMandarin17 retained
橈	U+6A48	ráo	náo	kMandarin17 retained
橎	U+6A4E	fán	fán fǎn	kMandarin17 retained
橑	U+6A51	liáo	lǎo	kMandarin17 retained
橔	U+6A54	dūn	dūn tuí	kMandarin17 retained
橝	U+6A5D	diàn	diàn tán	kMandarin17 retained
橦	U+6A66	tóng	tóng chuáng chōng	kMandarin17 retained
橨	U+6A68	fén	fèi fén fèn	kMandarin17 retained
橫	U+6A6B	héng	héng hèng	kMandarin17 retained
橭	U+6A6D	gū	gū kū	kMandarin17 retained
橴	U+6A74	zǐ	zǐ cā	kMandarin17 retained
橵	U+6A75	san	sān sǎn	kMandarin17 retained
橶	U+6A76	jí	jí jǐ	kMandarin17 retained
橺	U+6A7A	jian	jiān	kMandarin17 retained
橻	U+6A7B	chu	chū	kMandarin17 retained
橾	U+6A7E	shū	qiāo shū cāo cào sāo	kMandarin17 retained
檅	U+6A85	huì	suì	kMandarin17 retained
檆	U+6A86	shān	shā shān	kMandarin17 retained
檋	U+6A8B	jú	jù	kMandarin17 retained
檏	U+6A8F	pǔ	pú pǔ	kMandarin17 retained
檔	U+6A94	dàng	dǎng dàng	kMandarin17 retained
檘	U+6A98	píng	bò bì píng	kMandarin17 retained
檙	U+6A99	chéng	dǐng	kMandarin17 retained
檜	U+6A9C	guì	guì kuài	kMandarin17 retained
檡	U+6AA1	zhái	tú zhè shì zé	kMandarin17 retained
檮	U+6AAE	táo	dào táo	kMandarin17 retained
檱	U+6AB1	qí	jī qí	kMandarin17 retained
檳	U+6AB3	bīn	bīn bīng	kMandarin17 retained
檶	U+6AB6	qiān	qiān xiān	kMandarin17 retained
檷	U+6AB7	nǐ	mí nǐ	kMandarin17 retained
檻	U+6ABB	kǎn	kǎn jiàn	kMandarin17 retained
檼	U+6ABC	yìn	yǐn	kMandarin17 retained
檽	U+6ABD	nòu	nòu rú ruǎn ér	kMandarin17 retained
櫀	U+6AC0	qí	jī qí	kMandarin17 retained
櫄	U+6AC4	chūn	tún chūn	kMandarin17 retained
櫊	U+6ACA	gé	gē	kMandarin17 retained
櫎	U+6ACE	huǎng	guō guàng huàng	kMandarin17 retained
櫑	U+6AD1	léi	léi lěi	kMandarin17 retained
櫒	U+6AD2	sà	chá sà	kMandarin17 retained
櫕	U+6AD5	cuán	zàn zuàn cuán	kMandarin17 retained
櫖	U+6AD6	lǜ	lǜ shū	kMandarin17 retained
櫛	U+6ADB	zhì	jié	kMandarin17 retained
櫟	U+6ADF	lì	lì yuè	kMandarin17 retained
櫡	U+6AE1	zhuó	zhù zhuó	kMandarin17 retained
櫭	U+6AED	jié	jì jié	kMandarin17 retained
櫱	U+6AF1	niè	niè líng	kMandarin17 retained
櫵	U+6AF5	jiao	jiāo	kMandarin17 retained
櫶	U+6AF6	xiǎn	xiàn	kMandarin17 retained
櫹	U+6AF9	xiāo	qiū xiāo	kMandarin17 retained
櫾	U+6AFE	yóu	yóu yòu	kMandarin17 retained
欉	U+6B09	cóng	còng	kMandarin17 retained
欘	U+6B18	zhú	zhú zhǔ	kMandarin17 retained
欙	U+6B19	léi	lěi	kMandarin17 retained
欚	U+6B1A	lǐ	lǐ jī	kMandarin17 retained
欛	U+6B1B	bà	bà ba pá pa	kMandarin17 retained
欟	U+6B1F	guang	guāng	kMandarin17 retained
次	U+6B21	cì	zī cì	kMandarin17 retained
欢	U+6B22	huān	tàn huān	kMandarin17 retained
欥	U+6B25	yì	yù	kMandarin17 retained
欦	U+6B26	qiān	hǎn qiǎn xiān	kMandarin17 retained
欧	U+6B27	ōu	ōu ǒu	kMandarin17 retained
欪	U+6B2A	chù	xì chù	kMandarin17 retained
欬	U+6B2C	kài	kǎ ké kài hāi	kMandarin17 retained
欭	U+6B2D	yì	yīn	kMandarin17 retained
欯	U+6B2F	xì	xí	kMandarin17 retained
欱	U+6B31	hē	hē xià	kMandarin17 retained
欳	U+6B33	kuì	kuài kuì	kMandarin17 retained
欶	U+6B36	shuò	shuò sòu	kMandarin17 retained
欸	U+6B38	ǎi	āi ǎi èi	kMandarin17 retained
欹	U+6B39	qī	yī	kMandarin17 retained
欻	U+6B3B	xū	hū xù chuā	kMandarin17 retained
歀	U+6B40	kuǎn	lì kuǎn	kMandarin17 retained
歂	U+6B42	chuǎn	chuán	kMandarin17 retained
歋	U+6B4B	yè	yé	kMandarin17 retained
歐	U+6B50	ōu	ōu ǒu	kMandarin17 retained
歕	U+6B55	pēn	pēn pèn	kMandarin17 retained
歖	U+6B56	xǐ	xī	kMandarin17 retained
歘	U+6B58	chuā	dàn hū xù chuā yán	kMandarin17 retained
歙	U+6B59	shè	xì shè	kMandarin17 retained
歛	U+6B5B	hān	liàn	kMandarin17 retained
歜	U+6B5C	chù	chù cǎn	kMandarin17 retained
歝	U+6B5D	yì	dù yì	kMandarin17 retained
歞	U+6B5E	è	kǎn ē	kMandarin17 retained
正	U+6B63	zhèng	zhēng zhèng	kMandarin17 retained
歪	U+6B6A	wāi	wāi wǎi	kMandarin17 retained
歵	U+6B75	zé	jī zé zè	kMandarin17 retained
歸	U+6B78	guī	guī kuì	kMandarin17 retained
歹	U+6B79	dǎi	dǎi jīng zhēn è	kMandarin17 retained
歺	U+6B7A	è	dǎi jīng zhēn è	kMandarin17 retained
殀	U+6B80	yāo	yǎo	kMandarin17 retained
殌	U+6B8C	jué	jué qíng	kMandarin17 retained
殍	U+6B8D	piǎo	pì piǎo	kMandarin17 retained
殜	U+6B9C	dié	dié yè	kMandarin17 retained
殟	U+6B9F	wēn	wà	kMandarin17 retained
殠	U+6BA0	chòu	xiù chòu	kMandarin17 retained
殡	U+6BA1	bìn	bīn bìn	kMandarin17 retained
殣	U+6BA3	jìn	jǐn jìn	kMandarin17 retained
殧	U+6BA7	jiù	cù	kMandarin17 retained
殨	U+6BA8	huì	kuì huì	kMandarin17 retained
殴	U+6BB4	ōu	qū ōu	kMandarin17 retained
殷	U+6BB7	yīn	yān yīn yǐn	kMandarin17 retained
殸	U+6BB8	qìng	kēng qìng shēng	kMandarin17 retained
殹	U+6BB9	yì	yī yì	kMandarin17 retained
殺	U+6BBA	shā	shā shà shài	kMandarin17 retained
殻	U+6BBB	qiào	ké qiào què	kMandarin17 retained
殼	U+6BBC	ké	ké qiào què	kMandarin17 retained
殽	U+6BBD	xiáo	yáo	kMandarin17 retained
毂	U+6BC2	gǔ	gū gǔ	kMandarin17 retained
毃	U+6BC3	qiāo	qiāo què	kMandarin17 retained
毄	U+6BC4	jī	jí	kMandarin17 retained
比	U+6BD4	bǐ	bǐ bì pí	kMandarin17 retained
毜	U+6BDC	háo	xiǎo	kMandarin17 retained
毝	U+6BDD	cǎi	shān	kMandarin17 retained
毡	U+6BE1	zhān	tǎn zhān	kMandarin17 retained
毣	U+6BE3	mù	mào	kMandarin17 retained
毥	U+6BE5	xún	xún xùn	kMandarin17 retained
毦	U+6BE6	ěr	èr	kMandarin17 retained
毲	U+6BF2	duō	duó	kMandarin17 retained
毹	U+6BF9	shū	shū yú	kMandarin17 retained
毺	U+6BFA	shū	shū yú	kMandarin17 retained
氂	U+6C02	máo	máo lí	kMandarin17 retained
氆	U+6C06	pǔ	bǎng pǔ	kMandarin17 retained
氇	U+6C07	lu	luó	kMandarin17 retained
氉	U+6C09	sào	zào	kMandarin17 retained
氊	U+6C0A	zhān	tǎn zhān	kMandarin17 retained
氌	U+6C0C	lǔ	lǔ luó	kMandarin17 retained
氏	U+6C0F	shì	zhī shì	kMandarin17 retained
氐	U+6C10	dī	dī dǐ	kMandarin17 retained
氓	U+6C13	máng	máng méng	kMandarin17 retained
氜	U+6C1C	yáng	rì yáng	kMandarin17 retained
氝	U+6C1D	nèi	nǎi nèi	kMandarin17 retained
氞	U+6C1E	bin	nèi	kMandarin17 retained
氬	U+6C2C	yà	yǎ yà	kMandarin17 retained
氯	U+6C2F	lǜ	lù lǜ	kMandarin17 retained
氰	U+6C30	qíng	qīng	kMandarin17 retained
氵	U+6C35	shui	shuǐ	kMandarin17 retained
氶	U+6C36	zhěng	zhěng chéng	kMandarin17 retained
氷	U+6C37	bīng	bīng níng	kMandarin17 retained
氼	U+6C3C	nì	nì niào	kMandarin17 retained
氽	U+6C3D	tǔn	tǔn qiú	kMandarin17 retained
氾	U+6C3E	fán	fán fàn	kMandarin17 retained
氿	U+6C3F	jiǔ	guǐ	kMandarin17 retained
汃	U+6C43	bīn	bīn pà	kMandarin17 retained
汆	U+6C46	cuān	tǔn cuān	kMandarin17 retained
汏	U+6C4F	dà	dài	kMandarin17 retained
汐	U+6C50	xī	xì	kMandarin17 retained
汖	U+6C56	pìn	pō pài liú	kMandarin17 retained
汗	U+6C57	hàn	hán hàn	kMandarin17 retained
汙	U+6C59	wū	wū wù wā yū yú	kMandarin17 retained
汚	U+6C5A	wū	wū wù wā yū yú	kMandarin17 retained
汢	U+6C62	tu	shì	kMandarin17 retained
汦	U+6C66	zhǐ	mǐn zhǐ chí	kMandarin17 retained
汩	U+6C69	gǔ	gǔ yù	kMandarin17 retained
汫	U+6C6B	jǐng	jǐng jìng qìng	kMandarin17 retained
汬	U+6C6C	jǐng	jǐng jìng	kMandarin17 retained
汵	U+6C75	gàn	gàn hán cén	kMandarin17 retained
汸	U+6C78	fāng	pāng	kMandarin17 retained
沃	U+6C83	wò	wù wò	kMandarin17 retained
沆	U+6C86	hàng	háng hàng	kMandarin17 retained
沈	U+6C88	shěn	chén shěn	kMandarin17 retained
沏	U+6C8F	qī	qī qū	kMandarin17 retained
沑	U+6C91	nǜ	niǔ nǜ	kMandarin17 retained
沒	U+6C92	méi	mò méi	kMandarin17 retained
沓	U+6C93	dá	tà	kMandarin17 retained
沕	U+6C95	mì	wù	kMandarin17 retained
沗	U+6C97	pāng	pāng tiān	kMandarin17 retained
沠	U+6CA0	liú	pài liú	kMandarin17 retained
没	U+6CA1	méi	mò méi	kMandarin17 retained
沤	U+6CA4	òu	ōu òu	kMandarin17 retained
沦	U+6CA6	lún	lūn lún lǔn	kMandarin17 retained
沩	U+6CA9	wéi	guī wéi	kMandarin17 retained
沬	U+6CAC	mèi	mò mèi huì	kMandarin17 retained
沮	U+6CAE	jǔ	jū jǔ jù	kMandarin17 retained
沯	U+6CAF	zá	bāng bèng pīng lì zá	kMandarin17 retained
沵	U+6CB5	mǐ	mǐ lì yí	kMandarin17 retained
沷	U+6CB7	fā	fú	kMandarin17 retained
沸	U+6CB8	fèi	fèi fú	kMandarin17 retained
治	U+6CBB	zhì	zhì chí	kMandarin17 retained
沿	U+6CBF	yán	yán yàn	kMandarin17 retained
泃	U+6CC3	jū	gōu jù	kMandarin17 retained
泄	U+6CC4	xiè	xiè yì	kMandarin17 retained
泊	U+6CCA	pō	bó pò	kMandarin17 retained
泋	U+6CCB	huì	huǐ huì	kMandarin17 retained
泌	U+6CCC	mì	bì mì	kMandarin17 retained
泍	U+6CCD	bēn	bēn bèn	kMandarin17 retained
泎	U+6CCE	zé	jiào zhuó	kMandarin17 retained
泏	U+6CCF	zhú	chù	kMandarin17 retained
泑	U+6CD1	yōu	yǒu	kMandarin17 retained
法	U+6CD5	fǎ	fā fá fǎ fà	kMandarin17 retained
泘	U+6CD8	hū	fóu fú hū	kMandarin17 retained
泙	U+6CD9	píng	pēng	kMandarin17 retained
泛	U+6CDB	fàn	fàn fěng	kMandarin17 retained
泜	U+6CDC	zhī	zhī chí	kMandarin17 retained
泞	U+6CDE	nìng	nìng zhǔ chǔ	kMandarin17 retained
泟	U+6CDF	chēng	zhēng chēng	kMandarin17 retained
泡	U+6CE1	pào	pāo pào	kMandarin17 retained
波	U+6CE2	bō	bō pō	kMandarin17 retained
泥	U+6CE5	ní	ní nì	kMandarin17 retained
泧	U+6CE7	sà	yuè	kMandarin17 retained
泬	U+6CEC	jué	xuè	kMandarin17 retained
泼	U+6CFC	pō	bō pō	kMandarin17 retained
洀	U+6D00	pán	zhōu	kMandarin17 retained
洁	U+6D01	jié	jí	kMandarin17 retained
洂	U+6D02	yè	yì yè	kMandarin17 retained
洒	U+6D12	sǎ	xǐ xiǎn cuǐ sǎ	kMandarin17 retained
洓	U+6D13	qì	qì zì suǒ	kMandarin17 retained
洔	U+6D14	zhǐ	zhì	kMandarin17 retained
洗	U+6D17	xǐ	xǐ xiǎn	kMandarin17 retained
洙	U+6D19	zhū	zhū shū	kMandarin17 retained
洞	U+6D1E	dòng	dòng tóng	kMandarin17 retained
洟	U+6D1F	tì	tì yí	kMandarin17 retained
洠	U+6D20	móu	móu sì	kMandarin17 retained
洡	U+6D21	lèi	lěi lèi	kMandarin17 retained
洦	U+6D26	pò	bó pò	kMandarin17 retained
洩	U+6D29	xiè	xiè yì	kMandarin17 retained
洮	U+6D2E	táo	táo yáo	kMandarin17 retained
洸	U+6D38	guāng	guāng huǎng	kMandarin17 retained
洼	U+6D3C	wā	guī wā	kMandarin17 retained
洽	U+6D3D	qià	qià xiá	kMandarin17 retained
浀	U+6D40	qū	qū qǔ	kMandarin17 retained
浃	U+6D43	jiā	jiá	kMandarin17 retained
浅	U+6D45	qiǎn	jiān qiǎn	kMandarin17 retained
浆	U+6D46	jiāng	jiāng jiàng	kMandarin17 retained
浇	U+6D47	jiāo	jiāo jiào ào	kMandarin17 retained
浈	U+6D48	zhēn	zhēn chēng	kMandarin17 retained
浍	U+6D4D	huì	kuài huí huì	kMandarin17 retained
济	U+6D4E	jì	jǐ jì qí	kMandarin17 retained
浏	U+6D4F	liú	liū liú	kMandarin17 retained
浑	U+6D51	hún	hún hǔn hùn	kMandarin17 retained
浔	U+6D54	xún	xún yín	kMandarin17 retained
浛	U+6D5B	hán	hán hàn	kMandarin17 retained
浜	U+6D5C	bāng	bāng bèng bīn pín	kMandarin17 retained
浣	U+6D63	huàn	huǎn wǎn	kMandarin17 retained
浧	U+6D67	yǐng	chéng chěng yǐng	kMandarin17 retained
浪	U+6D6A	làng	láng làng	kMandarin17 retained
浬	U+6D6C	lǐ	lí lǐ	kMandarin17 retained
浮	U+6D6E	fú	fóu fú	kMandarin17 retained
浰	U+6D70	liàn	lì	kMandarin17 retained
浲	U+6D72	féng	běng péng féng	kMandarin17 retained
浸	U+6D78	jìn	jīn jìn	kMandarin17 retained
浹	U+6D79	jiā	jiá	kMandarin17 retained
浻	U+6D7B	jiǒng	jiǒng wěng	kMandarin17 retained
浽	U+6D7D	suī	něi suī	kMandarin17 retained
涄	U+6D84	pīng	pīn	kMandarin17 retained
涆	U+6D86	hàn	gàn hàn	kMandarin17 retained
涍	U+6D8D	xiào	xiāo xiào	kMandarin17 retained
涎	U+6D8E	xián	xián yàn	kMandarin17 retained
涒	U+6D92	tūn	tūn yūn	kMandarin17 retained
涛	U+6D9B	tāo	dào tāo táo chóu shòu	kMandarin17 retained
涝	U+6D9D	lào	láo lào	kMandarin17 retained
涟	U+6D9F	lián	lán lián	kMandarin17 retained
涡	U+6DA1	wō	guō wō	kMandarin17 retained
涢	U+6DA2	yún	yún yǔn	kMandarin17 retained
涣	U+6DA3	huàn	huì huàn	kMandarin17 retained
涨	U+6DA8	zhǎng	zhāng zhǎng zhàng	kMandarin17 retained
涱	U+6DB1	zhàng	zhǎng zhàng	kMandarin17 retained
液	U+6DB2	yè	yì yè	kMandarin17 retained
涷	U+6DB7	dōng	dōng dòng	kMandarin17 retained
涸	U+6DB8	hé	hé hào	kMandarin17 retained
涻	U+6DBB	shè	gàn	kMandarin17 retained
涼	U+6DBC	liáng	liáng liàng	kMandarin17 retained
淁	U+6DC1	qiè	jí qiè	kMandarin17 retained
淆	U+6DC6	xiáo	yáo	kMandarin17 retained
淊	U+6DCA	yān	hán hàn yān yǎn yàn	kMandarin17 retained
淑	U+6DD1	shū	shú	kMandarin17 retained
淔	U+6DD4	zhí	chì	kMandarin17 retained
淛	U+6DDB	zhè	zhì zhè	kMandarin17 retained
淜	U+6DDC	péng	pēng	kMandarin17 retained
淠	U+6DE0	pì	pèi pì	kMandarin17 retained
淢	U+6DE2	yù	xù yù	kMandarin17 retained
淰	U+6DF0	niǎn	niǎn shěn	kMandarin17 retained
淲	U+6DF2	biāo	biāo piáo hū	kMandarin17 retained
混	U+6DF7	hùn	gǔn kūn hún hǔn hùn	kMandarin17 retained
淹	U+6DF9	yān	yān yàn	kMandarin17 retained
淺	U+6DFA	qiǎn	jiān qiǎn	kMandarin17 retained
淾	U+6DFE	yǐn	yǐn yìn	kMandarin17 retained
淿	U+6DFF	bó	bó pò mì gǔ yù	kMandarin17 retained
渀	U+6E00	bèn	bēn	kMandarin17 retained
渂	U+6E02	wèn	mín wén wèn	kMandarin17 retained
渇	U+6E07	kě	kě hé jié	kMandarin17 retained
済	U+6E08	jì	jǐ jì	kMandarin17 retained
渍	U+6E0D	zì	zì sè	kMandarin17 retained
渎	U+6E0E	dú	dòu dú	kMandarin17 retained
渏	U+6E0F	yī	qí	kMandarin17 retained
渐	U+6E10	jiàn	jiān jiàn	kMandarin17 retained
渑	U+6E11	miǎn	miǎn shéng	kMandarin17 retained
渒	U+6E12	pài	pài pí	kMandarin17 retained
渢	U+6E22	fán	féng	kMandarin17 retained
渣	U+6E23	zhā	zhā zhǎ	kMandarin17 retained
渦	U+6E26	wō	guō wō	kMandarin17 retained
渮	U+6E2E	hé	gē	kMandarin17 retained
渴	U+6E34	kě	kě hé jié	kMandarin17 retained
渷	U+6E37	yǎn	yǎn yǔn	kMandarin17 retained
渻	U+6E3B	shěng	xǐng shěng	kMandarin17 retained
渾	U+6E3E	hún	gǔn hún hùn	kMandarin17 retained
湁	U+6E41	chì	chì shí	kMandarin17 retained
湌	U+6E4C	cān	cān sūn	kMandarin17 retained
湐	U+6E50	mò	bó pò	kMandarin17 retained
湑	U+6E51	xū	xǔ	kMandarin17 retained
湗	U+6E57	fèng	fēng	kMandarin17 retained
湛	U+6E5B	zhàn	dān zhàn	kMandarin17 retained
湞	U+6E5E	chēng	zhēn	kMandarin17 retained
湡	U+6E61	yú	ǒu yú	kMandarin17 retained
湥	U+6E65	tū	tú	kMandarin17 retained
湩	U+6E69	dòng	dòng zhòng	kMandarin17 retained
湬	U+6E6C	jiǎo	jiǎo jiū	kMandarin17 retained
湭	U+6E6D	qiú	qiú zāo	kMandarin17 retained
湮	U+6E6E	yān	yān yīn	kMandarin17 retained
湯	U+6E6F	tāng	tāng shāng	kMandarin17 retained
湷	U+6E77	zhuāng	zhuāng chuí	kMandarin17 retained
湺	U+6E7A	xián	yán	kMandarin17 retained
湿	U+6E7F	shī	tà shī shí	kMandarin17 retained
溂	U+6E82	là	cì	kMandarin17 retained
溃	U+6E83	kuì	kuì xiè	kMandarin17 retained
溄	U+6E84	féng	féng hóng	kMandarin17 retained
溅	U+6E85	jiàn	jiān jiàn	kMandarin17 retained
溈	U+6E88	wéi	guī	kMandarin17 retained
溎	U+6E8E	yàn	guì	kMandarin17 retained
溕	U+6E95	méng	méng zhǒng	kMandarin17 retained
溗	U+6E97	chéng	chéng shéng	kMandarin17 retained
溚	U+6E9A	dá	dā tǎ	kMandarin17 retained
溜	U+6E9C	liū	liū liù	kMandarin17 retained
溨	U+6EA8	zāi	cái	kMandarin17 retained
溪	U+6EAA	xī	qī xī	kMandarin17 retained
溰	U+6EB0	ái	yī	kMandarin17 retained
溱	U+6EB1	qín	zhēn	kMandarin17 retained
溹	U+6EB9	suǒ	sù suǒ	kMandarin17 retained
溺	U+6EBA	nì	nì niào	kMandarin17 retained
溾	U+6EBE	āi	wēi	kMandarin17 retained
滃	U+6EC3	wēng	wěng	kMandarin17 retained
滆	U+6EC6	gé	gé hé	kMandarin17 retained
滈	U+6EC8	hào	hào xuè	kMandarin17 retained
滉	U+6EC9	huàng	huǎng	kMandarin17 retained
滍	U+6ECD	zhì	zhǐ zhì	kMandarin17 retained
滎	U+6ECE	xíng	xíng yíng	kMandarin17 retained
滑	U+6ED1	huá	gǔ huá	kMandarin17 retained
滗	U+6ED7	bì	bǐ	kMandarin17 retained
滝	U+6EDD	lóng	lóng shuāng	kMandarin17 retained
滞	U+6EDE	zhì	zhì chì	kMandarin17 retained
滠	U+6EE0	shè	nì shè	kMandarin17 retained
满	U+6EE1	mǎn	mǎn mèn	kMandarin17 retained
滤	U+6EE4	lǜ	lù	kMandarin17 retained
滥	U+6EE5	làn	lǎn làn jiàn	kMandarin17 retained
滧	U+6EE7	yáo	xiào	kMandarin17 retained
滨	U+6EE8	bīn	bīn pín	kMandarin17 retained
滰	U+6EF0	jiàng	jiàng jìng	kMandarin17 retained
滺	U+6EFA	yōu	yóu	kMandarin17 retained
滽	U+6EFD	yōng	yōng yóng	kMandarin17 retained
漀	U+6F00	qǐng	qīng qìng	kMandarin17 retained
漂	U+6F02	piào	piāo piǎo piào	kMandarin17 retained
漃	U+6F03	jì	jí	kMandarin17 retained
漆	U+6F06	qī	qī qù	kMandarin17 retained
漕	U+6F15	cáo	zào cáo	kMandarin17 retained
漚	U+6F1A	ōu	ōu òu	kMandarin17 retained
漦	U+6F26	chí	lí	kMandarin17 retained
漧	U+6F27	gān	gān qián	kMandarin17 retained
漨	U+6F28	féng	běng péng féng	kMandarin17 retained
漩	U+6F29	xuán	xuán xuàn	kMandarin17 retained
漫	U+6F2B	màn	mán màn	kMandarin17 retained
漯	U+6F2F	luò	tà luò	kMandarin17 retained
漱	U+6F31	shù	shù sòu	kMandarin17 retained
漲	U+6F32	zhǎng	zhǎng zhàng	kMandarin17 retained
漴	U+6F34	chóng	zhuàng chuáng chóng	kMandarin17 retained
漷	U+6F37	huǒ	kuò	kMandarin17 retained
漸	U+6F38	jiàn	jiān jiàn	kMandarin17 retained
漺	U+6F3A	shuǎng	chuǎng shuǎng	kMandarin17 retained
潀	U+6F40	cóng	zhōng cóng	kMandarin17 retained
潃	U+6F43	xiǔ	xiū xiǔ	kMandarin17 retained
潄	U+6F44	shù	shù sòu	kMandarin17 retained
潆	U+6F46	yíng	suǒ	kMandarin17 retained
潈	U+6F48	zong	zhōng cóng	kMandarin17 retained
潌	U+6F4C	zhì	zhī	kMandarin17 retained
潍	U+6F4D	wéi	zhì	kMandarin17 retained
潎	U+6F4E	pì	pì piē	kMandarin17 retained
潏	U+6F4F	yù	jué	kMandarin17 retained
潒	U+6F52	dàng	xiàng	kMandarin17 retained
潙	U+6F59	wéi	guī wéi wèi	kMandarin17 retained
潚	U+6F5A	sù	xiāo	kMandarin17 retained
潜	U+6F5C	qián	qián qiǎn	kMandarin17 retained
潝	U+6F5D	xī	xì	kMandarin17 retained
潠	U+6F60	xùn	xùn sùn	kMandarin17 retained
潦	U+6F66	liáo	lǎo lào liáo	kMandarin17 retained
潧	U+6F67	zhēn	zhēn zēng	kMandarin17 retained
潨	U+6F68	cóng	zhōng zhòng cóng	kMandarin17 retained
潪	U+6F6A	zhè	dí zhì	kMandarin17 retained
潬	U+6F6C	shàn	dàn tān	kMandarin17 retained
潰	U+6F70	kuì	kuì huì	kMandarin17 retained
潱	U+6F71	yē	yīn	kMandarin17 retained
潵	U+6F75	sǎ	sǎn	kMandarin17 retained
潷	U+6F77	bì	bǐ	kMandarin17 retained
潽	U+6F7D	pū	pǔ	kMandarin17 retained
澃	U+6F83	jiǒng	jiǒng jiòng yǐng	kMandarin17 retained
澊	U+6F8A	cūn	cūn cún	kMandarin17 retained
澋	U+6F8B	hòng	hèng hòng	kMandarin17 retained
澍	U+6F8D	shù	zhù shù	kMandarin17 retained
澎	U+6F8E	péng	pēng péng	kMandarin17 retained
澏	U+6F8F	hán	hán hàn	kMandarin17 retained
澑	U+6F91	liù	liū liù	kMandarin17 retained
澖	U+6F96	xián	xiān xián	kMandarin17 retained
澙	U+6F99	xì	shū	kMandarin17 retained
澚	U+6F9A	yu	yuè	kMandarin17 retained
澟	U+6F9F	lǐn	lǐn qín	kMandarin17 retained
澠	U+6FA0	miǎn	mǐn shéng	kMandarin17 retained
澣	U+6FA3	huàn	huǎn wǎn	kMandarin17 retained
澩	U+6FA9	xué	xiào xué	kMandarin17 retained
澫	U+6FAB	wàn	màn	kMandarin17 retained
澮	U+6FAE	huì	kuài	kMandarin17 retained
澳	U+6FB3	ào	ào yù	kMandarin17 retained
澵	U+6FB5	zhēn	qīn zhēn	kMandarin17 retained
澷	U+6FB7	màn	mán màn	kMandarin17 retained
澹	U+6FB9	dàn	dàn tán	kMandarin17 retained
濅	U+6FC5	jìn	jīn jìn	kMandarin17 retained
濆	U+6FC6	fén	pēn fén	kMandarin17 retained
濊	U+6FCA	huì	huò huì wèi	kMandarin17 retained
濕	U+6FD5	shī	tà luò xí shī	kMandarin17 retained
濚	U+6FDA	yíng	róng yíng	kMandarin17 retained
濞	U+6FDE	bì	pì	kMandarin17 retained
濟	U+6FDF	jì	jǐ jì	kMandarin17 retained
濢	U+6FE2	cuì	zuǐ cuì	kMandarin17 retained
濤	U+6FE4	tāo	dào tāo táo chóu shòu	kMandarin17 retained
濭	U+6FED	ǎi	kài ǎi ài	kMandarin17 retained
濳	U+6FF3	qián	qián qiǎn	kMandarin17 retained
濴	U+6FF4	yíng	xíng yíng	kMandarin17 retained
濵	U+6FF5	bīn	bīn pín	kMandarin17 retained
濹	U+6FF9	me	mè	kMandarin17 retained
濺	U+6FFA	jiàn	jiān jiàn	kMandarin17 retained
濻	U+6FFB	wěi	duì wéi wěi	kMandarin17 retained
濼	U+6FFC	luò	bó pò lì luò	kMandarin17 retained
瀁	U+7001	yàng	yǎng yàng	kMandarin17 retained
瀄	U+7004	zhì	jié	kMandarin17 retained
瀎	U+700E	mò	miè	kMandarin17 retained
瀐	U+7010	jiān	jiān qiān	kMandarin17 retained
瀑	U+7011	pù	bào pù	kMandarin17 retained
瀓	U+7013	chéng	zhēng chéng	kMandarin17 retained
瀕	U+7015	bīn	bīn pín	kMandarin17 retained
瀙	U+7019	qìn	qīn	kMandarin17 retained
瀢	U+7022	wěi	duì wéi wěi	kMandarin17 retained
瀥	U+7025	xuè	gǎo hào xuè	kMandarin17 retained
瀧	U+7027	lóng	lóng shuāng	kMandarin17 retained
瀮	U+702E	ling	lín	kMandarin17 retained
瀰	U+7030	mí	mí mǐ	kMandarin17 retained
瀴	U+7034	yíng	yīng yǐng yìng	kMandarin17 retained
瀹	U+7039	yuè	yào yuè	kMandarin17 retained
瀼	U+703C	ráng	nǎng ráng ràng	kMandarin17 retained
瀾	U+703E	lán	lán làn	kMandarin17 retained
灂	U+7042	zhuó	jiào zhuó	kMandarin17 retained
灇	U+7047	cóng	zhōng zhòng cóng	kMandarin17 retained
灋	U+704B	fǎ	fā fá fǎ fà	kMandarin17 retained
灍	U+704D	jué	què	kMandarin17 retained
灓	U+7053	luán	luán luàn	kMandarin17 retained
灗	U+7057	shàn	dàn shàn	kMandarin17 retained
灠	U+7060	lǎn	lǎn làn	kMandarin17 retained
灥	U+7065	xún	quán xún chuān	kMandarin17 retained
灦	U+7066	xiǎn	xiān xiǎn	kMandarin17 retained
灬	U+706C	biāo	huǒ	kMandarin17 retained
灲	U+7072	xiāo	dāo qiè xiāo	kMandarin17 retained
灴	U+7074	hōng	hóng	kMandarin17 retained
灺	U+707A	xiè	duò xiè	kMandarin17 retained
炀	U+7080	yáng	yáng yàng	kMandarin17 retained
炅	U+7085	jiǒng	guì jiǒng	kMandarin17 retained
炊	U+708A	chuī	chuī chuì	kMandarin17 retained
炌	U+708C	kài	gāi kài	kMandarin17 retained
炏	U+708F	kài	kài yán	kMandarin17 retained
炔	U+7094	quē	guì jué quē	kMandarin17 retained
炖	U+7096	dùn	dùn tún	kMandarin17 retained
炛	U+709B	guāng	gěng guāng huǒ jiǒng	kMandarin17 retained
炞	U+709E	bian	biǎn	kMandarin17 retained
炧	U+70A7	xiè	duò tā tuō xiè	kMandarin17 retained
炨	U+70A8	xiè	duò tā tuō xiè	kMandarin17 retained
炪	U+70AA	zhuō	zhuó chù	kMandarin17 retained
炮	U+70AE	pào	bāo páo pào	kMandarin17 retained
炲	U+70B2	tái	dǎi tái	kMandarin17 retained
炵	U+70B5	tōng	dōng tōng tóng	kMandarin17 retained
炶	U+70B6	shǎn	tiàn qián shā shān shàn	kMandarin17 retained
炸	U+70B8	zhà	zhá zhà	kMandarin17 retained
為	U+70BA	wèi	wéi wèi	kMandarin17 retained
炼	U+70BC	liàn	làn liàn	kMandarin17 retained
炾	U+70BE	huǎng	píng huǎng	kMandarin17 retained
烁	U+70C1	shuò	luò shuò	kMandarin17 retained
烃	U+70C3	tīng	tīng jǐng	kMandarin17 retained
烄	U+70C4	jiǎo	jiǎo yào	kMandarin17 retained
烆	U+70C6	héng	xíng	kMandarin17 retained
烇	U+70C7	quǎn	quǎn quàn	kMandarin17 retained
烋	U+70CB	xiū	xiāo	kMandarin17 retained
烘	U+70D8	hōng	hōng hóng	kMandarin17 retained
烙	U+70D9	lào	lào luò	kMandarin17 retained
烛	U+70DB	zhú	tóng zhú chóng	kMandarin17 retained
烠	U+70E0	huí	huí huǐ	kMandarin17 retained
烢	U+70E2	chè	zhè chè	kMandarin17 retained
烥	U+70E5	jù	chén	kMandarin17 retained
烧	U+70E7	shāo	shāo shào	kMandarin17 retained
烫	U+70EB	tàng	dàng tàng	kMandarin17 retained
烱	U+70F1	jiǒng	jǐng jiǒng	kMandarin17 retained
烲	U+70F2	xiè	xiè zhé chè	kMandarin17 retained
烴	U+70F4	tīng	qīng	kMandarin17 retained
烻	U+70FB	yàn	shān yàn	kMandarin17 retained
烼	U+70FC	xù	hū	kMandarin17 retained
焂	U+7102	shū	shú	kMandarin17 retained
焃	U+7103	hè	hè huò	kMandarin17 retained
焅	U+7105	kù	kǎo kào kù hè hù xiāo	kMandarin17 retained
焆	U+7106	juān	guì jué juān quē yè	kMandarin17 retained
焈	U+7108	xī	xī yí	kMandarin17 retained
焍	U+710D	dì	dì tī	kMandarin17 retained
焏	U+710F	jí	jí qì	kMandarin17 retained
焑	U+7111	yān	kùn	kMandarin17 retained
焒	U+7112	lǚ	lǖ	kMandarin17 retained
焘	U+7118	tāo	dào tāo	kMandarin17 retained
焚	U+711A	fén	fén fèn	kMandarin17 retained
焞	U+711E	tūn	chún	kMandarin17 retained
焟	U+711F	xī	xí	kMandarin17 retained
無	U+7121	wú	mó wú	kMandarin17 retained
焣	U+7123	chǎo	jù	kMandarin17 retained
焥	U+7125	wò	wò yuē	kMandarin17 retained
焧	U+7127	cōng	zǒng	kMandarin17 retained
焩	U+7129	píng	pīng	kMandarin17 retained
焪	U+712A	qióng	qiōng	kMandarin17 retained
焫	U+712B	ruò	rè ruò	kMandarin17 retained
焯	U+712F	chāo	zhuó	kMandarin17 retained
焹	U+7139	gàng	wǎng	kMandarin17 retained
焽	U+713D	xiǒng	gǔ	kMandarin17 retained
焾	U+713E	niǎn	niàn	kMandarin17 retained
煀	U+7140	wei	wēi	kMandarin17 retained
煄	U+7144	zhǒng	zhōng	kMandarin17 retained
煆	U+7146	xiā	xià	kMandarin17 retained
煊	U+714A	xuān	nuǎn xuān	kMandarin17 retained
煎	U+714E	jiān	jiān jiàn	kMandarin17 retained
煔	U+7154	shǎn	tiàn qián shā shān shàn	kMandarin17 retained
煖	U+7156	nuǎn	nuǎn xuān	kMandarin17 retained
煗	U+7157	nuǎn	nuǎn xuān	kMandarin17 retained
煞	U+715E	shā	shā shà	kMandarin17 retained
煟	U+715F	wèi	wù wèi	kMandarin17 retained
煠	U+7160	zhá	zhá yè	kMandarin17 retained
煡	U+7161	jìn	xìn	kMandarin17 retained
煦	U+7166	xù	xǔ	kMandarin17 retained
煬	U+716C	yáng	yáng yàng	kMandarin17 retained
煰	U+7170	zào	gào	kMandarin17 retained
煴	U+7174	yūn	yún yùn	kMandarin17 retained
煵	U+7175	nǎn	nán	kMandarin17 retained
煶	U+7176	shì	shī	kMandarin17 retained
煷	U+7177	liang	liàng	kMandarin17 retained
煺	U+717A	tuì	tuī	kMandarin17 retained
煾	U+717E	ēn	áo ēn yún yùn	kMandarin17 retained
煿	U+717F	bó	bó bào	kMandarin17 retained
熄	U+7184	xī	xí	kMandarin17 retained
熅	U+7185	yùn	yún yùn	kMandarin17 retained
熇	U+7187	hè	kǎo kào hè hù xiāo	kMandarin17 retained
熈	U+7188	xī	xī yí	kMandarin17 retained
熉	U+7189	yún	yún yǔn	kMandarin17 retained
熋	U+718B	nái	nái xióng	kMandarin17 retained
熌	U+718C	shǎn	tiàn qián shā shān shàn	kMandarin17 retained
熍	U+718D	qióng	qiōng	kMandarin17 retained
熏	U+718F	xūn	xūn xùn	kMandarin17 retained
熐	U+7190	mì	míng	kMandarin17 retained
熑	U+7191	lián	lián qiān	kMandarin17 retained
熕	U+7195	gōng	gòng	kMandarin17 retained
熙	U+7199	xī	xī yí	kMandarin17 retained
熜	U+719C	cōng	zǒng cōng	kMandarin17 retained
熟	U+719F	shú	shóu shú	kMandarin17 retained
熢	U+71A2	péng	fēng	kMandarin17 retained
熣	U+71A3	suī	cuǐ suī	kMandarin17 retained
熥	U+71A5	tēng	tōng	kMandarin17 retained
熨	U+71A8	yùn	yū yù yùn	kMandarin17 retained
熫	U+71AB	zhì	jiǔ zhì	kMandarin17 retained
熬	U+71AC	áo	āo áo	kMandarin17 retained
熭	U+71AD	wèi	wèi yuè	kMandarin17 retained
熮	U+71AE	liǔ	liáo liǔ	kMandarin17 retained
熵	U+71B5	shāng	dī shāng	kMandarin17 retained
熶	U+71B6	cuàn	zuó zuǒ zuì cuō cuò cuàn	kMandarin17 retained
燂	U+71C2	tán	qián	kMandarin17 retained
燅	U+71C5	xún	xián xún	kMandarin17 retained
燆	U+71C6	qiāo	qiáo	kMandarin17 retained
燇	U+71C7	jùn	zùn	kMandarin17 retained
燉	U+71C9	dùn	dūn dùn	kMandarin17 retained
燌	U+71CC	fén	fén fèn	kMandarin17 retained
燍	U+71CD	sī	xī sī	kMandarin17 retained
燎	U+71CE	liáo	liáo liǎo liào	kMandarin17 retained
燓	U+71D3	fén	fén fèn	kMandarin17 retained
燕	U+71D5	yàn	yān yàn	kMandarin17 retained
燚	U+71DA	yì	yī yì	kMandarin17 retained
燛	U+71DB	jiǒng	jǐng	kMandarin17 retained
燜	U+71DC	mèn	mēn mèn	kMandarin17 retained
燝	U+71DD	jing	jǐng	kMandarin17 retained
燞	U+71DE	jiǎo	jiāo	kMandarin17 retained
燠	U+71E0	yù	ào yù	kMandarin17 retained
燣	U+71E3	lán	lǎn	kMandarin17 retained
燥	U+71E5	zào	zào sào	kMandarin17 retained
燫	U+71EB	lián	lián qiān	kMandarin17 retained
燷	U+71F7	lán	bǐng	kMandarin17 retained
燸	U+71F8	rú	nuǎn xuān rú ruǎn	kMandarin17 retained
燺	U+71FA	hè	kǎo kào hè hù xiāo	kMandarin17 retained
燾	U+71FE	dào	dào táo	kMandarin17 retained
燿	U+71FF	yào	yào yuè	kMandarin17 retained
爀	U+7200	hè	hé hè chì	kMandarin17 retained
爁	U+7201	làn	lǎn làn	kMandarin17 retained
爄	U+7204	lì	lì liè	kMandarin17 retained
爆	U+7206	bào	bó bào	kMandarin17 retained
爇	U+7207	ruò	rè ruò	kMandarin17 retained
爈	U+7208	lǜ	lǘ lǜ	kMandarin17 retained
爉	U+7209	là	là liè	kMandarin17 retained
爊	U+720A	āo	áo	kMandarin17 retained
爋	U+720B	xūn	xūn xùn	kMandarin17 retained
爌	U+720C	kuàng	kuǎng kuàng huǎng huàng	kMandarin17 retained
爑	U+7211	jué	jiāo jué qiáo	kMandarin17 retained
爒	U+7212	liǎo	liǎo liào	kMandarin17 retained
爕	U+7215	xiè	xiē xiè	kMandarin17 retained
爗	U+7217	yè	huá yè	kMandarin17 retained
爙	U+7219	rǎng	shàng rǎng	kMandarin17 retained
爚	U+721A	yuè	yào yuè	kMandarin17 retained
爞	U+721E	chóng	tóng chóng	kMandarin17 retained
爠	U+7220	ju	yào yuè	kMandarin17 retained
爡	U+7221	chè	tà chè	kMandarin17 retained
爪	U+722A	zhǎo	zhǎo zhuǎ	kMandarin17 retained
爫	U+722B	zhǎo	zhǎo zhuǎ	kMandarin17 retained
爯	U+722F	chēng	chēng chèng zài	kMandarin17 retained
爲	U+7232	wèi	wéi wèi	kMandarin17 retained
爳	U+7233	han	hān	kMandarin17 retained
爴	U+7234	jué	guó jué	kMandarin17 retained
父	U+7236	fù	fǔ fù	kMandarin17 retained
爻	U+723B	yáo	xiáo yáo	kMandarin17 retained
爿	U+723F	pán	bàn qiáng	kMandarin17 retained
牁	U+7241	kē	gē	kMandarin17 retained
牃	U+7243	dié	dié yè	kMandarin17 retained
牅	U+7245	yōng	yōng yóng	kMandarin17 retained
片	U+7247	piàn	piān piàn	kMandarin17 retained
牊	U+724A	cháo	sháo	kMandarin17 retained
牎	U+724E	chuāng	chuāng cōng	kMandarin17 retained
牏	U+724F	yú	tóu yú	kMandarin17 retained
牑	U+7251	biān	biān miàn	kMandarin17 retained
牗	U+7257	yǒu	yǒu yōng yóng	kMandarin17 retained
牚	U+725A	chèng	chēng	kMandarin17 retained
牞	U+725E	jiū	lè jiū	kMandarin17 retained
牠	U+7260	tā	tā tuō	kMandarin17 retained
牨	U+7268	gāng	gāng chén	kMandarin17 retained
犇	U+7287	bēn	bēn bèn	kMandarin17 retained
犉	U+7289	chún	rún	kMandarin17 retained
犛	U+729B	máo	máo lí	kMandarin17 retained
犞	U+729E	qiáo	qiáo sè	kMandarin17 retained
犤	U+72A4	pái	pí	kMandarin17 retained
犥	U+72A5	piāo	piǎo	kMandarin17 retained
犦	U+72A6	bó	bào	kMandarin17 retained
犩	U+72A9	wéi	wèi	kMandarin17 retained
犮	U+72AE	bá	bá bó quǎn yǒu	kMandarin17 retained
犴	U+72B4	àn	hàn àn	kMandarin17 retained
犵	U+72B5	gē	qì	kMandarin17 retained
犹	U+72B9	yóu	yóu yòu	kMandarin17 retained
犻	U+72BB	bó	bó pèi fèi	kMandarin17 retained
犽	U+72BD	yà	yá	kMandarin17 retained
犿	U+72BF	huān	fān	kMandarin17 retained
狅	U+72C5	kuáng	kuáng qīng qíng	kMandarin17 retained
狌	U+72CC	shēng	xīng shēng	kMandarin17 retained
狏	U+72CF	tuó	tuó shì shé yí	kMandarin17 retained
狓	U+72D3	pí	pī	kMandarin17 retained
狔	U+72D4	nǐ	ní nǐ	kMandarin17 retained
狕	U+72D5	yǎo	ǎo yāo	kMandarin17 retained
狘	U+72D8	xuè	xuè yuè	kMandarin17 retained
狛	U+72DB	bó	pò	kMandarin17 retained
狜	U+72DC	kǔ	gǔ	kMandarin17 retained
狝	U+72DD	xiǎn	mí	kMandarin17 retained
狢	U+72E2	hé	mò luò gè hé háo	kMandarin17 retained
狤	U+72E4	jí	guài jí jié	kMandarin17 retained
狥	U+72E5	xùn	xún xùn	kMandarin17 retained
狪	U+72EA	tóng	dòng tōng tóng	kMandarin17 retained
狵	U+72F5	máng	páng máng méng dòu lóng zhuó	kMandarin17 retained
猈	U+7308	bài	bà pí	kMandarin17 retained
猍	U+730D	lái	lái lí	kMandarin17 retained
猎	U+730E	liè	liè què xí	kMandarin17 retained
猒	U+7312	yàn	àn yā yān yàn	kMandarin17 retained
猕	U+7315	mí	mí mǐ	kMandarin17 retained
猗	U+7317	yī	ě yī yǐ	kMandarin17 retained
猞	U+731E	shē	shè	kMandarin17 retained
猤	U+7324	guì	kuǐ	kMandarin17 retained
猭	U+732D	chuān	chuán shān yuán	kMandarin17 retained
猲	U+7332	xiē	hè xiē	kMandarin17 retained
猵	U+7335	biān	biān piàn	kMandarin17 retained
猼	U+733C	bó	bó páo	kMandarin17 retained
獃	U+7343	dāi	dāi ái	kMandarin17 retained
獆	U+7346	háo	gāo háo	kMandarin17 retained
獊	U+734A	cāng	chuàng	kMandarin17 retained
獋	U+734B	háo	gāo háo	kMandarin17 retained
獌	U+734C	màn	mán màn wàn	kMandarin17 retained
獏	U+734F	mò	mò mú	kMandarin17 retained
獔	U+7354	háo	gāo háo	kMandarin17 retained
獖	U+7356	bèn	bèn fèn	kMandarin17 retained
獛	U+735B	pú	bǔ pú	kMandarin17 retained
獜	U+735C	lín	lín líng	kMandarin17 retained
獞	U+735E	tóng	tóng zhuàng	kMandarin17 retained
獠	U+7360	liáo	lǎo liáo	kMandarin17 retained
獥	U+7365	jiào	jī xí	kMandarin17 retained
獱	U+7371	biān	biān piàn	kMandarin17 retained
獲	U+7372	huò	huò huái	kMandarin17 retained
獳	U+7373	nòu	nóu nòu rú	kMandarin17 retained
獴	U+7374	měng	méng	kMandarin17 retained
獶	U+7376	nǎo	náo	kMandarin17 retained
獺	U+737A	tǎ	tǎ tà	kMandarin17 retained
獿	U+737F	nǎo	náo	kMandarin17 retained
玆	U+7386	zī	zī cí	kMandarin17 retained
率	U+7387	lǜ	lǜ shuò shuài	kMandarin17 retained
王	U+738B	wáng	wáng wàng yù	kMandarin17 retained
玌	U+738C	qiú	bā	kMandarin17 retained
玐	U+7390	bā	jiù qiú	kMandarin17 retained
玒	U+7392	hóng	gōng hóng	kMandarin17 retained
玚	U+739A	yáng	chàng	kMandarin17 retained
玜	U+739C	hóng	gāng gōng	kMandarin17 retained
玟	U+739F	wén	mín wēn wén	kMandarin17 retained
玡	U+73A1	yá	yà	kMandarin17 retained
玧	U+73A7	mén	mén yǔn	kMandarin17 retained
玩	U+73A9	wán	wán wàn	kMandarin17 retained
玪	U+73AA	jiān	lín zhēn	kMandarin17 retained
玭	U+73AD	pín	pí pián pín	kMandarin17 retained
玺	U+73BA	xǐ	xī xǐ	kMandarin17 retained
玽	U+73BD	gǒu	gòu	kMandarin17 retained
珉	U+73C9	mín	mín wén	kMandarin17 retained
珐	U+73D0	fà	fǎ fà	kMandarin17 retained
珢	U+73E2	yín	gèn yín	kMandarin17 retained
珲	U+73F2	hún	huī	kMandarin17 retained
珶	U+73F6	dì	dì tí	kMandarin17 retained
珿	U+73FF	chù	chuò	kMandarin17 retained
琀	U+7400	hán	hàn	kMandarin17 retained
琄	U+7404	xuàn	quǎn xuàn	kMandarin17 retained
琊	U+740A	yá	yé	kMandarin17 retained
琍	U+740D	lí	lì	kMandarin17 retained
琎	U+740E	jìn	jīn	kMandarin17 retained
琓	U+7413	wán	wān	kMandarin17 retained
琕	U+7415	pín	bēi bǐng pí pián pín	kMandarin17 retained
琗	U+7417	sè	cuì sè	kMandarin17 retained
琘	U+7418	mín	mín wén	kMandarin17 retained
琝	U+741D	mín	méi mín wén	kMandarin17 retained
琠	U+7420	tiǎn	diǎn tiǎn tiàn	kMandarin17 retained
琢	U+7422	zuó	zhuó	kMandarin17 retained
琣	U+7423	běng	pěi	kMandarin17 retained
琯	U+742F	guǎn	guǎn gùn	kMandarin17 retained
琶	U+7436	pá	ba pá pa	kMandarin17 retained
琷	U+7437	què	qiāng	kMandarin17 retained
琻	U+743B	jīn	gàn	kMandarin17 retained
瑁	U+7441	mào	mèi mào	kMandarin17 retained
瑃	U+7443	chūn	zhuàn	kMandarin17 retained
瑉	U+7449	mín	mín wén	kMandarin17 retained
瑊	U+744A	jiān	zhēn	kMandarin17 retained
瑌	U+744C	ruǎn	rú ruǎn	kMandarin17 retained
瑒	U+7452	chàng	chàng yáng	kMandarin17 retained
瑘	U+7458	yá	yé	kMandarin17 retained
瑧	U+7467	zhēn	jīn	kMandarin17 retained
瑳	U+7473	cuō	cuō cuǒ	kMandarin17 retained
瑸	U+7478	bīn	bīn pián	kMandarin17 retained
瑹	U+7479	shū	tú	kMandarin17 retained
瑾	U+747E	jǐn	jǐn jìn	kMandarin17 retained
璉	U+7489	liǎn	lián liǎn	kMandarin17 retained
璍	U+748D	yè	huá	kMandarin17 retained
璏	U+748F	wèi	zhì wèi	kMandarin17 retained
璖	U+7496	qú	jù qú	kMandarin17 retained
璝	U+749D	guī	guī guì	kMandarin17 retained
璯	U+74AF	huì	kuài huì	kMandarin17 retained
璴	U+74B4	chǔ	chū	kMandarin17 retained
璷	U+74B7	lú	fū lú	kMandarin17 retained
璹	U+74B9	shú	shòu shú	kMandarin17 retained
璾	U+74BE	zī	jì	kMandarin17 retained
瓁	U+74C1	wò	huò	kMandarin17 retained
瓆	U+74C6	zhì	zhí	kMandarin17 retained
瓋	U+74CB	tì	zhé	kMandarin17 retained
瓌	U+74CC	guī	guī guì	kMandarin17 retained
瓓	U+74D3	làn	lán làn	kMandarin17 retained
瓗	U+74D7	qióng	qióng xī wèi	kMandarin17 retained
瓟	U+74DF	bó	bó páo	kMandarin17 retained
瓦	U+74E6	wǎ	wǎ wà	kMandarin17 retained
瓨	U+74E8	xiáng	gāng hóng jiāng	kMandarin17 retained
瓲	U+74F2	wa	wǎ	kMandarin17 retained
瓸	U+74F8	bǎi	bó	kMandarin17 retained
瓹	U+74F9	juān	juān juàn	kMandarin17 retained
瓽	U+74FD	dàng	dǎng dàng	kMandarin17 retained
瓿	U+74FF	bù	pǒu	kMandarin17 retained
甀	U+7500	zhuì	zhuì chuí	kMandarin17 retained
甋	U+750B	dì	dí	kMandarin17 retained
甎	U+750E	zhuān	zhuān chuán	kMandarin17 retained
甏	U+750F	bèng	pèng	kMandarin17 retained
甐	U+7510	lìn	lín lìn	kMandarin17 retained
甔	U+7514	dān	dān dàn	kMandarin17 retained
甚	U+751A	shèn	shé shén shèn	kMandarin17 retained
甝	U+751D	hán	hān	kMandarin17 retained
甮	U+752E	fèng	béng qì	kMandarin17 retained
甯	U+752F	níng	níng nìng	kMandarin17 retained
甲	U+7532	jiǎ	jiǎ jià	kMandarin17 retained
甴	U+7534	zhá	zhā zhá yóu	kMandarin17 retained
甸	U+7538	diàn	diàn tián	kMandarin17 retained
甹	U+7539	pīng	pīng píng	kMandarin17 retained
町	U+753A	tǐng	dīng tǐng	kMandarin17 retained
甼	U+753C	tǐng	dīng	kMandarin17 retained
甽	U+753D	zhèn	quǎn	kMandarin17 retained
甾	U+753E	zāi	zī zāi	kMandarin17 retained
畁	U+7541	bì	bì qí	kMandarin17 retained
畂	U+7542	liù	mǔ liù jiù	kMandarin17 retained
畇	U+7547	yún	xún yún	kMandarin17 retained
畊	U+754A	gēng	gēng jīng	kMandarin17 retained
畐	U+7550	fú	bì fú	kMandarin17 retained
畓	U+7553	duō	quán	kMandarin17 retained
畗	U+7557	dá	bì pēng fú dā dá hēng xiǎng	kMandarin17 retained
畜	U+755C	chù	xù chù	kMandarin17 retained
畟	U+755F	cè	jì cè	kMandarin17 retained
畡	U+7561	gāi	gāi hái	kMandarin17 retained
畦	U+7566	qí	qí xī	kMandarin17 retained
畨	U+7568	pān	pó pān fān	kMandarin17 retained
番	U+756A	fān	pó pān fān	kMandarin17 retained
畬	U+756C	shē	shē yú	kMandarin17 retained
畭	U+756D	yú	shē yú	kMandarin17 retained
畲	U+7572	shē	shē yú	kMandarin17 retained
當	U+7576	dāng	dāng dǎng dàng	kMandarin17 retained
畷	U+7577	zhuì	zhuó	kMandarin17 retained
畽	U+757D	tǔn	tuǎn	kMandarin17 retained
畿	U+757F	jī	jī qí	kMandarin17 retained
疃	U+7583	tuǎn	tuǎn tǔn	kMandarin17 retained
疄	U+7584	lìn	lín	kMandarin17 retained
疈	U+7588	pì	pì fù	kMandarin17 retained
疉	U+7589	dié	dá dié	kMandarin17 retained
疋	U+758B	pǐ	pī pǐ zhēng zhèng shū yā yǎ	kMandarin17 retained
疌	U+758C	jié	niè	kMandarin17 retained
疎	U+758E	shū	shū shù sū	kMandarin17 retained
疏	U+758F	shū	shū shù sū	kMandarin17 retained
疐	U+7590	zhì	dì zhì	kMandarin17 retained
疒	U+7592	nè	chuáng	kMandarin17 retained
疓	U+7593	nǎi	nǎi jiǎo	kMandarin17 retained
疘	U+7598	gāng	gāng gōng	kMandarin17 retained
疙	U+7599	gē	gē jì yì	kMandarin17 retained
疛	U+759B	zhǒu	zhǒu zhòu	kMandarin17 retained
疞	U+759E	xū	xū zhuāng	kMandarin17 retained
疣	U+75A3	yóu	yóu yòu	kMandarin17 retained
疧	U+75A7	qí	zhī	kMandarin17 retained
疨	U+75A8	xiā	jiǎ yá	kMandarin17 retained
疩	U+75A9	cuì	cuì suì	kMandarin17 retained
疱	U+75B1	pào	bāo pào	kMandarin17 retained
疴	U+75B4	kē	kē ē	kMandarin17 retained
疵	U+75B5	cī	cī cí	kMandarin17 retained
疶	U+75B6	xuē	xiè	kMandarin17 retained
痁	U+75C1	shān	diàn	kMandarin17 retained
痃	U+75C3	xuán	xián	kMandarin17 retained
痆	U+75C6	niè	nì niè	kMandarin17 retained
痋	U+75CB	téng	chóng	kMandarin17 retained
痑	U+75D1	tān	duǒ duò shǐ	kMandarin17 retained
痒	U+75D2	yǎng	yáng yǎng	kMandarin17 retained
痡	U+75E1	fū	pū	kMandarin17 retained
痨	U+75E8	láo	láo lào	kMandarin17 retained
痭	U+75ED	bēng	bēng péng	kMandarin17 retained
痴	U+75F4	chī	chī chí	kMandarin17 retained
痶	U+75F6	tiǎn	diǎn	kMandarin17 retained
痾	U+75FE	ē	kē ē	kMandarin17 retained
瘂	U+7602	yǎ	è yā yǎ	kMandarin17 retained
瘅	U+7605	dān	dān dàn	kMandarin17 retained
瘇	U+7607	zhǒng	tōng zhǒng chòng	kMandarin17 retained
瘈	U+7608	chì	jì qì zhì	kMandarin17 retained
瘌	U+760C	là	là la	kMandarin17 retained
瘑	U+7611	guō	guā guō	kMandarin17 retained
瘙	U+7619	sào	sāo	kMandarin17 retained
瘛	U+761B	chì	qì chì	kMandarin17 retained
瘜	U+761C	xī	xí	kMandarin17 retained
瘥	U+7625	chài	chài cuó	kMandarin17 retained
瘩	U+7629	da	dá da	kMandarin17 retained
瘪	U+762A	biě	biē biě	kMandarin17 retained
瘮	U+762E	shèn	shēn	kMandarin17 retained
瘶	U+7636	sòu	shù sòu	kMandarin17 retained
瘷	U+7637	sè	jí cì sè yū	kMandarin17 retained
瘻	U+763B	lòu	lóu lòu	kMandarin17 retained
瘽	U+763D	qín	jìn	kMandarin17 retained
癁	U+7641	fú	fù	kMandarin17 retained
癄	U+7644	qiáo	jiāo qiáo zhòu	kMandarin17 retained
癉	U+7649	dān	dān dàn	kMandarin17 retained
癌	U+764C	ái	ái yán	kMandarin17 retained
癐	U+7650	guì	guài	kMandarin17 retained
癑	U+7651	nòng	néng nóng nòng	kMandarin17 retained
癖	U+7656	pǐ	pǐ pì	kMandarin17 retained
癛	U+765B	lǐn	bǐn lǐn	kMandarin17 retained
癝	U+765D	lǐn	bǐng lǐn	kMandarin17 retained
癡	U+7661	chī	chī chí	kMandarin17 retained
癤	U+7664	jiē	jiē jié	kMandarin17 retained
癬	U+766C	xuǎn	xiǎn xuǎn	kMandarin17 retained
癳	U+7673	luǒ	lěi	kMandarin17 retained
癴	U+7674	luán	lüán	kMandarin17 retained
癵	U+7675	luán	luán lüán	kMandarin17 retained
癷	U+7677	bō	gān	kMandarin17 retained
癹	U+7679	bá	pō	kMandarin17 retained
白	U+767D	bái	bó bái	kMandarin17 retained
百	U+767E	bǎi	bó bǎi	kMandarin17 retained
癿	U+767F	bié	qié	kMandarin17 retained
皀	U+7680	jí	bī mào jí xiāng	kMandarin17 retained
皃	U+7683	mào	mào ní ér wán	kMandarin17 retained
的	U+7684	de	de dí dì	kMandarin17 retained
皅	U+7685	pā	bà pā	kMandarin17 retained
皍	U+768D	jí	jí jì	kMandarin17 retained
皐	U+7690	gāo	gāo gǎo	kMandarin17 retained
皖	U+7696	wǎn	huǎn wǎn	kMandarin17 retained
皛	U+769B	xiǎo	pò jiǎo jiǒng	kMandarin17 retained
皝	U+769D	huàng	huǎng huàng	kMandarin17 retained
皡	U+76A1	hào	gāo hào	kMandarin17 retained
皥	U+76A5	hào	gāo hào	kMandarin17 retained
皩	U+76A9	huàng	huǎng huàng	kMandarin17 retained
皪	U+76AA	lì	lì luò	kMandarin17 retained
皬	U+76AC	hé	lè hú	kMandarin17 retained
皶	U+76B6	zhā	lú zhā	kMandarin17 retained
皼	U+76BC	gǔ	pí	kMandarin17 retained
皽	U+76BD	zhāo	zhǎn	kMandarin17 retained
皿	U+76BF	mǐn	mǐn mǐng	kMandarin17 retained
盇	U+76C7	hé	gài hé	kMandarin17 retained
益	U+76CA	yì	yí yì	kMandarin17 retained
盋	U+76CB	bō	bō bó	kMandarin17 retained
盖	U+76D6	gài	gě gài hé	kMandarin17 retained
盛	U+76DB	shèng	chéng shèng	kMandarin17 retained
盠	U+76E0	lí	lí lǐ	kMandarin17 retained
盡	U+76E1	jǐn	jìn	kMandarin17 retained
監	U+76E3	jiān	jiān jiàn	kMandarin17 retained
盫	U+76EB	ān	kān ān	kMandarin17 retained
盰	U+76F0	gàn	gǎn gàn	kMandarin17 retained
盳	U+76F3	wàng	máng	kMandarin17 retained
盷	U+76F7	tián	mín tián xuán	kMandarin17 retained
相	U+76F8	xiāng	xiāng xiàng	kMandarin17 retained
盾	U+76FE	dùn	dùn shǔn	kMandarin17 retained
省	U+7701	shěng	xǐng shěng	kMandarin17 retained
眄	U+7704	miàn	miǎn	kMandarin17 retained
看	U+770B	kàn	kān kàn	kMandarin17 retained
眎	U+770E	shì	qí shì	kMandarin17 retained
眏	U+770F	yāng	yāng yǎng yìng	kMandarin17 retained
眔	U+7714	dà	tà	kMandarin17 retained
眗	U+7717	jū	kōu jū jù qū qú	kMandarin17 retained
眙	U+7719	yí	chì yí	kMandarin17 retained
眜	U+771C	mò	mò miè	kMandarin17 retained
眤	U+7724	nì	dì nì zhí yí	kMandarin17 retained
眪	U+772A	bǐng	bǐng fǎng	kMandarin17 retained
眫	U+772B	mǐ	pán pàn pāng pàng mī mí mǐ	kMandarin17 retained
眯	U+772F	mī	mī mǐ	kMandarin17 retained
眰	U+7730	diè	dí dié zhí zhì chōu	kMandarin17 retained
眱	U+7731	dì	yí	kMandarin17 retained
眳	U+7733	míng	míng mǐng	kMandarin17 retained
眶	U+7736	kuàng	kuāng kuàng	kMandarin17 retained
眽	U+773D	mò	mò mài	kMandarin17 retained
眿	U+773F	mò	mò mài	kMandarin17 retained
着	U+7740	zhe	zhe zhāo zháo zhù zhuó	kMandarin17 retained
睃	U+7743	suō	jùn	kMandarin17 retained
睄	U+7744	shào	qiáo	kMandarin17 retained
睆	U+7746	huàn	huǎn	kMandarin17 retained
睌	U+774C	mǎn	wǎn	kMandarin17 retained
睔	U+7754	gùn	gùn huán hǔn	kMandarin17 retained
睖	U+7756	lèng	léng lèng líng	kMandarin17 retained
睘	U+7758	qióng	qióng yuán	kMandarin17 retained
睚	U+775A	yá	yá yái	kMandarin17 retained
睥	U+7765	pì	bì	kMandarin17 retained
睪	U+776A	yì	gāo yì	kMandarin17 retained
睱	U+7771	xià	xiá xià	kMandarin17 retained
睲	U+7772	xǐng	xǐng xìng	kMandarin17 retained
睺	U+777A	hóu	hóu hòu	kMandarin17 retained
睻	U+777B	xuān	hàn xuān	kMandarin17 retained
睼	U+777C	tiàn	tí	kMandarin17 retained
瞀	U+7780	mào	mào mòu	kMandarin17 retained
瞂	U+7782	fá	fā	kMandarin17 retained
瞃	U+7783	wò	dùn wēn	kMandarin17 retained
瞆	U+7786	kuì	guì	kMandarin17 retained
瞉	U+7789	kòu	gòu kòu jì	kMandarin17 retained
瞑	U+7791	míng	miàn míng mǐng	kMandarin17 retained
瞓	U+7793	fèn	fěn	kMandarin17 retained
瞘	U+7798	kōu	kōu ōu	kMandarin17 retained
瞜	U+779C	lōu	lóu lǘ	kMandarin17 retained
瞡	U+77A1	guī	guī jì	kMandarin17 retained
瞣	U+77A3	wàn	huàn	kMandarin17 retained
瞤	U+77A4	rún	shùn	kMandarin17 retained
瞨	U+77A8	pú	pū pú	kMandarin17 retained
瞭	U+77AD	liào	liǎo liào	kMandarin17 retained
瞯	U+77AF	xián	jiàn	kMandarin17 retained
瞴	U+77B4	móu	móu wú wǔ	kMandarin17 retained
瞶	U+77B6	guì	guì kuì	kMandarin17 retained
瞿	U+77BF	qú	jù qū qú	kMandarin17 retained
矀	U+77C0	méi	wéi	kMandarin17 retained
矁	U+77C1	chǒu	qiū chǒu	kMandarin17 retained
矂	U+77C2	sào	zào sào	kMandarin17 retained
矅	U+77C5	yào	yào yuè	kMandarin17 retained
矇	U+77C7	méng	mēng méng	kMandarin17 retained
矊	U+77CA	mián	mián miǎn	kMandarin17 retained
矌	U+77CC	kuàng	guàng kuàng	kMandarin17 retained
矎	U+77CE	xuān	xuān xuàn	kMandarin17 retained
矕	U+77D5	mǎn	mán mǎn	kMandarin17 retained
矖	U+77D6	xǐ	lì	kMandarin17 retained
矜	U+77DC	jīn	guān jīn qín	kMandarin17 retained
矝	U+77DD	jīn	guān jīn qín	kMandarin17 retained
矞	U+77DE	yù	xù yù	kMandarin17 retained
矠	U+77E0	zé	cè	kMandarin17 retained
知	U+77E5	zhī	zhī zhì	kMandarin17 retained
矱	U+77F1	yuē	huò wò	kMandarin17 retained
石	U+77F3	shí	dàn shí	kMandarin17 retained
矵	U+77F5	qì	qì qiè	kMandarin17 retained
矺	U+77FA	zhé	tuō	kMandarin17 retained
矻	U+77FB	kū	kù	kMandarin17 retained
矼	U+77FC	gāng	jiāng qiāng	kMandarin17 retained
砇	U+7807	mín	mín wén	kMandarin17 retained
砈	U+7808	ě	è ài	kMandarin17 retained
砉	U+7809	huā	huò	kMandarin17 retained
砊	U+780A	kāng	kàng kēng	kMandarin17 retained
砌	U+780C	qì	qì qiè	kMandarin17 retained
砏	U+780F	bīn	bīn pīn fēn	kMandarin17 retained
研	U+7814	yán	yán yàn	kMandarin17 retained
砕	U+7815	suì	cuì suì	kMandarin17 retained
砝	U+781D	fǎ	fǎ jié	kMandarin17 retained
砟	U+781F	zhǎ	zhǎ zhà	kMandarin17 retained
砢	U+7822	kē	luǒ kē	kMandarin17 retained
砩	U+7829	fú	fèi	kMandarin17 retained
砫	U+782B	zhù	zhǔ zhù	kMandarin17 retained
砬	U+782C	lá	lā lá lì	kMandarin17 retained
砳	U+7833	lè	lè hú què xué	kMandarin17 retained
硄	U+7844	kuāng	guāng kuāng	kMandarin17 retained
硅	U+7845	guī	guī huò	kMandarin17 retained
硆	U+7846	è	qì	kMandarin17 retained
硈	U+7848	qià	jiá	kMandarin17 retained
硊	U+784A	huì	guì kuì wěi	kMandarin17 retained
硌	U+784C	gè	luò gè	kMandarin17 retained
硍	U+784D	yín	kèn kēng xiàn	kMandarin17 retained
硏	U+784F	yán	yán yàn	kMandarin17 retained
硐	U+7850	dòng	tóng	kMandarin17 retained
硑	U+7851	pēng	pēng pīng yán yàn	kMandarin17 retained
硘	U+7858	qing	huí	kMandarin17 retained
硡	U+7861	hōng	hóng	kMandarin17 retained
硦	U+7866	luò	lòng	kMandarin17 retained
硧	U+7867	yǒng	dòng tóng yǒng	kMandarin17 retained
硪	U+786A	wò	é ě	kMandarin17 retained
硲	U+7872	yù	gǔ	kMandarin17 retained
硼	U+787C	péng	pēng péng	kMandarin17 retained
硽	U+787D	yān	yān yǎn	kMandarin17 retained
碀	U+7880	chéng	céng	kMandarin17 retained
碁	U+7881	qí	jī qí	kMandarin17 retained
碂	U+7882	zòng	zòng cóng	kMandarin17 retained
碆	U+7886	bō	bō pó	kMandarin17 retained
碈	U+7888	hūn	mín wén	kMandarin17 retained
碊	U+788A	jiān	jiān jiàn qián zhàn	kMandarin17 retained
碌	U+788C	lù	lù luò	kMandarin17 retained
碖	U+7896	lǔn	lún lùn	kMandarin17 retained
碙	U+7899	náo	gāng	kMandarin17 retained
碜	U+789C	chěn	chěn cà	kMandarin17 retained
碡	U+78A1	zhóu	dú	kMandarin17 retained
碨	U+78A8	wèi	wēi	kMandarin17 retained
碩	U+78A9	shuò	shí shuò	kMandarin17 retained
碪	U+78AA	zhēn	kàn zhēn	kMandarin17 retained
碿	U+78BF	sù	xiè sù	kMandarin17 retained
磀	U+78C0	é	è	kMandarin17 retained
磅	U+78C5	bàng	bàng bèng pāng	kMandarin17 retained
磆	U+78C6	huá	gū huá	kMandarin17 retained
磈	U+78C8	wěi	kuǐ	kMandarin17 retained
磍	U+78CD	xiá	qià xiá yà	kMandarin17 retained
磎	U+78CE	xī	qī xī	kMandarin17 retained
磑	U+78D1	wéi	ái wèi	kMandarin17 retained
磒	U+78D2	yǔn	sǔn yuán yǔn	kMandarin17 retained
磓	U+78D3	duī	duī chuī	kMandarin17 retained
磖	U+78D6	lá	lā	kMandarin17 retained
磜	U+78DC	qì	qì qiè	kMandarin17 retained
磟	U+78DF	liù	lù	kMandarin17 retained
磢	U+78E2	chuǎng	qiǎng chuǎng	kMandarin17 retained
磤	U+78E4	yǐn	yīn yǐn	kMandarin17 retained
磨	U+78E8	mó	mó mò	kMandarin17 retained
磩	U+78E9	qì	qī zhú	kMandarin17 retained
磹	U+78F9	tán	diàn	kMandarin17 retained
礆	U+7906	jiǎn	xiǎn	kMandarin17 retained
礉	U+7909	hé	hé qiāo qiào	kMandarin17 retained
礊	U+790A	kè	kè huò	kMandarin17 retained
礋	U+790B	zé	zhé	kMandarin17 retained
礌	U+790C	léi	lèi	kMandarin17 retained
礍	U+790D	jié	jié xiē	kMandarin17 retained
礔	U+7914	pī	pì	kMandarin17 retained
礕	U+7915	pī	pì	kMandarin17 retained
礖	U+7916	yù	yú	kMandarin17 retained
礘	U+7918	è	qì	kMandarin17 retained
礛	U+791B	jiān	lán jiān	kMandarin17 retained
礟	U+791F	pào	bāo páo pào	kMandarin17 retained
礣	U+7923	mà	miè	kMandarin17 retained
礦	U+7926	kuàng	gǒng kuàng	kMandarin17 retained
礧	U+7927	léi	lěi lèi	kMandarin17 retained
礩	U+7929	zhì	zhí	kMandarin17 retained
礮	U+792E	pào	bāo páo pào	kMandarin17 retained
礷	U+7937	lán	lán jiān	kMandarin17 retained
礸	U+7938	cǎ	zǎn	kMandarin17 retained
示	U+793A	shì	qí shì	kMandarin17 retained
祇	U+7947	qí	qí zhī	kMandarin17 retained
祋	U+794B	duì	duì shū	kMandarin17 retained
祌	U+794C	zhòng	zhòng chōng	kMandarin17 retained
祕	U+7955	mì	bì mì	kMandarin17 retained
祢	U+7962	mí	mí nǐ	kMandarin17 retained
祦	U+7966	wú	yú	kMandarin17 retained
票	U+7968	piào	piāo piào	kMandarin17 retained
祩	U+7969	zhù	zhū zhù	kMandarin17 retained
祬	U+796C	zhī	qí zhī zhǐ	kMandarin17 retained
祭	U+796D	jì	jì zhài	kMandarin17 retained
祲	U+7972	jìn	jīn	kMandarin17 retained
祳	U+7973	shèn	zhěn chěn	kMandarin17 retained
祴	U+7974	gāi	gāi jiè	kMandarin17 retained
祾	U+797E	líng	léng líng	kMandarin17 retained
禀	U+7980	bǐng	bīn bǐn bǐng lǐn	kMandarin17 retained
禁	U+7981	jìn	jīn jìn	kMandarin17 retained
禆	U+7986	bì	bì pí	kMandarin17 retained
禇	U+7987	zhě	chǔ	kMandarin17 retained
禔	U+7994	zhī	tí zhī	kMandarin17 retained
禜	U+799C	yǒng	yòng	kMandarin17 retained
禢	U+79A2	tà	tā	kMandarin17 retained
禣	U+79A3	fù	fū	kMandarin17 retained
禧	U+79A7	xǐ	xī xǐ	kMandarin17 retained
禪	U+79AA	chán	chán shàn	kMandarin17 retained
禫	U+79AB	dàn	tǎn	kMandarin17 retained
禰	U+79B0	mí	mí nǐ	kMandarin17 retained
禶	U+79B6	zàn	zǎn zàn	kMandarin17 retained
禺	U+79BA	yú	yú yù	kMandarin17 retained
离	U+79BB	lí	lí chī	kMandarin17 retained
秇	U+79C7	yì	zhí yì	kMandarin17 retained
种	U+79CD	zhǒng	zhǒng zhòng chóng	kMandarin17 retained
秎	U+79CE	fèn	fén fèn	kMandarin17 retained
秔	U+79D4	jīng	gēng jīng	kMandarin17 retained
秘	U+79D8	mì	bì mì	kMandarin17 retained
秡	U+79E1	bó	bá	kMandarin17 retained
秤	U+79E4	chèng	píng chèng	kMandarin17 retained
秮	U+79EE	huó	tái huó	kMandarin17 retained
积	U+79EF	jī	jī zhǐ	kMandarin17 retained
称	U+79F0	chēng	chèn chēng chèng	kMandarin17 retained
秲	U+79F2	zhì	zhì shì	kMandarin17 retained
秳	U+79F3	huó	huá huó	kMandarin17 retained
秴	U+79F4	hé	gé hé	kMandarin17 retained
秷	U+79F7	zhì	zhí	kMandarin17 retained
秿	U+79FF	fù	fǔ	kMandarin17 retained
稄	U+7A04	xùn	zè	kMandarin17 retained
稉	U+7A09	jīng	gēng jīng	kMandarin17 retained
稍	U+7A0D	shāo	shāo shào	kMandarin17 retained
稖	U+7A16	bàng	bàng póu	kMandarin17 retained
稙	U+7A19	zhī	zhí	kMandarin17 retained
稟	U+7A1F	bǐng	bīn bǐng lǐn	kMandarin17 retained
稡	U+7A21	zuì	zú	kMandarin17 retained
稤	U+7A24	lüè	lüē lüě lüè	kMandarin17 retained
稪	U+7A2A	fú	fù	kMandarin17 retained
稫	U+7A2B	pì	bī bì fú	kMandarin17 retained
稭	U+7A2D	jiē	jí jiá jiē xiá	kMandarin17 retained
種	U+7A2E	zhǒng	zhǒng zhòng	kMandarin17 retained
稰	U+7A30	xǔ	xū	kMandarin17 retained
稱	U+7A31	chēng	chèn chēng chèng	kMandarin17 retained
稴	U+7A34	xián	liǎn liàn xián	kMandarin17 retained
稵	U+7A35	zī	jiū zī	kMandarin17 retained
稽	U+7A3D	jī	jī qǐ	kMandarin17 retained
穃	U+7A43	rong	ròng	kMandarin17 retained
穇	U+7A47	cǎn	shān	kMandarin17 retained
穈	U+7A48	méi	mén	kMandarin17 retained
穛	U+7A5B	zhuō	zhuó	kMandarin17 retained
穝	U+7A5D	zui	zuì	kMandarin17 retained
穢	U+7A62	huì	huì wèi	kMandarin17 retained
穦	U+7A66	pīn	bīn	kMandarin17 retained
穪	U+7A6A	chēng	chèn chēng chèng	kMandarin17 retained
穫	U+7A6B	huò	hù huò	kMandarin17 retained
穬	U+7A6C	kuàng	gǒng	kMandarin17 retained
穰	U+7A70	ráng	ráng rǎng	kMandarin17 retained
穱	U+7A71	zhuō	jué	kMandarin17 retained
穳	U+7A73	cuán	zàn cuán	kMandarin17 retained
穴	U+7A74	xué	xué xuè	kMandarin17 retained
穵	U+7A75	wā	yà wā	kMandarin17 retained
究	U+7A76	jiū	guǐ jiū jiù	kMandarin17 retained
穸	U+7A78	xī	xì	kMandarin17 retained
穹	U+7A79	qióng	qiōng qióng	kMandarin17 retained
空	U+7A7A	kōng	kōng kòng	kMandarin17 retained
穼	U+7A7C	shēn	sēn	kMandarin17 retained
穾	U+7A7E	yào	yǎo	kMandarin17 retained
突	U+7A81	tū	tú	kMandarin17 retained
窄	U+7A84	zhǎi	zhǎi zé	kMandarin17 retained
窌	U+7A8C	jiào	liáo liù jiào	kMandarin17 retained
窐	U+7A90	guī	guī wā	kMandarin17 retained
窔	U+7A94	yào	yǎo	kMandarin17 retained
窘	U+7A98	jiǒng	jǔn jiǒng	kMandarin17 retained
窜	U+7A9C	cuàn	cuān cuàn	kMandarin17 retained
窢	U+7AA2	xū	huò xù	kMandarin17 retained
窣	U+7AA3	sū	sù	kMandarin17 retained
窥	U+7AA5	kuī	kuī kuǐ	kMandarin17 retained
窧	U+7AA7	zhuo	zhuō	kMandarin17 retained
窨	U+7AA8	yìn	xūn yìn	kMandarin17 retained
窲	U+7AB2	cháo	liào	kMandarin17 retained
窳	U+7AB3	yǔ	wā yǔ	kMandarin17 retained
窶	U+7AB6	jù	lóu jù	kMandarin17 retained
窷	U+7AB7	liào	liáo	kMandarin17 retained
窼	U+7ABC	zhāo	kē zhāo	kMandarin17 retained
竐	U+7AD0	chù	chù chuò	kMandarin17 retained
竒	U+7AD2	qí	jī qí	kMandarin17 retained
竓	U+7AD3	háo	máo	kMandarin17 retained
竘	U+7AD8	qǔ	jǔ	kMandarin17 retained
竜	U+7ADC	lóng	lóng lǒng	kMandarin17 retained
竢	U+7AE2	sì	qí sì	kMandarin17 retained
竩	U+7AE9	yì	yí yì	kMandarin17 retained
竮	U+7AEE	pīng	píng	kMandarin17 retained
竺	U+7AFA	zhú	dǔ zhú	kMandarin17 retained
竾	U+7AFE	chí	dì hǔ chí	kMandarin17 retained
笅	U+7B05	jiǎo	xiáo	kMandarin17 retained
笉	U+7B09	qǐn	zhěn	kMandarin17 retained
笍	U+7B0D	zhuì	zhuì ruì	kMandarin17 retained
笐	U+7B10	háng	gāng	kMandarin17 retained
笓	U+7B13	bì	pí	kMandarin17 retained
笕	U+7B15	jiǎn	jiǎn xiàn	kMandarin17 retained
笚	U+7B1A	dā	xiá	kMandarin17 retained
笜	U+7B1C	zhú	duò chù	kMandarin17 retained
笟	U+7B1F	gū	gū kū	kMandarin17 retained
笧	U+7B27	cè	chǎi cè	kMandarin17 retained
笩	U+7B29	fá	pèi	kMandarin17 retained
笮	U+7B2E	zé	zhà zé	kMandarin17 retained
笴	U+7B34	gǎn	gě gǎn	kMandarin17 retained
笹	U+7B39	tì	shì	kMandarin17 retained
笼	U+7B3C	lóng	lóng lǒng	kMandarin17 retained
笽	U+7B3D	mǐn	zhú	kMandarin17 retained
筂	U+7B42	chí	dì hǔ chí	kMandarin17 retained
筈	U+7B48	kuò	guā	kMandarin17 retained
筊	U+7B4A	xiáo	jiǎo	kMandarin17 retained
筑	U+7B51	zhù	zhú	kMandarin17 retained
答	U+7B54	dá	dā dá	kMandarin17 retained
筛	U+7B5B	shāi	shī shāi	kMandarin17 retained
筣	U+7B63	lí	lí lì	kMandarin17 retained
筨	U+7B68	hán	hán cén	kMandarin17 retained
筩	U+7B69	tóng	tǒng yǒng	kMandarin17 retained
筫	U+7B6B	zhì	zhǐ zhì	kMandarin17 retained
筶	U+7B76	gào	gǎo	kMandarin17 retained
筼	U+7B7C	yún	xūn yún	kMandarin17 retained
箁	U+7B81	póu	póu pǒu pú fú	kMandarin17 retained
箄	U+7B84	bǐ	bēi bī bì pái	kMandarin17 retained
箇	U+7B87	gè	gě gè ge	kMandarin17 retained
箈	U+7B88	tái	chí	kMandarin17 retained
箌	U+7B8C	dào	zhào	kMandarin17 retained
箐	U+7B90	qìng	jīng qiàn	kMandarin17 retained
箑	U+7B91	shà	jié shà	kMandarin17 retained
箘	U+7B98	jùn	juàn jùn	kMandarin17 retained
箞	U+7B9E	qiān	quān quàn	kMandarin17 retained
箟	U+7B9F	jùn	juàn jùn	kMandarin17 retained
箢	U+7BA2	yuān	wǎn	kMandarin17 retained
箤	U+7BA4	zú	jú suì	kMandarin17 retained
箥	U+7BA5	bǒ	pǒ	kMandarin17 retained
箦	U+7BA6	zé	zhài zé	kMandarin17 retained
箫	U+7BAB	xiāo	xiāo xiǎo	kMandarin17 retained
箲	U+7BB2	xiǎn	xiān xiǎn	kMandarin17 retained
箵	U+7BB5	xīng	shěng	kMandarin17 retained
箷	U+7BB7	yí	shī yí	kMandarin17 retained
箺	U+7BBA	chūn	chǔn	kMandarin17 retained
篊	U+7BCA	huáng	hóng	kMandarin17 retained
篒	U+7BD2	shi	shí	kMandarin17 retained
篓	U+7BD3	lǒu	lǒu lòu lǚ	kMandarin17 retained
篢	U+7BE2	lǒng	gōng	kMandarin17 retained
篣	U+7BE3	péng	páng péng	kMandarin17 retained
篫	U+7BEB	zhù	zhú	kMandarin17 retained
篬	U+7BEC	qiāng	qiāng cāng	kMandarin17 retained
篭	U+7BED	lóng	lóng lǒng	kMandarin17 retained
篯	U+7BEF	jiān	jiān jiǎn	kMandarin17 retained
篰	U+7BF0	bù	bù pǒu	kMandarin17 retained
篸	U+7BF8	cǎn	zān zàn cēn	kMandarin17 retained
篹	U+7BF9	zhuàn	zhuàn zuǎn suǎn	kMandarin17 retained
篺	U+7BFA	pí	pái pí	kMandarin17 retained
篿	U+7BFF	tuán	tuán zhuān	kMandarin17 retained
簁	U+7C01	shāi	xǐ shāi	kMandarin17 retained
簂	U+7C02	guì	guó guì	kMandarin17 retained
簉	U+7C09	zào	chòu zào	kMandarin17 retained
簗	U+7C17	zhù	zhú	kMandarin17 retained
簚	U+7C1A	mì	mì miè xián	kMandarin17 retained
簛	U+7C1B	shāi	xǐ shāi sī	kMandarin17 retained
簢	U+7C22	mǐn	mǐn áo	kMandarin17 retained
簥	U+7C25	jiāo	jiāo qiáo	kMandarin17 retained
簪	U+7C2A	zān	zān zēn	kMandarin17 retained
簬	U+7C2C	lù	dù	kMandarin17 retained
簮	U+7C2E	zān	zān zēn	kMandarin17 retained
簯	U+7C2F	qi	qī	kMandarin17 retained
簴	U+7C34	jù	jù yú	kMandarin17 retained
簵	U+7C35	lù	dù lù	kMandarin17 retained
簸	U+7C38	bǒ	bǒ bò	kMandarin17 retained
簻	U+7C3B	zhuā	kē zhuā	kMandarin17 retained
簼	U+7C3C	gōu	gōu gòu	kMandarin17 retained
簿	U+7C3F	bù	bó bù	kMandarin17 retained
籂	U+7C42	shi	shī	kMandarin17 retained
籋	U+7C4B	niè	mí niè	kMandarin17 retained
籎	U+7C4E	yí	yī	kMandarin17 retained
籔	U+7C54	sǒu	shù sǒu	kMandarin17 retained
籕	U+7C55	zhòu	zhòu chōu	kMandarin17 retained
籖	U+7C56	qian	qiān	kMandarin17 retained
籗	U+7C57	zhuó	kuò zhuó	kMandarin17 retained
籛	U+7C5B	jiǎn	jiān	kMandarin17 retained
籠	U+7C60	lóng	lóng lǒng	kMandarin17 retained
籧	U+7C67	qú	jǔ qú	kMandarin17 retained
籭	U+7C6D	sī	xǐ shāi sī	kMandarin17 retained
籱	U+7C71	zhuó	zhào zhuó	kMandarin17 retained
籹	U+7C79	nǚ	nǚ zhuāng	kMandarin17 retained
籺	U+7C7A	hé	xì	kMandarin17 retained
粂	U+7C82	zhāi	lián	kMandarin17 retained
粆	U+7C86	shā	chǎo shā	kMandarin17 retained
粈	U+7C88	róu	rǒu	kMandarin17 retained
粌	U+7C8C	yin	yín yǐn	kMandarin17 retained
粍	U+7C8D	zhé	lí	kMandarin17 retained
粎	U+7C8E	mǐ	chǐ	kMandarin17 retained
粏	U+7C8F	tai	tài	kMandarin17 retained
粘	U+7C98	zhān	nián	kMandarin17 retained
粙	U+7C99	zhòu	jiù	kMandarin17 retained
粥	U+7CA5	zhōu	zhōu zhù yù	kMandarin17 retained
粩	U+7CA9	lāo	lǎo	kMandarin17 retained
粰	U+7CB0	fú	fū fú	kMandarin17 retained
粳	U+7CB3	jīng	gēng jīng	kMandarin17 retained
粽	U+7CBD	zòng	zhòng zòng	kMandarin17 retained
糁	U+7CC1	sǎn	sān sǎn	kMandarin17 retained
糃	U+7CC3	táng	táng xíng	kMandarin17 retained
糅	U+7CC5	róu	rǒu	kMandarin17 retained
糉	U+7CC9	zòng	zhòng zòng	kMandarin17 retained
糊	U+7CCA	hú	hū hú hù	kMandarin17 retained
糌	U+7CCC	zān	zán	kMandarin17 retained
糑	U+7CD1	nuò	nì nuò	kMandarin17 retained
糙	U+7CD9	cāo	cāo cào	kMandarin17 retained
糜	U+7CDC	mí	méi mí	kMandarin17 retained
糡	U+7CE1	jiàng	jiàng qiáng	kMandarin17 retained
糦	U+7CE6	xī	xī xǐ chì	kMandarin17 retained
糩	U+7CE9	kuài	kuì	kMandarin17 retained
糪	U+7CEA	bò	bó	kMandarin17 retained
糮	U+7CEE	xiàn	jiàn	kMandarin17 retained
糷	U+7CF7	làn	lán làn	kMandarin17 retained
糸	U+7CF8	mì	mì sī	kMandarin17 retained
糺	U+7CFA	jiū	jiū jiǔ	kMandarin17 retained
糼	U+7CFC	gōng	gōng yòu	kMandarin17 retained
糽	U+7CFD	zhěng	zhēng zhěng	kMandarin17 retained
糾	U+7CFE	jiū	jiū jiǔ	kMandarin17 retained
糿	U+7CFF	yòu	gōng yòu	kMandarin17 retained
紀	U+7D00	jì	jǐ jì	kMandarin17 retained
紅	U+7D05	hóng	gōng hóng	kMandarin17 retained
紇	U+7D07	hé	gē hé	kMandarin17 retained
紊	U+7D0A	wěn	wèn	kMandarin17 retained
紑	U+7D11	fóu	fōu	kMandarin17 retained
純	U+7D14	chún	zhǔn chún	kMandarin17 retained
紕	U+7D15	pī	pī pí	kMandarin17 retained
紝	U+7D1D	rèn	rén rèn	kMandarin17 retained
索	U+7D22	suǒ	suó suǒ	kMandarin17 retained
紥	U+7D25	zā	zhá zā	kMandarin17 retained
紦	U+7D26	ba	bā	kMandarin17 retained
紬	U+7D2C	chóu	chōu chóu	kMandarin17 retained
紮	U+7D2E	zā	zhá zā	kMandarin17 retained
累	U+7D2F	lèi	léi lěi lèi	kMandarin17 retained
紴	U+7D34	bō	bō bì	kMandarin17 retained
紶	U+7D36	qū	qū qǔ	kMandarin17 retained
紻	U+7D3B	yǎng	yāng	kMandarin17 retained
絅	U+7D45	jiōng	jiǒng	kMandarin17 retained
絈	U+7D48	mò	pà	kMandarin17 retained
絉	U+7D49	shù	shì	kMandarin17 retained
絍	U+7D4D	rèn	rén rèn	kMandarin17 retained
絎	U+7D4E	háng	hèng	kMandarin17 retained
結	U+7D50	jié	jiē jié	kMandarin17 retained
絚	U+7D5A	gēng	gēng héng huán	kMandarin17 retained
絜	U+7D5C	jié	jié xié	kMandarin17 retained
絞	U+7D5E	jiǎo	jiǎo xiáo	kMandarin17 retained
絟	U+7D5F	quán	quān quán	kMandarin17 retained
絡	U+7D61	luò	lào luò	kMandarin17 retained
給	U+7D66	gěi	gěi jǐ	kMandarin17 retained
絧	U+7D67	dòng	tóng	kMandarin17 retained
絭	U+7D6D	juàn	juàn quàn	kMandarin17 retained
絯	U+7D6F	gāi	gāi hài	kMandarin17 retained
絻	U+7D7B	miǎn	wèn	kMandarin17 retained
絼	U+7D7C	zhèn	zhěn	kMandarin17 retained
綂	U+7D82	tǒng	tǒng liú	kMandarin17 retained
綄	U+7D84	huán	wàn	kMandarin17 retained
綅	U+7D85	qīn	xiān	kMandarin17 retained
綇	U+7D87	xiǔ	xié xǔ	kMandarin17 retained
綉	U+7D89	tòu	xiù	kMandarin17 retained
綏	U+7D8F	suī	suī suí	kMandarin17 retained
綕	U+7D95	zhī	zhī zhí	kMandarin17 retained
綘	U+7D98	féng	féng fèng	kMandarin17 retained
綜	U+7D9C	zōng	zòng	kMandarin17 retained
綝	U+7D9D	chēn	lín chēn	kMandarin17 retained
綞	U+7D9E	duǒ	duǒ chuí	kMandarin17 retained
綠	U+7DA0	lǜ	lù lǜ	kMandarin17 retained
綮	U+7DAE	qìng	qǐ qìng	kMandarin17 retained
綳	U+7DB3	bēng	bēng běng bèng	kMandarin17 retained
綸	U+7DB8	lún	lún guān	kMandarin17 retained
緀	U+7DC0	qī	qī qiè	kMandarin17 retained
緁	U+7DC1	qiè	jié qiè	kMandarin17 retained
緂	U+7DC2	tián	tān tǎn chān	kMandarin17 retained
緆	U+7DC6	xī	xì	kMandarin17 retained
総	U+7DCF	zǒng	zǒng cōng	kMandarin17 retained
緐	U+7DD0	fán	pó fán	kMandarin17 retained
緑	U+7DD1	lǜ	lù lǜ	kMandarin17 retained
緕	U+7DD5	qi	qí	kMandarin17 retained
緝	U+7DDD	jī	qī qì	kMandarin17 retained
緟	U+7DDF	chóng	zhòng	kMandarin17 retained
緢	U+7DE2	miáo	máo	kMandarin17 retained
緣	U+7DE3	yuán	yuán yuàn	kMandarin17 retained
緤	U+7DE4	xiè	xiè shì	kMandarin17 retained
緫	U+7DEB	cōng	zǒng cōng	kMandarin17 retained
緰	U+7DF0	tóu	tóu xū rú yú	kMandarin17 retained
緳	U+7DF3	xié	jié xié	kMandarin17 retained
緵	U+7DF5	zōng	shǎ	kMandarin17 retained
緶	U+7DF6	biàn	biàn pián	kMandarin17 retained
緷	U+7DF7	yùn	gǔn yùn	kMandarin17 retained
緼	U+7DFC	yùn	yūn yùn	kMandarin17 retained
緽	U+7DFD	chēng	zhēn chēng	kMandarin17 retained
縀	U+7E00	xiá	duàn xiá	kMandarin17 retained
縁	U+7E01	yuán	yuán yuàn	kMandarin17 retained
縆	U+7E06	gēng	gēng gèng	kMandarin17 retained
縇	U+7E07	xuān	xiān	kMandarin17 retained
縒	U+7E12	cī	cī cuǒ cuò suǒ	kMandarin17 retained
縕	U+7E15	yùn	yūn yùn	kMandarin17 retained
縖	U+7E16	xiá	xiá xià	kMandarin17 retained
縘	U+7E18	xī	jì xì	kMandarin17 retained
縙	U+7E19	róng	róng rǒng ròng	kMandarin17 retained
縛	U+7E1B	fù	fú	kMandarin17 retained
縝	U+7E1D	chēn	zhěn	kMandarin17 retained
縡	U+7E21	zài	zǎi	kMandarin17 retained
縣	U+7E23	xiàn	xiàn xuán	kMandarin17 retained
縦	U+7E26	zòng	zōng zǒng zòng	kMandarin17 retained
縧	U+7E27	tāo	tāo tiáo	kMandarin17 retained
縫	U+7E2B	fèng	féng fèng	kMandarin17 retained
縮	U+7E2E	suō	sù suō	kMandarin17 retained
縯	U+7E2F	yǎn	yǎn yǐn	kMandarin17 retained
縰	U+7E30	xǐ	shǐ	kMandarin17 retained
縱	U+7E31	zòng	zōng zǒng zòng	kMandarin17 retained
縳	U+7E33	juàn	zhuàn chuán	kMandarin17 retained
縸	U+7E38	mù	mò mù	kMandarin17 retained
縹	U+7E39	piǎo	piǎo piào	kMandarin17 retained
繁	U+7E41	fán	pó fán	kMandarin17 retained
繂	U+7E42	lǜ	lǜ shuài	kMandarin17 retained
繃	U+7E43	běng	bēng běng bèng	kMandarin17 retained
繆	U+7E46	móu	móu miào miù mù liáo	kMandarin17 retained
繇	U+7E47	yáo	zhòu yáo yóu	kMandarin17 retained
繌	U+7E4C	sha	shǎ zōng	kMandarin17 retained
繏	U+7E4F	xuàn	xǔ xuàn	kMandarin17 retained
繒	U+7E52	zēng	zēng zèng	kMandarin17 retained
繓	U+7E53	zuǒ	zuó zuǒ	kMandarin17 retained
繜	U+7E5C	zūn	zūn zǔn	kMandarin17 retained
繦	U+7E66	qiǎng	qiáng qiǎng	kMandarin17 retained
繧	U+7E67	yun	yún	kMandarin17 retained
繨	U+7E68	da	dá da	kMandarin17 retained
繫	U+7E6B	xì	jì xì	kMandarin17 retained
繮	U+7E6E	jiāng	gāng jiāng	kMandarin17 retained
繯	U+7E6F	huán	huán huàn	kMandarin17 retained
繰	U+7E70	zǎo	zǎo sāo	kMandarin17 retained
繲	U+7E72	xiè	jiè	kMandarin17 retained
繳	U+7E73	jiǎo	jiǎo zhuó	kMandarin17 retained
繵	U+7E75	dàn	dàn chán	kMandarin17 retained
繷	U+7E77	nǒng	náo nǒng	kMandarin17 retained
繺	U+7E7A	shǎi	shā shǎi	kMandarin17 retained
繻	U+7E7B	xū	xū rú	kMandarin17 retained
纅	U+7E85	yào	lì yào	kMandarin17 retained
纎	U+7E8E	xiān	qiān xiān	kMandarin17 retained
纕	U+7E95	rǎng	xiāng	kMandarin17 retained
纗	U+7E97	zuī	xī zuī	kMandarin17 retained
纚	U+7E9A	lí	shǐ	kMandarin17 retained
纛	U+7E9B	dào	dào dú	kMandarin17 retained
纝	U+7E9D	léi	léi luó	kMandarin17 retained
纠	U+7EA0	jiū	jiǎo jiū	kMandarin17 retained
纡	U+7EA1	yū	ōu yū	kMandarin17 retained
红	U+7EA2	hóng	gōng hóng hòng	kMandarin17 retained
纤	U+7EA4	xiān	qiàn xiān	kMandarin17 retained
纥	U+7EA5	hé	gē gé hé	kMandarin17 retained
约	U+7EA6	yuē	yāo yuē yuè	kMandarin17 retained
纪	U+7EAA	jì	jǐ jì	kMandarin17 retained
纯	U+7EAF	chún	zhǔn chún	kMandarin17 retained
纰	U+7EB0	pī	pī pí pǐ	kMandarin17 retained
纱	U+7EB1	shā	miǎo shā	kMandarin17 retained
纵	U+7EB5	zòng	zōng zǒng zòng	kMandarin17 retained
纶	U+7EB6	lún	lún guān	kMandarin17 retained
纹	U+7EB9	wén	wén wèn	kMandarin17 retained
纺	U+7EBA	fǎng	bǎng fǎng	kMandarin17 retained
绁	U+7EC1	xiè	xiè yì	kMandarin17 retained
组	U+7EC4	zǔ	qū zǔ	kMandarin17 retained
织	U+7EC7	zhī	zhī zhì	kMandarin17 retained
绉	U+7EC9	zhòu	zhòu chǎo chào	kMandarin17 retained
绋	U+7ECB	fú	fèi fú	kMandarin17 retained
绍	U+7ECD	shào	chāo shào	kMandarin17 retained
绎	U+7ECE	yì	shì yì	kMandarin17 retained
经	U+7ECF	jīng	jīng jìng	kMandarin17 retained
结	U+7ED3	jié	jiē jié jiè	kMandarin17 retained
绕	U+7ED5	rào	rǎo rào	kMandarin17 retained
绘	U+7ED8	huì	guì huì	kMandarin17 retained
给	U+7ED9	gěi	gěi jǐ	kMandarin17 retained
绚	U+7EDA	xuàn	xuàn xún	kMandarin17 retained
络	U+7EDC	luò	lào luò	kMandarin17 retained
绞	U+7EDE	jiǎo	jiǎo jiào xiáo	kMandarin17 retained
绠	U+7EE0	gěng	bǐng gěng	kMandarin17 retained
绡	U+7EE1	xiāo	xiāo shāo	kMandarin17 retained
绢	U+7EE2	juàn	juàn xuàn	kMandarin17 retained
绣	U+7EE3	xiù	tòu xiù	kMandarin17 retained
绥	U+7EE5	suí	suī suí	kMandarin17 retained
绨	U+7EE8	tí	tí tì	kMandarin17 retained
绩	U+7EE9	jì	jī	kMandarin17 retained
绮	U+7EEE	qǐ	qǐ yǐ	kMandarin17 retained
绰	U+7EF0	chuò	chāo chuò	kMandarin17 retained
绳	U+7EF3	shéng	shéng shèng	kMandarin17 retained
维	U+7EF4	wéi	yí wéi	kMandarin17 retained
绷	U+7EF7	bēng	bēng běng bèng	kMandarin17 retained
绸	U+7EF8	chóu	tāo chóu chòu	kMandarin17 retained
综	U+7EFC	zōng	zèng zōng	kMandarin17 retained
绿	U+7EFF	lǜ	lù lǜ	kMandarin17 retained
缀	U+7F00	zhuì	zhuì chuò	kMandarin17 retained
缉	U+7F09	jī	jī jí	kMandarin17 retained
缊	U+7F0A	yùn	wēn yùn	kMandarin17 retained
缋	U+7F0B	huì	huí huì	kMandarin17 retained
缏	U+7F0F	biàn	bián biǎn biàn	kMandarin17 retained
编	U+7F16	biān	biān biǎn biàn	kMandarin17 retained
缗	U+7F17	mín	mín mǐn	kMandarin17 retained
缘	U+7F18	yuán	yuán yuàn	kMandarin17 retained
缛	U+7F1B	rù	rù rǒng	kMandarin17 retained
缜	U+7F1C	zhěn	zhěn chēn	kMandarin17 retained
缝	U+7F1D	fèng	féng fèng	kMandarin17 retained
缞	U+7F1E	cuī	cuī suī	kMandarin17 retained
缥	U+7F25	piāo	piāo piǎo	kMandarin17 retained
缩	U+7F29	suō	sù suō	kMandarin17 retained
缪	U+7F2A	móu	móu miào miù mù liáo	kMandarin17 retained
缫	U+7F2B	sāo	zǎo sāo	kMandarin17 retained
缭	U+7F2D	liáo	liáo rǎo	kMandarin17 retained
缯	U+7F2F	zēng	zēng zèng céng	kMandarin17 retained
缲	U+7F32	qiāo	qiāo zǎo	kMandarin17 retained
缴	U+7F34	jiǎo	jiáo jiǎo jiào	kMandarin17 retained
缷	U+7F37	xiè	xiè yù	kMandarin17 retained
缻	U+7F3B	fǒu	fǒu gāng guàn	kMandarin17 retained
缼	U+7F3C	qi	quē	kMandarin17 retained
罀	U+7F40	zhao	tiǎo	kMandarin17 retained
罉	U+7F49	chēng	cāng	kMandarin17 retained
罊	U+7F4A	qì	qì qìng	kMandarin17 retained
罓	U+7F53	gāng	gāng gǎng	kMandarin17 retained
罘	U+7F58	fú	fóu fú	kMandarin17 retained
罙	U+7F59	shēn	mí shēn shèn	kMandarin17 retained
罜	U+7F5C	zhǔ	zhù	kMandarin17 retained
罞	U+7F5E	máo	méng	kMandarin17 retained
罢	U+7F62	bà	bà ba pí	kMandarin17 retained
罤	U+7F64	tí	tí kūn	kMandarin17 retained
罧	U+7F67	shèn	lín shèn sēn	kMandarin17 retained
罫	U+7F6B	guà	guà huà	kMandarin17 retained
罱	U+7F71	lǎn	nǎn lǎn	kMandarin17 retained
署	U+7F72	shǔ	shǔ shù	kMandarin17 retained
罷	U+7F77	bà	bà ba pí	kMandarin17 retained
罺	U+7F7A	cháo	chāo	kMandarin17 retained
罾	U+7F7E	zēng	zēng zèng	kMandarin17 retained
罿	U+7F7F	chōng	tóng chōng	kMandarin17 retained
羊	U+7F8A	yáng	xiáng yáng	kMandarin17 retained
羋	U+7F8B	mǐ	mǐ miē	kMandarin17 retained
羍	U+7F8D	dá	dá tà xìng	kMandarin17 retained
羗	U+7F97	qiāng	qiāng yǒu	kMandarin17 retained
羙	U+7F99	gāo	měi gāo	kMandarin17 retained
羟	U+7F9F	qiǎng	qiān qiǎng	kMandarin17 retained
羡	U+7FA1	xiàn	yí	kMandarin17 retained
羥	U+7FA5	qiǎng	kēng qiǎng	kMandarin17 retained
羧	U+7FA7	suō	zuī	kMandarin17 retained
羪	U+7FAA	yang	yǎng	kMandarin17 retained
羫	U+7FAB	qiāng	kòng qiāng	kMandarin17 retained
羬	U+7FAC	qián	qián xián yán	kMandarin17 retained
羮	U+7FAE	gēng	láng gēng	kMandarin17 retained
羰	U+7FB0	tāng	tàn	kMandarin17 retained
羹	U+7FB9	gēng	láng gēng	kMandarin17 retained
羾	U+7FBE	gòng	gòng hóng	kMandarin17 retained
翇	U+7FC7	fú	pèi fú	kMandarin17 retained
翉	U+7FC9	běn	pěn	kMandarin17 retained
翍	U+7FCD	pī	bì pō pēi pī	kMandarin17 retained
翏	U+7FCF	liù	liáo liù	kMandarin17 retained
翕	U+7FD5	xī	xì	kMandarin17 retained
翖	U+7FD6	xī	hé xì	kMandarin17 retained
翗	U+7FD7	ké	qí	kMandarin17 retained
翘	U+7FD8	qiào	qiáo qiào	kMandarin17 retained
翛	U+7FDB	xiāo	xiāo shù	kMandarin17 retained
翟	U+7FDF	dí	dí zhái	kMandarin17 retained
翢	U+7FE2	dào	dào zhōu	kMandarin17 retained
翨	U+7FE8	chì	chì shì	kMandarin17 retained
翫	U+7FEB	wán	wàn	kMandarin17 retained
翮	U+7FEE	hé	gé hé	kMandarin17 retained
翳	U+7FF3	yì	yī yì	kMandarin17 retained
翵	U+7FF5	hóu	hóu qú	kMandarin17 retained
翹	U+7FF9	qiào	qiáo qiào	kMandarin17 retained
翿	U+7FFF	dào	dào táo	kMandarin17 retained
耀	U+8000	yào	yào yuè	kMandarin17 retained
耈	U+8008	gǒu	gǒu jù	kMandarin17 retained
耉	U+8009	gǒu	gǒu jù	kMandarin17 retained
耊	U+800A	dié	dié lǎo zhì	kMandarin17 retained
耏	U+800F	nài	ér	kMandarin17 retained
耑	U+8011	duān	duān zhuān	kMandarin17 retained
耕	U+8015	gēng	gēng jīng	kMandarin17 retained
耙	U+8019	bà	bà pá	kMandarin17 retained
耛	U+801B	yí	chí	kMandarin17 retained
耝	U+801D	qù	qù chú	kMandarin17 retained
耠	U+8020	huō	hé	kMandarin17 retained
耤	U+8024	jí	jí jiè	kMandarin17 retained
耥	U+8025	tāng	tǎng	kMandarin17 retained
耧	U+8027	lóu	lóu lǒu	kMandarin17 retained
耩	U+8029	jiǎng	gōu jiǎng	kMandarin17 retained
耫	U+802B	zhá	zhá zé	kMandarin17 retained
耯	U+802F	huò	hù huò	kMandarin17 retained
耴	U+8034	yì	niè qǔ zhé yì	kMandarin17 retained
耵	U+8035	dīng	dǐng tīng	kMandarin17 retained
耶	U+8036	yé	yē yé	kMandarin17 retained
耺	U+803A	yún	yíng yún	kMandarin17 retained
耼	U+803C	dān	dān rǎn	kMandarin17 retained
聂	U+8042	niè	niè zhé	kMandarin17 retained
聅	U+8045	chè	tán chè	kMandarin17 retained
聉	U+8049	wà	tuǐ zhuó wà	kMandarin17 retained
聏	U+804F	ér	nǜ ér èr	kMandarin17 retained
聑	U+8051	tiē	dié	kMandarin17 retained
聒	U+8052	guō	guā	kMandarin17 retained
聘	U+8058	pìn	pìn pìng	kMandarin17 retained
聛	U+805B	bǐ	bì	kMandarin17 retained
聞	U+805E	wén	wén wèn	kMandarin17 retained
聧	U+8067	kuī	kuī kuí	kMandarin17 retained
聭	U+806D	kuì	kuì chǒu	kMandarin17 retained
聴	U+8074	tīng	tīng tìng	kMandarin17 retained
聺	U+807A	qié	qiē	kMandarin17 retained
聻	U+807B	nǐ	nǐ jì	kMandarin17 retained
聼	U+807C	tīng	tīng tìng	kMandarin17 retained
聽	U+807D	tīng	tīng tìng	kMandarin17 retained
肀	U+8080	yù	niè yù	kMandarin17 retained
肉	U+8089	ròu	ròu rù	kMandarin17 retained
肋	U+808B	lèi	lè lèi	kMandarin17 retained
肎	U+808E	kěn	kěn kěng	kMandarin17 retained
肑	U+8091	bó	bō bó dì	kMandarin17 retained
肒	U+8092	huàn	huán huàn	kMandarin17 retained
肔	U+8094	chǐ	chǐ yǐ	kMandarin17 retained
肙	U+8099	yuàn	yuān	kMandarin17 retained
肚	U+809A	dù	dǔ dù	kMandarin17 retained
肛	U+809B	gāng	gāng hāng	kMandarin17 retained
肣	U+80A3	hán	hán hàn qín	kMandarin17 retained
肤	U+80A4	fū	fū fǔ	kMandarin17 retained
肦	U+80A6	fén	bān fén	kMandarin17 retained
肧	U+80A7	pēi	pēi pī	kMandarin17 retained
肨	U+80A8	pàng	pàng fēng	kMandarin17 retained
肪	U+80AA	fáng	fāng fáng	kMandarin17 retained
肬	U+80AC	yóu	yóu yòu	kMandarin17 retained
肮	U+80AE	āng	háng	kMandarin17 retained
肯	U+80AF	kěn	kěn kěng	kMandarin17 retained
肴	U+80B4	yáo	xiáo yáo	kMandarin17 retained
肵	U+80B5	qí	jìng qí qǐ	kMandarin17 retained
肷	U+80B7	qiǎn	qiàn xù	kMandarin17 retained
肸	U+80B8	xī	xì	kMandarin17 retained
肹	U+80B9	xī	xì	kMandarin17 retained
肺	U+80BA	fèi	pèi fèi	kMandarin17 retained
肻	U+80BB	kěn	kěn kěng	kMandarin17 retained
胀	U+80C0	zhàng	zhàng chán	kMandarin17 retained
胁	U+80C1	xié	xiē xié xiàn	kMandarin17 retained
胂	U+80C2	shèn	shēn	kMandarin17 retained
胆	U+80C6	dǎn	dá dǎn dàn tán shān	kMandarin17 retained
胇	U+80C7	fèi	bì pèi fèi	kMandarin17 retained
胉	U+80C9	bó	pò	kMandarin17 retained
背	U+80CC	bèi	bēi bèi	kMandarin17 retained
胍	U+80CD	guā	gū guā	kMandarin17 retained
胐	U+80D0	fěi	kū	kMandarin17 retained
胓	U+80D3	píng	pēng píng	kMandarin17 retained
胔	U+80D4	zì	jí zì cī cí	kMandarin17 retained
胕	U+80D5	fǔ	fū fú fǔ fù	kMandarin17 retained
胖	U+80D6	pàng	pán pàn pāng pàng	kMandarin17 retained
胗	U+80D7	zhēn	zhēn zhěn	kMandarin17 retained
胜	U+80DC	shèng	shēng	kMandarin17 retained
胟	U+80DF	mǔ	méi mǔ	kMandarin17 retained
胢	U+80E2	kē	kē qià	kMandarin17 retained
胣	U+80E3	chǐ	yǐ	kMandarin17 retained
胧	U+80E7	lóng	lóng lǒng	kMandarin17 retained
胫	U+80EB	jìng	kēng jìng	kMandarin17 retained
胮	U+80EE	pāng	pāng páng	kMandarin17 retained
胲	U+80F2	hǎi	gāi gǎi	kMandarin17 retained
胶	U+80F6	jiāo	jiāo xiáo	kMandarin17 retained
胺	U+80FA	àn	ān	kMandarin17 retained
胻	U+80FB	héng	héng xíng	kMandarin17 retained
胿	U+80FF	guī	guī kuì xī	kMandarin17 retained
脀	U+8100	chéng	zhēng	kMandarin17 retained
脁	U+8101	tiǎo	tiào	kMandarin17 retained
脇	U+8107	xié	xié xiè	kMandarin17 retained
脈	U+8108	mài	mò mài	kMandarin17 retained
脉	U+8109	mài	mò mài	kMandarin17 retained
脊	U+810A	jǐ	jí jǐ	kMandarin17 retained
脋	U+810B	xié	xiē xié xiān	kMandarin17 retained
脌	U+810C	nin	nīn	kMandarin17 retained
脎	U+810E	sà	shā sà	kMandarin17 retained
脑	U+8111	nǎo	nǎo nào	kMandarin17 retained
脔	U+8114	luán	luán lüǎn jī	kMandarin17 retained
脕	U+8115	wàn	wán wǎn wàn wèn	kMandarin17 retained
脘	U+8118	wǎn	guǎn wǎn	kMandarin17 retained
脙	U+8119	xiū	qiú xiū	kMandarin17 retained
脚	U+811A	jiǎo	jiǎo jué	kMandarin17 retained
脜	U+811C	yǒu	zhī róu	kMandarin17 retained
脟	U+811F	liè	liè luǎn	kMandarin17 retained
脠	U+8120	shān	chān	kMandarin17 retained
脥	U+8125	qiǎn	jiá qiǎn xié	kMandarin17 retained
脦	U+8126	de	tè	kMandarin17 retained
脧	U+8127	juān	juān zuī	kMandarin17 retained
脨	U+8128	cù	jí cù	kMandarin17 retained
脪	U+812A	xìn	xìn chī	kMandarin17 retained
脫	U+812B	tuō	tuō tuì	kMandarin17 retained
脮	U+812E	něi	tuǐ něi	kMandarin17 retained
脯	U+812F	pú	pú fǔ	kMandarin17 retained
脱	U+8131	tuō	tuō tuǒ tuì	kMandarin17 retained
脺	U+813A	cuì	cuì suì	kMandarin17 retained
脿	U+813F	biǎo	biāo	kMandarin17 retained
腂	U+8142	lěi	lěi guò huà	kMandarin17 retained
腃	U+8143	kuì	kuì juàn quān	kMandarin17 retained
腄	U+8144	chuí	hóu zhuī chuái chuí	kMandarin17 retained
腊	U+814A	là	là xí	kMandarin17 retained
腋	U+814B	yè	yì yè	kMandarin17 retained
腌	U+814C	yān	ā āng yān	kMandarin17 retained
腍	U+814D	rèn	rěn	kMandarin17 retained
腏	U+814F	chuò	duó zhuì chuò	kMandarin17 retained
腗	U+8157	pí	pí pì	kMandarin17 retained
腝	U+815D	ní	nào nèn ní ruǎn ér	kMandarin17 retained
腞	U+815E	zhuàn	dùn tú zhuàn	kMandarin17 retained
腟	U+815F	chì	zhì chī chì	kMandarin17 retained
腧	U+8167	shù	shù yú	kMandarin17 retained
腨	U+8168	shuàn	chuàn	kMandarin17 retained
腪	U+816A	yùn	yǔn yùn	kMandarin17 retained
腱	U+8171	jiàn	jiàn qián	kMandarin17 retained
腳	U+8173	jiǎo	jiǎo jué	kMandarin17 retained
腵	U+8175	jiā	duàn jiā	kMandarin17 retained
腽	U+817D	wà	wà wēn	kMandarin17 retained
膀	U+8180	bǎng	bǎng bàng pāng páng	kMandarin17 retained
膁	U+8181	qiǎn	qiǎn xiàn yán	kMandarin17 retained
膏	U+818F	gāo	gāo gào	kMandarin17 retained
膜	U+819C	mó	mó mò	kMandarin17 retained
膞	U+819E	zhuān	zhuān zhuǎn chuán	kMandarin17 retained
膡	U+81A1	yìng	shèng yìng	kMandarin17 retained
膥	U+81A5	cūn	cēn	kMandarin17 retained
膦	U+81A6	lìn	liǎn lín	kMandarin17 retained
膪	U+81AA	chuài	zhāi	kMandarin17 retained
膭	U+81AD	guī	guī huì	kMandarin17 retained
膴	U+81B4	hū	hū wǔ	kMandarin17 retained
膸	U+81B8	suǐ	suǐ wěi	kMandarin17 retained
膹	U+81B9	fèn	fèi fèn	kMandarin17 retained
膻	U+81BB	shān	dàn shān	kMandarin17 retained
膼	U+81BC	zhuā	guā zhuā	kMandarin17 retained
臂	U+81C2	bì	bèi bì	kMandarin17 retained
臃	U+81C3	yōng	yōng yǒng	kMandarin17 retained
臇	U+81C7	juǎn	juǎn zuī	kMandarin17 retained
臈	U+81C8	là	là gé	kMandarin17 retained
臊	U+81CA	sāo	sāo sào	kMandarin17 retained
臎	U+81CE	cuì	zuǐ cuì	kMandarin17 retained
臑	U+81D1	nào	nào rú ér	kMandarin17 retained
臒	U+81D2	wò	hù huò yuè	kMandarin17 retained
臠	U+81E0	luán	luán lüǎn	kMandarin17 retained
臢	U+81E2	zā	zā zāng	kMandarin17 retained
臤	U+81E4	qiān	qiān qìn xián xiàn	kMandarin17 retained
臦	U+81E6	guàng	guàng jiǒng wǎng	kMandarin17 retained
臩	U+81E9	guǎng	guàng jiǒng	kMandarin17 retained
臭	U+81ED	chòu	xiù chòu	kMandarin17 retained
臯	U+81EF	gāo	gāo gǎo	kMandarin17 retained
臰	U+81F0	chòu	xiù chòu	kMandarin17 retained
臷	U+81F7	dié	dié zhì	kMandarin17 retained
臸	U+81F8	zhī	jìn zhī zhì	kMandarin17 retained
臽	U+81FD	xiàn	dàn xiàn	kMandarin17 retained
臾	U+81FE	yú	yú yǒng	kMandarin17 retained
舃	U+8203	xì	xì xiě	kMandarin17 retained
舆	U+8206	yú	yú yù	kMandarin17 retained
與	U+8207	yǔ	yú yǔ yù	kMandarin17 retained
興	U+8208	xìng	xīng xìng	kMandarin17 retained
舍	U+820D	shě	shě shè	kMandarin17 retained
舎	U+820E	shè	shě shè	kMandarin17 retained
舑	U+8211	tān	tān rán	kMandarin17 retained
舗	U+8217	pù	pù hū	kMandarin17 retained
舚	U+821A	tiàn	tān tàn tiàn rán	kMandarin17 retained
舡	U+8221	chuán	xiāng	kMandarin17 retained
般	U+822C	bān	bō bān pán	kMandarin17 retained
舳	U+8233	zhú	zhóu zhú	kMandarin17 retained
舺	U+823A	xiá	jiǎ	kMandarin17 retained
舼	U+823C	qióng	hóng qióng	kMandarin17 retained
艁	U+8241	zào	zào cào	kMandarin17 retained
艈	U+8248	yù	liú yù	kMandarin17 retained
艌	U+824C	niàn	qiān qiàn	kMandarin17 retained
艐	U+8250	kè	zōng	kMandarin17 retained
艒	U+8252	mù	mò mào mù	kMandarin17 retained
艔	U+8254	dào	dóu	kMandarin17 retained
艘	U+8258	sōu	sāo sōu	kMandarin17 retained
艟	U+825F	chōng	tóng	kMandarin17 retained
艮	U+826E	gěn	gěn gèn	kMandarin17 retained
色	U+8272	sè	shè shǎi sè	kMandarin17 retained
艵	U+8275	pīng	pīng píng	kMandarin17 retained
艹	U+8279	cao	cǎo	kMandarin17 retained
艻	U+827B	lè	lè jí cái	kMandarin17 retained
艼	U+827C	tīng	dǐng tīng	kMandarin17 retained
艽	U+827D	jiāo	jiāo qiú	kMandarin17 retained
艾	U+827E	ài	ài yì	kMandarin17 retained
艿	U+827F	nǎi	nǎi réng rèng	kMandarin17 retained
芀	U+8280	tiáo	tiáo lè jí sháo	kMandarin17 retained
芁	U+8281	jiāo	jiāo jiū	kMandarin17 retained
芆	U+8286	chāi	chā chāi ài yì	kMandarin17 retained
芈	U+8288	mǐ	mī mǐ	kMandarin17 retained
芉	U+8289	gān	mǐ miē gān gǎn xiáng yáng	kMandarin17 retained
芍	U+828D	sháo	dì xiào sháo shuò	kMandarin17 retained
芎	U+828E	xiōng	qiōng qióng xiōng	kMandarin17 retained
芏	U+828F	dù	tǔ	kMandarin17 retained
芓	U+8293	zì	zī zǐ zì	kMandarin17 retained
芕	U+8295	suī	dì xiào sháo shuò suī	kMandarin17 retained
芗	U+8297	xiāng	xiāng xiǎng	kMandarin17 retained
芘	U+8298	bǐ	bǐ bì pí	kMandarin17 retained
芞	U+829E	qì	qǐ qì	kMandarin17 retained
芣	U+82A3	fú	fóu	kMandarin17 retained
芦	U+82A6	lú	lú hù	kMandarin17 retained
芧	U+82A7	xù	xù zhù	kMandarin17 retained
芨	U+82A8	jī	jí	kMandarin17 retained
芫	U+82AB	yán	yuán	kMandarin17 retained
芯	U+82AF	xīn	xīn xìn	kMandarin17 retained
芴	U+82B4	wù	hū wù	kMandarin17 retained
芶	U+82B6	gǒu	gōu	kMandarin17 retained
芸	U+82B8	yún	yì yún	kMandarin17 retained
芺	U+82BA	ǎo	yāo	kMandarin17 retained
芾	U+82BE	fèi	fèi fú	kMandarin17 retained
苁	U+82C1	cōng	zōng zòng cōng cóng	kMandarin17 retained
苂	U+82C2	yín	tán chán yín	kMandarin17 retained
苋	U+82CB	xiàn	xiàn wàn	kMandarin17 retained
苍	U+82CD	cāng	cāng cǎng	kMandarin17 retained
苐	U+82D0	tí	dì tí yí	kMandarin17 retained
苑	U+82D1	yuàn	yù yuán yuàn	kMandarin17 retained
苔	U+82D4	tái	tāi tái	kMandarin17 retained
苕	U+82D5	sháo	tiáo	kMandarin17 retained
苙	U+82D9	lì	lì jí	kMandarin17 retained
苛	U+82DB	kē	kē hé	kMandarin17 retained
苝	U+82DD	bèi	pèi	kMandarin17 retained
苤	U+82E4	piě	pī pǐ piě fóu	kMandarin17 retained
若	U+82E5	ruò	rě ruò	kMandarin17 retained
苦	U+82E6	kǔ	kǔ kù	kMandarin17 retained
苧	U+82E7	níng	zhù	kMandarin17 retained
苬	U+82EC	xiú	qiú	kMandarin17 retained
苴	U+82F4	jū	jū jǔ	kMandarin17 retained
茂	U+8302	mào	mào mòu	kMandarin17 retained
茄	U+8304	jiā	jiā qié	kMandarin17 retained
茆	U+8306	máo	mǎo	kMandarin17 retained
茇	U+8307	bá	bá bèi	kMandarin17 retained
茈	U+8308	cí	chái zǐ cí	kMandarin17 retained
茊	U+830A	zī	zī cí	kMandarin17 retained
茋	U+830B	dǐ	dǐ zhǐ	kMandarin17 retained
茍	U+830D	jì	gǒu jí	kMandarin17 retained
茎	U+830E	jīng	jīng jìng	kMandarin17 retained
茏	U+830F	lóng	lóng lǒng lòng	kMandarin17 retained
茒	U+8312	yuán	liǔ	kMandarin17 retained
茗	U+8317	míng	míng mǐng	kMandarin17 retained
茝	U+831D	chǎi	zhǐ chǎi	kMandarin17 retained
茠	U+8320	hāo	xiū	kMandarin17 retained
茤	U+8324	jì	duō	kMandarin17 retained
茥	U+8325	guī	guī kuī	kMandarin17 retained
茦	U+8326	cì	cì cè	kMandarin17 retained
茧	U+8327	jiǎn	chóng	kMandarin17 retained
茩	U+8329	gòu	gǒu	kMandarin17 retained
茬	U+832C	chá	chí chá zī	kMandarin17 retained
茭	U+832D	jiāo	jiāo xiào	kMandarin17 retained
茮	U+832E	jiāo	niǎo jiāo	kMandarin17 retained
茰	U+8330	yú	yú yǔ	kMandarin17 retained
茲	U+8332	zī	zī cí	kMandarin17 retained
茷	U+8337	fá	pèi fá	kMandarin17 retained
茸	U+8338	róng	róng rǒng	kMandarin17 retained
茹	U+8339	rú	rú rù	kMandarin17 retained
荂	U+8342	fū	fū huā huá huà	kMandarin17 retained
荅	U+8345	dā	dā dá	kMandarin17 retained
草	U+8349	cǎo	zhú zào cǎo	kMandarin17 retained
荑	U+8351	tí	tí yí	kMandarin17 retained
荖	U+8356	lǎo	péi lǎo chā chà chāi chài cī cuō	kMandarin17 retained
荛	U+835B	ráo	ráo yáo	kMandarin17 retained
荠	U+8360	jì	jì qí qì	kMandarin17 retained
荡	U+8361	dàng	dàng tāng	kMandarin17 retained
荢	U+8362	zì	yù	kMandarin17 retained
荤	U+8364	hūn	hūn xūn	kMandarin17 retained
荥	U+8365	xíng	xíng yíng	kMandarin17 retained
荨	U+8368	xún	tán qián	kMandarin17 retained
药	U+836F	yào	shuò yào	kMandarin17 retained
荷	U+8377	hé	hé hè	kMandarin17 retained
荸	U+8378	bí	bó bí	kMandarin17 retained
荹	U+8379	bù	bù pú	kMandarin17 retained
荺	U+837A	yǔn	yún yǔn	kMandarin17 retained
荼	U+837C	tú	tú shū	kMandarin17 retained
莆	U+8386	pú	pú fǔ	kMandarin17 retained
莋	U+838B	zuó	jí zuó	kMandarin17 retained
莌	U+838C	tuō	duó tuò	kMandarin17 retained
莎	U+838E	shā	shā suō	kMandarin17 retained
莏	U+838F	suō	cuō suō	kMandarin17 retained
莑	U+8391	péng	féng	kMandarin17 retained
莘	U+8398	shēn	xīn shēn	kMandarin17 retained
莙	U+8399	jūn	jùn	kMandarin17 retained
莚	U+839A	yán	yán yàn	kMandarin17 retained
莜	U+839C	yóu	diào	kMandarin17 retained
莞	U+839E	guǎn	guān guǎn wān wǎn	kMandarin17 retained
莠	U+83A0	yǒu	yǒu yòu	kMandarin17 retained
莣	U+83A3	wáng	wáng wàng	kMandarin17 retained
莤	U+83A4	sù	sù yóu	kMandarin17 retained
莥	U+83A5	niǔ	niǔ chǒu	kMandarin17 retained
莨	U+83A8	làng	láng liáng	kMandarin17 retained
莩	U+83A9	fú	piǎo fú	kMandarin17 retained
莫	U+83AB	mò	mò mù	kMandarin17 retained
莬	U+83AC	wèn	miǎn wǎn wèn	kMandarin17 retained
莲	U+83B2	lián	lián liǎn	kMandarin17 retained
莳	U+83B3	shí	shí shì	kMandarin17 retained
莶	U+83B6	xiān	liǎn xiān xián	kMandarin17 retained
获	U+83B7	huò	huò huái	kMandarin17 retained
菀	U+83C0	wǎn	wǎn yù yuàn	kMandarin17 retained
菂	U+83C2	dì	dī	kMandarin17 retained
菆	U+83C6	zōu	zōu cuán cōng cóng	kMandarin17 retained
菉	U+83C9	lù	lù lǜ	kMandarin17 retained
菌	U+83CC	jūn	jùn	kMandarin17 retained
菍	U+83CD	niè	niè niǎn shěn rěn cōng	kMandarin17 retained
菏	U+83CF	hé	gē hé	kMandarin17 retained
菑	U+83D1	zāi	zī zāi	kMandarin17 retained
菔	U+83D4	fú	bó fú	kMandarin17 retained
菟	U+83DF	tù	tú tù	kMandarin17 retained
菩	U+83E9	pú	bèi pú	kMandarin17 retained
菬	U+83EC	qiáo	zhǎo	kMandarin17 retained
菭	U+83ED	tái	tāi tái chí	kMandarin17 retained
華	U+83EF	huá	huā huá huà	kMandarin17 retained
菲	U+83F2	fēi	fēi fěi fèi	kMandarin17 retained
菳	U+83F3	qín	jīn qín yín	kMandarin17 retained
菴	U+83F4	ān	ān àn	kMandarin17 retained
菸	U+83F8	yān	yān yú	kMandarin17 retained
菹	U+83F9	zū	jū	kMandarin17 retained
菽	U+83FD	shū	shú	kMandarin17 retained
萁	U+8401	qí	jī qí	kMandarin17 retained
萄	U+8404	táo	táo tao	kMandarin17 retained
萆	U+8406	bì	bēi bì	kMandarin17 retained
萉	U+8409	fèi	féi fèi fú	kMandarin17 retained
萎	U+840E	wěi	wēi wěi	kMandarin17 retained
萐	U+8410	shà	jié shà	kMandarin17 retained
萕	U+8415	qí	jì qí	kMandarin17 retained
萖	U+8416	wǎn	guān guǎn wān wǎn	kMandarin17 retained
萚	U+841A	tuò	tuò zé	kMandarin17 retained
萠	U+8420	pān	méng	kMandarin17 retained
萡	U+8421	bo	bó	kMandarin17 retained
萢	U+8422	pāo	pào	kMandarin17 retained
萭	U+842D	yǔ	jǔ yǔ	kMandarin17 retained
萮	U+842E	yú	yú yǔ yù	kMandarin17 retained
萯	U+842F	fù	bèi fù	kMandarin17 retained
萳	U+8433	nán	nán nǎn	kMandarin17 retained
萴	U+8434	cè	zé	kMandarin17 retained
萷	U+8437	xiāo	shāo shuò	kMandarin17 retained
萹	U+8439	biān	biǎn piān	kMandarin17 retained
落	U+843D	luò	là lào luò	kMandarin17 retained
萿	U+843F	kuò	kuò huó	kMandarin17 retained
葀	U+8440	kuò	guā	kMandarin17 retained
葂	U+8442	miǎn	wǎn	kMandarin17 retained
葃	U+8443	zuò	zuó	kMandarin17 retained
葅	U+8445	zū	jū	kMandarin17 retained
葉	U+8449	yè	shè yè	kMandarin17 retained
葊	U+844A	ān	ān àn	kMandarin17 retained
葕	U+8455	yàn	tíng yán	kMandarin17 retained
葖	U+8456	tū	tú	kMandarin17 retained
著	U+8457	zhù	zhe zhāo zháo zhù zhuó	kMandarin17 retained
葘	U+8458	zī	zī zāi	kMandarin17 retained
葚	U+845A	rèn	shèn rèn	kMandarin17 retained
葛	U+845B	gé	gé gě	kMandarin17 retained
葝	U+845D	qíng	jìng qíng	kMandarin17 retained
葢	U+8462	gài	gě gài hé	kMandarin17 retained
葥	U+8465	jiàn	jiàn qián	kMandarin17 retained
葰	U+8470	jùn	jùn suǒ suī	kMandarin17 retained
葷	U+8477	hūn	hūn xūn	kMandarin17 retained
葻	U+847B	lán	féng lán	kMandarin17 retained
蒆	U+8486	xuē	qióng	kMandarin17 retained
蒉	U+8489	kuì	kuài kuì	kMandarin17 retained
蒋	U+848B	jiǎng	jiāng jiǎng	kMandarin17 retained
蒌	U+848C	lóu	lóu lòu lǚ	kMandarin17 retained
蒏	U+848F	you	yǒu	kMandarin17 retained
蒓	U+8493	chún	zhuān chún	kMandarin17 retained
蒔	U+8494	shí	shí shì	kMandarin17 retained
蒘	U+8498	rú	nú	kMandarin17 retained
蒚	U+849A	lì	lì hé	kMandarin17 retained
蒠	U+84A0	xī	xí	kMandarin17 retained
蒣	U+84A3	xú	xú shú	kMandarin17 retained
蒧	U+84A7	diǎn	diǎn zhēn	kMandarin17 retained
蒫	U+84AB	cuó	cuō cuó	kMandarin17 retained
蒯	U+84AF	kuǎi	kuǎi kuài	kMandarin17 retained
蒵	U+84B5	xí	xí xì	kMandarin17 retained
蓁	U+84C1	zhēn	qín zhēn	kMandarin17 retained
蓃	U+84C3	sōu	sōu sǒu	kMandarin17 retained
蓇	U+84C7	gū	gǔ	kMandarin17 retained
蓋	U+84CB	gài	gě gài hé	kMandarin17 retained
蓌	U+84CC	cuò	zuò cuò	kMandarin17 retained
蓒	U+84D2	xuān	xiān xuān	kMandarin17 retained
蓕	U+84D5	guì	guī	kMandarin17 retained
蓗	U+84D7	zǒng	xǐ zú	kMandarin17 retained
蓚	U+84DA	tiáo	tiāo xiū	kMandarin17 retained
蓤	U+84E4	líng	léng líng	kMandarin17 retained
蓦	U+84E6	mò	mà mò	kMandarin17 retained
蓨	U+84E8	tiáo	tiāo xiū	kMandarin17 retained
蓩	U+84E9	mǎo	mào	kMandarin17 retained
蓫	U+84EB	chù	zhú	kMandarin17 retained
蓲	U+84F2	qiū	fū ōu	kMandarin17 retained
蓳	U+84F3	jǐn	jǐn jìn	kMandarin17 retained
蓶	U+84F6	wéi	wéi wěi	kMandarin17 retained
蓻	U+84FB	zí	jí	kMandarin17 retained
蓼	U+84FC	liǎo	liāo liǎo lù	kMandarin17 retained
蓿	U+84FF	xu	sù	kMandarin17 retained
蔃	U+8503	qiáng	jiàng qiáng	kMandarin17 retained
蔆	U+8506	líng	léng líng	kMandarin17 retained
蔈	U+8508	piào	biāo	kMandarin17 retained
蔒	U+8512	xūn	hūn xūn	kMandarin17 retained
蔓	U+8513	màn	mán màn	kMandarin17 retained
蔔	U+8514	bó	bó bo	kMandarin17 retained
蔕	U+8515	dì	dài dì chài	kMandarin17 retained
蔖	U+8516	cuó	zhā cǔ cuó	kMandarin17 retained
蔘	U+8518	shēn	shēn sān	kMandarin17 retained
蔚	U+851A	wèi	wèi yù	kMandarin17 retained
蔡	U+8521	cài	cài sà	kMandarin17 retained
蔢	U+8522	pó	bò pó	kMandarin17 retained
蔨	U+8528	juàn	jùn	kMandarin17 retained
蔪	U+852A	jiàn	jiān jiàn shān	kMandarin17 retained
蔫	U+852B	niān	niān yān	kMandarin17 retained
蔬	U+852C	shū	shū sū	kMandarin17 retained
蔭	U+852D	yīn	yìn	kMandarin17 retained
蔮	U+852E	guó	guó guì kuì	kMandarin17 retained
蔳	U+8533	qiàn	qiàn xī	kMandarin17 retained
蔵	U+8535	zāng	zàng cáng	kMandarin17 retained
蔷	U+8537	qiáng	qiáng sè	kMandarin17 retained
蔹	U+8539	liǎn	liǎn xiān	kMandarin17 retained
蔽	U+853D	bì	bì fú	kMandarin17 retained
蕁	U+8541	qián	tán xún	kMandarin17 retained
蕃	U+8543	bō	fān fán	kMandarin17 retained
蕈	U+8548	xùn	xìn xùn	kMandarin17 retained
蕉	U+8549	jiāo	jiāo qiáo	kMandarin17 retained
蕏	U+854F	chú	zhū chú	kMandarin17 retained
蕐	U+8550	huá	huā huá huà	kMandarin17 retained
蕝	U+855D	jué	jué zuì	kMandarin17 retained
蕟	U+855F	fà	fèi	kMandarin17 retained
蕫	U+856B	dǒng	dǒng tóng	kMandarin17 retained
蕯	U+856F	lóng	lóng sà	kMandarin17 retained
蕰	U+8570	wēn	yǔn yùn	kMandarin17 retained
蕱	U+8571	shāo	shāo shuò	kMandarin17 retained
蕲	U+8572	qí	jī qí	kMandarin17 retained
蕴	U+8574	yùn	wēn yùn	kMandarin17 retained
蕹	U+8579	wèng	yōng	kMandarin17 retained
蕻	U+857B	hóng	hòng	kMandarin17 retained
薁	U+8581	ào	yù	kMandarin17 retained
薄	U+8584	báo	bó bò báo	kMandarin17 retained
薇	U+8587	wēi	wéi	kMandarin17 retained
薉	U+8589	huì	huì wèi	kMandarin17 retained
薋	U+858B	cí	zī cí	kMandarin17 retained
薍	U+858D	wàn	luàn	kMandarin17 retained
薓	U+8593	shēn	jīng shān shēn sān	kMandarin17 retained
薚	U+859A	tāng	tāng táng	kMandarin17 retained
薜	U+859C	bì	bò bì	kMandarin17 retained
薟	U+859F	xiān	lián liàn xiān	kMandarin17 retained
薢	U+85A2	xiè	jiē xiè	kMandarin17 retained
薥	U+85A5	shǔ	zhú shǔ	kMandarin17 retained
薧	U+85A7	hāo	kǎo	kMandarin17 retained
薬	U+85AC	yào	yào yuè	kMandarin17 retained
薮	U+85AE	sǒu	shú sǒu sòu	kMandarin17 retained
薲	U+85B2	pín	pín píng	kMandarin17 retained
薶	U+85B6	mái	mái wō	kMandarin17 retained
薸	U+85B8	piáo	piāo piáo	kMandarin17 retained
薺	U+85BA	jì	jì qí	kMandarin17 retained
藃	U+85C3	xiāo	hào xiāo	kMandarin17 retained
藈	U+85C8	kuí	kuī	kMandarin17 retained
藉	U+85C9	jí	jí jiè	kMandarin17 retained
藋	U+85CB	diào	dí diào	kMandarin17 retained
藏	U+85CF	cáng	zàng cáng	kMandarin17 retained
藖	U+85D6	xián	xián xiàn	kMandarin17 retained
藠	U+85E0	jiào	xiào	kMandarin17 retained
藦	U+85E6	mó	mó mò	kMandarin17 retained
藩	U+85E9	fān	fán	kMandarin17 retained
藬	U+85EC	tuī	tuī tuí	kMandarin17 retained
藱	U+85F1	huì	huí	kMandarin17 retained
藲	U+85F2	ōu	shū ōu	kMandarin17 retained
藴	U+85F4	yùn	wèn yùn	kMandarin17 retained
藵	U+85F5	bǎo	bāo	kMandarin17 retained
藷	U+85F7	shǔ	zhū shǔ	kMandarin17 retained
藽	U+85FD	qìn	chèn	kMandarin17 retained
蘁	U+8601	wù	è wù	kMandarin17 retained
蘈	U+8608	tuí	tuī tuí	kMandarin17 retained
蘉	U+8609	méng	máng	kMandarin17 retained
蘋	U+860B	píng	pín píng	kMandarin17 retained
蘏	U+860F	jiōng	jiǒng	kMandarin17 retained
蘔	U+8614	jiōng	jiǒng	kMandarin17 retained
蘖	U+8616	niè	niè è	kMandarin17 retained
蘘	U+8618	ráng	náng ráng	kMandarin17 retained
蘝	U+861D	liǎn	lián liàn	kMandarin17 retained
蘞	U+861E	liǎn	lián liàn	kMandarin17 retained
蘤	U+8624	huā	huā wěi	kMandarin17 retained
蘪	U+862A	méi	mí	kMandarin17 retained
蘫	U+862B	hàn	lán hàn	kMandarin17 retained
蘲	U+8632	léi	léi lěi	kMandarin17 retained
蘳	U+8633	huī	tòng huà	kMandarin17 retained
蘵	U+8635	zhī	zhí	kMandarin17 retained
虆	U+8646	léi	léi lěi luó	kMandarin17 retained
虊	U+864A	luán	lüán	kMandarin17 retained
虎	U+864E	hǔ	hū hǔ	kMandarin17 retained
虑	U+8651	lǜ	bì	kMandarin17 retained
處	U+8655	chù	chǔ chù	kMandarin17 retained
虖	U+8656	hū	hū hú	kMandarin17 retained
虜	U+865C	lǔ	lǔ luǒ	kMandarin17 retained
號	U+865F	hào	háo hào	kMandarin17 retained
虨	U+8668	bīn	bān bīn	kMandarin17 retained
虪	U+866A	shù	shú shù	kMandarin17 retained
虫	U+866B	chóng	huǐ chóng	kMandarin17 retained
虬	U+866C	qiú	jiū jiǔ qiú yà	kMandarin17 retained
虮	U+866E	jǐ	jī	kMandarin17 retained
虲	U+8672	xiā	bǔ	kMandarin17 retained
虳	U+8673	jué	dì	kMandarin17 retained
虵	U+8675	shé	shé yí	kMandarin17 retained
虷	U+8677	hán	gān hán	kMandarin17 retained
虹	U+8679	hóng	gòng hóng	kMandarin17 retained
虺	U+867A	huǐ	huī huǐ	kMandarin17 retained
虽	U+867D	suī	suī suí	kMandarin17 retained
蚂	U+8682	mǎ	mā mǎ mà	kMandarin17 retained
蚄	U+8684	fāng	bàng fāng	kMandarin17 retained
蚆	U+8686	bā	bā pā	kMandarin17 retained
蚌	U+868C	bàng	bàng bèng	kMandarin17 retained
蚔	U+8694	qí	qí chí	kMandarin17 retained
蚕	U+8695	cán	tiǎn cán	kMandarin17 retained
蚖	U+8696	yuán	fú wán yuán	kMandarin17 retained
蚘	U+8698	huí	huí yóu	kMandarin17 retained
蚙	U+8699	qín	qián qín	kMandarin17 retained
蚝	U+869D	háo	cì	kMandarin17 retained
蚥	U+86A5	fù	fǔ	kMandarin17 retained
蚦	U+86A6	rán	tiàn rán	kMandarin17 retained
蚫	U+86AB	bào	bào páo	kMandarin17 retained
蚬	U+86AC	xiǎn	xiǎn xiàn	kMandarin17 retained
蚮	U+86AE	dài	tè	kMandarin17 retained
蚴	U+86B4	yòu	yǒu	kMandarin17 retained
蚵	U+86B5	hé	kē é	kMandarin17 retained
蚺	U+86BA	rán	tiàn rán	kMandarin17 retained
蚼	U+86BC	gǒu	gǒu qú	kMandarin17 retained
蚾	U+86BE	pí	bǒ	kMandarin17 retained
蛅	U+86C5	zhān	zhān rán	kMandarin17 retained
蛆	U+86C6	qū	jū qū	kMandarin17 retained
蛇	U+86C7	shé	shé yí	kMandarin17 retained
蛈	U+86C8	tiě	tiè	kMandarin17 retained
蛊	U+86CA	gǔ	gǔ zhōng chóng	kMandarin17 retained
蛣	U+86E3	qī	jié	kMandarin17 retained
蛤	U+86E4	há	gé há	kMandarin17 retained
蛦	U+86E6	yí	tí yí	kMandarin17 retained
蛬	U+86EC	qióng	gǒng	kMandarin17 retained
蛶	U+86F6	jiè	liè	kMandarin17 retained
蛸	U+86F8	shāo	xiāo shāo	kMandarin17 retained
蛻	U+86FB	tuì	tuì shuì	kMandarin17 retained
蛾	U+86FE	é	é yǐ	kMandarin17 retained
蛿	U+86FF	hàn	hàn xiàn	kMandarin17 retained
蜄	U+8704	shèn	zhèn	kMandarin17 retained
蜆	U+8706	xiàn	xiǎn	kMandarin17 retained
蜇	U+8707	zhē	zhé	kMandarin17 retained
蜋	U+870B	láng	láng liáng	kMandarin17 retained
蜍	U+870D	chú	chú yú	kMandarin17 retained
蜏	U+870F	yǒu	yǒu yòu	kMandarin17 retained
蜕	U+8715	tuì	tuì shuì	kMandarin17 retained
蜚	U+871A	fēi	fēi fěi	kMandarin17 retained
蜠	U+8720	jùn	jǔn qūn	kMandarin17 retained
蜡	U+8721	là	là zhà chà	kMandarin17 retained
蜪	U+872A	táo	tāo táo	kMandarin17 retained
蜬	U+872C	hán	gān hán	kMandarin17 retained
蜯	U+872F	bàng	bàng bèng	kMandarin17 retained
蜹	U+8739	ruì	nà ruì	kMandarin17 retained
蜼	U+873C	wèi	lěi yòu wèi	kMandarin17 retained
蜿	U+873F	wān	wān wǎn	kMandarin17 retained
蝀	U+8740	dōng	dōng dòng	kMandarin17 retained
蝆	U+8746	yǎng	mǐ yǎng	kMandarin17 retained
蝊	U+874A	dìng	cāng	kMandarin17 retained
蝍	U+874D	jié	jí jié	kMandarin17 retained
蝎	U+874E	xiē	gòng hé hóng xiē	kMandarin17 retained
蝐	U+8750	mào	mèi	kMandarin17 retained
蝙	U+8759	biān	biān biǎn	kMandarin17 retained
蝡	U+8761	rú	ruǎn	kMandarin17 retained
蝤	U+8764	qiú	jiū qiú	kMandarin17 retained
蝦	U+8766	xiā	há xiā	kMandarin17 retained
蝰	U+8770	kuí	kuī	kMandarin17 retained
蝳	U+8773	dú	dài dú	kMandarin17 retained
蝷	U+8777	lì	lì xí	kMandarin17 retained
蝸	U+8778	wō	guā	kMandarin17 retained
蝹	U+8779	yūn	ǎo yūn	kMandarin17 retained
蝺	U+877A	qǔ	jǔ	kMandarin17 retained
蝻	U+877B	nǎn	nán nǎn	kMandarin17 retained
蝽	U+877D	chūn	chuǎn chǔn	kMandarin17 retained
螁	U+8781	ban	tuì tùn shuì	kMandarin17 retained
螕	U+8795	bī	bī pí	kMandarin17 retained
螙	U+8799	dù	dú dǔ dù	kMandarin17 retained
螝	U+879D	guī	huǐ huì xī	kMandarin17 retained
螞	U+879E	mǎ	mā mǎ mà	kMandarin17 retained
螣	U+87A3	téng	tè téng	kMandarin17 retained
螤	U+87A4	zhōng	yǔ	kMandarin17 retained
螩	U+87A9	tiao	dāo tiāo	kMandarin17 retained
螫	U+87AB	shì	zhē shì	kMandarin17 retained
螲	U+87B2	zhì	dié	kMandarin17 retained
螹	U+87B9	jiàn	jiàn qián	kMandarin17 retained
蟀	U+87C0	shuài	shuò shuài	kMandarin17 retained
蟂	U+87C2	xiāo	jiāo	kMandarin17 retained
蟄	U+87C4	zhé	zhí zhé	kMandarin17 retained
蟆	U+87C6	má	má ma	kMandarin17 retained
蟇	U+87C7	má	má ma mò	kMandarin17 retained
蟉	U+87C9	liú	liào liú	kMandarin17 retained
蟎	U+87CE	mǎn	mán	kMandarin17 retained
蟐	U+87D0	chang	cháng	kMandarin17 retained
蟞	U+87DE	biē	biē bié piē	kMandarin17 retained
蟤	U+87E4	zhuān	quán zhuān	kMandarin17 retained
蟦	U+87E6	féi	fèi	kMandarin17 retained
蟫	U+87EB	yín	tán	kMandarin17 retained
蟮	U+87EE	shàn	chán shàn	kMandarin17 retained
蟯	U+87EF	náo	ráo	kMandarin17 retained
蟷	U+87F7	dāng	dāng dàng	kMandarin17 retained
蟸	U+87F8	lǐ	lí lǐ	kMandarin17 retained
蟹	U+87F9	xiè	xiě xiè	kMandarin17 retained
蟺	U+87FA	shàn	chán shàn	kMandarin17 retained
蠀	U+8800	cī	jí zī cī	kMandarin17 retained
蠁	U+8801	xiǎng	xiàng	kMandarin17 retained
蠈	U+8808	zéi	zé zéi	kMandarin17 retained
蠏	U+880F	xiè	xiě xiè	kMandarin17 retained
蠕	U+8815	rú	rú ruǎn	kMandarin17 retained
蠖	U+8816	huò	huò wò	kMandarin17 retained
蠙	U+8819	pín	bīn pín	kMandarin17 retained
蠚	U+881A	hē	hè chuò	kMandarin17 retained
蠝	U+881D	lěi	léi	kMandarin17 retained
蠠	U+8820	mǐn	mì	kMandarin17 retained
蠡	U+8821	lí	lí lǐ	kMandarin17 retained
蠧	U+8827	dù	dú dǔ dù	kMandarin17 retained
蠫	U+882B	lí	lí lì	kMandarin17 retained
蠰	U+8830	náng	náng shàng rǎng	kMandarin17 retained
蠼	U+883C	qú	jué	kMandarin17 retained
蠿	U+883F	zhuō	zhá zhuō zhuó	kMandarin17 retained
血	U+8840	xuè	xiě xuè	kMandarin17 retained
衂	U+8842	nǜ	niù nǜ	kMandarin17 retained
衃	U+8843	pēi	pēi fóu	kMandarin17 retained
衇	U+8847	mài	mò mài	kMandarin17 retained
衉	U+8849	kā	kā kà kè	kMandarin17 retained
行	U+884C	xíng	háng hàng xíng xìng	kMandarin17 retained
衐	U+8850	qú	shǔ	kMandarin17 retained
術	U+8853	shù	shù suì	kMandarin17 retained
衖	U+8856	xiàng	lòng	kMandarin17 retained
衙	U+8859	yá	yá yú	kMandarin17 retained
衝	U+885D	chōng	chōng chòng	kMandarin17 retained
衣	U+8863	yī	yī yì	kMandarin17 retained
衦	U+8866	gǎn	gàn	kMandarin17 retained
衩	U+8869	chǎ	chǎ chà	kMandarin17 retained
衰	U+8870	shuāi	shuāi cuī suō	kMandarin17 retained
衳	U+8873	zhōng	zhōng cǒng	kMandarin17 retained
衵	U+8875	yì	nì rì	kMandarin17 retained
衸	U+8878	jiè	jiè xiè	kMandarin17 retained
衹	U+8879	zhǐ	qí zhī	kMandarin17 retained
衺	U+887A	xié	xiá xié xú yé yú	kMandarin17 retained
衻	U+887B	rán	chān rán	kMandarin17 retained
衾	U+887E	qīn	qīn qín	kMandarin17 retained
袆	U+8886	huī	huī yī	kMandarin17 retained
袉	U+8889	tuó	duò tuó	kMandarin17 retained
袍	U+888D	páo	bào páo	kMandarin17 retained
袐	U+8890	bì	bǐ bì mì	kMandarin17 retained
袓	U+8893	jù	jǔ jù zǔ	kMandarin17 retained
袕	U+8895	xué	xuè	kMandarin17 retained
袚	U+889A	bō	bō fèi fú	kMandarin17 retained
袜	U+889C	wà	mò wà	kMandarin17 retained
袢	U+88A2	pàn	pàn fán	kMandarin17 retained
袤	U+88A4	mào	mào mòu	kMandarin17 retained
袥	U+88A5	tuō	tuò	kMandarin17 retained
袦	U+88A6	nà	nà jué juě	kMandarin17 retained
袩	U+88A9	zhé	chān	kMandarin17 retained
被	U+88AB	bèi	bèi pī	kMandarin17 retained
袮	U+88AE	mí	mí nǐ	kMandarin17 retained
袯	U+88AF	bó	bō bó	kMandarin17 retained
袲	U+88B2	chǐ	nuǒ chǐ yí	kMandarin17 retained
袳	U+88B3	chǐ	duǒ qǐ chǐ	kMandarin17 retained
袷	U+88B7	qiā	jiá jié	kMandarin17 retained
袸	U+88B8	jiàn	cún	kMandarin17 retained
袹	U+88B9	bó	mò	kMandarin17 retained
袼	U+88BC	gē	luò	kMandarin17 retained
袿	U+88BF	guī	guà jīng	kMandarin17 retained
裄	U+88C4	xing	xíng	kMandarin17 retained
裒	U+88D2	póu	bāo póu	kMandarin17 retained
裠	U+88E0	qún	jūn qún	kMandarin17 retained
裣	U+88E3	liǎn	liǎn chān	kMandarin17 retained
裦	U+88E6	fóu	bāo bǎo	kMandarin17 retained
裨	U+88E8	bì	bì pí	kMandarin17 retained
裩	U+88E9	kūn	kūn huī	kMandarin17 retained
裫	U+88EB	yuàn	yuān	kMandarin17 retained
裭	U+88ED	chǐ	dì tī chǐ	kMandarin17 retained
裯	U+88EF	chóu	chóu chú	kMandarin17 retained
裰	U+88F0	duō	duó	kMandarin17 retained
裳	U+88F3	shang	cháng shāng shang	kMandarin17 retained
裵	U+88F5	péi	péi fěi	kMandarin17 retained
裻	U+88FB	dú	dǔ	kMandarin17 retained
裼	U+88FC	tì	tì xí	kMandarin17 retained
裿	U+88FF	yǐ	qǐ yǐ	kMandarin17 retained
褀	U+8900	qí	jì qí	kMandarin17 retained
褁	U+8901	guǒ	zhí	kMandarin17 retained
褃	U+8903	kèn	tuì kèn	kMandarin17 retained
褆	U+8906	tí	tí shì	kMandarin17 retained
褈	U+8908	chóng	zhòng	kMandarin17 retained
褉	U+8909	xiè	xì xiē	kMandarin17 retained
褊	U+890A	biǎn	biǎn pián	kMandarin17 retained
褎	U+890E	xiù	xiù yòu	kMandarin17 retained
褏	U+890F	xiù	xiù yòu	kMandarin17 retained
褐	U+8910	hè	hé	kMandarin17 retained
褑	U+8911	yuàn	yuán yuàn	kMandarin17 retained
褤	U+8924	yuàn	yuán yuàn	kMandarin17 retained
褨	U+8928	suǒ	chá suǒ	kMandarin17 retained
褪	U+892A	tuì	tuì tùn	kMandarin17 retained
褮	U+892E	yīng	yīng yíng yìng	kMandarin17 retained
褶	U+8936	zhě	dié xí zhé	kMandarin17 retained
褹	U+8939	yì	niè yì	kMandarin17 retained
褺	U+893A	diē	dié	kMandarin17 retained
襀	U+8940	jī	jī jì	kMandarin17 retained
襂	U+8942	sēn	shān	kMandarin17 retained
襃	U+8943	bāo	bāo bǎo	kMandarin17 retained
襅	U+8945	bì	lí	kMandarin17 retained
襆	U+8946	fú	pú	kMandarin17 retained
襈	U+8948	zhuàn	juàn zhuàn	kMandarin17 retained
襉	U+8949	jiǎn	jiǎn jiàn	kMandarin17 retained
襊	U+894A	cuì	cuò cuì	kMandarin17 retained
襎	U+894E	fán	bò fán	kMandarin17 retained
襑	U+8951	xín	xín xún	kMandarin17 retained
襔	U+8954	mǎn	mān	kMandarin17 retained
襗	U+8957	zé	duó zé	kMandarin17 retained
襝	U+895D	liǎn	liàn	kMandarin17 retained
襡	U+8961	shǔ	shú	kMandarin17 retained
襢	U+8962	tǎn	tǎn zhàn	kMandarin17 retained
襥	U+8965	fú	pú	kMandarin17 retained
襩	U+8969	shǔ	shú shǔ	kMandarin17 retained
襬	U+896C	bǎi	bǎi bēi	kMandarin17 retained
襵	U+8975	zhě	zhé	kMandarin17 retained
襾	U+897E	yà	xià yà	kMandarin17 retained
覀	U+8980	xī	xī xià	kMandarin17 retained
要	U+8981	yào	yāo yào	kMandarin17 retained
覃	U+8983	tán	tán qín	kMandarin17 retained
覇	U+8987	bà	bà pò	kMandarin17 retained
見	U+898B	jiàn	jiàn xiàn	kMandarin17 retained
覌	U+898C	guān	guān guàn huān	kMandarin17 retained
覐	U+8990	jué	jiǎo jiào jué	kMandarin17 retained
覕	U+8995	miè	bìn piē miè	kMandarin17 retained
覗	U+8997	sì	sī	kMandarin17 retained
覘	U+8998	chān	zhān	kMandarin17 retained
覙	U+8999	luó	luó zhēn zhěn	kMandarin17 retained
覚	U+899A	jué	jiǎo jiào jué	kMandarin17 retained
覛	U+899B	mì	mò mì	kMandarin17 retained
覥	U+89A5	tiǎn	miǎn tiǎn	kMandarin17 retained
親	U+89AA	qīn	qīn qìng	kMandarin17 retained
覮	U+89AE	yíng	pīng yíng yǐng	kMandarin17 retained
覰	U+89B0	qū	qù xū	kMandarin17 retained
覲	U+89B2	jìn	jǐn jìn	kMandarin17 retained
観	U+89B3	guān	guān guàn	kMandarin17 retained
覴	U+89B4	dēng	dēng dèng	kMandarin17 retained
覵	U+89B5	jiàn	jiàn qiān	kMandarin17 retained
覸	U+89B8	jiān	jiàn	kMandarin17 retained
覺	U+89BA	jué	jiào jué	kMandarin17 retained
覻	U+89BB	qū	qù xū	kMandarin17 retained
觀	U+89C0	guān	guān guàn	kMandarin17 retained
见	U+89C1	jiàn	jiàn xiàn	kMandarin17 retained
观	U+89C2	guān	guān guàn	kMandarin17 retained
规	U+89C4	guī	guī guì	kMandarin17 retained
觇	U+89C7	chān	dān chān	kMandarin17 retained
览	U+89C8	lǎn	lǎn làn	kMandarin17 retained
觉	U+89C9	jué	jiào jué	kMandarin17 retained
觌	U+89CC	dí	dí jí	kMandarin17 retained
角	U+89D2	jiǎo	lù jiǎo jué	kMandarin17 retained
觜	U+89DC	zī	zī zuǐ	kMandarin17 retained
觢	U+89E2	shì	zhì shì	kMandarin17 retained
解	U+89E3	jiě	jiě jiè xiè	kMandarin17 retained
触	U+89E6	chù	hóng	kMandarin17 retained
觧	U+89E7	jiě	jiě jiè xiè xiān xiǎn	kMandarin17 retained
觨	U+89E8	hùn	huàn hùn	kMandarin17 retained
觮	U+89EE	lù	lù jué	kMandarin17 retained
觹	U+89F9	xī	juàn jùn xī	kMandarin17 retained
觻	U+89FB	lì	lì lù	kMandarin17 retained
觽	U+89FD	xī	juàn jùn xī	kMandarin17 retained
言	U+8A00	yán	yán yín	kMandarin17 retained
訄	U+8A04	qiú	kāo qiú	kMandarin17 retained
訌	U+8A0C	hòng	hóng	kMandarin17 retained
訍	U+8A0D	chài	chā chà chài	kMandarin17 retained
訙	U+8A19	xùn	fàn xùn	kMandarin17 retained
訢	U+8A22	xīn	xī xīn	kMandarin17 retained
訤	U+8A24	xiáo	ná náo nù xiáo yáo	kMandarin17 retained
訥	U+8A25	nè	nà nè	kMandarin17 retained
訫	U+8A2B	xìn	xìn shēn	kMandarin17 retained
訮	U+8A2E	yán	tiān xián yán	kMandarin17 retained
訯	U+8A2F	sǎ	shǎ	kMandarin17 retained
許	U+8A31	xǔ	hǔ xǔ	kMandarin17 retained
訵	U+8A35	chī	chī chì	kMandarin17 retained
診	U+8A3A	zhěn	zhēn zhěn	kMandarin17 retained
訾	U+8A3E	zǐ	zī zǐ	kMandarin17 retained
詀	U+8A40	zhān	zhān zhàn	kMandarin17 retained
詄	U+8A44	dié	yì	kMandarin17 retained
詇	U+8A47	yàng	yǎng yàng	kMandarin17 retained
詉	U+8A49	náo	ná náo nù	kMandarin17 retained
詍	U+8A4D	yì	shì yì	kMandarin17 retained
詏	U+8A4F	yào	ào	kMandarin17 retained
詐	U+8A50	zhà	zhǎ zhà	kMandarin17 retained
詑	U+8A51	yí	tuō tuó yí	kMandarin17 retained
詘	U+8A58	qū	qū chù	kMandarin17 retained
詤	U+8A64	huǎng	huāng huǎng	kMandarin17 retained
詥	U+8A65	hé	gé hé	kMandarin17 retained
詧	U+8A67	chá	qiè chá	kMandarin17 retained
詨	U+8A68	xiào	jiāo xiào	kMandarin17 retained
詴	U+8A74	wēi	huì wēi	kMandarin17 retained
詶	U+8A76	zhòu	chóu	kMandarin17 retained
詷	U+8A77	tóng	dòng tóng	kMandarin17 retained
詸	U+8A78	mí	mèi mí mì	kMandarin17 retained
詺	U+8A7A	mìng	míng mìng zhào	kMandarin17 retained
詽	U+8A7D	yán	tiān xián yán	kMandarin17 retained
誀	U+8A80	èr	chǐ èr	kMandarin17 retained
誁	U+8A81	bìng	běng	kMandarin17 retained
誂	U+8A82	tiǎo	diào tiǎo	kMandarin17 retained
誃	U+8A83	yí	chǐ	kMandarin17 retained
誈	U+8A88	wū	wū wú	kMandarin17 retained
誏	U+8A8F	lǎng	lǎng làng ràng	kMandarin17 retained
誒	U+8A92	éi	xī ề	kMandarin17 retained
誖	U+8A96	bèi	bó bèi	kMandarin17 retained
語	U+8A9E	yǔ	yǔ yù	kMandarin17 retained
誟	U+8A9F	xiào	jiāo	kMandarin17 retained
誣	U+8AA3	wū	wū wú	kMandarin17 retained
誧	U+8AA7	bū	bū pǔ	kMandarin17 retained
誨	U+8AA8	huì	huǐ huì	kMandarin17 retained
說	U+8AAA	shuō	shuō shuì yuè	kMandarin17 retained
説	U+8AAC	shuō	shuō shuì yuè	kMandarin17 retained
誰	U+8AB0	shuí	shéi shuí	kMandarin17 retained
誳	U+8AB3	qū	hōng jué juè qū zhuó chū chù	kMandarin17 retained
誸	U+8AB8	xián	xián xuán	kMandarin17 retained
誺	U+8ABA	chī	lài chī	kMandarin17 retained
誼	U+8ABC	yì	yí yì	kMandarin17 retained
誽	U+8ABD	nì	ná yì	kMandarin17 retained
調	U+8ABF	diào	diào tiáo zhōu	kMandarin17 retained
諁	U+8AC1	zhuó	chuò	kMandarin17 retained
諅	U+8AC5	jì	jī jì qī	kMandarin17 retained
諈	U+8AC8	zhuì	chuí chuì	kMandarin17 retained
諊	U+8ACA	jū	jú	kMandarin17 retained
請	U+8ACB	qǐng	qīng qíng qǐng	kMandarin17 retained
諍	U+8ACD	zhèng	zhēng	kMandarin17 retained
諎	U+8ACE	zé	jí jiè zhǎ zé zè cuò	kMandarin17 retained
諐	U+8AD0	qiān	qiān yǎn	kMandarin17 retained
諒	U+8AD2	liàng	liáng liàng	kMandarin17 retained
諕	U+8AD5	háo	xià	kMandarin17 retained
論	U+8AD6	lùn	lún lùn	kMandarin17 retained
諙	U+8AD9	huà	huài	kMandarin17 retained
諝	U+8ADD	xū	xǔ	kMandarin17 retained
諞	U+8ADE	piǎn	pián piǎn	kMandarin17 retained
諣	U+8AE3	huà	guā huà	kMandarin17 retained
諯	U+8AEF	zhuān	chuán	kMandarin17 retained
諷	U+8AF7	fěng	fēng fèng	kMandarin17 retained
諹	U+8AF9	yáng	yàng	kMandarin17 retained
諻	U+8AFB	huáng	hēng héng	kMandarin17 retained
諼	U+8AFC	xuān	xuān shuàn	kMandarin17 retained
諿	U+8AFF	qī	qì	kMandarin17 retained
謅	U+8B05	zhōu	zōu	kMandarin17 retained
謈	U+8B08	pó	bó bào pò	kMandarin17 retained
謉	U+8B09	kuì	duǐ tuí guǐ kuì chǒu	kMandarin17 retained
謎	U+8B0E	mí	mèi mí mì	kMandarin17 retained
謑	U+8B11	xǐ	xì	kMandarin17 retained
謔	U+8B14	xuè	nüè	kMandarin17 retained
謕	U+8B15	tí	tí sī	kMandarin17 retained
謙	U+8B19	qiān	qiān qiàn	kMandarin17 retained
謚	U+8B1A	shì	shì yì	kMandarin17 retained
謜	U+8B1C	yuán	yuán yuàn	kMandarin17 retained
謞	U+8B1E	hè	xuè	kMandarin17 retained
謢	U+8B22	lū	hù	kMandarin17 retained
謣	U+8B23	yú	xū yú	kMandarin17 retained
謲	U+8B32	càn	chěn zào càn sān	kMandarin17 retained
謴	U+8B34	gùn	gǔn gùn hùn	kMandarin17 retained
謷	U+8B37	áo	áo ào	kMandarin17 retained
謸	U+8B38	áo	áo ào	kMandarin17 retained
謺	U+8B3A	zhé	zhí zhé	kMandarin17 retained
謾	U+8B3E	mán	mán màn	kMandarin17 retained
謿	U+8B3F	cháo	zhāo cháo	kMandarin17 retained
譃	U+8B43	xū	xū yú	kMandarin17 retained
譌	U+8B4C	é	guǐ é	kMandarin17 retained
譍	U+8B4D	yīng	yīng yìng	kMandarin17 retained
譕	U+8B55	wú	mó	kMandarin17 retained
識	U+8B58	shí	zhì shì	kMandarin17 retained
譙	U+8B59	qiào	qiáo qiào	kMandarin17 retained
譠	U+8B60	tán	zhān	kMandarin17 retained
譤	U+8B64	jī	jī jiāo jiǎo jiào	kMandarin17 retained
譧	U+8B67	zhàn	lián zhān zhàn	kMandarin17 retained
譨	U+8B68	náng	nóu	kMandarin17 retained
譩	U+8B69	yī	yī yǐ yì	kMandarin17 retained
譪	U+8B6A	ǎi	ǎi ài	kMandarin17 retained
譮	U+8B6E	huà	huà huì xiè	kMandarin17 retained
譺	U+8B7A	ài	nǐ yí yè	kMandarin17 retained
譼	U+8B7C	jiàn	jiān jiàn	kMandarin17 retained
讀	U+8B80	dú	dòu dú	kMandarin17 retained
讁	U+8B81	zhé	dí zhé	kMandarin17 retained
讗	U+8B97	xié	guó xī	kMandarin17 retained
讘	U+8B98	niè	zhé	kMandarin17 retained
讞	U+8B9E	yàn	niè yàn	kMandarin17 retained
讦	U+8BA6	jié	jì jié	kMandarin17 retained
讴	U+8BB4	ōu	xú ōu	kMandarin17 retained
许	U+8BB8	xǔ	hǔ xǔ	kMandarin17 retained
论	U+8BBA	lùn	lún lùn	kMandarin17 retained
识	U+8BC6	shí	zhì shí	kMandarin17 retained
诋	U+8BCB	dǐ	dǐ tì	kMandarin17 retained
诌	U+8BCC	zhōu	zhōu zhǒu chōu	kMandarin17 retained
诎	U+8BCE	qū	qū chù	kMandarin17 retained
诏	U+8BCF	zhào	zhāo zhào	kMandarin17 retained
诒	U+8BD2	yí	dài yí	kMandarin17 retained
诟	U+8BDF	gòu	gòu hòu	kMandarin17 retained
详	U+8BE6	xiáng	xiáng yáng	kMandarin17 retained
诧	U+8BE7	chà	dù chà	kMandarin17 retained
诪	U+8BEA	zhōu	zhōu chóu	kMandarin17 retained
语	U+8BED	yǔ	yǔ yù	kMandarin17 retained
说	U+8BF4	shuō	shuō shuò shuì	kMandarin17 retained
诶	U+8BF6	éi	xī yì	kMandarin17 retained
请	U+8BF7	qǐng	qíng qǐng qìng	kMandarin17 retained
诸	U+8BF8	zhū	zhū chú	kMandarin17 retained
诹	U+8BF9	zōu	zhōu zōu	kMandarin17 retained
读	U+8BFB	dú	dòu dú	kMandarin17 retained
谁	U+8C01	shéi	shéi shuí	kMandarin17 retained
谂	U+8C02	shěn	miè shěn	kMandarin17 retained
调	U+8C03	diào	diāo diào tiáo	kMandarin17 retained
谅	U+8C05	liàng	liáng liàng	kMandarin17 retained
谍	U+8C0D	dié	dié xiè	kMandarin17 retained
谏	U+8C0F	jiàn	làn jiàn	kMandarin17 retained
谕	U+8C15	yù	tǒu yù	kMandarin17 retained
谙	U+8C19	ān	tǒu ān	kMandarin17 retained
谛	U+8C1B	dì	dì tí	kMandarin17 retained
谠	U+8C20	dǎng	dǎng dàng	kMandarin17 retained
谥	U+8C25	shì	shì yì	kMandarin17 retained
谦	U+8C26	qiān	qiān zhàn	kMandarin17 retained
谩	U+8C29	màn	mán màn	kMandarin17 retained
谪	U+8C2A	zhé	zhé zé	kMandarin17 retained
谮	U+8C2E	zèn	jiàn zèn	kMandarin17 retained
谯	U+8C2F	qiáo	qiáo qiào	kMandarin17 retained
谶	U+8C36	chèn	chàn chèn	kMandarin17 retained
谷	U+8C37	gǔ	gǔ yù	kMandarin17 retained
谺	U+8C3A	xiā	xiā yá yà	kMandarin17 retained
谻	U+8C3B	jí	jué	kMandarin17 retained
谿	U+8C3F	xī	qī xī	kMandarin17 retained
豀	U+8C40	xī	qī xī	kMandarin17 retained
豁	U+8C41	huō	hè huá huō huò	kMandarin17 retained
豄	U+8C44	dú	dú xiā yá yà	kMandarin17 retained
豈	U+8C48	qǐ	kǎi qǐ	kMandarin17 retained
豉	U+8C49	chǐ	chǐ shì	kMandarin17 retained
豍	U+8C4D	bī	bī biǎn	kMandarin17 retained
豣	U+8C63	jiān	jiān yán	kMandarin17 retained
豥	U+8C65	gāi	gāi hái	kMandarin17 retained
豦	U+8C66	jù	qú	kMandarin17 retained
豧	U+8C67	fū	pū	kMandarin17 retained
豰	U+8C70	bó	bó hù	kMandarin17 retained
豴	U+8C74	dí	dí zhí	kMandarin17 retained
豻	U+8C7B	àn	hàn àn	kMandarin17 retained
豼	U+8C7C	pí	bǐ bì pí	kMandarin17 retained
貀	U+8C80	nà	duò nà	kMandarin17 retained
貃	U+8C83	mò	bó mò	kMandarin17 retained
貇	U+8C87	kūn	kěn	kMandarin17 retained
貈	U+8C88	hé	mò luò gè hé háo	kMandarin17 retained
貉	U+8C89	háo	mò hé háo	kMandarin17 retained
貋	U+8C8B	àn	hàn àn	kMandarin17 retained
貏	U+8C8F	bǐ	bèi bǐ	kMandarin17 retained
貗	U+8C97	jù	lǘ jù	kMandarin17 retained
貟	U+8C9F	yuán	yuán yún yùn	kMandarin17 retained
貦	U+8CA6	wán	wán wàn	kMandarin17 retained
責	U+8CAC	zé	zhài zé	kMandarin17 retained
貭	U+8CAD	zhì	zhí zhì	kMandarin17 retained
貯	U+8CAF	zhù	zhǔ	kMandarin17 retained
貵	U+8CB5	piǎn	piān piǎn	kMandarin17 retained
貸	U+8CB8	dài	dài tè	kMandarin17 retained
貹	U+8CB9	shèng	shēng shèng	kMandarin17 retained
費	U+8CBB	fèi	bì fèi	kMandarin17 retained
貿	U+8CBF	mào	mào mòu	kMandarin17 retained
賁	U+8CC1	bì	bēn bì fén	kMandarin17 retained
賃	U+8CC3	lìn	lìn rèn	kMandarin17 retained
賄	U+8CC4	huì	huǐ huì	kMandarin17 retained
賈	U+8CC8	jiǎ	gǔ jiǎ	kMandarin17 retained
賊	U+8CCA	zéi	zé zéi	kMandarin17 retained
賏	U+8CCF	yīng	yīng yìng	kMandarin17 retained
賓	U+8CD3	bīn	bīn bìn	kMandarin17 retained
賔	U+8CD4	bīn	bīn bìn	kMandarin17 retained
賜	U+8CDC	cì	cì sì	kMandarin17 retained
賢	U+8CE2	xián	xián xiàn	kMandarin17 retained
賩	U+8CE9	cóng	zōng cóng	kMandarin17 retained
質	U+8CEA	zhì	zhí zhì	kMandarin17 retained
賯	U+8CEF	xiōng	mín xīng	kMandarin17 retained
賰	U+8CF0	chǔn	shǔn	kMandarin17 retained
賹	U+8CF9	yì	ài	kMandarin17 retained
賺	U+8CFA	zhuàn	zhuàn zuàn	kMandarin17 retained
贀	U+8D00	yì	yì wèi	kMandarin17 retained
贉	U+8D09	dàn	dàn tǎn	kMandarin17 retained
贋	U+8D0B	yàn	yàn yīng	kMandarin17 retained
贑	U+8D11	gàn	gàn gòng	kMandarin17 retained
贒	U+8D12	xián	xián xiàn	kMandarin17 retained
贛	U+8D1B	gàn	gàn gòng	kMandarin17 retained
贠	U+8D20	yuán	yuán yuàn yún	kMandarin17 retained
责	U+8D23	zé	zhài zé	kMandarin17 retained
贤	U+8D24	xián	xián xiàn	kMandarin17 retained
贬	U+8D2C	biǎn	biǎn fá	kMandarin17 retained
贯	U+8D2F	guàn	guàn wān	kMandarin17 retained
贲	U+8D32	bēn	bēn bì	kMandarin17 retained
贷	U+8D37	dài	dài tè	kMandarin17 retained
费	U+8D39	fèi	fèi fú	kMandarin17 retained
贽	U+8D3D	zhì	zhí zhì	kMandarin17 retained
贾	U+8D3E	jiǎ	jiǎ jià	kMandarin17 retained
资	U+8D44	zī	zī zì	kMandarin17 retained
赊	U+8D4A	shē	shā shē	kMandarin17 retained
赕	U+8D55	dǎn	tàn	kMandarin17 retained
赚	U+8D5A	zhuàn	zhuàn zuàn	kMandarin17 retained
赟	U+8D5F	yūn	bīn yūn	kMandarin17 retained
赡	U+8D61	shàn	dàn shàn	kMandarin17 retained
赣	U+8D63	gàn	gàn gòng	kMandarin17 retained
赥	U+8D65	xī	xì	kMandarin17 retained
赳	U+8D73	jiū	jiū jiǔ	kMandarin17 retained
赵	U+8D75	zhào	diào zhào	kMandarin17 retained
赶	U+8D76	gǎn	gǎn qián	kMandarin17 retained
赿	U+8D7F	chí	zhì chí	kMandarin17 retained
趃	U+8D83	dié	dié tú	kMandarin17 retained
趄	U+8D84	jū	jū qiè	kMandarin17 retained
趇	U+8D87	xì	sè	kMandarin17 retained
趉	U+8D89	jué	jué zhú	kMandarin17 retained
趋	U+8D8B	qū	qū cù	kMandarin17 retained
趌	U+8D8C	jí	jí jié	kMandarin17 retained
趎	U+8D8E	chú	chū chú	kMandarin17 retained
趒	U+8D92	tiáo	tiāo tiáo tiào	kMandarin17 retained
趞	U+8D9E	què	jí què xí	kMandarin17 retained
趠	U+8DA0	chuò	zhuó chào	kMandarin17 retained
趣	U+8DA3	qù	qù cù	kMandarin17 retained
趨	U+8DA8	qū	qū cù	kMandarin17 retained
趭	U+8DAD	jiào	jiào yào	kMandarin17 retained
趯	U+8DAF	tì	tì yuē yuè	kMandarin17 retained
趱	U+8DB1	zǎn	zǎn zū	kMandarin17 retained
足	U+8DB3	zú	jù zú	kMandarin17 retained
趵	U+8DB5	bào	bō bào	kMandarin17 retained
趷	U+8DB7	kē	kē hé	kMandarin17 retained
趻	U+8DBB	chěn	chěn shèn	kMandarin17 retained
趼	U+8DBC	jiǎn	jiǎn yán	kMandarin17 retained
趽	U+8DBD	fàng	fāng	kMandarin17 retained
趿	U+8DBF	tā	tā sà	kMandarin17 retained
跁	U+8DC1	bà	bà pá	kMandarin17 retained
跂	U+8DC2	qí	qí qì	kMandarin17 retained
跄	U+8DC4	qiàng	qiāng qiàng	kMandarin17 retained
跇	U+8DC7	yì	chì yì	kMandarin17 retained
跈	U+8DC8	niǎn	tiàn niǎn jiàn chèn	kMandarin17 retained
跌	U+8DCC	diē	dié	kMandarin17 retained
跐	U+8DD0	cī	cī cǐ cǎi	kMandarin17 retained
跑	U+8DD1	pǎo	páo pǎo	kMandarin17 retained
跔	U+8DD4	jū	fǔ qú qǔ	kMandarin17 retained
跕	U+8DD5	diǎn	dié tiē	kMandarin17 retained
跖	U+8DD6	zhí	zhí zhè	kMandarin17 retained
跙	U+8DD9	jù	jǔ jù qiě qiè qū zhù	kMandarin17 retained
跛	U+8DDB	bǒ	bǒ bì	kMandarin17 retained
跞	U+8DDE	lì	lì yuè	kMandarin17 retained
跤	U+8DE4	jiāo	jiāo qiāo xiāo	kMandarin17 retained
跫	U+8DEB	qióng	qióng xiōng	kMandarin17 retained
跰	U+8DF0	pián	bèng pián	kMandarin17 retained
跶	U+8DF6	da	dá	kMandarin17 retained
跷	U+8DF7	qiāo	qiāo qiào	kMandarin17 retained
跾	U+8DFE	shū	shú	kMandarin17 retained
踄	U+8E04	bù	bó	kMandarin17 retained
踅	U+8E05	xué	xué chì	kMandarin17 retained
踆	U+8E06	cūn	quān qūn cūn	kMandarin17 retained
踈	U+8E08	shū	shū shù sū	kMandarin17 retained
踉	U+8E09	liàng	liáng liàng	kMandarin17 retained
踋	U+8E0B	jiǎo	jiǎo jué	kMandarin17 retained
踍	U+8E0D	qiāo	qiāo xiào	kMandarin17 retained
踑	U+8E11	qí	jī qí	kMandarin17 retained
踒	U+8E12	wō	ruí wō wēi	kMandarin17 retained
踔	U+8E14	chuō	zhuó	kMandarin17 retained
踖	U+8E16	jí	jí què	kMandarin17 retained
踗	U+8E17	niè	niē	kMandarin17 retained
踘	U+8E18	jū	jú	kMandarin17 retained
踙	U+8E19	niè	niè jū	kMandarin17 retained
踝	U+8E1D	huái	huà huái	kMandarin17 retained
踦	U+8E26	yǐ	jǐ qí yǐ	kMandarin17 retained
踫	U+8E2B	pèng	pán pèng	kMandarin17 retained
踬	U+8E2C	zhì	zhī zhì	kMandarin17 retained
踮	U+8E2E	diǎn	diàn	kMandarin17 retained
踱	U+8E31	duó	duò	kMandarin17 retained
踲	U+8E32	dùn	dùn tún	kMandarin17 retained
踳	U+8E33	chuǎn	chuǎn chǔn	kMandarin17 retained
踶	U+8E36	dì	dì zhì	kMandarin17 retained
踹	U+8E39	chuài	chuài shuàn	kMandarin17 retained
踻	U+8E3B	guā	tuó guā guǎ	kMandarin17 retained
踾	U+8E3E	fú	bì fú	kMandarin17 retained
蹈	U+8E48	dǎo	dào	kMandarin17 retained
蹊	U+8E4A	qī	xī	kMandarin17 retained
蹌	U+8E4C	qiāng	qiāng qiàng	kMandarin17 retained
蹍	U+8E4D	niǎn	zhǎn	kMandarin17 retained
蹑	U+8E51	niè	niè shè	kMandarin17 retained
蹒	U+8E52	pán	pán pǎn mán	kMandarin17 retained
蹓	U+8E53	liū	liū liù	kMandarin17 retained
蹔	U+8E54	zàn	zhàn zàn	kMandarin17 retained
蹡	U+8E61	qiāng	qiāng qiàng	kMandarin17 retained
蹢	U+8E62	dí	dí zhí	kMandarin17 retained
蹣	U+8E63	pán	pán mán	kMandarin17 retained
蹨	U+8E68	niǎn	niǎn rǎn	kMandarin17 retained
蹬	U+8E6C	dēng	dèng	kMandarin17 retained
蹮	U+8E6E	xiān	qiān xiān	kMandarin17 retained
蹱	U+8E71	zhōng	zhōng chòng	kMandarin17 retained
蹲	U+8E72	dūn	dūn cún	kMandarin17 retained
蹶	U+8E76	jué	guì jué juě	kMandarin17 retained
蹷	U+8E77	jué	jué juě	kMandarin17 retained
蹸	U+8E78	lìn	lín lìn	kMandarin17 retained
蹹	U+8E79	tá	tà	kMandarin17 retained
蹻	U+8E7B	juē	jiǎo jué qiāo	kMandarin17 retained
蹼	U+8E7C	pǔ	pú	kMandarin17 retained
躀	U+8E80	guàn	guǎn	kMandarin17 retained
躂	U+8E82	dá	dā tà	kMandarin17 retained
躒	U+8E92	lì	lì luò	kMandarin17 retained
躙	U+8E99	lìn	lín lìn	kMandarin17 retained
躜	U+8E9C	zuān	zuān cuó	kMandarin17 retained
躟	U+8E9F	ráng	rǎng	kMandarin17 retained
躠	U+8EA0	sǎ	sà	kMandarin17 retained
躤	U+8EA4	jí	jiè	kMandarin17 retained
躦	U+8EA6	cuó	chá zuān cuó	kMandarin17 retained
身	U+8EAB	shēn	juān shēn	kMandarin17 retained
躮	U+8EAE	fēn	fèn	kMandarin17 retained
躷	U+8EB7	ǎi	ǎi yǐ	kMandarin17 retained
躼	U+8EBC	lào	cháng	kMandarin17 retained
車	U+8ECA	chē	jū chē	kMandarin17 retained
軋	U+8ECB	yà	gá zhá yà	kMandarin17 retained
軐	U+8ED0	xìn	xiàn xìn	kMandarin17 retained
軙	U+8ED9	chén	qí zhèn chén	kMandarin17 retained
軠	U+8EE0	kuáng	kuáng rén rèn	kMandarin17 retained
軡	U+8EE1	qián	qián qín	kMandarin17 retained
軦	U+8EE6	kuàng	huàng	kMandarin17 retained
軪	U+8EEA	āo	āo ào	kMandarin17 retained
軬	U+8EEC	fàn	bèn fàn	kMandarin17 retained
軮	U+8EEE	yǎng	ǎng	kMandarin17 retained
軲	U+8EF2	gū	gū kū	kMandarin17 retained
軵	U+8EF5	rǒng	fǔ rǒng	kMandarin17 retained
軷	U+8EF7	bá	bá bó	kMandarin17 retained
軸	U+8EF8	zhóu	zhóu zhòu zhú	kMandarin17 retained
軽	U+8EFD	zhì	qīng zhì	kMandarin17 retained
輁	U+8F01	gǒng	gǒng qióng	kMandarin17 retained
較	U+8F03	jiào	jiǎo jiào jué	kMandarin17 retained
載	U+8F09	zài	zǎi zài	kMandarin17 retained
輋	U+8F0B	shē	jū shé	kMandarin17 retained
輏	U+8F0F	yóu	qiú yóu	kMandarin17 retained
輑	U+8F11	yǐn	qūn yǐn yǔn	kMandarin17 retained
輘	U+8F18	léng	líng	kMandarin17 retained
輨	U+8F28	guǎn	guān guǎn kài xiá	kMandarin17 retained
輭	U+8F2D	ruǎn	ruǎn ér	kMandarin17 retained
輽	U+8F3D	bèn	bèn fàn	kMandarin17 retained
輾	U+8F3E	zhǎn	niǎn zhǎn	kMandarin17 retained
轁	U+8F41	tāo	dào tāo	kMandarin17 retained
轂	U+8F42	gǔ	gū gǔ	kMandarin17 retained
轄	U+8F44	xiá	kài xiá	kMandarin17 retained
轇	U+8F47	jiāo	jiū	kMandarin17 retained
轉	U+8F49	zhuǎn	zhuǎn zhuàn	kMandarin17 retained
轍	U+8F4D	zhé	zhé chè	kMandarin17 retained
轑	U+8F51	lǎo	láo lǎo	kMandarin17 retained
轔	U+8F54	lín	lín lìn	kMandarin17 retained
轘	U+8F58	huán	huàn	kMandarin17 retained
轛	U+8F5B	zhuì	duì	kMandarin17 retained
轜	U+8F5C	ér	ruǎn ér	kMandarin17 retained
轝	U+8F5D	yù	yú	kMandarin17 retained
轞	U+8F5E	jiàn	jiàn xiàn	kMandarin17 retained
轥	U+8F65	lìn	lín lìn	kMandarin17 retained
轧	U+8F67	yà	zhí zhá yà	kMandarin17 retained
轩	U+8F69	xuān	xiǎn xuān xuàn	kMandarin17 retained
转	U+8F6C	zhuǎn	zhuǎn zhuàn	kMandarin17 retained
轴	U+8F74	zhóu	zhóu zhòu	kMandarin17 retained
轶	U+8F76	yì	dié yí yì	kMandarin17 retained
轺	U+8F7A	yáo	diāo yáo	kMandarin17 retained
轻	U+8F7B	qīng	qīng qìng	kMandarin17 retained
载	U+8F7D	zài	zāi zǎi zài	kMandarin17 retained
辁	U+8F81	quán	quán chūn	kMandarin17 retained
辂	U+8F82	lù	lù hé	kMandarin17 retained
较	U+8F83	jiào	jiáo jiào xiào	kMandarin17 retained
辎	U+8F8E	zī	zī zì	kMandarin17 retained
辒	U+8F92	wēn	wēn yūn	kMandarin17 retained
输	U+8F93	shū	shū shù	kMandarin17 retained
辖	U+8F96	xiá	hé xiá	kMandarin17 retained
辗	U+8F97	zhǎn	niǎn zhǎn	kMandarin17 retained
辚	U+8F9A	lín	lín lìn	kMandarin17 retained
辟	U+8F9F	pì	bì pì	kMandarin17 retained
辥	U+8FA5	xuē	bì pì xuē	kMandarin17 retained
辨	U+8FA8	biàn	biàn piàn	kMandarin17 retained
辩	U+8FA9	biàn	biǎn biàn pián	kMandarin17 retained
辱	U+8FB1	rǔ	rǔ rù	kMandarin17 retained
辴	U+8FB4	chǎn	zhěn	kMandarin17 retained
辺	U+8FBA	biān	fǎn	kMandarin17 retained
込	U+8FBC	yū	rù yū	kMandarin17 retained
达	U+8FBE	dá	dá tà tì	kMandarin17 retained
迆	U+8FC6	yí	yí yǐ	kMandarin17 retained
过	U+8FC7	guò	guō guò	kMandarin17 retained
迉	U+8FC9	qī	qī shī	kMandarin17 retained
迊	U+8FCA	zā	zā yíng yìng	kMandarin17 retained
迋	U+8FCB	wàng	guǎng kuāng wàng	kMandarin17 retained
迎	U+8FCE	yíng	yíng yìng	kMandarin17 retained
迏	U+8FCF	dá	dá tà tì	kMandarin17 retained
运	U+8FD0	yùn	yǔn yùn	kMandarin17 retained
迕	U+8FD5	wǔ	wǔ wù	kMandarin17 retained
迖	U+8FD6	dá	dá tà tì	kMandarin17 retained
还	U+8FD8	hái	bù pǐ fōu fǒu fū fú hái huán xuán wù	kMandarin17 retained
这	U+8FD9	zhè	zhè zhèi	kMandarin17 retained
迚	U+8FDA	dá	zhōng	kMandarin17 retained
违	U+8FDD	wéi	huí wéi	kMandarin17 retained
连	U+8FDE	lián	lián liǎn liàn	kMandarin17 retained
迡	U+8FE1	nì	nì zhì chí chì	kMandarin17 retained
迣	U+8FE3	zhì	zhì chì	kMandarin17 retained
迤	U+8FE4	yí	tuó yí yǐ	kMandarin17 retained
迧	U+8FE7	chén	xún xùn zhèn chén	kMandarin17 retained
迬	U+8FEC	zhù	wǎng	kMandarin17 retained
迮	U+8FEE	zé	zé zuò	kMandarin17 retained
迱	U+8FF1	tuó	tuó yí yǐ	kMandarin17 retained
迲	U+8FF2	qu	qù	kMandarin17 retained
迵	U+8FF5	dòng	dòng tóng	kMandarin17 retained
迸	U+8FF8	bèng	bèng bǐng	kMandarin17 retained
迹	U+8FF9	jì	jī	kMandarin17 retained
追	U+8FFD	zhuī	duī zhuī rǔ rù	kMandarin17 retained
适	U+9002	shì	dí guā kuò shì	kMandarin17 retained
逄	U+9004	páng	páng péng féng	kMandarin17 retained
逅	U+9005	hòu	gòu hòu	kMandarin17 retained
选	U+9009	xuǎn	dié xuǎn	kMandarin17 retained
逌	U+900C	yōu	yóu	kMandarin17 retained
逎	U+900E	qiú	qiú yóu	kMandarin17 retained
逘	U+9018	yǐ	qí sì yǐ	kMandarin17 retained
這	U+9019	zhè	zhè zhèi	kMandarin17 retained
造	U+9020	zào	zào cào	kMandarin17 retained
逢	U+9022	féng	péng féng	kMandarin17 retained
逤	U+9024	suò	shā	kMandarin17 retained
逨	U+9028	lái	lái lài	kMandarin17 retained
逬	U+902C	bèng	bèng bǐng bìng	kMandarin17 retained
逮	U+902E	dǎi	dǎi dài dì	kMandarin17 retained
逴	U+9034	chuō	chuò	kMandarin17 retained
逷	U+9037	tì	dí tì	kMandarin17 retained
逹	U+9039	dá	dá tà	kMandarin17 retained
逺	U+903A	yuǎn	shuǎng yuǎn	kMandarin17 retained
逼	U+903C	bī	bī bì	kMandarin17 retained
逽	U+903D	nuò	nuò nüè	kMandarin17 retained
遂	U+9042	suì	suí suì	kMandarin17 retained
遃	U+9043	yǎn	àn yǎn	kMandarin17 retained
遅	U+9045	chí	zhì chí	kMandarin17 retained
遌	U+904C	è	è wǔ wù	kMandarin17 retained
遍	U+904D	biàn	biàn piàn	kMandarin17 retained
過	U+904E	guò	guō guò	kMandarin17 retained
達	U+9054	dá	dá tà	kMandarin17 retained
遗	U+9057	yí	yí wèi	kMandarin17 retained
遛	U+905B	liù	liú liù	kMandarin17 retained
遜	U+905C	xùn	xùn sùn	kMandarin17 retained
遟	U+905F	chí	zhì chí	kMandarin17 retained
遠	U+9060	yuǎn	yuǎn yuàn	kMandarin17 retained
遡	U+9061	sù	sù suò	kMandarin17 retained
遢	U+9062	ta	tà	kMandarin17 retained
適	U+9069	shì	dí shì	kMandarin17 retained
遫	U+906B	chì	chì sù	kMandarin17 retained
遬	U+906C	sù	chuò sù	kMandarin17 retained
遮	U+906E	zhē	zhē zhě	kMandarin17 retained
遲	U+9072	chí	zhì chí	kMandarin17 retained
遴	U+9074	lín	lín lìn	kMandarin17 retained
遺	U+907A	yí	yí wèi	kMandarin17 retained
遻	U+907B	è	è wù	kMandarin17 retained
避	U+907F	bì	bèi bì	kMandarin17 retained
還	U+9084	hái	hái huán xuán	kMandarin17 retained
邆	U+9086	téng	dèng téng	kMandarin17 retained
邋	U+908B	lā	lā lá liè	kMandarin17 retained
邎	U+908E	yáo	yáo yóu	kMandarin17 retained
邓	U+9093	dèng	dèng shān	kMandarin17 retained
邜	U+909C	xī	mǎo xié	kMandarin17 retained
邝	U+909D	kuàng	kuò kuàng	kMandarin17 retained
那	U+90A3	nà	nā nǎ nà něi nèi nuó yǒu	kMandarin17 retained
邪	U+90AA	xié	xiá xié xú yé yú	kMandarin17 retained
邳	U+90B3	pī	péi	kMandarin17 retained
邺	U+90BA	yè	qiū yè	kMandarin17 retained
邻	U+90BB	lín	lín lìn	kMandarin17 retained
郃	U+90C3	hé	gé hé	kMandarin17 retained
郄	U+90C4	qiè	què xì	kMandarin17 retained
郇	U+90C7	huán	xún	kMandarin17 retained
郋	U+90CB	xí	xī xí	kMandarin17 retained
郍	U+90CD	nuó	fú nuó	kMandarin17 retained
郖	U+90D6	dòu	dōu dòu	kMandarin17 retained
郗	U+90D7	xī	chī	kMandarin17 retained
郝	U+90DD	hǎo	hè hǎo	kMandarin17 retained
郦	U+90E6	lì	lí lì	kMandarin17 retained
郩	U+90E9	xiáo	xiáo ǎo	kMandarin17 retained
郷	U+90F7	xiāng	xiāng xiàng	kMandarin17 retained
郸	U+90F8	dān	bù pǒu	kMandarin17 retained
都	U+90FD	dōu	dōu dū	kMandarin17 retained
鄃	U+9103	shū	yú	kMandarin17 retained
鄇	U+9107	hóu	hòu	kMandarin17 retained
鄉	U+9109	xiāng	xiāng xiàng	kMandarin17 retained
鄊	U+910A	xiāng	xiāng xiàng	kMandarin17 retained
鄎	U+910E	xī	xì	kMandarin17 retained
鄏	U+910F	rǔ	rù	kMandarin17 retained
鄑	U+9111	zī	jìn zī	kMandarin17 retained
鄓	U+9113	yè	jú jù yè	kMandarin17 retained
鄕	U+9115	xiāng	xiāng xiàng	kMandarin17 retained
鄗	U+9117	hào	hào qiāo	kMandarin17 retained
鄘	U+9118	yōng	yōng yóng	kMandarin17 retained
鄙	U+9119	bǐ	bǐ bì	kMandarin17 retained
鄚	U+911A	mào	mò	kMandarin17 retained
鄥	U+9125	qiāo	qiāo xiāo	kMandarin17 retained
鄩	U+9129	xún	xín	kMandarin17 retained
鄫	U+912B	zēng	céng	kMandarin17 retained
鄳	U+9133	méng	méng měng mǐng	kMandarin17 retained
鄵	U+9135	cào	cāo cào sāo	kMandarin17 retained
鄺	U+913A	kuàng	guǎng kuàng	kMandarin17 retained
鄿	U+913F	jī	qí	kMandarin17 retained
酀	U+9140	yàn	yān yǎn yàn	kMandarin17 retained
酂	U+9142	zàn	zàn cuó	kMandarin17 retained
酊	U+914A	dīng	dǐng	kMandarin17 retained
酎	U+914E	zhòu	qiǎ zhòu	kMandarin17 retained
酏	U+914F	yǐ	yí	kMandarin17 retained
酖	U+9156	zhèn	dān zhèn	kMandarin17 retained
酘	U+9158	dòu	tóu	kMandarin17 retained
酜	U+915C	fu	fū	kMandarin17 retained
酢	U+9162	zuò	zuò cù	kMandarin17 retained
酨	U+9168	zài	dài zài zuì	kMandarin17 retained
酩	U+9169	mǐng	míng mǐng	kMandarin17 retained
酪	U+916A	lào	lào luò	kMandarin17 retained
酵	U+9175	jiào	jiào xiào	kMandarin17 retained
酻	U+917B	zuì	fú zuì	kMandarin17 retained
酿	U+917F	niàng	niáng niàng	kMandarin17 retained
醈	U+9188	tán	dàn tán	kMandarin17 retained
醊	U+918A	zhuì	chuò	kMandarin17 retained
醋	U+918B	cù	zuò cù	kMandarin17 retained
醍	U+918D	tí	tí tǐ	kMandarin17 retained
醎	U+918E	xián	jiǎn xián	kMandarin17 retained
醒	U+9192	xǐng	xīng xǐng	kMandarin17 retained
醔	U+9194	qiú	qiú chōu yóu	kMandarin17 retained
醖	U+9196	yùn	wèn yùn	kMandarin17 retained
醗	U+9197	pò	fā	kMandarin17 retained
醘	U+9198	kē	kè	kMandarin17 retained
醛	U+919B	quán	quán chuò	kMandarin17 retained
醝	U+919D	cuō	cuó	kMandarin17 retained
醦	U+91A6	chěn	qiǎn chǎn chěn	kMandarin17 retained
醭	U+91AD	bú	bú pú	kMandarin17 retained
醱	U+91B1	fā	pò fā	kMandarin17 retained
醶	U+91B6	yàn	liǎn xiān yàn	kMandarin17 retained
醸	U+91B8	niàng	niáng niàng	kMandarin17 retained
釃	U+91C3	shāi	lí shī	kMandarin17 retained
采	U+91C7	cǎi	cǎi cài	kMandarin17 retained
释	U+91CA	shì	shì yì	kMandarin17 retained
重	U+91CD	zhòng	zhòng chóng	kMandarin17 retained
量	U+91CF	liàng	liáng liàng	kMandarin17 retained
釐	U+91D0	xī	lí xī	kMandarin17 retained
釓	U+91D3	gá	gā gá	kMandarin17 retained
釕	U+91D5	liǎo	liǎo liào	kMandarin17 retained
釘	U+91D8	dīng	dīng dìng	kMandarin17 retained
釛	U+91DB	bā	hé	kMandarin17 retained
釠	U+91E0	luàn	làn luàn	kMandarin17 retained
釤	U+91E4	shàn	shān shàn	kMandarin17 retained
釩	U+91E9	fǎn	fán	kMandarin17 retained
釪	U+91EA	huá	yú	kMandarin17 retained
釫	U+91EB	huá	huá xiǔ wū yú	kMandarin17 retained
釰	U+91F0	rì	jiàn rì rèn	kMandarin17 retained
釶	U+91F6	shī	tā shī shé yí yǐ	kMandarin17 retained
釸	U+91F8	xī	xì	kMandarin17 retained
釽	U+91FD	pì	pī	kMandarin17 retained
釿	U+91FF	jīn	yín	kMandarin17 retained
鈀	U+9200	bǎ	bā bǎ	kMandarin17 retained
鈃	U+9203	xíng	jiān xíng	kMandarin17 retained
鈄	U+9204	dǒu	tǒu	kMandarin17 retained
鈆	U+9206	qiān	yán	kMandarin17 retained
鈈	U+9208	bù	bù pī pí	kMandarin17 retained
鈒	U+9212	sà	jí sè	kMandarin17 retained
鈓	U+9213	rén	rén rèn	kMandarin17 retained
鈔	U+9214	chāo	chāo chào	kMandarin17 retained
鈗	U+9217	yǔn	ruì yǔn	kMandarin17 retained
鈘	U+9218	yǐ	qí qín yǐ	kMandarin17 retained
鈙	U+9219	qín	kān qí qiān qiàn qín	kMandarin17 retained
鈚	U+921A	pī	pī pí	kMandarin17 retained
鈛	U+921B	guō	guō huì yuè	kMandarin17 retained
鈢	U+9222	xǐ	niè xǐ	kMandarin17 retained
鈭	U+922D	zī	zī cī	kMandarin17 retained
鈮	U+922E	nǐ	ní nǐ	kMandarin17 retained
鈵	U+9235	bǐng	bìng	kMandarin17 retained
鈶	U+9236	sì	tái cí sì yí	kMandarin17 retained
鈷	U+9237	gǔ	gū gǔ	kMandarin17 retained
鈸	U+9238	bó	bá bó	kMandarin17 retained
鈹	U+9239	pī	pī pí	kMandarin17 retained
鈽	U+923D	bū	bù	kMandarin17 retained
鈾	U+923E	yóu	yóu yòu	kMandarin17 retained
鈿	U+923F	tián	diàn tián	kMandarin17 retained
鉀	U+9240	jiǎ	hé jiǎ jià	kMandarin17 retained
鉃	U+9243	shì	zú cù	kMandarin17 retained
鉄	U+9244	zhí	dié tiě zhì	kMandarin17 retained
鉆	U+9246	chān	zhān	kMandarin17 retained
鉇	U+9247	shī	tā tuó shī shé yí	kMandarin17 retained
鉈	U+9248	shī	tā shé	kMandarin17 retained
鉕	U+9255	pō	pō pǒ	kMandarin17 retained
鉛	U+925B	qiān	qiān yán	kMandarin17 retained
鉞	U+925E	yuè	huì yuè	kMandarin17 retained
鉟	U+925F	pī	pī pí	kMandarin17 retained
鉢	U+9262	bō	bō bó	kMandarin17 retained
鉨	U+9268	xǐ	nǐ	kMandarin17 retained
鉩	U+9269	xǐ	niè xǐ	kMandarin17 retained
鉪	U+926A	dì	dài dì tài	kMandarin17 retained
鉭	U+926D	tǎn	dàn	kMandarin17 retained
鉮	U+926E	huán	shēn	kMandarin17 retained
鉵	U+9275	tóng	tóng zhuó	kMandarin17 retained
鉺	U+927A	èr	ěr èr	kMandarin17 retained
鉿	U+927F	jiā	hā	kMandarin17 retained
銄	U+9284	xiǎng	jiōng jiǒng xiǎng xiàng	kMandarin17 retained
銎	U+928E	qióng	qiōng	kMandarin17 retained
銐	U+9290	chì	lì chì wú wù	kMandarin17 retained
銒	U+9292	xíng	jiān xíng yán	kMandarin17 retained
銕	U+9295	tiě	dié tiě yí	kMandarin17 retained
銚	U+929A	yáo	diào yáo	kMandarin17 retained
銢	U+92A2	pǐ	yǒng	kMandarin17 retained
銨	U+92A8	ǎn	ān	kMandarin17 retained
銭	U+92AD	qián	jiǎn qián	kMandarin17 retained
銯	U+92AF	sī	mì	kMandarin17 retained
銰	U+92B0	āi	ài	kMandarin17 retained
銻	U+92BB	tí	tì	kMandarin17 retained
銽	U+92BD	guā	tiǎn guā xiān	kMandarin17 retained
銾	U+92BE	hòng	gǒng	kMandarin17 retained
鋀	U+92C0	tōu	dòu	kMandarin17 retained
鋄	U+92C4	wàn	wǎn	kMandarin17 retained
鋌	U+92CC	dìng	dìng tǐng	kMandarin17 retained
鋎	U+92CE	hàn	hàn huàn	kMandarin17 retained
鋑	U+92D1	cuān	juān cuān	kMandarin17 retained
鋖	U+92D6	sī	tuǒ sī	kMandarin17 retained
鋘	U+92D8	huá	wú	kMandarin17 retained
鋙	U+92D9	yǔ	hú huá wú yǔ	kMandarin17 retained
鋛	U+92DB	kuàng	gǒng kuàng	kMandarin17 retained
鋜	U+92DC	zhuó	chuò	kMandarin17 retained
鋞	U+92DE	xíng	xíng xìng	kMandarin17 retained
鋟	U+92DF	qǐn	qiān qǐn	kMandarin17 retained
鋥	U+92E5	zèng	zhèng	kMandarin17 retained
鋦	U+92E6	jū	jú	kMandarin17 retained
鋧	U+92E7	xiàn	xiǎn	kMandarin17 retained
鋪	U+92EA	pù	pū pù	kMandarin17 retained
鋴	U+92F4	zhèn	kè	kMandarin17 retained
鋶	U+92F6	liǔ	lǚ	kMandarin17 retained
鋸	U+92F8	jù	jū jù	kMandarin17 retained
鋺	U+92FA	yuǎn	wān wǎn yuè yuān yuǎn	kMandarin17 retained
鋻	U+92FB	jiàn	jiān jiàn	kMandarin17 retained
鋼	U+92FC	gāng	gāng gàng	kMandarin17 retained
錀	U+9300	lún	fēn lún	kMandarin17 retained
錁	U+9301	guǒ	kè	kMandarin17 retained
錃	U+9303	pī	bēi	kMandarin17 retained
錇	U+9307	póu	péi póu fú	kMandarin17 retained
錈	U+9308	juǎn	juǎn juàn	kMandarin17 retained
錊	U+930A	zuì	zù zuì	kMandarin17 retained
錍	U+930D	pī	bì pī pí	kMandarin17 retained
錏	U+930F	yā	yā yà	kMandarin17 retained
錑	U+9311	lèi	léi lèi	kMandarin17 retained
錒	U+9312	ā	ā ē	kMandarin17 retained
錖	U+9316	dú	dū dǔ	kMandarin17 retained
錗	U+9317	nèi	wèi	kMandarin17 retained
錝	U+931D	zòng	cóng	kMandarin17 retained
錞	U+931E	chún	duì chún	kMandarin17 retained
錟	U+931F	tán	tán xiān	kMandarin17 retained
錢	U+9322	qián	jiǎn qián	kMandarin17 retained
錤	U+9324	jī	jī qí	kMandarin17 retained
錪	U+932A	tiǎn	diǎn tiǎn	kMandarin17 retained
錫	U+932B	xī	xí	kMandarin17 retained
錯	U+932F	cuò	cù cuò	kMandarin17 retained
錻	U+933B	wu	wǔ	kMandarin17 retained
錽	U+933D	wàn	wǎn	kMandarin17 retained
鍂	U+9342	piān	gàn	kMandarin17 retained
鍃	U+9343	huō	hū	kMandarin17 retained
鍈	U+9348	yīng	yāng	kMandarin17 retained
鍉	U+9349	dī	dī dí chí shi	kMandarin17 retained
鍐	U+9350	zōng	zōng cōng	kMandarin17 retained
鍑	U+9351	fù	fú fù	kMandarin17 retained
鍕	U+9355	jūn	jūn rǒu	kMandarin17 retained
鍙	U+9359	hù	hóng hòng	kMandarin17 retained
鍜	U+935C	xiá	duàn xiā xiá	kMandarin17 retained
鍡	U+9361	wěi	wěi wèi	kMandarin17 retained
鍢	U+9362	fù	fú fù	kMandarin17 retained
鍤	U+9364	chā	chá	kMandarin17 retained
鍥	U+9365	qiè	jié qiè	kMandarin17 retained
鍦	U+9366	shī	shī shé	kMandarin17 retained
鍩	U+9369	tiǎn	tiǎn nuò	kMandarin17 retained
鍫	U+936B	qiāo	qiāo qiū	kMandarin17 retained
鍳	U+9373	jiàn	jiān jiàn	kMandarin17 retained
鍶	U+9376	sōng	sī	kMandarin17 retained
鍷	U+9377	kuí	kuī	kMandarin17 retained
鎄	U+9384	āi	āi yī yǐ	kMandarin17 retained
鎆	U+9386	qian	qián	kMandarin17 retained
鎈	U+9388	suǒ	chā	kMandarin17 retained
鎉	U+9389	dá	tà	kMandarin17 retained
鎎	U+938E	kài	kài xì	kMandarin17 retained
鎐	U+9390	yáo	zú yáo	kMandarin17 retained
鎗	U+9397	qiāng	qiāng chēng	kMandarin17 retained
鎘	U+9398	lì	lì gé	kMandarin17 retained
鎝	U+939D	dā	tǎ sà	kMandarin17 retained
鎞	U+939E	bī	bì pī	kMandarin17 retained
鎣	U+93A3	yíng	yīng yíng yìng	kMandarin17 retained
鎤	U+93A4	huàng	huǎng	kMandarin17 retained
鎩	U+93A9	shā	shā shài	kMandarin17 retained
鎫	U+93AB	wàn	wǎn	kMandarin17 retained
鎬	U+93AC	hào	gǎo hào	kMandarin17 retained
鎯	U+93AF	láng	luǒ	kMandarin17 retained
鏀	U+93C0	lǔ	lián lǔ	kMandarin17 retained
鏂	U+93C2	ōu	kōu qū ōu	kMandarin17 retained
鏃	U+93C3	zú	chuò zú cù	kMandarin17 retained
鏅	U+93C5	xiū	xiū xiù	kMandarin17 retained
鏈	U+93C8	liàn	lián liàn	kMandarin17 retained
鏊	U+93CA	ào	áo ào	kMandarin17 retained
鏏	U+93CF	wèi	huì wèi	kMandarin17 retained
鏑	U+93D1	dí	dī dí	kMandarin17 retained
鏒	U+93D2	sǎn	qiāo sǎn	kMandarin17 retained
鏓	U+93D3	zǒng	cōng	kMandarin17 retained
鏔	U+93D4	yí	yí yín	kMandarin17 retained
鏙	U+93D9	cuī	cuǐ	kMandarin17 retained
鏚	U+93DA	qī	qì	kMandarin17 retained
鏜	U+93DC	tāng	tāng táng	kMandarin17 retained
鏞	U+93DE	yōng	yōng yóng	kMandarin17 retained
鏩	U+93E9	jiàn	jiàn chán zàn	kMandarin17 retained
鏱	U+93F1	zhang	zhāng	kMandarin17 retained
鏲	U+93F2	qian	qiān	kMandarin17 retained
鏳	U+93F3	chēng	zhēng chēng	kMandarin17 retained
鏹	U+93F9	qiǎng	qiāng qiǎng	kMandarin17 retained
鏻	U+93FB	lín	lín lìn líng	kMandarin17 retained
鏼	U+93FC	sè	sè suǒ	kMandarin17 retained
鐀	U+9400	kuì	guì kuì	kMandarin17 retained
鐉	U+9409	quān	quán chuān	kMandarin17 retained
鐋	U+940B	tāng	tāng tàng	kMandarin17 retained
鐐	U+9410	liáo	liáo liào	kMandarin17 retained
鐑	U+9411	qiè	jié	kMandarin17 retained
鐒	U+9412	láo	láo lǎo	kMandarin17 retained
鐓	U+9413	duì	duì dūn chún	kMandarin17 retained
鐔	U+9414	xín	tán	kMandarin17 retained
鐗	U+9417	jiǎn	jiàn	kMandarin17 retained
鐙	U+9419	dèng	dēng dèng	kMandarin17 retained
鐚	U+941A	yā	yā yǎ yà	kMandarin17 retained
鐜	U+941C	duī	duī duì dūn dùn	kMandarin17 retained
鐟	U+941F	zān	tì zān	kMandarin17 retained
鐡	U+9421	tiě	dié tiě	kMandarin17 retained
鐧	U+9427	jiān	jiàn	kMandarin17 retained
鐭	U+942D	yù	ào yù	kMandarin17 retained
鐰	U+9430	qiāo	qiāo cáo sào	kMandarin17 retained
鐱	U+9431	jiàn	qiān	kMandarin17 retained
鐵	U+9435	tiě	dié tiě	kMandarin17 retained
鐺	U+943A	dāng	dāng chēng	kMandarin17 retained
鐾	U+943E	bèi	bì	kMandarin17 retained
鑃	U+9443	diào	diào zhào yáo	kMandarin17 retained
鑅	U+9445	héng	héng huāng huáng	kMandarin17 retained
鑈	U+9448	niè	nǐ niē niè	kMandarin17 retained
鑉	U+9449	hé	tà hé jiǎ	kMandarin17 retained
鑋	U+944B	qīng	qīng qìng	kMandarin17 retained
鑎	U+944E	kuì	guì kuì	kMandarin17 retained
鑖	U+9456	miè	mì miè	kMandarin17 retained
鑘	U+9458	léi	léi lěi	kMandarin17 retained
鑚	U+945A	zuàn	zuān zuǎn zuàn	kMandarin17 retained
鑛	U+945B	kuàng	gǒng kuàng	kMandarin17 retained
鑜	U+945C	shǎng	xiǎng xiàng cháng	kMandarin17 retained
鑦	U+9466	xian	xián	kMandarin17 retained
鑭	U+946D	làn	lán	kMandarin17 retained
鑰	U+9470	yào	yào yuè	kMandarin17 retained
鑲	U+9472	xiāng	xiāng ráng	kMandarin17 retained
鑴	U+9474	xī	xī xì	kMandarin17 retained
鑹	U+9479	cuān	cuān cuàn	kMandarin17 retained
鑽	U+947D	zuān	zuān zuǎn zuàn	kMandarin17 retained
鑿	U+947F	záo	záo zuò	kMandarin17 retained
钃	U+9483	zhú	shǔ	kMandarin17 retained
钄	U+9484	lán	lán làn	kMandarin17 retained
钆	U+9486	gá	gá qiú	kMandarin17 retained
钉	U+9489	dīng	dīng dìng	kMandarin17 retained
钋	U+948B	pō	pō pò	kMandarin17 retained
钌	U+948C	liǎo	liǎo liào	kMandarin17 retained
钏	U+948F	chuàn	chuān chuàn	kMandarin17 retained
钐	U+9490	shān	shān shàn	kMandarin17 retained
钑	U+9491	sà	xì sà	kMandarin17 retained
钒	U+9492	fán	fán fǎn fàn	kMandarin17 retained
钗	U+9497	chāi	chā chāi	kMandarin17 retained
钘	U+9498	xíng	jiān xíng	kMandarin17 retained
钚	U+949A	bù	bù pī	kMandarin17 retained
钞	U+949E	chāo	chāo chǎo	kMandarin17 retained
钠	U+94A0	nà	nà ruì	kMandarin17 retained
钢	U+94A2	gāng	gāng gàng	kMandarin17 retained
钤	U+94A4	qián	hán qián	kMandarin17 retained
钥	U+94A5	yào	yuè	kMandarin17 retained
钮	U+94AE	niǔ	niǔ chǒu	kMandarin17 retained
钯	U+94AF	bǎ	bā bá bǎ	kMandarin17 retained
钱	U+94B1	qián	jiǎn qián	kMandarin17 retained
钳	U+94B3	qián	qián ān	kMandarin17 retained
钴	U+94B4	gǔ	gú gǔ gù	kMandarin17 retained
钷	U+94B7	pǒ	pō pǒ	kMandarin17 retained
钻	U+94BB	zuān	zuān zuàn	kMandarin17 retained
钾	U+94BE	jiǎ	gé jiǎ	kMandarin17 retained
钿	U+94BF	diàn	diàn tián	kMandarin17 retained
铀	U+94C0	yóu	zhòu yóu	kMandarin17 retained
铁	U+94C1	tiě	tiě zhí	kMandarin17 retained
铄	U+94C4	shuò	shuò yuè	kMandarin17 retained
铅	U+94C5	qiān	qiān yán	kMandarin17 retained
铆	U+94C6	mǎo	mǎo liǔ	kMandarin17 retained
铇	U+94C7	bào	báo bào páo	kMandarin17 retained
铊	U+94CA	tā	tā shé	kMandarin17 retained
铋	U+94CB	bì	bì sè	kMandarin17 retained
铌	U+94CC	ní	ní nǐ	kMandarin17 retained
铍	U+94CD	pí	pī pí	kMandarin17 retained
铒	U+94D2	ěr	ěr èr	kMandarin17 retained
铔	U+94D4	yā	yā yà	kMandarin17 retained
铙	U+94D9	náo	náo nào	kMandarin17 retained
铛	U+94DB	dāng	tāng chēng chéng	kMandarin17 retained
铝	U+94DD	lǚ	lǚ lǜ	kMandarin17 retained
铣	U+94E3	xǐ	xī xǐ xiǎn	kMandarin17 retained
铤	U+94E4	tǐng	dìng tǐng	kMandarin17 retained
铦	U+94E6	xiān	tiǎn xiān	kMandarin17 retained
铩	U+94E9	shā	shì shā shà	kMandarin17 retained
铪	U+94EA	hā	hā jiā	kMandarin17 retained
铫	U+94EB	diào	tiāo tiào yáo	kMandarin17 retained
铬	U+94EC	gè	luò gē gè	kMandarin17 retained
铴	U+94F4	tāng	tāng tàng	kMandarin17 retained
铺	U+94FA	pù	pū pú pù	kMandarin17 retained
铻	U+94FB	wú	yú yǔ	kMandarin17 retained
链	U+94FE	liàn	lián liàn	kMandarin17 retained
锄	U+9504	chú	jǔ chú	kMandarin17 retained
锅	U+9505	guō	guō guǒ	kMandarin17 retained
锇	U+9507	é	tiě é	kMandarin17 retained
锈	U+9508	xiù	xiù yòu	kMandarin17 retained
锌	U+950C	xīn	xīn zǐ	kMandarin17 retained
锏	U+950F	jiǎn	jiān jiǎn	kMandarin17 retained
锐	U+9510	ruì	duì ruì	kMandarin17 retained
锑	U+9511	tī	tī tí	kMandarin17 retained
锓	U+9513	qǐn	qiān qīn qǐn	kMandarin17 retained
锔	U+9514	jū	jū jú	kMandarin17 retained
锕	U+9515	ā	kē ā	kMandarin17 retained
锗	U+9517	zhě	duǒ zhě	kMandarin17 retained
锘	U+9518	nuò	tiǎn nuò	kMandarin17 retained
错	U+9519	cuò	cù cuō cuò	kMandarin17 retained
锜	U+951C	qí	qí yǐ	kMandarin17 retained
锞	U+951E	kè	guǒ kě kè	kMandarin17 retained
锟	U+951F	kūn	gǔn kūn	kMandarin17 retained
锡	U+9521	xī	tì xī	kMandarin17 retained
锫	U+952B	péi	péi póu	kMandarin17 retained
锬	U+952C	tán	tán tǎn xiān	kMandarin17 retained
锯	U+952F	jù	jū jù	kMandarin17 retained
锴	U+9534	kǎi	kǎi jiě	kMandarin17 retained
锶	U+9536	sī	sī sōng	kMandarin17 retained
镂	U+9542	lòu	lòu lǘ	kMandarin17 retained
镉	U+9549	gé	lì gé	kMandarin17 retained
镏	U+954F	liú	liú liù	kMandarin17 retained
镐	U+9550	gǎo	gǎo hào	kMandarin17 retained
镑	U+9551	bàng	bàng pāng	kMandarin17 retained
镗	U+9557	tāng	tāng táng	kMandarin17 retained
镝	U+955D	dī	dī dí	kMandarin17 retained
镞	U+955E	zú	chuò zú	kMandarin17 retained
镟	U+955F	xuàn	xuán xuàn	kMandarin17 retained
镠	U+9560	liú	liú liù	kMandarin17 retained
镡	U+9561	chán	xín chán	kMandarin17 retained
镣	U+9563	liào	liáo	kMandarin17 retained
镦	U+9566	dūn	duī duì dūn	kMandarin17 retained
镧	U+9567	lán	lán liàn	kMandarin17 retained
镩	U+9569	cuān	chuàn cuān	kMandarin17 retained
镪	U+956A	qiāng	qiāng qiǎng	kMandarin17 retained
镫	U+956B	dèng	dēng dèng	kMandarin17 retained
镮	U+956E	huán	huán xuàn	kMandarin17 retained
镯	U+956F	zhuó	zhuó shǔ	kMandarin17 retained
镶	U+9576	xiāng	xiāng ráng	kMandarin17 retained
長	U+9577	zhǎng	zhǎng zhàng cháng	kMandarin17 retained
镸	U+9578	cháng	zhǎng zhàng cháng	kMandarin17 retained
镽	U+957D	liǎo	liáo liǎo	kMandarin17 retained
长	U+957F	zhǎng	zhǎng cháng chàng	kMandarin17 retained
閄	U+9584	huò	huò shǎn	kMandarin17 retained
閍	U+958D	bēng	bēng fāng	kMandarin17 retained
閒	U+9592	xián	jiān jiàn xián	kMandarin17 retained
間	U+9593	jiān	jiān jiàn	kMandarin17 retained
閕	U+9595	xiā	xiā xiǎ ě yà	kMandarin17 retained
閖	U+9596	shui	shuǐ	kMandarin17 retained
閜	U+959C	xiǎ	kě xiǎ ě	kMandarin17 retained
閡	U+95A1	ài	hé	kMandarin17 retained
閤	U+95A4	gé	gé hé	kMandarin17 retained
閧	U+95A7	hòng	hòng xiàng	kMandarin17 retained
閩	U+95A9	mǐn	mín mǐn	kMandarin17 retained
閬	U+95AC	làng	láng lǎng làng	kMandarin17 retained
閰	U+95B0	jú	jú yán	kMandarin17 retained
閷	U+95B7	shài	shā shài	kMandarin17 retained
閺	U+95BA	wén	mín wén	kMandarin17 retained
閼	U+95BC	è	è yān yù	kMandarin17 retained
闀	U+95C0	hòng	xiàng	kMandarin17 retained
闁	U+95C1	bāo	bāo bǎo	kMandarin17 retained
闂	U+95C2	hòng	hòng xiàng	kMandarin17 retained
闇	U+95C7	àn	ān àn	kMandarin17 retained
闍	U+95CD	dū	dū shé	kMandarin17 retained
闎	U+95CE	quán	quān	kMandarin17 retained
闕	U+95D5	què	quē què	kMandarin17 retained
闖	U+95D6	chuǎng	chèn chuǎng chuàng	kMandarin17 retained
闝	U+95DD	piáo	piāo piáo	kMandarin17 retained
闞	U+95DE	kàn	kǎn kàn hǎn	kMandarin17 retained
闟	U+95DF	xì	tà xì	kMandarin17 retained
闧	U+95E7	tā	yuǎn	kMandarin17 retained
闫	U+95EB	yán	yán yǎn yàn	kMandarin17 retained
闬	U+95EC	hàn	bì hàn	kMandarin17 retained
闯	U+95EF	chuǎng	chèn chuǎng	kMandarin17 retained
间	U+95F4	jiān	jiān jiǎn jiàn	kMandarin17 retained
闵	U+95F5	mǐn	mín mǐn	kMandarin17 retained
闷	U+95F7	mèn	mēn mèn	kMandarin17 retained
闸	U+95F8	zhá	zhā zhá yā	kMandarin17 retained
闻	U+95FB	wén	wén wèn	kMandarin17 retained
阂	U+9602	hé	hé hè ài	kMandarin17 retained
阆	U+9606	làng	lǎng làng	kMandarin17 retained
阇	U+9607	dū	dū shé	kMandarin17 retained
阊	U+960A	chāng	tāng chāng	kMandarin17 retained
阋	U+960B	xì	hè xì	kMandarin17 retained
阎	U+960E	yán	yán yǎn yàn	kMandarin17 retained
阏	U+960F	yān	ē è yù	kMandarin17 retained
阑	U+9611	lán	lán làn	kMandarin17 retained
阕	U+9615	què	jué qué què	kMandarin17 retained
阙	U+9619	quē	quē qué què	kMandarin17 retained
阚	U+961A	kàn	kàn hǎn	kMandarin17 retained
阝	U+961D	fù	yì	kMandarin17 retained
阠	U+9620	xìn	xìn xùn	kMandarin17 retained
阣	U+9623	gài	gài yì	kMandarin17 retained
阤	U+9624	zhì	tuó zhì yǐ	kMandarin17 retained
阥	U+9625	yīn	ān yīn yìn	kMandarin17 retained
阧	U+9627	dǒu	dǒu tú	kMandarin17 retained
阨	U+9628	è	è ài	kMandarin17 retained
阫	U+962B	péi	bēi pēi péi pī guài huài	kMandarin17 retained
阴	U+9634	yīn	ān yīn yìn	kMandarin17 retained
阸	U+9638	è	è ài	kMandarin17 retained
阽	U+963D	diàn	diàn yán	kMandarin17 retained
阿	U+963F	ā	ā à ē	kMandarin17 retained
陁	U+9641	tuó	tuó zhì yǐ	kMandarin17 retained
陂	U+9642	pí	pō pí	kMandarin17 retained
陆	U+9646	lù	liù lù	kMandarin17 retained
陉	U+9649	xíng	jìng xíng	kMandarin17 retained
降	U+964D	jiàng	jiàng xiáng	kMandarin17 retained
陏	U+964F	duò	suí	kMandarin17 retained
陒	U+9652	guǐ	guǐ wéi	kMandarin17 retained
陓	U+9653	yū	wū	kMandarin17 retained
陕	U+9655	shǎn	xiá shǎn	kMandarin17 retained
陠	U+9660	pū	bū bù pū	kMandarin17 retained
陨	U+9668	yǔn	yuán yǔn	kMandarin17 retained
险	U+9669	xiǎn	jiǎn xián xiǎn	kMandarin17 retained
陫	U+966B	fèi	péi fèi	kMandarin17 retained
陭	U+966D	yì	yī yǐ	kMandarin17 retained
陰	U+9670	yīn	ān yīn yìn	kMandarin17 retained
陱	U+9671	jū	jú	kMandarin17 retained
陳	U+9673	chén	zhèn chén	kMandarin17 retained
陶	U+9676	táo	táo yáo	kMandarin17 retained
陸	U+9678	lù	liù lù	kMandarin17 retained
陻	U+967B	yīn	yān yīn	kMandarin17 retained
隁	U+9681	yàn	yǎn yàn	kMandarin17 retained
隂	U+9682	yīn	ān yīn yìn	kMandarin17 retained
隃	U+9683	shù	yáo yú	kMandarin17 retained
隄	U+9684	dī	dī tí	kMandarin17 retained
隌	U+968C	ǎn	ǎn àn yǎn yīn yìn	kMandarin17 retained
隐	U+9690	yǐn	yǐn yìn	kMandarin17 retained
隑	U+9691	gài	gāi ái	kMandarin17 retained
隕	U+9695	yǔn	yuán yǔn	kMandarin17 retained
隖	U+9696	wù	wū wù	kMandarin17 retained
隘	U+9698	ài	è ài	kMandarin17 retained
隟	U+969F	xì	qì xì	kMandarin17 retained
隠	U+96A0	yǐn	yǐn yìn	kMandarin17 retained
隢	U+96A2	rǎo	rào	kMandarin17 retained
隦	U+96A6	jiǎo	pí	kMandarin17 retained
隩	U+96A9	ào	ào yù	kMandarin17 retained
隫	U+96AB	fén	fén fèn	kMandarin17 retained
隱	U+96B1	yǐn	yǐn yìn	kMandarin17 retained
隶	U+96B6	lì	dài	kMandarin17 retained
隺	U+96BA	hè	hè hú què	kMandarin17 retained
隼	U+96BC	sǔn	zhǔn	kMandarin17 retained
隽	U+96BD	juàn	juàn jùn	kMandarin17 retained
雀	U+96C0	què	qiāo qiǎo què	kMandarin17 retained
雃	U+96C3	qiān	jiān qiān yǎ yán	kMandarin17 retained
雅	U+96C5	yǎ	yā yǎ	kMandarin17 retained
雇	U+96C7	gù	gù hù	kMandarin17 retained
雋	U+96CB	juàn	juàn jùn	kMandarin17 retained
雌	U+96CC	cí	cī cí	kMandarin17 retained
雖	U+96D6	suī	suī suí	kMandarin17 retained
雘	U+96D8	wò	huò wò	kMandarin17 retained
雙	U+96D9	shuāng	shuāng shuàng	kMandarin17 retained
雚	U+96DA	guàn	guàn huān huán quán wán	kMandarin17 retained
雟	U+96DF	xī	guī xī suí suǐ	kMandarin17 retained
難	U+96E3	nán	nán nàn	kMandarin17 retained
雨	U+96E8	yǔ	yǔ yù	kMandarin17 retained
雩	U+96E9	yú	yú yù	kMandarin17 retained
雪	U+96EA	xuě	xuě xuè	kMandarin17 retained
雬	U+96EC	fǒu	fǒu fù	kMandarin17 retained
雭	U+96ED	sè	xí xì shà sè	kMandarin17 retained
雱	U+96F1	pāng	páng	kMandarin17 retained
雵	U+96F5	yāng	ǎng yāng	kMandarin17 retained
零	U+96F6	líng	lián líng	kMandarin17 retained
雹	U+96F9	báo	bó báo	kMandarin17 retained
雺	U+96FA	wù	méng	kMandarin17 retained
雽	U+96FD	hù	háng hū hú yú	kMandarin17 retained
雿	U+96FF	diào	zhào	kMandarin17 retained
需	U+9700	xū	xū rú	kMandarin17 retained
霅	U+9705	zhà	zhá	kMandarin17 retained
霐	U+9710	hóng	hóng wēng	kMandarin17 retained
霒	U+9712	yīn	yīn yīng	kMandarin17 retained
霗	U+9717	líng	lián líng	kMandarin17 retained
霡	U+9721	mài	mò	kMandarin17 retained
霢	U+9722	mài	mò	kMandarin17 retained
霫	U+972B	xí	xí xì	kMandarin17 retained
霯	U+972F	tèng	dèng	kMandarin17 retained
露	U+9732	lù	lòu lù	kMandarin17 retained
霵	U+9735	jí	jí qì	kMandarin17 retained
霸	U+9738	bà	bà pò	kMandarin17 retained
霻	U+973B	fēng	lǐ	kMandarin17 retained
霿	U+973F	méng	mòu méng	kMandarin17 retained
靃	U+9743	huò	huò suǐ	kMandarin17 retained
靑	U+9751	qīng	jīng qīng	kMandarin17 retained
青	U+9752	qīng	jīng qīng	kMandarin17 retained
靓	U+9753	jìng	liàng jìng	kMandarin17 retained
靗	U+9757	chēng	chēng chèng	kMandarin17 retained
非	U+975E	fēi	fēi fěi	kMandarin17 retained
靡	U+9761	mí	mí mǐ	kMandarin17 retained
靤	U+9764	bào	bāo pào	kMandarin17 retained
靥	U+9765	yè	yè yǎn	kMandarin17 retained
靦	U+9766	tiǎn	miǎn tiǎn	kMandarin17 retained
靧	U+9767	huì	mò mèi huì	kMandarin17 retained
革	U+9769	gé	gé jí	kMandarin17 retained
靫	U+976B	chá	chāi	kMandarin17 retained
靬	U+976C	qián	jiān	kMandarin17 retained
靸	U+9778	sǎ	tā sǎ	kMandarin17 retained
靼	U+977C	dá	dá zhé	kMandarin17 retained
鞁	U+9781	bèi	bèi tuó	kMandarin17 retained
鞂	U+9782	jiē	jiá	kMandarin17 retained
鞄	U+9784	páo	bāo páo	kMandarin17 retained
鞅	U+9785	yāng	yāng yǎng	kMandarin17 retained
鞈	U+9788	gé	tà gé jiá	kMandarin17 retained
鞊	U+978A	jié	jí	kMandarin17 retained
鞑	U+9791	dá	dá tà	kMandarin17 retained
鞒	U+9792	qiáo	qiāo qiáo	kMandarin17 retained
鞔	U+9794	mán	mán wǎn	kMandarin17 retained
鞘	U+9798	qiào	qiào shāo	kMandarin17 retained
鞙	U+9799	xuàn	juān xuàn	kMandarin17 retained
鞝	U+979D	shàng	zhǎng	kMandarin17 retained
鞞	U+979E	bǐng	bēi bǐng	kMandarin17 retained
鞟	U+979F	kuò	gé guō kuò	kMandarin17 retained
鞠	U+97A0	jū	jú	kMandarin17 retained
鞡	U+97A1	la	lā	kMandarin17 retained
鞧	U+97A7	qiū	qiū yóu	kMandarin17 retained
鞩	U+97A9	qiào	qiào shāo	kMandarin17 retained
鞪	U+97AA	mù	móu	kMandarin17 retained
鞫	U+97AB	jū	jú	kMandarin17 retained
鞰	U+97B0	wēn	yùn	kMandarin17 retained
鞱	U+97B1	tāo	dào tāo	kMandarin17 retained
鞲	U+97B2	gōu	gōu gòu jiǎng	kMandarin17 retained
鞴	U+97B4	bèi	bài bù fú	kMandarin17 retained
鞵	U+97B5	xié	hái xié	kMandarin17 retained
鞷	U+97B7	gé	gé guō	kMandarin17 retained
鞼	U+97BC	guì	guì huì	kMandarin17 retained
鞽	U+97BD	qiáo	jué qiāo	kMandarin17 retained
韀	U+97C0	jiān	jiān jiàn	kMandarin17 retained
韁	U+97C1	jiāng	gāng jiāng	kMandarin17 retained
韏	U+97CF	quàn	juàn	kMandarin17 retained
韒	U+97D2	qiào	qiào shāo	kMandarin17 retained
韕	U+97D5	kuò	chún	kMandarin17 retained
韖	U+97D6	rǒu	róu rǒu	kMandarin17 retained
韗	U+97D7	yùn	xuàn yùn	kMandarin17 retained
韛	U+97DB	bài	bài bù fú	kMandarin17 retained
韢	U+97E2	suì	xì cuì suì	kMandarin17 retained
韦	U+97E6	wéi	huí wéi	kMandarin17 retained
韫	U+97EB	yùn	wēn yùn	kMandarin17 retained
韬	U+97EC	tāo	tāo tào	kMandarin17 retained
韯	U+97EF	xiān	qiān xiān	kMandarin17 retained
韲	U+97F2	jī	jī jiǔ	kMandarin17 retained
音	U+97F3	yīn	yīn yìn	kMandarin17 retained
韹	U+97F9	huáng	huáng yīng	kMandarin17 retained
韽	U+97FD	ān	ān àn	kMandarin17 retained
頁	U+9801	yè	xié yè	kMandarin17 retained
頃	U+9803	qǐng	qīng qǐng	kMandarin17 retained
頄	U+9804	kuí	kuí qiú	kMandarin17 retained
頊	U+980A	xū	xù	kMandarin17 retained
頌	U+980C	sòng	róng sòng	kMandarin17 retained
頒	U+9812	bān	bān fén	kMandarin17 retained
頓	U+9813	dùn	dú dùn	kMandarin17 retained
頕	U+9815	dān	dān diàn	kMandarin17 retained
頗	U+9817	pō	pō pǒ	kMandarin17 retained
頚	U+981A	jǐng	gěng jǐng	kMandarin17 retained
頛	U+981B	lèi	lěi lèi	kMandarin17 retained
頜	U+981C	hé	gé hàn	kMandarin17 retained
頟	U+981F	é	é è	kMandarin17 retained
頡	U+9821	xié	jié xié	kMandarin17 retained
頦	U+9826	hái	kē ké hái	kMandarin17 retained
頧	U+9827	duǐ	duī	kMandarin17 retained
頨	U+9828	yǔ	piān yǔ	kMandarin17 retained
頫	U+982B	fǔ	miǎn fǔ tiào	kMandarin17 retained
頭	U+982D	tóu	tóu tou	kMandarin17 retained
頮	U+982E	huì	mò mèi huì	kMandarin17 retained
頱	U+9831	luō	luó	kMandarin17 retained
頳	U+9833	chēng	zhēn chēng	kMandarin17 retained
頵	U+9835	yūn	jūn	kMandarin17 retained
頸	U+9838	jǐng	gěng jǐng	kMandarin17 retained
顂	U+9842	lài	lái lài	kMandarin17 retained
顃	U+9843	tán	yán	kMandarin17 retained
顆	U+9846	kē	kē kě	kMandarin17 retained
顇	U+9847	cuì	zú cuì	kMandarin17 retained
顈	U+9848	xuǎn	jiǒng qiǒng xiǎn	kMandarin17 retained
顉	U+9849	qīn	qīn qǐn	kMandarin17 retained
額	U+984D	é	é è	kMandarin17 retained
顐	U+9850	wèn	hún	kMandarin17 retained
顖	U+9856	xìn	xìn cōng	kMandarin17 retained
顝	U+985D	kuī	kū	kMandarin17 retained
顟	U+985F	láo	láo liáo	kMandarin17 retained
顠	U+9860	piǎo	piē piǎo piào	kMandarin17 retained
顡	U+9861	wài	zhuài wài	kMandarin17 retained
顢	U+9862	mán	mān mán	kMandarin17 retained
顤	U+9864	yáo	xiāo yáo	kMandarin17 retained
顦	U+9866	qiáo	jiāo qiáo	kMandarin17 retained
顨	U+9868	xùn	xùn sùn	kMandarin17 retained
顩	U+9869	yǎn	qiān qǐn yǎn	kMandarin17 retained
顪	U+986A	huì	huī huì	kMandarin17 retained
顫	U+986B	chàn	zhàn chàn	kMandarin17 retained
顭	U+986D	méng	méng měng hōng	kMandarin17 retained
顲	U+9872	lǎn	lǎn lǐn	kMandarin17 retained
页	U+9875	yè	xié yè	kMandarin17 retained
顷	U+9877	qǐng	kuǐ qīng qǐng	kMandarin17 retained
顸	U+9878	hān	hān àn	kMandarin17 retained
顽	U+987D	wán	kūn wán	kMandarin17 retained
顿	U+987F	dùn	dú dùn	kMandarin17 retained
颀	U+9880	qí	kěn qí	kMandarin17 retained
颁	U+9881	bān	bān fén	kMandarin17 retained
颂	U+9882	sòng	róng sòng	kMandarin17 retained
颃	U+9883	háng	gāng háng hàng	kMandarin17 retained
颇	U+9887	pō	pō pó pò	kMandarin17 retained
颈	U+9888	jǐng	gěng jǐng	kMandarin17 retained
颉	U+9889	jié	jié xié	kMandarin17 retained
颌	U+988C	hé	nán hē hé	kMandarin17 retained
颏	U+988F	kē	kē ké	kMandarin17 retained
频	U+9891	pín	bīn pín	kMandarin17 retained
颒	U+9892	huì	pōu	kMandarin17 retained
颕	U+9895	yǐng	jǐng yǐng	kMandarin17 retained
颗	U+9897	kē	kē kě	kMandarin17 retained
题	U+9898	tí	dì tí	kMandarin17 retained
颙	U+9899	yóng	yú yóng	kMandarin17 retained
颜	U+989C	yán	yá yán	kMandarin17 retained
颠	U+98A0	diān	diān diàn tián	kMandarin17 retained
颤	U+98A4	chàn	chàn shān	kMandarin17 retained
風	U+98A8	fēng	fēng fèng	kMandarin17 retained
颩	U+98A9	biāo	biāo diū cuō	kMandarin17 retained
颮	U+98AE	biāo	biāo páo	kMandarin17 retained
颾	U+98BE	sōu	sāo	kMandarin17 retained
颿	U+98BF	fān	fán	kMandarin17 retained
飂	U+98C2	liù	liáo	kMandarin17 retained
飍	U+98CD	xiū	biāo xiū	kMandarin17 retained
风	U+98CE	fēng	fēng fěng fèng	kMandarin17 retained
飑	U+98D1	biāo	biāo páo	kMandarin17 retained
飒	U+98D2	sà	lì sà	kMandarin17 retained
飖	U+98D6	yáo	yáo yào	kMandarin17 retained
食	U+98DF	shí	shí sì yì	kMandarin17 retained
飦	U+98E6	zhān	jiān zhān	kMandarin17 retained
飩	U+98E9	tún	dùn tún	kMandarin17 retained
飬	U+98EC	juàn	juàn yǎng yàng	kMandarin17 retained
飮	U+98EE	yǐn	yǐn yìn	kMandarin17 retained
飲	U+98F2	yǐn	yǐn yìn	kMandarin17 retained
飳	U+98F3	tǒu	tǒu zhù	kMandarin17 retained
飵	U+98F5	zuò	zé zuò	kMandarin17 retained
飸	U+98F8	tāo	tāo hào	kMandarin17 retained
飹	U+98F9	bǎo	liǔ	kMandarin17 retained
飻	U+98FB	tiè	tiè zhěn	kMandarin17 retained
養	U+990A	yǎng	yǎng yàng	kMandarin17 retained
餎	U+990E	le	lè	kMandarin17 retained
餔	U+9914	bù	bū bù	kMandarin17 retained
餚	U+991A	yáo	xiáo yáo	kMandarin17 retained
餜	U+991C	guǒ	bǐng guǒ	kMandarin17 retained
餝	U+991D	shì	chì shì	kMandarin17 retained
餤	U+9924	tán	dàn tán	kMandarin17 retained
餥	U+9925	fēi	fēi fěi tāo	kMandarin17 retained
餳	U+9933	táng	táng xíng	kMandarin17 retained
餾	U+993E	liù	liú liù	kMandarin17 retained
饀	U+9940	táo	tāo táo	kMandarin17 retained
饉	U+9949	jǐn	jǐn jìn	kMandarin17 retained
饎	U+994E	chì	xī chì	kMandarin17 retained
饏	U+994F	dàn	gǎn	kMandarin17 retained
饖	U+9956	wèi	huì yì	kMandarin17 retained
饚	U+995A	hài	hài ài	kMandarin17 retained
饡	U+9961	zàn	zài zàn	kMandarin17 retained
饢	U+9962	náng	náng nǎng	kMandarin17 retained
饧	U+9967	xíng	táng xíng	kMandarin17 retained
饨	U+9968	tún	tún zhùn	kMandarin17 retained
饬	U+996C	chì	chì shì	kMandarin17 retained
饮	U+996E	yǐn	yǐn yìn	kMandarin17 retained
饰	U+9970	shì	chì shì	kMandarin17 retained
饴	U+9974	yí	sì yí	kMandarin17 retained
饸	U+9978	hé	hé jiá	kMandarin17 retained
饺	U+997A	jiǎo	jiǎo jiào	kMandarin17 retained
馀	U+9980	yú	yé yú	kMandarin17 retained
馄	U+9984	hún	kūn hún	kMandarin17 retained
馅	U+9985	xiàn	kàn xiàn	kMandarin17 retained
馈	U+9988	kuì	tuí tún kuì	kMandarin17 retained
馏	U+998F	liú	liú liù	kMandarin17 retained
馔	U+9994	zhuàn	xuǎn zhuàn	kMandarin17 retained
馕	U+9995	náng	náng nǎng	kMandarin17 retained
馘	U+9998	guó	guó xù	kMandarin17 retained
馚	U+999A	fén	fēn fén	kMandarin17 retained
馝	U+999D	bì	bì bié mì	kMandarin17 retained
馣	U+99A3	ān	ān yǎn	kMandarin17 retained
馧	U+99A7	yūn	wēn	kMandarin17 retained
馨	U+99A8	xīn	xīn xīng	kMandarin17 retained
馪	U+99AA	pīn	bīn	kMandarin17 retained
馫	U+99AB	xīn	xīng	kMandarin17 retained
馮	U+99AE	féng	píng féng	kMandarin17 retained
馰	U+99B0	dí	dì	kMandarin17 retained
馱	U+99B1	tuó	duò tuó	kMandarin17 retained
馲	U+99B2	zhé	luò zhé	kMandarin17 retained
馴	U+99B4	xún	xún xùn	kMandarin17 retained
馶	U+99B6	zhī	zhī shì	kMandarin17 retained
馸	U+99B8	xìn	jìn xìn	kMandarin17 retained
馻	U+99BB	yǔn	yǐn yǔn	kMandarin17 retained
馾	U+99BE	dàn	dǎn dàn	kMandarin17 retained
駃	U+99C3	jué	kuài jué	kMandarin17 retained
駄	U+99C4	tuó	duò tuó	kMandarin17 retained
駇	U+99C7	wén	pū wén	kMandarin17 retained
駍	U+99CD	péi	pēng	kMandarin17 retained
駔	U+99D4	zǎng	zǎng zù cǎng	kMandarin17 retained
駗	U+99D7	zhěn	zhēn zhěn	kMandarin17 retained
駘	U+99D8	tái	dài tái	kMandarin17 retained
駦	U+99E6	téng	tēng téng	kMandarin17 retained
駨	U+99E8	xūn	xuàn xún	kMandarin17 retained
駩	U+99E9	quān	quán	kMandarin17 retained
駫	U+99EB	jiōng	jiōng jiǒng	kMandarin17 retained
駴	U+99F4	hài	xiè	kMandarin17 retained
駺	U+99FA	láng	láng liáng	kMandarin17 retained
駽	U+99FD	xuān	xuān xuàn	kMandarin17 retained
騀	U+9A00	ě	é ě	kMandarin17 retained
騎	U+9A0E	qí	jì qí	kMandarin17 retained
騒	U+9A12	sāo	fēi sāo	kMandarin17 retained
験	U+9A13	yàn	sāo yàn	kMandarin17 retained
騔	U+9A14	gé	gě jié	kMandarin17 retained
騝	U+9A1D	qián	jiān xuě	kMandarin17 retained
騞	U+9A1E	huō	huò	kMandarin17 retained
騥	U+9A25	róu	què róu	kMandarin17 retained
騩	U+9A29	guī	guī kuì	kMandarin17 retained
騫	U+9A2B	qiān	jiǎn qiān	kMandarin17 retained
騯	U+9A2F	péng	bǎng péng	kMandarin17 retained
騱	U+9A31	xí	xī	kMandarin17 retained
騹	U+9A39	qí	lí qí	kMandarin17 retained
驁	U+9A41	ào	áo ào	kMandarin17 retained
驃	U+9A43	biāo	piào	kMandarin17 retained
驏	U+9A4F	zhàn	zhàn chǎn	kMandarin17 retained
驓	U+9A53	céng	zēng céng	kMandarin17 retained
驝	U+9A5D	tuō	tuō zhé	kMandarin17 retained
驞	U+9A5E	pīn	bīn	kMandarin17 retained
驟	U+9A5F	zhòu	zòu	kMandarin17 retained
驡	U+9A61	lóng	lóng zǎng	kMandarin17 retained
驣	U+9A63	téng	tēng téng	kMandarin17 retained
驨	U+9A68	xí	xī xí	kMandarin17 retained
驮	U+9A6E	tuó	duò tuó tuò	kMandarin17 retained
驯	U+9A6F	xùn	xún	kMandarin17 retained
驵	U+9A75	zǎng	zǎng zù	kMandarin17 retained
驹	U+9A79	jū	jū jù	kMandarin17 retained
驺	U+9A7A	zōu	zhū zōu	kMandarin17 retained
驾	U+9A7E	jià	jiā jià	kMandarin17 retained
骀	U+9A80	dài	tāi tái tài	kMandarin17 retained
骄	U+9A84	jiāo	jiāo xiāo	kMandarin17 retained
骆	U+9A86	luò	luò jià	kMandarin17 retained
骉	U+9A89	biāo	biāo piāo	kMandarin17 retained
骊	U+9A8A	lí	lí chí	kMandarin17 retained
骑	U+9A91	qí	jì qí	kMandarin17 retained
骙	U+9A99	kuí	kuí jué	kMandarin17 retained
骚	U+9A9A	sāo	sāo sǎo	kMandarin17 retained
骜	U+9A9C	ào	ào yào	kMandarin17 retained
骞	U+9A9E	qiān	jiǎn qiān	kMandarin17 retained
骠	U+9AA0	biāo	biāo diào	kMandarin17 retained
骣	U+9AA3	chǎn	zhàn	kMandarin17 retained
骨	U+9AA8	gǔ	gū gú gǔ	kMandarin17 retained
骯	U+9AAF	āng	kǎng āng	kMandarin17 retained
骰	U+9AB0	tóu	tóu shǎi	kMandarin17 retained
骱	U+9AB1	jiè	xiè	kMandarin17 retained
骲	U+9AB2	bào	bó bào	kMandarin17 retained
骳	U+9AB3	bèi	bì	kMandarin17 retained
骶	U+9AB6	dǐ	dì	kMandarin17 retained
髁	U+9AC1	kē	kē kè	kMandarin17 retained
髂	U+9AC2	qià	kà	kMandarin17 retained
髃	U+9AC3	yú	ǒu	kMandarin17 retained
髈	U+9AC8	bǎng	bǎng bàng pāng páng	kMandarin17 retained
髉	U+9AC9	bó	bó jué	kMandarin17 retained
髊	U+9ACA	cī	zì cī cuō	kMandarin17 retained
髒	U+9AD2	zāng	zāng zǎng	kMandarin17 retained
髜	U+9ADC	qiǎo	qiāo	kMandarin17 retained
髝	U+9ADD	láo	láo lào	kMandarin17 retained
髟	U+9ADF	biāo	biāo shān	kMandarin17 retained
髢	U+9AE2	dí	tì	kMandarin17 retained
髩	U+9AE9	bìn	bīn bìn	kMandarin17 retained
髪	U+9AEA	fà	fǎ	kMandarin17 retained
髮	U+9AEE	fà	fǎ	kMandarin17 retained
髱	U+9AF1	bào	pào	kMandarin17 retained
髳	U+9AF3	máo	máo méng	kMandarin17 retained
髺	U+9AFA	kuò	guà kuò yuè	kMandarin17 retained
髿	U+9AFF	suō	shā suō	kMandarin17 retained
鬂	U+9B02	bìn	bīn bìn	kMandarin17 retained
鬄	U+9B04	dí	tì	kMandarin17 retained
鬋	U+9B0B	jiǎn	jiān	kMandarin17 retained
鬌	U+9B0C	tuǒ	duǒ duò	kMandarin17 retained
鬕	U+9B15	mà	mò	kMandarin17 retained
鬞	U+9B1E	náng	nóng	kMandarin17 retained
鬠	U+9B20	kuò	kuò kuài	kMandarin17 retained
鬨	U+9B28	hòng	hòng xiàng	kMandarin17 retained
鬲	U+9B32	gé	lì gé	kMandarin17 retained
鬳	U+9B33	yàn	juàn yàn	kMandarin17 retained
鬴	U+9B34	fǔ	fǔ lì gé	kMandarin17 retained
鬵	U+9B35	qín	xín	kMandarin17 retained
鬹	U+9B39	guī	guī xī	kMandarin17 retained
鬻	U+9B3B	yù	zhù yù	kMandarin17 retained
魀	U+9B40	gà	gà jiè	kMandarin17 retained
魄	U+9B44	pò	pò tuò	kMandarin17 retained
魆	U+9B46	xū	xù	kMandarin17 retained
魏	U+9B4F	wèi	wéi wèi	kMandarin17 retained
魐	U+9B50	gān	gān jiān	kMandarin17 retained
魕	U+9B55	jǐ	jǐ qí	kMandarin17 retained
魙	U+9B59	zhān	zhān zhǎn	kMandarin17 retained
魝	U+9B5D	jié	jì jié	kMandarin17 retained
魞	U+9B5E	bā	bā bà	kMandarin17 retained
魟	U+9B5F	hóng	hōng	kMandarin17 retained
魡	U+9B61	diào	dí diào	kMandarin17 retained
魣	U+9B63	xù	xù yǔ	kMandarin17 retained
魥	U+9B65	è	què è	kMandarin17 retained
魬	U+9B6C	bǎn	bàn	kMandarin17 retained
魭	U+9B6D	yuán	àn wǎn wàn yuán	kMandarin17 retained
魮	U+9B6E	pí	bǐ pí	kMandarin17 retained
魳	U+9B73	zā	shī zā	kMandarin17 retained
魵	U+9B75	fén	fèn	kMandarin17 retained
魹	U+9B79	mó	máo	kMandarin17 retained
魺	U+9B7A	hé	gě hé	kMandarin17 retained
魽	U+9B7D	hán	hān	kMandarin17 retained
魾	U+9B7E	pī	pí	kMandarin17 retained
魿	U+9B7F	líng	lín líng	kMandarin17 retained
鮁	U+9B81	bō	bá bō	kMandarin17 retained
鮆	U+9B86	cǐ	jì	kMandarin17 retained
鮉	U+9B89	diāo	diāo chóu	kMandarin17 retained
鮊	U+9B8A	bà	bó	kMandarin17 retained
鮋	U+9B8B	yóu	chóu yóu	kMandarin17 retained
鮎	U+9B8E	nián	nián yǎn	kMandarin17 retained
鮕	U+9B95	gū	gū gǔ	kMandarin17 retained
鮘	U+9B98	dai	dài	kMandarin17 retained
鮛	U+9B9B	shū	shú shuā	kMandarin17 retained
鮝	U+9B9D	xiǎng	téng xiǎng	kMandarin17 retained
鮧	U+9BA7	tǐ	tí yí	kMandarin17 retained
鮨	U+9BA8	yì	qí	kMandarin17 retained
鮬	U+9BAC	kū	kū kù	kMandarin17 retained
鮭	U+9BAD	guī	guī xié	kMandarin17 retained
鮮	U+9BAE	xiān	xiān xiǎn	kMandarin17 retained
鮯	U+9BAF	gé	gé hé	kMandarin17 retained
鮸	U+9BB8	miǎn	miǎn wǎn	kMandarin17 retained
鮺	U+9BBA	zhǎ	zhǎ zǎ	kMandarin17 retained
鯅	U+9BC5	shān	shān shěn	kMandarin17 retained
鯆	U+9BC6	pū	bū pū fǔ	kMandarin17 retained
鯈	U+9BC8	tiáo	chóu yóu	kMandarin17 retained
鯏	U+9BCF	lí	lì	kMandarin17 retained
鯖	U+9BD6	zhēng	qīng zhēng	kMandarin17 retained
鯭	U+9BED	měng	měng mèng	kMandarin17 retained
鯯	U+9BEF	zhì	jì zhì	kMandarin17 retained
鯵	U+9BF5	shēn	shēn sāo	kMandarin17 retained
鯶	U+9BF6	huàn	huàn wán wǎn	kMandarin17 retained
鯽	U+9BFD	zéi	jì	kMandarin17 retained
鰀	U+9C00	huàn	huàn wán wǎn	kMandarin17 retained
鰂	U+9C02	zéi	zé	kMandarin17 retained
鰌	U+9C0C	qiū	qiū qiú yóu	kMandarin17 retained
鰎	U+9C0E	jiǎn	jiàn	kMandarin17 retained
鰏	U+9C0F	bī	bì	kMandarin17 retained
鰓	U+9C13	sāi	xǐ sāi	kMandarin17 retained
鰔	U+9C14	gǎn	jiǎn	kMandarin17 retained
鰕	U+9C15	xiā	há xiā	kMandarin17 retained
鰖	U+9C16	tuǒ	tuǒ wěi	kMandarin17 retained
鰜	U+9C1C	qiàn	jiān	kMandarin17 retained
鰟	U+9C1F	fáng	páng fáng	kMandarin17 retained
鰥	U+9C25	guān	guān guàn	kMandarin17 retained
鰨	U+9C28	tǎ	tà	kMandarin17 retained
鰪	U+9C2A	é	gé é	kMandarin17 retained
鰫	U+9C2B	yóng	róng	kMandarin17 retained
鰵	U+9C35	mǐn	miǎn wǎn	kMandarin17 retained
鰺	U+9C3A	shēn	sāo	kMandarin17 retained
鰽	U+9C3D	qiú	jiù qiú	kMandarin17 retained
鰿	U+9C3F	jì	jí	kMandarin17 retained
鱂	U+9C42	jiāng	chāng	kMandarin17 retained
鱃	U+9C43	xiū	qiū xiū	kMandarin17 retained
鱅	U+9C45	yōng	róng yóng	kMandarin17 retained
鱊	U+9C4A	yù	jué yù	kMandarin17 retained
鱎	U+9C4E	jiǎo	jiāo jiǎo	kMandarin17 retained
鱒	U+9C52	zūn	zùn	kMandarin17 retained
鱖	U+9C56	guì	guì jué	kMandarin17 retained
鱚	U+9C5A	xǐ	xī xǐ	kMandarin17 retained
鱡	U+9C61	zéi	zé	kMandarin17 retained
鱣	U+9C63	zhān	zhān shàn	kMandarin17 retained
鱥	U+9C65	guì	guì jué	kMandarin17 retained
鱦	U+9C66	yìng	shéng	kMandarin17 retained
鱯	U+9C6F	hù	hú hù	kMandarin17 retained
鱲	U+9C72	liè	là	kMandarin17 retained
鱳	U+9C73	lì	lì lù luò	kMandarin17 retained
鱻	U+9C7B	xiān	xiān xiǎn	kMandarin17 retained
鲁	U+9C81	lǔ	lǔ lǚ	kMandarin17 retained
鲃	U+9C83	bā	bā bà	kMandarin17 retained
鲄	U+9C84	hé	gě hé	kMandarin17 retained
鲅	U+9C85	bà	bà bō	kMandarin17 retained
鲊	U+9C8A	zhǎ	zhǎ zhà	kMandarin17 retained
鲋	U+9C8B	fù	fù chóu	kMandarin17 retained
鲌	U+9C8C	bó	bà bó	kMandarin17 retained
鲍	U+9C8D	bào	bāo bào	kMandarin17 retained
鲏	U+9C8F	pí	pī pí pì	kMandarin17 retained
鲑	U+9C91	guī	guī guì xié	kMandarin17 retained
鲒	U+9C92	jié	jié qià	kMandarin17 retained
鲜	U+9C9C	xiān	xiān xiǎn xiàn	kMandarin17 retained
鲞	U+9C9E	xiǎng	xiǎng zhèn	kMandarin17 retained
鲡	U+9CA1	lí	lí lǐ	kMandarin17 retained
鲫	U+9CAB	jì	jì zéi	kMandarin17 retained
鲭	U+9CAD	qīng	qīng zhēng	kMandarin17 retained
鲱	U+9CB1	fēi	fēi fèi	kMandarin17 retained
鲹	U+9CB9	shēn	shēn sāo	kMandarin17 retained
鲽	U+9CBD	dié	dié qiè	kMandarin17 retained
鳃	U+9CC3	sāi	xǐ sāi	kMandarin17 retained
鳎	U+9CCE	tǎ	dié tǎ	kMandarin17 retained
鳏	U+9CCF	guān	guān guàn	kMandarin17 retained
鳑	U+9CD1	páng	páng fáng	kMandarin17 retained
鳒	U+9CD2	jiān	jiān qiàn	kMandarin17 retained
鳜	U+9CDC	guì	guì jué	kMandarin17 retained
鳣	U+9CE3	zhān	zhān shān	kMandarin17 retained
鳥	U+9CE5	niǎo	diǎo niǎo	kMandarin17 retained
鳦	U+9CE6	yǐ	yì	kMandarin17 retained
鳪	U+9CEA	bú	bǔ	kMandarin17 retained
鳬	U+9CEC	fǔ	fú jǐ	kMandarin17 retained
鳸	U+9CF8	hù	gù hù	kMandarin17 retained
鳹	U+9CF9	qín	qián qín	kMandarin17 retained
鳺	U+9CFA	fū	fū guī	kMandarin17 retained
鳻	U+9CFB	bān	bān fēn	kMandarin17 retained
鳽	U+9CFD	jiān	jiān yán	kMandarin17 retained
鴁	U+9D01	yāo	ǎo yāo	kMandarin17 retained
鴂	U+9D02	jué	jú jué	kMandarin17 retained
鴃	U+9D03	jué	jú jué	kMandarin17 retained
鴄	U+9D04	pǐ	pī	kMandarin17 retained
鴆	U+9D06	zhèn	dàn zhèn	kMandarin17 retained
鴊	U+9D0A	zhèng	zhēng zhèng	kMandarin17 retained
鴋	U+9D0B	fāng	fǎng	kMandarin17 retained
鴐	U+9D10	gē	jiā	kMandarin17 retained
鴖	U+9D16	mín	mín wén	kMandarin17 retained
鴘	U+9D18	biǎn	biàn	kMandarin17 retained
鴡	U+9D21	jū	jū suī	kMandarin17 retained
鴢	U+9D22	yǎo	yǎo yòu	kMandarin17 retained
鴩	U+9D29	tiě	zhì yì	kMandarin17 retained
鴭	U+9D2D	duī	zhuī	kMandarin17 retained
鴶	U+9D36	jiá	jí	kMandarin17 retained
鴹	U+9D39	yáng	xiáng yáng	kMandarin17 retained
鴺	U+9D3A	tí	tí yí	kMandarin17 retained
鴼	U+9D3C	luò	lù	kMandarin17 retained
鵃	U+9D43	zhōu	diǎo zhōu	kMandarin17 retained
鵏	U+9D4F	bǔ	bū bù	kMandarin17 retained
鵕	U+9D55	jùn	jùn zùn	kMandarin17 retained
鵖	U+9D56	bī	bì jié	kMandarin17 retained
鵙	U+9D59	jú	jú jué	kMandarin17 retained
鵠	U+9D60	hú	gǔ hú	kMandarin17 retained
鵤	U+9D64	jiao	jué	kMandarin17 retained
鵧	U+9D67	pí	píng	kMandarin17 retained
鵫	U+9D6B	zhuó	zhào	kMandarin17 retained
鵭	U+9D6D	qín	jīn qián qín	kMandarin17 retained
鵲	U+9D72	què	qiǎo què	kMandarin17 retained
鵶	U+9D76	yā	yā yǎ	kMandarin17 retained
鵾	U+9D7E	kūn	jūn yùn	kMandarin17 retained
鶃	U+9D83	yì	ní yì	kMandarin17 retained
鶌	U+9D8C	jué	qū	kMandarin17 retained
鶣	U+9DA3	piān	biǎn bìn piān	kMandarin17 retained
鶤	U+9DA4	kūn	kūn yùn	kMandarin17 retained
鶨	U+9DA8	chuàn	dùn	kMandarin17 retained
鶩	U+9DA9	wù	mù wù	kMandarin17 retained
鶮	U+9DAE	hè	hé hè háo hú	kMandarin17 retained
鶴	U+9DB4	hè	hè háo	kMandarin17 retained
鶷	U+9DB7	xiá	xiá xià	kMandarin17 retained
鶻	U+9DBB	gú	gǔ hú	kMandarin17 retained
鶽	U+9DBD	sǔn	xùn zhǔn sǔn	kMandarin17 retained
鷀	U+9DC0	cí	zī cí	kMandarin17 retained
鷈	U+9DC8	tī	tí	kMandarin17 retained
鷉	U+9DC9	tī	tí	kMandarin17 retained
鷍	U+9DCD	xiāo	jiāo xiāo	kMandarin17 retained
鷎	U+9DCE	gāo	liú gāo	kMandarin17 retained
鷏	U+9DCF	tián	tián zhēn	kMandarin17 retained
鷑	U+9DD1	jí	lì jí	kMandarin17 retained
鷒	U+9DD2	tuán	tuán zhuān	kMandarin17 retained
鷛	U+9DDB	yōng	róng yōng	kMandarin17 retained
鷜	U+9DDC	lǘ	lóu	kMandarin17 retained
鷤	U+9DE4	tí	tán tí	kMandarin17 retained
鷨	U+9DE8	huá	huā huá	kMandarin17 retained
鷩	U+9DE9	bì	bì biē	kMandarin17 retained
鸀	U+9E00	shǔ	zhú shú shǔ	kMandarin17 retained
鸂	U+9E02	xī	qī xī	kMandarin17 retained
鸄	U+9E04	jī	jī jiāo	kMandarin17 retained
鸅	U+9E05	zé	zhé	kMandarin17 retained
鸌	U+9E0C	hù	huò	kMandarin17 retained
鸍	U+9E0D	mí	mí shī	kMandarin17 retained
鸏	U+9E0F	méng	máng méng měng	kMandarin17 retained
鸔	U+9E14	bǔ	bó	kMandarin17 retained
鸖	U+9E16	hè	hè háo	kMandarin17 retained
鸘	U+9E18	shuāng	shuāng shuǎng	kMandarin17 retained
鸛	U+9E1B	guàn	guàn huān quán	kMandarin17 retained
鸟	U+9E1F	niǎo	diǎo niǎo	kMandarin17 retained
鸠	U+9E20	jiū	jiū jiù qiú	kMandarin17 retained
鸦	U+9E26	yā	yā yǎ	kMandarin17 retained
鸧	U+9E27	cāng	qiāng cāng	kMandarin17 retained
鸲	U+9E32	qú	gōu qú qù	kMandarin17 retained
鸷	U+9E37	zhì	zhì zhé	kMandarin17 retained
鸼	U+9E3C	zhōu	diǎo zhōu	kMandarin17 retained
鸿	U+9E3F	hóng	hóng hòng	kMandarin17 retained
鹄	U+9E44	gǔ	gǔ gù hú	kMandarin17 retained
鹈	U+9E48	tí	tī tí	kMandarin17 retained
鹌	U+9E4C	ān	ān yā	kMandarin17 retained
鹏	U+9E4F	péng	péng fèng	kMandarin17 retained
鹑	U+9E51	chún	tuán chún	kMandarin17 retained
鹖	U+9E56	hé	hé hè	kMandarin17 retained
鹘	U+9E58	gǔ	gú hú	kMandarin17 retained
鹞	U+9E5E	yào	yáo yào	kMandarin17 retained
鹣	U+9E63	jiān	jiān qiān	kMandarin17 retained
鹥	U+9E65	yī	yī yì	kMandarin17 retained
鹬	U+9E6C	yù	shù yù	kMandarin17 retained
鹲	U+9E72	méng	máng méng	kMandarin17 retained
鹶	U+9E76	jīn	jīng	kMandarin17 retained
鹽	U+9E7D	yán	yán yàn	kMandarin17 retained
麃	U+9E83	páo	biāo páo piáo	kMandarin17 retained
麅	U+9E85	páo	biāo páo piāo piáo	kMandarin17 retained
麇	U+9E87	jūn	jūn qún	kMandarin17 retained
麉	U+9E89	jiān	jiān qiān	kMandarin17 retained
麏	U+9E8F	jūn	jūn qún	kMandarin17 retained
麕	U+9E95	jūn	jūn qún	kMandarin17 retained
麗	U+9E97	lì	lí lì	kMandarin17 retained
麙	U+9E99	xián	yán	kMandarin17 retained
麡	U+9EA1	qí	jī qí	kMandarin17 retained
麥	U+9EA5	mài	mò mài	kMandarin17 retained
麦	U+9EA6	mài	mò mài líng	kMandarin17 retained
麧	U+9EA7	hé	gē hé	kMandarin17 retained
麮	U+9EAE	qù	qǔ qù	kMandarin17 retained
麯	U+9EAF	qū	jú qū qú	kMandarin17 retained
麴	U+9EB4	qū	qú	kMandarin17 retained
麶	U+9EB6	chi	lí chī	kMandarin17 retained
麼	U+9EBC	me	má ma mó mǒ me	kMandarin17 retained
麽	U+9EBD	mó	má ma mó mǒ me	kMandarin17 retained
麿	U+9EBF	mo	lǚ	kMandarin17 retained
黊	U+9ECA	huà	huà xī	kMandarin17 retained
黋	U+9ECB	kuàng	guǎng kuǎng kuàng huǎng huàng	kMandarin17 retained
黑	U+9ED1	hēi	hè hēi hěi	kMandarin17 retained
黒	U+9ED2	hēi	hè hēi hěi	kMandarin17 retained
黢	U+9EE2	qū	qù	kMandarin17 retained
黦	U+9EE6	yuè	yè yù	kMandarin17 retained
黫	U+9EEB	yān	zhěn yān yīn	kMandarin17 retained
黬	U+9EEC	yán	jiān	kMandarin17 retained
黭	U+9EED	yǎn	ǎn	kMandarin17 retained
黮	U+9EEE	dǎn	tǎn	kMandarin17 retained
黵	U+9EF5	zhǎn	dǎn	kMandarin17 retained
黽	U+9EFD	miǎn	mǐn	kMandarin17 retained
鼆	U+9F06	méng	měng	kMandarin17 retained
鼌	U+9F0C	cháo	zhāo cháo	kMandarin17 retained
鼑	U+9F11	dǐng	dǐng zhēn	kMandarin17 retained
鼨	U+9F28	zhōng	tóng zhōng	kMandarin17 retained
鼰	U+9F30	jú	niàn jú	kMandarin17 retained
鼵	U+9F35	tū	tú	kMandarin17 retained
鼸	U+9F38	xiàn	qiǎn xiǎn	kMandarin17 retained
鼼	U+9F3C	yào	yà yào	kMandarin17 retained
鼿	U+9F3F	wù	huī wū	kMandarin17 retained
齂	U+9F42	xiè	xì	kMandarin17 retained
齃	U+9F43	è	gé hé è	kMandarin17 retained
齈	U+9F48	nòng	nóng	kMandarin17 retained
齊	U+9F4A	qí	jì qí zhāi zī	kMandarin17 retained
齐	U+9F50	qí	jì qí zhāi zī	kMandarin17 retained
齙	U+9F59	bāo	bāo páo	kMandarin17 retained
齚	U+9F5A	zé	xí zhà zé cù	kMandarin17 retained
齛	U+9F5B	xiè	xiè shì	kMandarin17 retained
齜	U+9F5C	chái	chái zī	kMandarin17 retained
齦	U+9F66	kěn	kěn yín	kMandarin17 retained
齩	U+9F69	yǎo	jiāo yǎo	kMandarin17 retained
齫	U+9F6B	yǔn	kǔn	kMandarin17 retained
齭	U+9F6D	chǔ	chǔ suǒ	kMandarin17 retained
齳	U+9F73	yǔn	yuǎn	kMandarin17 retained
齴	U+9F74	yǎn	xiǎn yǎn	kMandarin17 retained
齵	U+9F75	óu	óu yú	kMandarin17 retained
齹	U+9F79	cī	chī	kMandarin17 retained
齼	U+9F7C	chǔ	chǔ suǒ	kMandarin17 retained
龂	U+9F82	yín	yín yǐn	kMandarin17 retained
龃	U+9F83	jǔ	jǔ zhā	kMandarin17 retained
龇	U+9F87	zī	chái zī	kMandarin17 retained
龈	U+9F88	yín	kěn yín yǐn	kMandarin17 retained
龉	U+9F89	yǔ	wú yǔ	kMandarin17 retained
龐	U+9F90	páng	páng péng	kMandarin17 retained
龓	U+9F93	lǒng	lóng lǒng	kMandarin17 retained
龖	U+9F96	dá	tà	kMandarin17 retained
龘	U+9F98	dá	tà	kMandarin17 retained
龛	U+9F9B	kān	kè kān	kMandarin17 retained
龜	U+9F9C	guī	guī jūn qiū	kMandarin17 retained
龟	U+9F9F	guī	guī qiū	kMandarin17 retained
龡	U+9FA1	chuī	chuī chuì	kMandarin17 retained
龣	U+9FA3	jué	lù jué	kMandarin17 retained
𠀼	U+2003C	qián	qián xià	kMandarin17 retained
𠁗	U+20057	shì	jū shì	kMandarin17 retained
𠁥	U+20065	gǎ	guāi guǎi	kMandarin17 retained
𠁷	U+20077	chǎn	chǎn chàn	kMandarin17 retained
𠂄	U+20084	huān	huān zhōu	kMandarin17 retained
𠄒	U+20112	chuí	chuí shā shà shài	kMandarin17 retained
𠄮	U+2012E	yà	yā yǎ yà	kMandarin17 retained
𠅤	U+20164	xí	sī	kMandarin17 retained
𠆌	U+2018C	yōng	yōng yóng	kMandarin17 retained
𠆩	U+201A9	fàn	fán	kMandarin17 retained
𠉗	U+20257	luò	nuó qiāo shān yíng	kMandarin17 retained
𠉣	U+20263	hūn	hūn hùn	kMandarin17 retained
𠉤	U+20264	dá	tà	kMandarin17 retained
𠊌	U+2028C	rán	nán	kMandarin17 retained
𠊏	U+2028F	yù	xián yù	kMandarin17 retained
𠊒	U+20292	jiàn	jiàn qiǎn	kMandarin17 retained
𠊤	U+202A4	zhì	zhǐ	kMandarin17 retained
𠊩	U+202A9	zhuàn	chán	kMandarin17 retained
𠊪	U+202AA	shù	dōu shù	kMandarin17 retained
𠊫	U+202AB	xùn	qióng	kMandarin17 retained
𠊭	U+202AD	qiǎn	hàn qiān qiǎn	kMandarin17 retained
𠊾	U+202BE	kuí	kuí jì	kMandarin17 retained
𠋢	U+202E2	sǒu	zhòu sōu sǒu	kMandarin17 retained
𠋶	U+202F6	mǐng	míng mǐng	kMandarin17 retained
𠌪	U+2032A	chōu	tāo	kMandarin17 retained
𠌯	U+2032F	lì	lí lì	kMandarin17 retained
𠍄	U+20344	dōu	dōu shù	kMandarin17 retained
𠍳	U+20373	yì	ài yì	kMandarin17 retained
𠏡	U+203E1	xiān	lián líng xiān	kMandarin17 retained
𠐍	U+2040D	sú	sù	kMandarin17 retained
𠐢	U+20422	wèn	wàn	kMandarin17 retained
𠐵	U+20435	dǎo	dào	kMandarin17 retained
𠐽	U+2043D	guì	guī guì kuí	kMandarin17 retained
𠓊	U+204CA	huī	dān huī	kMandarin17 retained
𠓮	U+204EE	lǐn	lǐn yǐn	kMandarin17 retained
𠓷	U+204F7	bì	bì chéng	kMandarin17 retained
𠓸	U+204F8	shèng	chéng shèng	kMandarin17 retained
𠔋	U+2050B	jī	jī xìn	kMandarin17 retained
𠔼	U+2053C	mǎo	mǎo mòu	kMandarin17 retained
𠕁	U+20541	cóng	chǎi cè	kMandarin17 retained
𠖹	U+205B9	xié	xiá xié	kMandarin17 retained
𠗦	U+205E6	píng	píng féng	kMandarin17 retained
𠘆	U+20606	shěn	sēn	kMandarin17 retained
𠘢	U+20622	hé	hè	kMandarin17 retained
𠘺	U+2063A	suò	chōng	kMandarin17 retained
𠙆	U+20646	jù	jué què xùn	kMandarin17 retained
𠚯	U+206AF	kūn	kūn wán	kMandarin17 retained
𠚳	U+206B3	kuò	cǔn	kMandarin17 retained
𠚼	U+206BC	bān	bīn	kMandarin17 retained
𠛙	U+206D9	cù	ruì	kMandarin17 retained
𠛩	U+206E9	jiǔ	jiū	kMandarin17 retained
𠛭	U+206ED	yān	yōu yuān	kMandarin17 retained
𠛮	U+206EE	quān	quán	kMandarin17 retained
𠛳	U+206F3	kè	kè hé	kMandarin17 retained
𠜉	U+20709	jiǔ	jiū	kMandarin17 retained
𠜗	U+20717	xī	xì	kMandarin17 retained
𠝑	U+20751	jiāo	wèi	kMandarin17 retained
𠝚	U+2075A	zhá	zhá chè	kMandarin17 retained
𠝝	U+2075D	zhé	zhá zhé	kMandarin17 retained
𠞃	U+20783	zhé	jié	kMandarin17 retained
𠞄	U+20784	tī	tī chǐ	kMandarin17 retained
𠞊	U+2078A	chā	chā chāi	kMandarin17 retained
𠞩	U+207A9	chì	chí chì shuà	kMandarin17 retained
𠞭	U+207AD	lóu	lóu lòu	kMandarin17 retained
𠞰	U+207B0	jiǎo	jiǎo cháo zǎo	kMandarin17 retained
𠟅	U+207C5	zhào	zhì zhào rì	kMandarin17 retained
𠟈	U+207C8	piē	piě	kMandarin17 retained
𠟉	U+207C9	zhǎn	zhǎn chàn	kMandarin17 retained
𠟓	U+207D3	cuì	chá	kMandarin17 retained
𠟨	U+207E8	lìng	líng lìng	kMandarin17 retained
𠟺	U+207FA	rú	rú ruǎn	kMandarin17 retained
𠟻	U+207FB	zé	bài zé	kMandarin17 retained
𠠢	U+20822	líng	líng lìng	kMandarin17 retained
𠡂	U+20842	bì	bèi bì fèi	kMandarin17 retained
𠡑	U+20851	zhuó	zhuō	kMandarin17 retained
𠡞	U+2085E	mò	mào	kMandarin17 retained
𠡠	U+20860	chì	lài chì	kMandarin17 retained
𠡭	U+2086D	líng	léng líng lìng	kMandarin17 retained
𠡮	U+2086E	bēng	bēng kēng	kMandarin17 retained
𠡸	U+20878	zǐ	zǐ zì	kMandarin17 retained
𠢕	U+20895	háo	hāo háo	kMandarin17 retained
𠢠	U+208A0	lì	lì jí	kMandarin17 retained
𠢲	U+208B2	kǎi	kǎi kài xiè	kMandarin17 retained
𠣄	U+208C4	chān	chán	kMandarin17 retained
𠤄	U+20904	jū	jú qú	kMandarin17 retained
𠤎	U+2090E	huà	bǐ huā huà	kMandarin17 retained
𠤕	U+20915	yí	xián xiàn shǐ yí	kMandarin17 retained
𠤘	U+20918	yí	yí yǐ	kMandarin17 retained
𠤦	U+20926	ruǎn	rú ruǎn	kMandarin17 retained
𠤼	U+2093C	diào	tiào	kMandarin17 retained
𠥍	U+2094D	ē	yē	kMandarin17 retained
𠥑	U+20951	diào	diào tiào	kMandarin17 retained
𠥕	U+20955	è	ề	kMandarin17 retained
𠥝	U+2095D	ōu	ǒu	kMandarin17 retained
𠥴	U+20974	hán	gàn hán hàn	kMandarin17 retained
𠦃	U+20983	sà	zhōu sà	kMandarin17 retained
𠦜	U+2099C	xì	xì shù	kMandarin17 retained
𠦪	U+209AA	hū	hū huì	kMandarin17 retained
𠧖	U+209D6	chǔ	zhēn	kMandarin17 retained
𠧙	U+209D9	shào	zhào shào	kMandarin17 retained
𠧴	U+209F4	yóu	yōu yóu	kMandarin17 retained
𠧵	U+209F5	chì	chǐ	kMandarin17 retained
𠩂	U+20A42	qiè	kè què	kMandarin17 retained
𠩉	U+20A49	yuè	jú yuè	kMandarin17 retained
𠩘	U+20A58	xiá	jiá	kMandarin17 retained
𠩺	U+20A7A	xī	lí xī chí	kMandarin17 retained
𠪄	U+20A84	lì	lài lì	kMandarin17 retained
𠪇	U+20A87	sǒu	sōu sǒu	kMandarin17 retained
𠪚	U+20A9A	yín	kǎn yǎn yín	kMandarin17 retained
𠪮	U+20AAE	pì	pī zhī	kMandarin17 retained
𠫸	U+20AF8	qí	qí zhāi	kMandarin17 retained
𠬆	U+20B06	guàn	guān	kMandarin17 retained
𠬋	U+20B0B	xīng	nián xīng	kMandarin17 retained
𠬤	U+20B24	yì	gāo hào zé yì	kMandarin17 retained
𠬪	U+20B2A	biào	biāo biào piǎo fú	kMandarin17 retained
𠬬	U+20B2C	xī	xì	kMandarin17 retained
𠬶	U+20B36	jìn	qīn	kMandarin17 retained
𠭴	U+20B74	zhuō	zhuō chuò	kMandarin17 retained
𠮑	U+20B91	jū	jú	kMandarin17 retained
𠮜	U+20B9C	yà	yà yīn	kMandarin17 retained
𠮨	U+20BA8	réng	shǔn	kMandarin17 retained
𠮾	U+20BBE	ǹ	én ěn èn en	kMandarin17 retained
𠮿	U+20BBF	sa	shān sa	kMandarin17 retained
𠯂	U+20BC2	cí	ní cí	kMandarin17 retained
𠯉	U+20BC9	jí	jí qì	kMandarin17 retained
𠯑	U+20BD1	guā	guā huá	kMandarin17 retained
𠯜	U+20BDC	hōu	hōu xǔ	kMandarin17 retained
𠯟	U+20BDF	xiàn	qìn xiàn	kMandarin17 retained
𠯪	U+20BEA	dāi	dāi dǎi ề	kMandarin17 retained
𠯳	U+20BF3	hù	hū wěn	kMandarin17 retained
𠰛	U+20C1B	hù	gào hù	kMandarin17 retained
𠱀	U+20C40	bō	bō lún	kMandarin17 retained
𠱙	U+20C59	zhōu	zhōu zhū zhù cù	kMandarin17 retained
𠱥	U+20C65	è	huì è	kMandarin17 retained
𠲎	U+20C8E	fa	fá fèi	kMandarin17 retained
𠲏	U+20C8F	rěn	rèn	kMandarin17 retained
𠲓	U+20C93	hóng	hōng hóng	kMandarin17 retained
𠲵	U+20CB5	qiè	jié qiè yōu	kMandarin17 retained
𠲺	U+20CBA	yì	jí	kMandarin17 retained
𠲿	U+20CBF	shuò	shuò zī zuī zuǐ	kMandarin17 retained
𠳁	U+20CC1	kěn	kěn jùn	kMandarin17 retained
𠳂	U+20CC2	huá	guā huà huài shì	kMandarin17 retained
𠳌	U+20CCC	qià	kà	kMandarin17 retained
𠳴	U+20CF4	lóu	lóu lou	kMandarin17 retained
𠴫	U+20D2B	jì	zhōu zhū cù	kMandarin17 retained
𠴾	U+20D3E	nà	nà chú zōu	kMandarin17 retained
𠵷	U+20D77	xuàn	shǔn	kMandarin17 retained
𠵸	U+20D78	hān	mí hān	kMandarin17 retained
𠶧	U+20DA7	diān	diàn	kMandarin17 retained
𠶲	U+20DB2	kè	ké kè	kMandarin17 retained
𠶻	U+20DBB	jí	jí qì	kMandarin17 retained
𠷃	U+20DC3	shāo	shòu sōu sū ō	kMandarin17 retained
𠷅	U+20DC5	zhú	duò	kMandarin17 retained
𠷏	U+20DCF	wō	wěi	kMandarin17 retained
𠷐	U+20DD0	jìng	jiàng jìng	kMandarin17 retained
𠷓	U+20DD3	xīn	xīng	kMandarin17 retained
𠷸	U+20DF8	é	é yóng	kMandarin17 retained
𠸱	U+20E31	nuò	nóu	kMandarin17 retained
𠸳	U+20E33	bó	bō	kMandarin17 retained
𠸹	U+20E39	yú	yù	kMandarin17 retained
𠹀	U+20E40	xùn	xùn sùn	kMandarin17 retained
𠹄	U+20E44	hàn	lǐng gé hàn	kMandarin17 retained
𠹅	U+20E45	hōng	hōng hǒng	kMandarin17 retained
𠹎	U+20E4E	xiāo	xiāo xiū xiǔ xǔ	kMandarin17 retained
𠹠	U+20E60	zuō	zuō zuò	kMandarin17 retained
𠺕	U+20E95	liū	liáo liū	kMandarin17 retained
𠻙	U+20ED9	hé	tà hé xiá	kMandarin17 retained
𠻜	U+20EDC	shuì	lǜ shuì sū	kMandarin17 retained
𠻝	U+20EDD	shēn	shēn cān cēn sān	kMandarin17 retained
𠻥	U+20EE5	zhào	chào	kMandarin17 retained
𠼢	U+20F22	jiàng	jiàng qiàng	kMandarin17 retained
𠽝	U+20F5D	nín	nìn	kMandarin17 retained
𠽨	U+20F68	yǐn	yīn	kMandarin17 retained
𠽫	U+20F6B	xiā	xiā xiǎ	kMandarin17 retained
𠽬	U+20F6C	ní	ne ní	kMandarin17 retained
𠽶	U+20F76	chuài	chuài chuì	kMandarin17 retained
𠽻	U+20F7B	zhé	zhá zhé	kMandarin17 retained
𠽾	U+20F7E	pēn	pēn pèn pǔ fèn	kMandarin17 retained
𠽿	U+20F7F	gū	gū guā	kMandarin17 retained
𠿇	U+20FC7	xiè	xí xì xià xiè	kMandarin17 retained
𠿈	U+20FC8	jiū	jiū zōu	kMandarin17 retained
𠿑	U+20FD1	hán	gǎn hán	kMandarin17 retained
𠿘	U+20FD8	zuǐ	zī zuī zuǐ	kMandarin17 retained
𠿜	U+20FDC	huà	huà huǎn	kMandarin17 retained
𠿢	U+20FE2	xián	xiān xián xiàn yàn	kMandarin17 retained
𠿣	U+20FE3	yī	yī yì	kMandarin17 retained
𡀔	U+21014	lù	lou lù	kMandarin17 retained
𡀽	U+2103D	yè	hē hè yè	kMandarin17 retained
𡀾	U+2103E	è	ề	kMandarin17 retained
𡁁	U+21041	yè	kài	kMandarin17 retained
𡁍	U+2104D	ài	kài	kMandarin17 retained
𡂓	U+21093	shī	shì	kMandarin17 retained
𡂖	U+21096	lài	tà lài	kMandarin17 retained
𡂛	U+2109B	dòu	tóu	kMandarin17 retained
𡂝	U+2109D	dòu	dòu dú	kMandarin17 retained
𡂿	U+210BF	ōu	ōu ou	kMandarin17 retained
𡄖	U+21116	yìng	yīng yìng	kMandarin17 retained
𡄱	U+21131	cù	qī zá zú	kMandarin17 retained
𡄴	U+21134	huò	hè	kMandarin17 retained
𡅅	U+21145	é	ế	kMandarin17 retained
𡅘	U+21158	là	liè	kMandarin17 retained
𡅶	U+21176	jiǎn	jiǎn qiān	kMandarin17 retained
𡆣	U+211A3	niè	dí nì niè qiú	kMandarin17 retained
𡆲	U+211B2	nǎn	mù nǎn	kMandarin17 retained
𡆸	U+211B8	rì	mì guó rì	kMandarin17 retained
𡇄	U+211C4	guó	nì guó qiú	kMandarin17 retained
𡇠	U+211E0	zhé	zé	kMandarin17 retained
𡇵	U+211F5	dàng	dàng tuó gù	kMandarin17 retained
𡇼	U+211FC	yà	yá	kMandarin17 retained
𡈍	U+2120D	líng	lián líng	kMandarin17 retained
𡈎	U+2120E	wū	mì rì	kMandarin17 retained
𡈙	U+21219	yóu	é	kMandarin17 retained
𡈮	U+2122E	xiá	è yà	kMandarin17 retained
𡈴	U+21234	xuán	xuán rǔ	kMandarin17 retained
𡈼	U+2123C	tǐng	tǐng zhēng rén wáng wàng yù	kMandarin17 retained
𡉄	U+21244	zài	shèng zài	kMandarin17 retained
𡉆	U+21246	lá	là	kMandarin17 retained
𡉴	U+21274	lú	lú hù	kMandarin17 retained
𡊅	U+21285	fèn	biàn fèn	kMandarin17 retained
𡌩	U+21329	tā	dá tā	kMandarin17 retained
𡌭	U+2132D	duō	duó	kMandarin17 retained
𡍥	U+21365	zhài	zhài chái	kMandarin17 retained
𡍦	U+21366	huán	hún	kMandarin17 retained
𡍲	U+21372	dā	dà	kMandarin17 retained
𡍷	U+21377	gèng	gèng héng	kMandarin17 retained
𡎚	U+2139A	piǎn	biǎn	kMandarin17 retained
𡎬	U+213AC	zhuǎ	chuǎ	kMandarin17 retained
𡎳	U+213B3	nì	nuò	kMandarin17 retained
𡐒	U+21412	háo	háo hào	kMandarin17 retained
𡐿	U+2143F	dā	dā da	kMandarin17 retained
𡑀	U+21440	yě	shù yě	kMandarin17 retained
𡑣	U+21463	kū	kū jiào qū	kMandarin17 retained
𡒃	U+21483	yù	ào yù	kMandarin17 retained
𡒒	U+21492	shú	shóu shú	kMandarin17 retained
𡒖	U+21496	gài	gài jì xì	kMandarin17 retained
𡓓	U+214D3	yín	yīn	kMandarin17 retained
𡓣	U+214E3	guō	zhǔn	kMandarin17 retained
𡓦	U+214E6	zhàn	chàn	kMandarin17 retained
𡓿	U+214FF	yín	yōng	kMandarin17 retained
𡔜	U+2151C	yáo	táo	kMandarin17 retained
𡔞	U+2151E	wǎng	wǎng wàng	kMandarin17 retained
𡔣	U+21523	jié	jié qiè	kMandarin17 retained
𡕖	U+21556	jǔ	páng féng jǔ	kMandarin17 retained
𡕢	U+21562	miǎn	mǎn miǎn	kMandarin17 retained
𡖔	U+21594	nuǒ	nuó	kMandarin17 retained
𡖝	U+2159D	rán	nuó	kMandarin17 retained
𡗞	U+215DE	xī	xí	kMandarin17 retained
𡗦	U+215E6	jiè	jié jiè	kMandarin17 retained
𡗲	U+215F2	jiè	bēn jiè	kMandarin17 retained
𡗼	U+215FC	xiè	huì	kMandarin17 retained
𡘝	U+2161D	gǔn	hǔn	kMandarin17 retained
𡘰	U+21630	juàn	zhuàn	kMandarin17 retained
𡙎	U+2164E	jiǎo	miǎo jiǎo	kMandarin17 retained
𡚈	U+21688	wéi	wéi wěi	kMandarin17 retained
𡚌	U+2168C	hào	hào jiē jié	kMandarin17 retained
𡚼	U+216BC	shí	tí jì chǐ shí	kMandarin17 retained
𡛽	U+216FD	yè	yì	kMandarin17 retained
𡜉	U+21709	rǎn	rǎn ràn	kMandarin17 retained
𡜊	U+2170A	fǒu	pēi fǒu	kMandarin17 retained
𡝊	U+2174A	zhé	xiào zhé	kMandarin17 retained
𡝟	U+2175F	niàn	nián niàn	kMandarin17 retained
𡝠	U+21760	mí	mí xiǎn	kMandarin17 retained
𡞚	U+2179A	kěng	kěn	kMandarin17 retained
𡞟	U+2179F	pàn	bàn	kMandarin17 retained
𡞣	U+217A3	xiàn	hàn	kMandarin17 retained
𡞾	U+217BE	nèn	yǎo	kMandarin17 retained
𡠜	U+2181C	mó	mó mò	kMandarin17 retained
𡠼	U+2183C	sōu	suō	kMandarin17 retained
𡢘	U+21898	yùn	yíng yùn	kMandarin17 retained
𡣀	U+218C0	chì	chè	kMandarin17 retained
𡤎	U+2190E	fàn	miǎn	kMandarin17 retained
𡤗	U+21917	zhù	zhú	kMandarin17 retained
𡤿	U+2193F	chèng	kǒng chèng	kMandarin17 retained
𡥆	U+21946	hǎo	hǎo hào	kMandarin17 retained
𡥈	U+21948	jiào	jiāo jiào	kMandarin17 retained
𡥎	U+2194E	cí	zǐ cī	kMandarin17 retained
𡥦	U+21966	nǐ	nǐ jìn	kMandarin17 retained
𡥨	U+21968	nǐ	nǐ jìn	kMandarin17 retained
𡦝	U+2199D	xiáo	xiāo	kMandarin17 retained
𡦟	U+2199F	pí	bì pí	kMandarin17 retained
𡧕	U+219D5	xiáo	xiáo shǒu	kMandarin17 retained
𡧭	U+219ED	guì	guǐ guì	kMandarin17 retained
𡧽	U+219FD	huǎng	huāng huǎng	kMandarin17 retained
𡨇	U+21A07	yǎo	xiǎng yǎo	kMandarin17 retained
𡨳	U+21A33	xiòng	hùn xiòng	kMandarin17 retained
𡩚	U+21A5A	jiā	jiā zhuàn	kMandarin17 retained
𡩤	U+21A64	xī	xí xiǔ xiù sù	kMandarin17 retained
𡪑	U+21A91	è	ề	kMandarin17 retained
𡫁	U+21AC1	qī	qī qīn	kMandarin17 retained
𡫽	U+21AFD	rǔ	rǔ yù	kMandarin17 retained
𡬆	U+21B06	měng	měng mèng	kMandarin17 retained
𡬇	U+21B07	fū	fōu	kMandarin17 retained
𡬊	U+21B0A	yù	rǔ yù	kMandarin17 retained
𡬍	U+21B0D	lóng	mǐ	kMandarin17 retained
𡬐	U+21B10	mí	yí	kMandarin17 retained
𡬓	U+21B13	yí	qiǔ	kMandarin17 retained
𡭋	U+21B4B	rǒng	rǔ	kMandarin17 retained
𡮎	U+21B8E	liáng	liáng liàng	kMandarin17 retained
𡯋	U+21BCB	gān	yū	kMandarin17 retained
𡯑	U+21BD1	shuǐ	zhuǐ shuǐ	kMandarin17 retained
𡯥	U+21BE5	huī	huī huǐ	kMandarin17 retained
𡯴	U+21BF4	chào	chào chuò	kMandarin17 retained
𡯵	U+21BF5	tuǐ	tuǐ tuì	kMandarin17 retained
𡯷	U+21BF7	bò	bò kòu	kMandarin17 retained
𡰅	U+21C05	hú	gǔ	kMandarin17 retained
𡰆	U+21C06	niè	miè	kMandarin17 retained
𡰐	U+21C10	qiào	qiào yào	kMandarin17 retained
𡰑	U+21C11	qiáo	qiáo qiào	kMandarin17 retained
𡰒	U+21C12	zhǒng	zhǒng chòng	kMandarin17 retained
𡰝	U+21C1D	quán	kuān	kMandarin17 retained
𡰠	U+21C20	léi	léi luán	kMandarin17 retained
𡰢	U+21C22	xié	xī	kMandarin17 retained
𡰥	U+21C25	rén	ní rén yí	kMandarin17 retained
𡰪	U+21C2A	dū	tún zhuó	kMandarin17 retained
𡰯	U+21C2F	shǐ	diǎo shǐ cǐ	kMandarin17 retained
𡱁	U+21C41	shǐ	xī shǐ	kMandarin17 retained
𡱆	U+21C46	shǔ	zhǔ shǔ	kMandarin17 retained
𡱔	U+21C54	zhǐ	qì zhǐ	kMandarin17 retained
𡱼	U+21C7C	kè	kuà kuò	kMandarin17 retained
𡲕	U+21C95	tì	tì xiè	kMandarin17 retained
𡲗	U+21C97	jué	juè qū	kMandarin17 retained
𡲣	U+21CA3	jiàng	jiàng xiáng	kMandarin17 retained
𡳆	U+21CC6	qū	qū qù	kMandarin17 retained
𡴱	U+21D31	hù	hù jié	kMandarin17 retained
𡵒	U+21D52	jié	jié qǐ	kMandarin17 retained
𡵓	U+21D53	hóng	hóng róng	kMandarin17 retained
𡶆	U+21D86	pǒ	pō pǒ pí	kMandarin17 retained
𡶌	U+21D8C	pí	pēi pí	kMandarin17 retained
𡶏	U+21D8F	kū	kū jué	kMandarin17 retained
𡶢	U+21DA2	kuàng	kuàng huàng	kMandarin17 retained
𡶤	U+21DA4	bēng	bēng yòng	kMandarin17 retained
𡶴	U+21DB4	chǎn	yǎn	kMandarin17 retained
𡷏	U+21DCF	lù	lè lù lǜ	kMandarin17 retained
𡷐	U+21DD0	ěn	ān	kMandarin17 retained
𡷗	U+21DD7	huàn	huán huàn	kMandarin17 retained
𡷤	U+21DE4	wú	wú yǔ	kMandarin17 retained
𡷪	U+21DEA	yí	nì níng yí	kMandarin17 retained
𡷿	U+21DFF	zhuó	zhuō	kMandarin17 retained
𡸂	U+21E02	tū	tú	kMandarin17 retained
𡸃	U+21E03	xiǎn	jiǎn	kMandarin17 retained
𡸔	U+21E14	xié	xī xié	kMandarin17 retained
𡸕	U+21E15	qióng	qiōng qióng	kMandarin17 retained
𡸡	U+21E21	kē	bā kē	kMandarin17 retained
𡸪	U+21E2A	zì	zhì	kMandarin17 retained
𡺛	U+21E9B	qiāng	huà qiāng	kMandarin17 retained
𡻡	U+21EE1	hàn	hàn yán yǎn	kMandarin17 retained
𡻪	U+21EEA	liáo	liáo jiāo	kMandarin17 retained
𡻭	U+21EED	lěi	lěi lèi	kMandarin17 retained
𡻱	U+21EF1	léi	léi lěi lǜ	kMandarin17 retained
𡽗	U+21F57	xiǎn	xiǎn yǎn	kMandarin17 retained
𡽛	U+21F5B	zuǐ	zuì	kMandarin17 retained
𡽜	U+21F5C	án	àn	kMandarin17 retained
𡾋	U+21F8B	lěi	léi lěi	kMandarin17 retained
𡾜	U+21F9C	jué	huò jué	kMandarin17 retained
𡾦	U+21FA6	niè	niè è	kMandarin17 retained
𡾲	U+21FB2	niè	niè è	kMandarin17 retained
𡿋	U+21FCB	lì	lì liè	kMandarin17 retained
𡿖	U+21FD6	niè	niè yà	kMandarin17 retained
𢀁	U+22001	yì	yí	kMandarin17 retained
𢀖	U+22016	jīng	jīng xíng	kMandarin17 retained
𢀡	U+22021	huī	huī zuǒ	kMandarin17 retained
𢁓	U+22053	shǐ	hài shǐ	kMandarin17 retained
𢁗	U+22057	xiǎn	gàn xiǎn	kMandarin17 retained
𢁻	U+2207B	bù	pù	kMandarin17 retained
𢂁	U+22081	kōu	kōu qú	kMandarin17 retained
𢂊	U+2208A	yǎo	āo yǎo	kMandarin17 retained
𢂏	U+2208F	bèi	bài	kMandarin17 retained
𢂤	U+220A4	pō	pō lù	kMandarin17 retained
𢃩	U+220E9	gǔn	gǔn juǎn	kMandarin17 retained
𢃭	U+220ED	zhōng	zhōng cǒng	kMandarin17 retained
𢃲	U+220F2	è	kè	kMandarin17 retained
𢃳	U+220F3	bǎ	bǎ sháo	kMandarin17 retained
𢃴	U+220F4	là	lā	kMandarin17 retained
𢄅	U+22105	yì	jǐ	kMandarin17 retained
𢄋	U+2210B	yīng	yíng	kMandarin17 retained
𢄓	U+22113	wù	wǔ	kMandarin17 retained
𢄠	U+22120	kōu	kōu qú	kMandarin17 retained
𢄶	U+22136	huà	huò	kMandarin17 retained
𢅚	U+2215A	biǎo	biāo biǎo	kMandarin17 retained
𢅞	U+2215E	lǜ	lù lǜ	kMandarin17 retained
𢅫	U+2216B	huì	suì	kMandarin17 retained
𢅭	U+2216D	lǎi	lài	kMandarin17 retained
𢆜	U+2219C	gé	gě	kMandarin17 retained
𢆯	U+221AF	mì	mì xuán sī	kMandarin17 retained
𢆶	U+221B6	yōu	zī cí yōu	kMandarin17 retained
𢇇	U+221C7	guān	guān guàn	kMandarin17 retained
𢇛	U+221DB	chè	hǎn chǐ chì chè	kMandarin17 retained
𢇪	U+221EA	fàn	pó pān fān fán	kMandarin17 retained
𢈈	U+22208	kē	kè è āo ǎn yāo wā wà	kMandarin17 retained
𢈠	U+22220	cù	là cì cù	kMandarin17 retained
𢈢	U+22222	lǒu	lǔ	kMandarin17 retained
𢈶	U+22236	yì	sī yì	kMandarin17 retained
𢈹	U+22239	duī	duī tuí	kMandarin17 retained
𢉚	U+2225A	nòu	nǒu	kMandarin17 retained
𢉜	U+2225C	dù	dù tū tú	kMandarin17 retained
𢉧	U+22267	lán	lán lián	kMandarin17 retained
𢉨	U+22268	là	là cì cù	kMandarin17 retained
𢊙	U+22299	yáo	qiāo	kMandarin17 retained
𢊲	U+222B2	shěn	sěn	kMandarin17 retained
𢋒	U+222D2	huó	huò	kMandarin17 retained
𢋔	U+222D4	qiān	lián qiān	kMandarin17 retained
𢌕	U+22315	luán	lüán	kMandarin17 retained
𢍁	U+22341	qí	bì qí	kMandarin17 retained
𢍆	U+22346	qì	qì qiè xiè	kMandarin17 retained
𢍈	U+22348	yuān	zàng yuān	kMandarin17 retained
𢍎	U+2234E	gào	gào gù	kMandarin17 retained
𢍕	U+22355	quàn	juàn quān quàn	kMandarin17 retained
𢍰	U+22370	yì	zhái zé yì	kMandarin17 retained
𢎥	U+223A5	juàn	jiū jiǔ juǎn juàn quán	kMandarin17 retained
𢏯	U+223EF	hú	hú chí shǐ	kMandarin17 retained
𢏳	U+223F3	pēng	bēng pēng	kMandarin17 retained
𢏷	U+223F7	jué	jú	kMandarin17 retained
𢐖	U+22416	mò	bèi	kMandarin17 retained
𢐩	U+22429	qiǎng	jiǎng	kMandarin17 retained
𢐿	U+2243F	rǒng	rǎng	kMandarin17 retained
𢑆	U+22446	quán	quān	kMandarin17 retained
𢑈	U+22448	yáo	fán	kMandarin17 retained
𢒞	U+2249E	làn	lán	kMandarin17 retained
𢒷	U+224B7	póu	bǎo póu pǒu	kMandarin17 retained
𢓇	U+224C7	tuì	tuì nà	kMandarin17 retained
𢓕	U+224D5	yín	rǒng yóu yín	kMandarin17 retained
𢓖	U+224D6	pī	pí	kMandarin17 retained
𢓘	U+224D8	tóng	tóng yōu	kMandarin17 retained
𢓝	U+224DD	tiāo	tiāo tiáo	kMandarin17 retained
𢓡	U+224E1	yí	tí yí	kMandarin17 retained
𢓬	U+224EC	xié	xiē	kMandarin17 retained
𢓯	U+224EF	guàng	guāng guàng wǎng	kMandarin17 retained
𢓲	U+224F2	wú	wú yú	kMandarin17 retained
𢔇	U+22507	táo	tāo	kMandarin17 retained
𢔔	U+22514	hàn	hàn jí	kMandarin17 retained
𢔟	U+2251F	rǒu	niǔ rǒu	kMandarin17 retained
𢔣	U+22523	chā	shà	kMandarin17 retained
𢔱	U+22531	jué	jué què	kMandarin17 retained
𢕔	U+22554	zhāng	zhāng zhàng	kMandarin17 retained
𢕕	U+22555	sǎn	cān	kMandarin17 retained
𢕖	U+22556	xiān	qiān xiān	kMandarin17 retained
𢖈	U+22588	tiào	tiǎo	kMandarin17 retained
𢖛	U+2259B	hēi	shù	kMandarin17 retained
𢖡	U+225A1	yù	wèi	kMandarin17 retained
𢖴	U+225B4	yì	gē jì xì yì	kMandarin17 retained
𢗊	U+225CA	xiè	jiá xiè	kMandarin17 retained
𢗓	U+225D3	yǔ	yú yǔ	kMandarin17 retained
𢘄	U+22604	qiú	zāo cóng	kMandarin17 retained
𢘅	U+22605	mào	mào mòu róu	kMandarin17 retained
𢘇	U+22607	dá	dá dàn	kMandarin17 retained
𢘋	U+2260B	tè	tè tài	kMandarin17 retained
𢘍	U+2260D	bì	bèi bì fèi fú	kMandarin17 retained
𢘺	U+2263A	mǐ	mí mǐ	kMandarin17 retained
𢘿	U+2263F	suō	shā suō	kMandarin17 retained
𢙅	U+22645	xí	xī	kMandarin17 retained
𢙐	U+22650	náo	náo nǎo	kMandarin17 retained
𢚄	U+22684	láo	láo lào	kMandarin17 retained
𢛁	U+226C1	dá	dá dàn tǎn chè	kMandarin17 retained
𢛉	U+226C9	nèi	chuí	kMandarin17 retained
𢛕	U+226D5	qūn	jūn	kMandarin17 retained
𢛙	U+226D9	wǎn	qiōng qióng	kMandarin17 retained
𢛚	U+226DA	rù	rǔ rù	kMandarin17 retained
𢜥	U+22725	jiū	jiū qiú	kMandarin17 retained
𢜨	U+22728	xiè	dié	kMandarin17 retained
𢜪	U+2272A	nuò	nuò rě ruò	kMandarin17 retained
𢜬	U+2272C	duó	duò	kMandarin17 retained
𢜭	U+2272D	jǐ	jué	kMandarin17 retained
𢜮	U+2272E	wǔ	mǔ	kMandarin17 retained
𢜯	U+2272F	mú	mó	kMandarin17 retained
𢜰	U+22730	yàn	yān yàn	kMandarin17 retained
𢜲	U+22732	ná	ná náo	kMandarin17 retained
𢜽	U+2273D	kuǐ	kuí	kMandarin17 retained
𢝍	U+2274D	yào	ào	kMandarin17 retained
𢞞	U+2279E	mì	mí mǐ	kMandarin17 retained
𢞣	U+227A3	shū	chōu shú	kMandarin17 retained
𢟪	U+227EA	ài	xì ài	kMandarin17 retained
𢠡	U+22821	sào	cǎo cǎn sào	kMandarin17 retained
𢠵	U+22835	tǎng	tǎng chǎng	kMandarin17 retained
𢠽	U+2283D	dàng	shāng	kMandarin17 retained
𢡀	U+22840	hēi	hè	kMandarin17 retained
𢡁	U+22841	xī	xì	kMandarin17 retained
𢡏	U+2284F	nǎ	nuǒ	kMandarin17 retained
𢢞	U+2289E	qì	kài jì qì	kMandarin17 retained
𢣐	U+228D0	pīn	bīn	kMandarin17 retained
𢣕	U+228D5	ài	nì ài	kMandarin17 retained
𢤆	U+22906	lì	là lì liè	kMandarin17 retained
𢥘	U+22958	xié	xī	kMandarin17 retained
𢦕	U+22995	yǐ	zhí yǐ	kMandarin17 retained
𢦽	U+229BD	sháo	qī sháo	kMandarin17 retained
𢧳	U+229F3	yōng	yóng	kMandarin17 retained
𢨐	U+22A10	jī	jí	kMandarin17 retained
𢨒	U+22A12	chì	zhuó chì	kMandarin17 retained
𢨡	U+22A21	è	é	kMandarin17 retained
𢩁	U+22A41	jú	jú jiōng jiǒng	kMandarin17 retained
𢩢	U+22A62	shàn	zhàn	kMandarin17 retained
𢩦	U+22A66	jī	jí	kMandarin17 retained
𢩨	U+22A68	qiǎo	qiǎo xiǔ	kMandarin17 retained
𢩮	U+22A6E	yì	shì yì	kMandarin17 retained
𢩲	U+22A72	xìn	xīn xìn shēn	kMandarin17 retained
𢪇	U+22A87	jiāng	jiāng jiàng qiāng chuáng	kMandarin17 retained
𢪋	U+22A8B	pěng	bàng	kMandarin17 retained
𢪍	U+22A8D	jié	jí jiā jié	kMandarin17 retained
𢪓	U+22A93	yú	jǔ yú	kMandarin17 retained
𢪧	U+22AA7	yè	yì	kMandarin17 retained
𢫔	U+22AD4	shàn	xuān	kMandarin17 retained
𢫨	U+22AE8	rǒng	rēng réng rěng rèng rǒng	kMandarin17 retained
𢫫	U+22AEB	lù	lǜ	kMandarin17 retained
𢫬	U+22AEC	sà	cuò	kMandarin17 retained
𢫭	U+22AED	nù	nǜ	kMandarin17 retained
𢫴	U+22AF4	cī	qì	kMandarin17 retained
𢫸	U+22AF8	wǔ	xiǔ wū wǔ wù yú	kMandarin17 retained
𢫻	U+22AFB	nié	niè	kMandarin17 retained
𢬍	U+22B0D	yè	yàn	kMandarin17 retained
𢬴	U+22B34	zhé	dié zhé	kMandarin17 retained
𢬵	U+22B35	pīn	bàn pān pàn pīn fān	kMandarin17 retained
𢬾	U+22B3E	xī	bù pū xī	kMandarin17 retained
𢭃	U+22B43	duǎn	dòu	kMandarin17 retained
𢮌	U+22B8C	qiā	jiē jié qì qiā	kMandarin17 retained
𢮚	U+22B9A	zè	chī	kMandarin17 retained
𢮞	U+22B9E	sào	sāo sào	kMandarin17 retained
𢯅	U+22BC5	lù	lù jué	kMandarin17 retained
𢯫	U+22BEB	duàn	duàn wǎn	kMandarin17 retained
𢯲	U+22BF2	wàn	wǎn wàn	kMandarin17 retained
𢯳	U+22BF3	xué	jié xué	kMandarin17 retained
𢰍	U+22C0D	ān	án	kMandarin17 retained
𢱦	U+22C66	tī	tī tì zhí zhāi	kMandarin17 retained
𢱺	U+22C7A	juē	jué	kMandarin17 retained
𢲔	U+22C94	bàn	bān bàn pān	kMandarin17 retained
𢲰	U+22CB0	bīn	bīng	kMandarin17 retained
𢲷	U+22CB7	sōu	niù ǎo ào yào yù	kMandarin17 retained
𢳀	U+22CC0	mā	mā mó	kMandarin17 retained
𢳁	U+22CC1	fèi	bèi	kMandarin17 retained
𢳄	U+22CC4	xuàn	xuán xuàn	kMandarin17 retained
𢳆	U+22CC6	ào	qiāo áo ào	kMandarin17 retained
𢳇	U+22CC7	zhuó	zhuó cù	kMandarin17 retained
𢴨	U+22D28	zhāi	zhì	kMandarin17 retained
𢴩	U+22D29	bì	bǐ	kMandarin17 retained
𢴭	U+22D2D	juē	jué	kMandarin17 retained
𢴱	U+22D31	léi	luó luò	kMandarin17 retained
𢴲	U+22D32	xié	jié xié	kMandarin17 retained
𢵈	U+22D48	jiǎn	jiǎn zhǎn	kMandarin17 retained
𢵮	U+22D6E	lū	lǖ	kMandarin17 retained
𢶀	U+22D80	zhuài	zhuài chuái chuài	kMandarin17 retained
𢶅	U+22D85	shé	dié shé yè	kMandarin17 retained
𢶍	U+22D8D	zá	zá sà	kMandarin17 retained
𢶒	U+22D92	guài	guāi	kMandarin17 retained
𢶓	U+22D93	cuǐ	zhuài chuái chuài	kMandarin17 retained
𢶡	U+22DA1	qiào	jiǎo qiào	kMandarin17 retained
𢷑	U+22DD1	xiǎn	zhěn	kMandarin17 retained
𢷾	U+22DFE	suò	mí shè cè sè suò	kMandarin17 retained
𢷿	U+22DFF	jié	jí jiā jié	kMandarin17 retained
𢸦	U+22E26	wěi	duò tuǒ yí wěi wèi	kMandarin17 retained
𢸨	U+22E28	tuō	tuō tuò	kMandarin17 retained
𢸳	U+22E33	xiāo	xiāo sù	kMandarin17 retained
𢹑	U+22E51	zhèng	zhēn zhēng zhèng	kMandarin17 retained
𢹓	U+22E53	chāi	zhǎ chā chāi	kMandarin17 retained
𢹲	U+22E72	jùn	jūn jùn	kMandarin17 retained
𢺞	U+22E9E	bǎ	bǎ bà bǎi	kMandarin17 retained
𢺰	U+22EB0	líng	līng líng lìng shí shè	kMandarin17 retained
𢺴	U+22EB4	yù	wān wǎn wàn yù	kMandarin17 retained
𢺷	U+22EB7	qí	bèi lù qí chì	kMandarin17 retained
𢺽	U+22EBD	bó	bó jiáo	kMandarin17 retained
𢻔	U+22ED4	huì	kě	kMandarin17 retained
𢻗	U+22ED7	xiá	xiā	kMandarin17 retained
𢻤	U+22EE4	qiāo	qiāo qiáo	kMandarin17 retained
𢻵	U+22EF5	bèi	bài lù	kMandarin17 retained
𢻹	U+22EF9	pī	pī pǐ	kMandarin17 retained
𢼚	U+22F1A	è	ề	kMandarin17 retained
𢼛	U+22F1B	gé	gé guó ề	kMandarin17 retained
𢼹	U+22F39	pū	bǔ pū	kMandarin17 retained
𢼺	U+22F3A	xué	jié jué xué	kMandarin17 retained
𢽚	U+22F5A	zhuó	dū zhuó	kMandarin17 retained
𢽾	U+22F7E	xiào	xiào xué	kMandarin17 retained
𢾇	U+22F87	pì	bì pì chè	kMandarin17 retained
𢾐	U+22F90	shǎo	shāo	kMandarin17 retained
𢾬	U+22FAC	lù	lè	kMandarin17 retained
𢿎	U+22FCE	duò	duǒ	kMandarin17 retained
𢿏	U+22FCF	biào	biào pāo	kMandarin17 retained
𣀏	U+2300F	chéng	cháng	kMandarin17 retained
𣀓	U+23013	chóu	dǎo chóu	kMandarin17 retained
𣀔	U+23014	chuàn	chuàn cuì	kMandarin17 retained
𣀯	U+2302F	sà	sān	kMandarin17 retained
𣀻	U+2303B	shǔ	zhǔ shǔ	kMandarin17 retained
𣂊	U+2308A	yùn	yū yùn	kMandarin17 retained
𣂻	U+230BB	ōu	kōu ōu	kMandarin17 retained
𣃘	U+230D8	chǎn	zhēng chǎn chuáng	kMandarin17 retained
𣃧	U+230E7	yǎn	yān	kMandarin17 retained
𣃳	U+230F3	yǎn	yè yǎn	kMandarin17 retained
𣃵	U+230F5	zhèn	zhèn shēn	kMandarin17 retained
𣄧	U+23127	suì	suì wéi	kMandarin17 retained
𣄴	U+23134	liàng	liáng liàng	kMandarin17 retained
𣄻	U+2313B	zhuō	zhuō zhuó	kMandarin17 retained
𣅍	U+2314D	miàn	biàn bīng	kMandarin17 retained
𣅚	U+2315A	nà	nà niǔ	kMandarin17 retained
𣅝	U+2315D	tū	tú	kMandarin17 retained
𣅻	U+2317B	guǎ	jiōng	kMandarin17 retained
𣅾	U+2317E	xī	cè	kMandarin17 retained
𣆔	U+23194	zhòu	zhōu	kMandarin17 retained
𣆚	U+2319A	nuǒ	nuǒ chǐ	kMandarin17 retained
𣆛	U+2319B	àn	ǎn àn wǎn	kMandarin17 retained
𣆟	U+2319F	xiē	jiē xiē	kMandarin17 retained
𣆵	U+231B5	fú	bū fú	kMandarin17 retained
𣇢	U+231E2	biē	biè	kMandarin17 retained
𣇨	U+231E8	dài	tài	kMandarin17 retained
𣇬	U+231EC	qióng	qiòng	kMandarin17 retained
𣇳	U+231F3	jī	jī qī qí	kMandarin17 retained
𣈍	U+2320D	dié	dá dié	kMandarin17 retained
𣈶	U+23236	gèng	gèng xuān xuǎn	kMandarin17 retained
𣉖	U+23256	xuǎn	xuān xuǎn	kMandarin17 retained
𣉾	U+2327E	òu	ōu òu	kMandarin17 retained
𣊃	U+23283	mào	mào mòu	kMandarin17 retained
𣊧	U+232A7	lǎng	lǎng zhào	kMandarin17 retained
𣋉	U+232C9	yù	ào yù	kMandarin17 retained
𣋳	U+232F3	piǎo	bào pù	kMandarin17 retained
𣋵	U+232F5	bó	bō	kMandarin17 retained
𣋶	U+232F6	qióng	qiōng	kMandarin17 retained
𣌟	U+2331F	líng	līng líng	kMandarin17 retained
𣌭	U+2332D	hui	dā dá guì kuài huǐ huì	kMandarin17 retained
𣍟	U+2335F	kěn	kěn wěi	kMandarin17 retained
𣍧	U+23367	fěi	pèi fěi kū shuò	kMandarin17 retained
𣍰	U+23370	qiǎn	jiá xié	kMandarin17 retained
𣍺	U+2337A	pěi	bǎi	kMandarin17 retained
𣎅	U+23385	yì	huān zhōu yì	kMandarin17 retained
𣎓	U+23393	xuǎn	xuán	kMandarin17 retained
𣏔	U+233D4	kùn	kùn yīn	kMandarin17 retained
𣏗	U+233D7	shù	zhù shù	kMandarin17 retained
𣏡	U+233E1	jí	jī	kMandarin17 retained
𣐃	U+23403	chì	chī	kMandarin17 retained
𣐊	U+2340A	kǎo	kǎo jú	kMandarin17 retained
𣐤	U+23424	jiu	jiù	kMandarin17 retained
𣑝	U+2345D	tuán	tuán qiú	kMandarin17 retained
𣑹	U+23479	xiān	xián	kMandarin17 retained
𣑿	U+2347F	fú	bāo fū fú	kMandarin17 retained
𣒆	U+23486	qiào	qiào què	kMandarin17 retained
𣒌	U+2348C	guō	guō kuǎ	kMandarin17 retained
𣓀	U+234C0	zhēn	jiān zhēn zhěn	kMandarin17 retained
𣓉	U+234C9	shà	jié shà	kMandarin17 retained
𣓌	U+234CC	gāo	gāo jiù	kMandarin17 retained
𣓕	U+234D5	òu	ōu òu	kMandarin17 retained
𣔯	U+2352F	zhǔ	yǔ	kMandarin17 retained
𣔱	U+23531	sōu	sāo	kMandarin17 retained
𣔵	U+23535	chán	tuò chán	kMandarin17 retained
𣔶	U+23536	fán	fán fàn	kMandarin17 retained
𣔼	U+2353C	gān	gě gān gǎn	kMandarin17 retained
𣕃	U+23543	yù	yú yù	kMandarin17 retained
𣕇	U+23547	xiāo	shào	kMandarin17 retained
𣕉	U+23549	gǒu	gōu gǒu jū jǔ	kMandarin17 retained
𣕍	U+2354D	sǔn	xún sǔn	kMandarin17 retained
𣕾	U+2357E	chóu	bì chóu	kMandarin17 retained
𣖊	U+2358A	liè	lì	kMandarin17 retained
𣖐	U+23590	pāi	pò	kMandarin17 retained
𣖨	U+235A8	zǐ	cǐ	kMandarin17 retained
𣖫	U+235AB	gǔ	jué què	kMandarin17 retained
𣖿	U+235BF	zhí	tè	kMandarin17 retained
𣗁	U+235C1	dùn	dùn zā	kMandarin17 retained
𣗐	U+235D0	réng	yǐng	kMandarin17 retained
𣗵	U+235F5	gàng	gāng gàng	kMandarin17 retained
𣘐	U+23610	jí	lì jí	kMandarin17 retained
𣘙	U+23619	bàng	bàng pǒu	kMandarin17 retained
𣘞	U+2361E	hán	hán qiàn	kMandarin17 retained
𣘤	U+23624	chá	chá sà	kMandarin17 retained
𣘧	U+23627	fū	fū fú	kMandarin17 retained
𣘨	U+23628	ě	é ě	kMandarin17 retained
𣘻	U+2363B	chá	tú chá	kMandarin17 retained
𣙗	U+23657	niè	niè xiè yì	kMandarin17 retained
𣙼	U+2367C	sì	tái cí sì yí	kMandarin17 retained
𣚌	U+2368C	dī	dī dí shì yì	kMandarin17 retained
𣚖	U+23696	ān	ān yān	kMandarin17 retained
𣚙	U+23699	jiān	jiān jiàn	kMandarin17 retained
𣚚	U+2369A	zhú	zhú zhǔ	kMandarin17 retained
𣚜	U+2369C	sōng	cōng sōng	kMandarin17 retained
𣚦	U+236A6	jiàng	jiàng qiáng	kMandarin17 retained
𣛶	U+236F6	shā	shā shà	kMandarin17 retained
𣛹	U+236F9	chuán	chuǐ chuán	kMandarin17 retained
𣜣	U+23723	qín	chén chèn	kMandarin17 retained
𣜨	U+23728	juàn	juān juàn	kMandarin17 retained
𣝁	U+23741	pái	bēi pái	kMandarin17 retained
𣝐	U+23750	piáo	pāo pào	kMandarin17 retained
𣝗	U+23757	hú	hé	kMandarin17 retained
𣝸	U+23778	zhuì	zhì	kMandarin17 retained
𣞐	U+23790	xiě	xié xiě	kMandarin17 retained
𣟄	U+237C4	tuò	tuò chì	kMandarin17 retained
𣟇	U+237C7	xiào	jiǎo	kMandarin17 retained
𣟒	U+237D2	wú	wǔ	kMandarin17 retained
𣟰	U+237F0	yú	yù	kMandarin17 retained
𣟹	U+237F9	sēn	cēn	kMandarin17 retained
𣟼	U+237FC	jiū	jiū qiāo	kMandarin17 retained
𣠞	U+2381E	zhé	zhé shè	kMandarin17 retained
𣢄	U+23884	yǒu	yōu yǒu	kMandarin17 retained
𣢇	U+23887	hāi	hāi xī	kMandarin17 retained
𣢊	U+2388A	xù	xì	kMandarin17 retained
𣢌	U+2388C	tān	tān kǎn	kMandarin17 retained
𣢐	U+23890	qīn	kēng qīn	kMandarin17 retained
𣢗	U+23897	xiā	xiá	kMandarin17 retained
𣢚	U+2389A	wá	wā wá	kMandarin17 retained
𣢜	U+2389C	yǒu	yōu yǒu	kMandarin17 retained
𣢟	U+2389F	hán	gàn hán hàn	kMandarin17 retained
𣢨	U+238A8	ǒu	ōu ǒu òu	kMandarin17 retained
𣢫	U+238AB	wǎng	wāng wǎng	kMandarin17 retained
𣢬	U+238AC	qiān	pán	kMandarin17 retained
𣢰	U+238B0	zú	cù	kMandarin17 retained
𣣑	U+238D1	sǐ	shǐ	kMandarin17 retained
𣣝	U+238DD	jí	jì	kMandarin17 retained
𣣩	U+238E9	xiē	xié	kMandarin17 retained
𣣳	U+238F3	yáo	yáo yǎo	kMandarin17 retained
𣣴	U+238F4	dà	tà	kMandarin17 retained
𣣺	U+238FA	shà	shà á	kMandarin17 retained
𣤁	U+23901	zhú	zhú chù cǎn	kMandarin17 retained
𣤌	U+2390C	chuài	chuò chuài	kMandarin17 retained
𣤡	U+23921	xiào	yōu yǒu yǔ	kMandarin17 retained
𣤶	U+23936	zú	zā zǎn zú cǎn cù	kMandarin17 retained
𣤺	U+2393A	zā	zā zǎn zú cǎn cù	kMandarin17 retained
𣥐	U+23950	lǔ	lǔ lǚ	kMandarin17 retained
𣥨	U+23968	zī	cī	kMandarin17 retained
𣥾	U+2397E	dà	dà tà	kMandarin17 retained
𣦖	U+23996	gān	gān qián	kMandarin17 retained
𣦜	U+2399C	qiāo	jiǎo jué qiāo	kMandarin17 retained
𣦵	U+239B5	è	zhēn è	kMandarin17 retained
𣧍	U+239CD	nè	nà nè	kMandarin17 retained
𣧒	U+239D2	chuǎn	mò	kMandarin17 retained
𣧤	U+239E4	kē	gē	kMandarin17 retained
𣧧	U+239E7	bó	bá	kMandarin17 retained
𣧬	U+239EC	xiǔ	guǎ xiǔ xǔ xùn	kMandarin17 retained
𣧵	U+239F5	xuè	xù	kMandarin17 retained
𣧼	U+239FC	kuì	kuǐ kuì	kMandarin17 retained
𣨊	U+23A0A	chè	zhè	kMandarin17 retained
𣨗	U+23A17	xī	xī xí	kMandarin17 retained
𣨙	U+23A19	wěi	wēi wèi	kMandarin17 retained
𣨥	U+23A25	bēng	bēng péng	kMandarin17 retained
𣩀	U+23A40	biān	bián	kMandarin17 retained
𣩄	U+23A44	kè	kē kè ài	kMandarin17 retained
𣩒	U+23A52	zāo	zāo cáo	kMandarin17 retained
𣩫	U+23A6B	yè	dié yè	kMandarin17 retained
𣩭	U+23A6D	zhài	mò	kMandarin17 retained
𣩱	U+23A71	ài	kē ài	kMandarin17 retained
𣪌	U+23A8C	tóu	dòu duì tóu	kMandarin17 retained
𣪪	U+23AAA	diàn	diàn chéng	kMandarin17 retained
𣫴	U+23AF4	xié	xī xié	kMandarin17 retained
𣬆	U+23B06	péi	péi fēi fěi	kMandarin17 retained
𣬫	U+23B2B	jiè	gà jiè	kMandarin17 retained
𣬬	U+23B2C	sā	sà	kMandarin17 retained
𣬮	U+23B2E	pī	bì pī	kMandarin17 retained
𣬵	U+23B35	máo	máo mào	kMandarin17 retained
𣬸	U+23B38	tiáo	diāo tiáo xiāo	kMandarin17 retained
𣬽	U+23B3D	wù	mòu	kMandarin17 retained
𣬿	U+23B3F	zè	zhè	kMandarin17 retained
𣮈	U+23B88	qū	juè qū	kMandarin17 retained
𣮉	U+23B89	lí	lái lí	kMandarin17 retained
𣮪	U+23BAA	róng	rǒng	kMandarin17 retained
𣮬	U+23BAC	sōu	sōu sū	kMandarin17 retained
𣯏	U+23BCF	róng	róng rǒng	kMandarin17 retained
𣯜	U+23BDC	sōu	sōu sū	kMandarin17 retained
𣯧	U+23BE7	cuǐ	cuǐ sāi suī	kMandarin17 retained
𣯯	U+23BEF	suī	sāi suī	kMandarin17 retained
𣰇	U+23C07	rǒng	róng	kMandarin17 retained
𣰋	U+23C0B	qú	tǎn qú	kMandarin17 retained
𣰛	U+23C1B	yè	ài	kMandarin17 retained
𣰦	U+23C26	rán	gān rán	kMandarin17 retained
𣰶	U+23C36	ráng	nǎng	kMandarin17 retained
𣰼	U+23C3C	niè	yè	kMandarin17 retained
𣱀	U+23C40	lǔ	lǔ luó	kMandarin17 retained
𣱐	U+23C50	yìn	zhì yìn	kMandarin17 retained
𣱫	U+23C6B	gǔ	gǔ xiāo	kMandarin17 retained
𣲄	U+23C84	jiǔ	guǐ jiǔ	kMandarin17 retained
𣲋	U+23C8B	chí	dǐ chí	kMandarin17 retained
𣲑	U+23C91	hù	hé hào hú hù chí	kMandarin17 retained
𣲒	U+23C92	lì	lè lì	kMandarin17 retained
𣳠	U+23CE0	hǎi	mǔ hǎi	kMandarin17 retained
𣳦	U+23CE6	xì	náo xì xìn	kMandarin17 retained
𣳩	U+23CE9	zī	xián zī yàn	kMandarin17 retained
𣳭	U+23CED	piào	piǎo	kMandarin17 retained
𣴼	U+23D3C	mào	mào huǎn wǎn	kMandarin17 retained
𣵞	U+23D5E	tǔn	dǔn róng	kMandarin17 retained
𣵱	U+23D71	án	àn	kMandarin17 retained
𣵷	U+23D77	hán	gàn hán hàn	kMandarin17 retained
𣵺	U+23D7A	duò	tuó	kMandarin17 retained
𣵻	U+23D7B	duò	tuó	kMandarin17 retained
𣵼	U+23D7C	gàn	gàn hàn	kMandarin17 retained
𣶈	U+23D88	wǎng	mǎng wǎng	kMandarin17 retained
𣶊	U+23D8A	mò	bó pò	kMandarin17 retained
𣶌	U+23D8C	wěn	wěn wèn	kMandarin17 retained
𣶏	U+23D8F	jiē	dié jiē	kMandarin17 retained
𣶐	U+23D90	pào	pāo pào	kMandarin17 retained
𣶦	U+23DA6	tuó	tuò	kMandarin17 retained
𣷩	U+23DE9	yì	yì yìn	kMandarin17 retained
𣸆	U+23E06	zǐ	cǐ	kMandarin17 retained
𣸏	U+23E0F	ná	rú	kMandarin17 retained
𣸐	U+23E10	zá	bèng zá	kMandarin17 retained
𣹠	U+23E60	yuān	wò	kMandarin17 retained
𣹥	U+23E65	qiàn	qī qiàn	kMandarin17 retained
𣹧	U+23E67	zuó	zhà zuó	kMandarin17 retained
𣺼	U+23EBC	dǎng	dǎng tǎng	kMandarin17 retained
𣻖	U+23ED6	nóu	nòu	kMandarin17 retained
𣻩	U+23EE9	zhé	dí zhé	kMandarin17 retained
𣽅	U+23F45	guō	guā huó	kMandarin17 retained
𣽎	U+23F4E	gāo	gāo háo zé	kMandarin17 retained
𣽖	U+23F56	jiān	jiān jiàn	kMandarin17 retained
𣽦	U+23F66	jiàn	làn jiàn	kMandarin17 retained
𤀰	U+24030	xuè	hào xuè	kMandarin17 retained
𤂺	U+240BA	làn	lǎn làn	kMandarin17 retained
𤂿	U+240BF	xuàn	xùn sùn	kMandarin17 retained
𤃵	U+240F5	bó	bào pù	kMandarin17 retained
𤃷	U+240F7	ǎn	ǎn àn yǐn	kMandarin17 retained
𤄎	U+2410E	xì	hè xì	kMandarin17 retained
𤄖	U+24116	cā	zá	kMandarin17 retained
𤄬	U+2412C	xī	jī	kMandarin17 retained
𤄶	U+24136	yào	bó pò lì luò yào	kMandarin17 retained
𤅊	U+2414A	yàn	niè	kMandarin17 retained
𤅐	U+24150	gōng	dǎng	kMandarin17 retained
𤅑	U+24151	rǎng	nǎng ráng ràng	kMandarin17 retained
𤅸	U+24178	yán	yán yàn	kMandarin17 retained
𤆄	U+24184	huǒ	huǒ zāi	kMandarin17 retained
𤆡	U+241A1	wǔ	zhèn	kMandarin17 retained
𤇃	U+241C3	lì	lì liè	kMandarin17 retained
𤇯	U+241EF	ēn	áo ēn	kMandarin17 retained
𤇰	U+241F0	fá	fā	kMandarin17 retained
𤇳	U+241F3	xù	wù	kMandarin17 retained
𤇾	U+241FE	yìng	yíng	kMandarin17 retained
𤈥	U+24225	dí	dí dì	kMandarin17 retained
𤉤	U+24264	biē	bó biē	kMandarin17 retained
𤉧	U+24267	jiǎo	jiǎo yào	kMandarin17 retained
𤊴	U+242B4	huò	hè huò	kMandarin17 retained
𤊵	U+242B5	jí	jié	kMandarin17 retained
𤊼	U+242BC	shǎn	tiàn qián shā shān shàn	kMandarin17 retained
𤊽	U+242BD	liào	liáo liǎo liào zhǔ	kMandarin17 retained
𤋂	U+242C2	mó	miè	kMandarin17 retained
𤋏	U+242CF	lóu	lǚ	kMandarin17 retained
𤌎	U+2430E	lìn	lǐn lìn	kMandarin17 retained
𤌔	U+24314	nán	rán	kMandarin17 retained
𤍐	U+24350	tuì	tuī	kMandarin17 retained
𤎥	U+243A5	tǎn	tǎn chān	kMandarin17 retained
𤎭	U+243AD	lǐn	lǐn yǐn	kMandarin17 retained
𤎱	U+243B1	juǎn	juǎn zuī	kMandarin17 retained
𤎲	U+243B2	hū	hù	kMandarin17 retained
𤑃	U+24443	xiàn	qiǎn xiàn yán	kMandarin17 retained
𤑕	U+24455	xūn	xūn xùn	kMandarin17 retained
𤑗	U+24457	liǎo	liǎo liào	kMandarin17 retained
𤑷	U+24477	yé	yān	kMandarin17 retained
𤓔	U+244D4	xī	xí	kMandarin17 retained
𤓝	U+244DD	yuè	yào yuè	kMandarin17 retained
𤕘	U+24558	yū	wū yú	kMandarin17 retained
𤕝	U+2455D	jiào	bó jiāo jiào	kMandarin17 retained
𤕞	U+2455E	zhù	shū	kMandarin17 retained
𤕭	U+2456D	jiāng	jiāng jiàng qiāng	kMandarin17 retained
𤕯	U+2456F	jiāng	jiāng jiàng	kMandarin17 retained
𤕾	U+2457E	qiú	fǔ qiú	kMandarin17 retained
𤖇	U+24587	kē	kē kě	kMandarin17 retained
𤖘	U+24598	fèn	fén fèn	kMandarin17 retained
𤖞	U+2459E	zhì	jí	kMandarin17 retained
𤖮	U+245AE	gōu	gōu jù	kMandarin17 retained
𤖳	U+245B3	pèng	pēng	kMandarin17 retained
𤖷	U+245B7	chè	cè	kMandarin17 retained
𤖻	U+245BB	shì	chì	kMandarin17 retained
𤗙	U+245D9	chè	tuò chè	kMandarin17 retained
𤗚	U+245DA	bì	bī	kMandarin17 retained
𤗪	U+245EA	shù	shuài	kMandarin17 retained
𤗭	U+245ED	xiā	xià	kMandarin17 retained
𤗯	U+245EF	cuī	suī	kMandarin17 retained
𤗳	U+245F3	bō	bó	kMandarin17 retained
𤗵	U+245F5	pú	bǔ	kMandarin17 retained
𤗸	U+245F8	fèn	fén fèn	kMandarin17 retained
𤗺	U+245FA	bó	bò	kMandarin17 retained
𤘀	U+24600	dào	dào táo shòu	kMandarin17 retained
𤘌	U+2460C	qī	qí	kMandarin17 retained
𤘘	U+24618	kǒu	kǒu hǒu ǒu	kMandarin17 retained
𤘢	U+24622	pí	pī pí	kMandarin17 retained
𤘹	U+24639	pí	pī	kMandarin17 retained
𤙕	U+24655	huā	huǐ	kMandarin17 retained
𤙡	U+24661	xīng	xīn xīng	kMandarin17 retained
𤚔	U+24694	shōu	sān	kMandarin17 retained
𤚯	U+246AF	xiù	jú xiù	kMandarin17 retained
𤛐	U+246D0	ōu	kǒu hǒu qù ǒu	kMandarin17 retained
𤛛	U+246DB	duǒ	tuó	kMandarin17 retained
𤛲	U+246F2	wěi	wéi wèi	kMandarin17 retained
𤜂	U+24702	wèi	guì wèi	kMandarin17 retained
𤜄	U+24704	huài	huái	kMandarin17 retained
𤜣	U+24723	shì	shì shé yí	kMandarin17 retained
𤜲	U+24732	bèi	bó pèi fèi	kMandarin17 retained
𤜻	U+2473B	bì	bì pí	kMandarin17 retained
𤝂	U+24742	mù	bó pèi mù fèi	kMandarin17 retained
𤝓	U+24753	tiè	tà tiē tiè shì	kMandarin17 retained
𤝔	U+24754	fù	bó fù chái	kMandarin17 retained
𤝧	U+24767	bào	fù chái	kMandarin17 retained
𤝮	U+2476E	lù	lè	kMandarin17 retained
𤝰	U+24770	dá	dá tà shì	kMandarin17 retained
𤝽	U+2477D	lǜ	sì	kMandarin17 retained
𤞇	U+24787	wá	kuáng wá	kMandarin17 retained
𤞈	U+24788	dī	dī dǐ hú shì	kMandarin17 retained
𤞮	U+247AE	zhāi	zhài	kMandarin17 retained
𤞿	U+247BF	àn	hàn àn yàn	kMandarin17 retained
𤟉	U+247C9	àn	hàn àn yàn	kMandarin17 retained
𤟍	U+247CD	zhé	tì zhé	kMandarin17 retained
𤟤	U+247E4	huī	huī xūn	kMandarin17 retained
𤟧	U+247E7	xǐ	sǐ	kMandarin17 retained
𤠖	U+24816	xiāo	nǎo háo qiāo xiāo	kMandarin17 retained
𤠼	U+2483C	gòu	gòu hù	kMandarin17 retained
𤡂	U+24842	léi	léi lěi	kMandarin17 retained
𤡆	U+24846	zòng	zōng zòng	kMandarin17 retained
𤡕	U+24855	liè	liè wěn	kMandarin17 retained
𤡖	U+24856	yān	yán	kMandarin17 retained
𤡡	U+24861	xī	liē liè què xí	kMandarin17 retained
𤡤	U+24864	náo	nà náo nóu nòu nú nóng	kMandarin17 retained
𤡥	U+24865	yán	xiàn yán	kMandarin17 retained
𤡨	U+24868	zhá	lián	kMandarin17 retained
𤡪	U+2486A	suì	duò suǐ suì wěi	kMandarin17 retained
𤡬	U+2486C	xì	yī yì	kMandarin17 retained
𤡭	U+2486D	bēng	bēng péng	kMandarin17 retained
𤡯	U+2486F	shuò	què xī shuò	kMandarin17 retained
𤡾	U+2487E	è	ề	kMandarin17 retained
𤢓	U+24893	jù	jù qú	kMandarin17 retained
𤢕	U+24895	duó	dù	kMandarin17 retained
𤢖	U+24896	sāo	xiāo shān shǎn shàn sāo	kMandarin17 retained
𤢴	U+248B4	shuò	lì shuò	kMandarin17 retained
𤢵	U+248B5	ài	lài	kMandarin17 retained
𤢹	U+248B9	lěi	léi lěi	kMandarin17 retained
𤢼	U+248BC	shì	shǐ	kMandarin17 retained
𤣑	U+248D1	xié	xī	kMandarin17 retained
𤣵	U+248F5	sī	jiǔ sī	kMandarin17 retained
𤣹	U+248F9	fǎ	fǎ yī	kMandarin17 retained
𤥗	U+24957	liú	liǔ	kMandarin17 retained
𤧕	U+249D5	yì	yí	kMandarin17 retained
𤧫	U+249EB	jìn	duī	kMandarin17 retained
𤨐	U+24A10	xǐ	tāo	kMandarin17 retained
𤨗	U+24A17	luǒ	lì	kMandarin17 retained
𤩨	U+24A68	zǎo	hàn	kMandarin17 retained
𤩽	U+24A7D	huán	xiàn	kMandarin17 retained
𤫕	U+24AD5	náo	róu	kMandarin17 retained
𤫲	U+24AF2	líng	līng	kMandarin17 retained
𤫵	U+24AF5	kuò	guā	kMandarin17 retained
𤬁	U+24B01	huǒ	luǒ huò	kMandarin17 retained
𤬓	U+24B13	lián	lián liǎn	kMandarin17 retained
𤬪	U+24B2A	dù	dù gāng kān hōng hóng	kMandarin17 retained
𤬭	U+24B2D	pī	pēi	kMandarin17 retained
𤬯	U+24B2F	hán	hán qiàn	kMandarin17 retained
𤬾	U+24B3E	duò	duò tuó	kMandarin17 retained
𤬿	U+24B3F	wā	guī wā	kMandarin17 retained
𤭒	U+24B52	áng	láng	kMandarin17 retained
𤭙	U+24B59	hán	gān hán	kMandarin17 retained
𤭟	U+24B5F	fù	fǒu fù	kMandarin17 retained
𤭢	U+24B62	cèi	suì	kMandarin17 retained
𤮯	U+24BAF	xié	xī	kMandarin17 retained
𤮰	U+24BB0	wā	guī	kMandarin17 retained
𤰙	U+24C19	kē	gé kē	kMandarin17 retained
𤰚	U+24C1A	lā	lá	kMandarin17 retained
𤰟	U+24C1F	hàng	hǎng	kMandarin17 retained
𤰡	U+24C21	máng	máng méng	kMandarin17 retained
𤱍	U+24C4D	pī	pǒ pī	kMandarin17 retained
𤱐	U+24C50	shū	xū shū	kMandarin17 retained
𤱺	U+24C7A	guì	guī	kMandarin17 retained
𤱾	U+24C7E	guì	huì	kMandarin17 retained
𤲕	U+24C95	lǔn	lún	kMandarin17 retained
𤲰	U+24CB0	mào	mèi mào	kMandarin17 retained
𤲶	U+24CB6	luán	niǎo luán lüán	kMandarin17 retained
𤲸	U+24CB8	xù	xù chù	kMandarin17 retained
𤳅	U+24CC5	chà	cuǒ	kMandarin17 retained
𤳦	U+24CE6	bèi	bài	kMandarin17 retained
𤳭	U+24CED	guǎng	guǎng qiāo	kMandarin17 retained
𤳳	U+24CF3	léi	léi huī huǐ	kMandarin17 retained
𤴀	U+24D00	guǎng	guǎng qiāo	kMandarin17 retained
𤴓	U+24D13	yǎ	zhēng zhèng yā yǎ	kMandarin17 retained
𤴙	U+24D19	shū	xū shū	kMandarin17 retained
𤴛	U+24D1B	zhì	dì zhì	kMandarin17 retained
𤴧	U+24D27	yì	yì yóu yǒu yòu wěi	kMandarin17 retained
𤴨	U+24D28	yòu	yóu yǒu yòu wěi	kMandarin17 retained
𤴪	U+24D2A	jiū	niú jiǎo jiū	kMandarin17 retained
𤴯	U+24D2F	huàn	huàn wán	kMandarin17 retained
𤴼	U+24D3C	qiè	qiè zī	kMandarin17 retained
𤵝	U+24D5D	mǔ	mèi mǔ	kMandarin17 retained
𤵸	U+24D78	lóng	pāng páng lóng	kMandarin17 retained
𤵻	U+24D7B	hāng	gāng hāng xiāng	kMandarin17 retained
𤵼	U+24D7C	shàng	xiàng shāng shàng	kMandarin17 retained
𤶀	U+24D80	jiǎo	niú jiǎo jiū	kMandarin17 retained
𤶊	U+24D8A	guì	yìn	kMandarin17 retained
𤶋	U+24D8B	bó	bó báo	kMandarin17 retained
𤶧	U+24DA7	yùn	xiān	kMandarin17 retained
𤷇	U+24DC7	xù	huò xù	kMandarin17 retained
𤷌	U+24DCC	zhěn	jǐn zhēn zhěn	kMandarin17 retained
𤷓	U+24DD3	xìn	xīn xìn	kMandarin17 retained
𤷗	U+24DD7	biē	bié	kMandarin17 retained
𤷡	U+24DE1	xī	nüè xī	kMandarin17 retained
𤷿	U+24DFF	tū	tú	kMandarin17 retained
𤸎	U+24E0E	kě	kě hè hài	kMandarin17 retained
𤸏	U+24E0F	nà	nà niè	kMandarin17 retained
𤸱	U+24E31	è	kè kài è	kMandarin17 retained
𤹇	U+24E47	lì	quán	kMandarin17 retained
𤹦	U+24E66	bǐ	bǐ pǐ	kMandarin17 retained
𤹪	U+24E6A	yǔ	jū qū yǔ	kMandarin17 retained
𤹲	U+24E72	bèi	bài	kMandarin17 retained
𤹺	U+24E7A	è	kè kài ề yà	kMandarin17 retained
𤺃	U+24E83	xiāo	jiāo xiāo yāo	kMandarin17 retained
𤺄	U+24E84	zhǒng	tōng tóng zhǒng	kMandarin17 retained
𤺇	U+24E87	biàn	piān	kMandarin17 retained
𤺓	U+24E93	bié	biē bié	kMandarin17 retained
𤺺	U+24EBA	dǎn	dān dàn	kMandarin17 retained
𤻙	U+24ED9	huó	huò	kMandarin17 retained
𤻜	U+24EDC	kài	kài è	kMandarin17 retained
𤼐	U+24F10	guàn	guǎn guàn huàn	kMandarin17 retained
𤼒	U+24F12	wěi	huà wěi	kMandarin17 retained
𤼙	U+24F19	luán	lüán	kMandarin17 retained
𤽥	U+24F65	luò	lè	kMandarin17 retained
𤽯	U+24F6F	chóu	zhōu chóu	kMandarin17 retained
𤽼	U+24F7C	luò	lè hú	kMandarin17 retained
𤾠	U+24FA0	dì	de dí dì	kMandarin17 retained
𤾣	U+24FA3	pū	pú	kMandarin17 retained
𤾦	U+24FA6	chóu	zhōu chóu	kMandarin17 retained
𤿈	U+24FC8	báo	bō bó báo	kMandarin17 retained
𤿎	U+24FCE	pī	pēi pī pǐ	kMandarin17 retained
𤿑	U+24FD1	bǒ	bǒ bì	kMandarin17 retained
𤿒	U+24FD2	bèi	bèi nàn	kMandarin17 retained
𤿘	U+24FD8	zhāo	zhǎn	kMandarin17 retained
𤿙	U+24FD9	zhì	pí zhì	kMandarin17 retained
𤿟	U+24FDF	xún	jūn	kMandarin17 retained
𤿡	U+24FE1	guì	guǐ guì qī qí yī	kMandarin17 retained
𤿨	U+24FE8	xiào	qiào shāo	kMandarin17 retained
𤿲	U+24FF2	fū	pí	kMandarin17 retained
𥀁	U+25001	dù	dǔ dù	kMandarin17 retained
𥀂	U+25002	běng	bāng běng	kMandarin17 retained
𥀫	U+2502B	nóu	nóu rǎn	kMandarin17 retained
𥀭	U+2502D	rǎn	nóu rǎn	kMandarin17 retained
𥁎	U+2504E	yòng	yìng	kMandarin17 retained
𥁠	U+25060	juàn	juàn quán	kMandarin17 retained
𥁡	U+25061	wū	wū yū	kMandarin17 retained
𥁢	U+25062	qiáo	mì	kMandarin17 retained
𥁯	U+2506F	chù	chù chuò	kMandarin17 retained
𥁸	U+25078	quān	juàn quān quán	kMandarin17 retained
𥂁	U+25081	yán	yán yàn	kMandarin17 retained
𥃕	U+250D5	kē	kē kè	kMandarin17 retained
𥃧	U+250E7	chōu	jiǎo chōu ǎo	kMandarin17 retained
𥃩	U+250E9	gèn	mín gěn gèn yǎn yín	kMandarin17 retained
𥃴	U+250F4	xiòng	xìng	kMandarin17 retained
𥃺	U+250FA	yào	ào	kMandarin17 retained
𥄇	U+25107	chī	hūn shì	kMandarin17 retained
𥄓	U+25113	fū	fōu	kMandarin17 retained
𥄔	U+25114	pèi	pō pèi	kMandarin17 retained
𥄗	U+25117	wò	nài wò	kMandarin17 retained
𥄛	U+2511B	xī	qì	kMandarin17 retained
𥄜	U+2511C	qì	qǐ	kMandarin17 retained
𥄴	U+25134	xuè	jué xù xuè	kMandarin17 retained
𥄹	U+25139	bào	pào	kMandarin17 retained
𥄼	U+2513C	guā	mò mài guā	kMandarin17 retained
𥅓	U+25153	yì	yí yì	kMandarin17 retained
𥅡	U+25161	ér	nǜ ér	kMandarin17 retained
𥅴	U+25174	jié	jiá jié zhǎ shè	kMandarin17 retained
𥆆	U+25186	mòu	mào mòu huāng	kMandarin17 retained
𥆧	U+251A7	rún	yǎng wěng	kMandarin17 retained
𥇄	U+251C4	nì	nì wò	kMandarin17 retained
𥇉	U+251C9	qiǎng	liàng qiǎng	kMandarin17 retained
𥇕	U+251D5	zhì	zhè chì	kMandarin17 retained
𥇙	U+251D9	huò	huò xù	kMandarin17 retained
𥈈	U+25208	xū	kōu jū jù qú xū	kMandarin17 retained
𥈏	U+2520F	kuàng	jū jù	kMandarin17 retained
𥈘	U+25218	liǎng	liàng	kMandarin17 retained
𥈼	U+2523C	pán	pān	kMandarin17 retained
𥈾	U+2523E	juè	jué	kMandarin17 retained
𥉌	U+2524C	dá	dā	kMandarin17 retained
𥉐	U+25250	qī	xì	kMandarin17 retained
𥉑	U+25251	yù	hè yù	kMandarin17 retained
𥉒	U+25252	jiǎo	niè	kMandarin17 retained
𥉕	U+25255	mèng	méng mèng	kMandarin17 retained
𥉜	U+2525C	chén	qín	kMandarin17 retained
𥉰	U+25270	hàn	hàn qià	kMandarin17 retained
𥊀	U+25280	shān	shān sǎn	kMandarin17 retained
𥊇	U+25287	jiān	jiàn	kMandarin17 retained
𥊑	U+25291	mán	mán màn	kMandarin17 retained
𥊔	U+25294	huǐ	huǐ zhé chè	kMandarin17 retained
𥊼	U+252BC	zhèng	chēng	kMandarin17 retained
𥊽	U+252BD	kūn	tí kūn	kMandarin17 retained
𥊾	U+252BE	xiǎng	xiàng	kMandarin17 retained
𥋁	U+252C1	xì	xí	kMandarin17 retained
𥋝	U+252DD	měng	mèng	kMandarin17 retained
𥌃	U+25303	zhěn	mí	kMandarin17 retained
𥌚	U+2531A	mài	shù yà	kMandarin17 retained
𥌞	U+2531E	shuò	fán	kMandarin17 retained
𥌨	U+25328	xiē	miè xiē	kMandarin17 retained
𥌰	U+25330	wéi	yí	kMandarin17 retained
𥍁	U+25341	guī	guì	kMandarin17 retained
𥍋	U+2534B	zuī	huǐ xié zuī	kMandarin17 retained
𥍓	U+25353	kàn	kàn yǎn	kMandarin17 retained
𥍟	U+2535F	xù	xù yì	kMandarin17 retained
𥍬	U+2536C	cuān	quān	kMandarin17 retained
𥍮	U+2536E	féng	fēng féng	kMandarin17 retained
𥍷	U+25377	cōng	chuāng cōng	kMandarin17 retained
𥍸	U+25378	shī	shī shé	kMandarin17 retained
𥎀	U+25380	ruǎn	máo	kMandarin17 retained
𥎊	U+2538A	qín	guān jīn qín	kMandarin17 retained
𥎝	U+2539D	zuǎn	zuàn cuān	kMandarin17 retained
𥎡	U+253A1	qín	jué	kMandarin17 retained
𥎤	U+253A4	cuàn	zuǎn cuān cuàn	kMandarin17 retained
𥏒	U+253D2	wù	wú	kMandarin17 retained
𥐘	U+25418	shí	dàn shí	kMandarin17 retained
𥐙	U+25419	pā	bā pā	kMandarin17 retained
𥐚	U+2541A	pǔ	pò	kMandarin17 retained
𥑒	U+25452	nǎ	nà	kMandarin17 retained
𥑫	U+2546B	kǎn	kān	kMandarin17 retained
𥑺	U+2547A	ē	è	kMandarin17 retained
𥑽	U+2547D	nuò	nuǒ wǒ	kMandarin17 retained
𥒢	U+254A2	nǎo	nǎo lì	kMandarin17 retained
𥒫	U+254AB	fū	pōu	kMandarin17 retained
𥒮	U+254AE	wěi	wēi wěi	kMandarin17 retained
𥓈	U+254C8	è	ề	kMandarin17 retained
𥓑	U+254D1	chuò	bō chuò	kMandarin17 retained
𥔇	U+25507	kōng	kēng	kMandarin17 retained
𥕐	U+25550	dí	dí dì	kMandarin17 retained
𥕑	U+25551	qiē	jū jǔ qū zǔ	kMandarin17 retained
𥕢	U+25562	cáo	cáo yǎo	kMandarin17 retained
𥕤	U+25564	kē	kē kě	kMandarin17 retained
𥕱	U+25571	péng	pēng péng	kMandarin17 retained
𥖠	U+255A0	zhóu	dú	kMandarin17 retained
𥖾	U+255BE	dí	dì	kMandarin17 retained
𥗙	U+255D9	què	lè hú què xué yù	kMandarin17 retained
𥗽	U+255FD	lán	qià	kMandarin17 retained
𥗿	U+255FF	lǎ	luǒ	kMandarin17 retained
𥘁	U+25601	lǎ	luǒ	kMandarin17 retained
𥘦	U+25626	jiù	shì shè	kMandarin17 retained
𥙆	U+25646	xiàn	xiàn zhī	kMandarin17 retained
𥙉	U+25649	sì	tái sì	kMandarin17 retained
𥙋	U+2564B	chuì	chuì cuì	kMandarin17 retained
𥛟	U+256DF	pǔ	pú	kMandarin17 retained
𥛰	U+256F0	liào	liáo liǎo liào	kMandarin17 retained
𥜒	U+25712	yǎn	yàn	kMandarin17 retained
𥜥	U+25725	yì	jì	kMandarin17 retained
𥜦	U+25726	nǐ	mí nǐ	kMandarin17 retained
𥜬	U+2572C	nǐ	mí nǐ	kMandarin17 retained
𥜰	U+25730	shī	sī	kMandarin17 retained
𥜲	U+25732	xiǎn	jiǎn xiǎn	kMandarin17 retained
𥝍	U+2574D	yù	rén wáng wàng yù	kMandarin17 retained
𥝔	U+25754	jié	jié zǐ	kMandarin17 retained
𥝖	U+25756	hé	hé hù jì qǐ qì xì	kMandarin17 retained
𥝠	U+25760	sī	xiù sī	kMandarin17 retained
𥞪	U+257AA	mò	mò mǐ	kMandarin17 retained
𥟾	U+257FE	kū	kù	kMandarin17 retained
𥠃	U+25803	jiū	jiū zī	kMandarin17 retained
𥠊	U+2580A	róu	rǒu	kMandarin17 retained
𥠡	U+25821	zǒng	zōng zǒng	kMandarin17 retained
𥡣	U+25863	jùn	jìn	kMandarin17 retained
𥡴	U+25874	jì	jī qǐ	kMandarin17 retained
𥢍	U+2588D	suì	hù	kMandarin17 retained
𥢎	U+2588E	zùn	cǔn	kMandarin17 retained
𥢒	U+25892	láo	láo lào	kMandarin17 retained
𥢧	U+258A7	jú	jú yì	kMandarin17 retained
𥢮	U+258AE	huá	qín	kMandarin17 retained
𥢶	U+258B6	kuài	kuì	kMandarin17 retained
𥣙	U+258D9	zhòu	zhòu còng	kMandarin17 retained
𥤐	U+25910	lèi	léi lèi	kMandarin17 retained
𥤱	U+25931	kǎn	kǎn hǎn	kMandarin17 retained
𥤳	U+25933	jiū	jiū cuàn	kMandarin17 retained
𥤴	U+25934	yǎn	jǐng yǎn	kMandarin17 retained
𥤷	U+25937	yín	shēn shèn	kMandarin17 retained
𥤹	U+25939	yào	tú yǎo yào	kMandarin17 retained
𥥈	U+25948	hóng	hóng wèng	kMandarin17 retained
𥥍	U+2594D	shēn	shēn shèn	kMandarin17 retained
𥥛	U+2595B	tū	bá tú	kMandarin17 retained
𥥩	U+25969	ā	xiàng	kMandarin17 retained
𥥹	U+25979	liù	mǎo liáo liù jiào	kMandarin17 retained
𥥿	U+2597F	shēn	sēn	kMandarin17 retained
𥦀	U+25980	kuān	mì kuān	kMandarin17 retained
𥦜	U+2599C	bèng	bèng péng	kMandarin17 retained
𥦟	U+2599F	diàn	diàn liàn	kMandarin17 retained
𥦢	U+259A2	jiào	xiào	kMandarin17 retained
𥦷	U+259B7	wòng	wèng	kMandarin17 retained
𥧂	U+259C2	gǒng	huà	kMandarin17 retained
𥧱	U+259F1	yōng	yóng	kMandarin17 retained
𥧲	U+259F2	jìn	jīn jìn	kMandarin17 retained
𥨒	U+25A12	cuì	cuì cuàn	kMandarin17 retained
𥨕	U+25A15	xǐng	xīng	kMandarin17 retained
𥩀	U+25A40	tuò	tuō	kMandarin17 retained
𥩤	U+25A64	hài	kǎi	kMandarin17 retained
𥩱	U+25A71	fá	fā	kMandarin17 retained
𥪦	U+25AA6	xì	dān xī	kMandarin17 retained
𥪯	U+25AAF	yào	qiáo yào	kMandarin17 retained
𥫷	U+25AF7	qiū	jiū	kMandarin17 retained
𥫽	U+25AFD	shi	chí	kMandarin17 retained
𥬍	U+25B0D	xiān	xiān xiǎn	kMandarin17 retained
𥬓	U+25B13	yào	chuò yào yuē	kMandarin17 retained
𥬭	U+25B2D	lì	lì liè	kMandarin17 retained
𥬲	U+25B32	zhuā	duò zhuā	kMandarin17 retained
𥭙	U+25B59	zhè	zhé	kMandarin17 retained
𥭥	U+25B65	chōng	jiǎn chōng chóng	kMandarin17 retained
𥭭	U+25B6D	cuō	cuō cuó	kMandarin17 retained
𥮨	U+25BA8	còng	cōng	kMandarin17 retained
𥮾	U+25BBE	cǎn	zān cǎn cēn	kMandarin17 retained
𥯝	U+25BDD	tū	tú	kMandarin17 retained
𥯦	U+25BE6	jiàn	jiǎn	kMandarin17 retained
𥰝	U+25C1D	xī	xí	kMandarin17 retained
𥰞	U+25C1E	chōu	chōu shù sǒu	kMandarin17 retained
𥰠	U+25C20	lǘ	lǚ	kMandarin17 retained
𥰭	U+25C2D	cuō	zhǎ shǎn cī cuó	kMandarin17 retained
𥰰	U+25C30	shì	dié shì shé yè	kMandarin17 retained
𥰾	U+25C3E	zhài	zhà zhài	kMandarin17 retained
𥱵	U+25C75	huì	huì xí	kMandarin17 retained
𥱼	U+25C7C	pái	bēi pái pí	kMandarin17 retained
𥱽	U+25C7D	juàn	juàn jùn	kMandarin17 retained
𥲣	U+25CA3	tuì	cuì	kMandarin17 retained
𥳋	U+25CCB	zàn	zān zàn cēn	kMandarin17 retained
𥳔	U+25CD4	duò	duǒ duò zhuā	kMandarin17 retained
𥳠	U+25CE0	dì	dì chí	kMandarin17 retained
𥳸	U+25CF8	dàn	dǎn	kMandarin17 retained
𥴤	U+25D24	qián	jiàn qián	kMandarin17 retained
𥴫	U+25D2B	tún	diàn tún	kMandarin17 retained
𥴭	U+25D2D	qià	jié qià	kMandarin17 retained
𥴯	U+25D2F	huì	kuǐ	kMandarin17 retained
𥶇	U+25D87	lǔ	lǚ	kMandarin17 retained
𥶈	U+25D88	zōu	zòu	kMandarin17 retained
𥶶	U+25DB6	qū	qú	kMandarin17 retained
𥷄	U+25DC4	nǐ	nǐ niè	kMandarin17 retained
𥷚	U+25DDA	jū	jú	kMandarin17 retained
𥷩	U+25DE9	zá	shāo shǎo shuò zá	kMandarin17 retained
𥷪	U+25DEA	qián	qiān	kMandarin17 retained
𥷮	U+25DEE	zhuó	zhuó chāo	kMandarin17 retained
𥸵	U+25E35	tún	dùn tún	kMandarin17 retained
𥹊	U+25E4A	sì	sī sì	kMandarin17 retained
𥹖	U+25E56	pǒ	pǒu	kMandarin17 retained
𥹳	U+25E73	quǎn	huán quǎn qǔn	kMandarin17 retained
𥹴	U+25E74	bù	bū bù	kMandarin17 retained
𥺅	U+25E85	dào	dào chóu	kMandarin17 retained
𥺙	U+25E99	líng	līng	kMandarin17 retained
𥺚	U+25E9A	xí	xī	kMandarin17 retained
𥺞	U+25E9E	zhōu	zhōu zhù yù	kMandarin17 retained
𥻋	U+25ECB	lín	lín lǐn	kMandarin17 retained
𥻒	U+25ED2	cù	mǐ	kMandarin17 retained
𥻧	U+25EE7	xián	liǎn liàn jiān xián	kMandarin17 retained
𥻨	U+25EE8	sè	suǒ	kMandarin17 retained
𥻫	U+25EEB	fán	pó pān fān fán	kMandarin17 retained
𥼀	U+25F00	zú	cù	kMandarin17 retained
𥼚	U+25F1A	zhuō	zhuō zhuó	kMandarin17 retained
𥼭	U+25F2D	lín	líng	kMandarin17 retained
𥽈	U+25F48	fēng	fēng lǐ	kMandarin17 retained
𥽧	U+25F67	qū	qú	kMandarin17 retained
𥾍	U+25F8D	gǎn	gǎn gàn	kMandarin17 retained
𥾚	U+25F9A	gěng	dǎn gěng	kMandarin17 retained
𥾝	U+25F9D	miè	miè miǎn	kMandarin17 retained
𥾡	U+25FA1	xún	xuàn xún	kMandarin17 retained
𥾤	U+25FA4	xiáo	xiáo yáo	kMandarin17 retained
𥾨	U+25FA8	hú	gē hé	kMandarin17 retained
𥿃	U+25FC3	nà	ná nà	kMandarin17 retained
𥿅	U+25FC5	shì	sì	kMandarin17 retained
𥿉	U+25FC9	wà	mò wà	kMandarin17 retained
𥿋	U+25FCB	fán	biàn pó pián fán	kMandarin17 retained
𥿎	U+25FCE	yuān	wǎn yuān	kMandarin17 retained
𥿑	U+25FD1	guān	lún guān	kMandarin17 retained
𥿜	U+25FDC	zhǎn	zhěn	kMandarin17 retained
𥿫	U+25FEB	mí	mí yì wèi	kMandarin17 retained
𥿭	U+25FED	xì	xì xìng	kMandarin17 retained
𥿮	U+25FEE	zhì	zhī zhì shì	kMandarin17 retained
𥿷	U+25FF7	chào	zhòu	kMandarin17 retained
𦀓	U+26013	zēng	jiē zēng zèng	kMandarin17 retained
𦀘	U+26018	pī	bī pī pí	kMandarin17 retained
𦀠	U+26020	liú	tǒng liú	kMandarin17 retained
𦁄	U+26044	chēn	zhěn chēn	kMandarin17 retained
𦁆	U+26046	zhuàn	juàn zhuàn shuàn	kMandarin17 retained
𦂀	U+26080	dá	tà	kMandarin17 retained
𦂅	U+26085	xīng	xǐ xīng	kMandarin17 retained
𦂉	U+26089	zhǎ	zhá	kMandarin17 retained
𦃝	U+260DD	xì	xì xié	kMandarin17 retained
𦃤	U+260E4	mù	móu	kMandarin17 retained
𦄂	U+26102	dài	fēi	kMandarin17 retained
𦄐	U+26110	kǔn	mí kǔn	kMandarin17 retained
𦄼	U+2613C	xū	xié xǔ	kMandarin17 retained
𦅃	U+26143	jiāo	jiāo qiāo	kMandarin17 retained
𦅊	U+2614A	suǒ	zuó	kMandarin17 retained
𦅏	U+2614F	xū	xū rú	kMandarin17 retained
𦅶	U+26176	là	là liè	kMandarin17 retained
𦅷	U+26177	zhǔ	zhù	kMandarin17 retained
𦆀	U+26180	chǎn	xiàn	kMandarin17 retained
𦆈	U+26188	zuǎn	xī zuī zuǎn	kMandarin17 retained
𦇁	U+261C1	fū	fū fù	kMandarin17 retained
𦇄	U+261C4	lěi	léi lěi	kMandarin17 retained
𦇬	U+261EC	yào	lì yào	kMandarin17 retained
𦈉	U+26209	yùn	gǔn yùn	kMandarin17 retained
𦈋	U+2620B	xiǔ	xū	kMandarin17 retained
𦈎	U+2620E	chǎn	chán chǎn	kMandarin17 retained
𦈏	U+2620F	mín	zùn	kMandarin17 retained
𦈕	U+26215	tóu	tōu xū shū	kMandarin17 retained
𦈖	U+26216	tā	tà	kMandarin17 retained
𦈙	U+26219	niè	huàn	kMandarin17 retained
𦈟	U+2621F	jīn	jīn jìn	kMandarin17 retained
𦈠	U+26220	yǐn	lì liè	kMandarin17 retained
𦈡	U+26221	xū	rú	kMandarin17 retained
𦈵	U+26235	xíng	jiān xíng	kMandarin17 retained
𦉆	U+26246	chá	chā chá	kMandarin17 retained
𦉙	U+26259	biàn	qiàn	kMandarin17 retained
𦉬	U+2626C	tīng	tīng tǐng	kMandarin17 retained
𦊧	U+262A7	hú	hū	kMandarin17 retained
𦊾	U+262BE	fú	fóu	kMandarin17 retained
𦊿	U+262BF	liú	liú liǔ	kMandarin17 retained
𦋅	U+262C5	xié	xī	kMandarin17 retained
𦌀	U+26300	shèn	lín shèn	kMandarin17 retained
𦌬	U+2632C	wǔ	wú wǔ	kMandarin17 retained
𦌷	U+26337	dú	zhù	kMandarin17 retained
𦌿	U+2633F	shī	lí lì shī sī	kMandarin17 retained
𦍌	U+2634C	rèn	xiáng yáng	kMandarin17 retained
𦍒	U+26352	tà	dá xìng	kMandarin17 retained
𦍦	U+26366	duō	duò	kMandarin17 retained
𦍲	U+26372	xiáng	yáng yǎng	kMandarin17 retained
𦎈	U+26388	xiáng	xiè	kMandarin17 retained
𦎝	U+2639D	yì	gāo yì	kMandarin17 retained
𦎰	U+263B0	gú	gǔ	kMandarin17 retained
𦏱	U+263F1	yǎng	chài yǎng	kMandarin17 retained
𦏸	U+263F8	yì	chí	kMandarin17 retained
𦏺	U+263FA	hóng	gōng hóng	kMandarin17 retained
𦏻	U+263FB	yú	yú yù	kMandarin17 retained
𦐛	U+2641B	qú	hóu qú yù	kMandarin17 retained
𦐣	U+26423	shū	chū	kMandarin17 retained
𦐦	U+26426	pò	pò luò	kMandarin17 retained
𦐨	U+26428	cǐ	chǐ	kMandarin17 retained
𦑚	U+2645A	hóu	hóu hòu	kMandarin17 retained
𦑡	U+26461	chí	chī chí	kMandarin17 retained
𦑣	U+26463	chá	chā	kMandarin17 retained
𦑱	U+26471	zhái	huò	kMandarin17 retained
𦑻	U+2647B	dá	dā	kMandarin17 retained
𦒏	U+2648F	hé	gé hé	kMandarin17 retained
𦓔	U+264D4	ér	xū ér	kMandarin17 retained
𦓱	U+264F1	gè	gé	kMandarin17 retained
𦓾	U+264FE	lǔn	lǔn kǔn jǔn	kMandarin17 retained
𦔉	U+26509	zhòng	zhǒng zhòng	kMandarin17 retained
𦔎	U+2650E	cè	jí cè	kMandarin17 retained
𦔔	U+26514	mán	mán màn	kMandarin17 retained
𦔫	U+2652B	chì	yì	kMandarin17 retained
𦔮	U+2652E	zhé	yì	kMandarin17 retained
𦔹	U+26539	nài	nèi	kMandarin17 retained
𦕢	U+26562	tìng	tīng tìng	kMandarin17 retained
𦖀	U+26580	fū	pì piǎo	kMandarin17 retained
𦖍	U+2658D	huà	huò	kMandarin17 retained
𦖎	U+2658E	qiān	qián	kMandarin17 retained
𦖞	U+2659E	shēng	shēng wén	kMandarin17 retained
𦖩	U+265A9	liè	lié liè	kMandarin17 retained
𦖿	U+265BF	dā	dá	kMandarin17 retained
𦗍	U+265CD	ài	yè	kMandarin17 retained
𦗧	U+265E7	dā	dá	kMandarin17 retained
𦗳	U+265F3	náng	niáng nóng	kMandarin17 retained
𦘶	U+26636	xūn	xūn xùn	kMandarin17 retained
𦘸	U+26638	qì	gē qì	kMandarin17 retained
𦙂	U+26642	pēi	pēi pī	kMandarin17 retained
𦙆	U+26646	chǐ	chī	kMandarin17 retained
𦙊	U+2664A	qì	gē	kMandarin17 retained
𦙶	U+26676	gǔ	gǔ gōng	kMandarin17 retained
𦙹	U+26679	bàn	bì pàn	kMandarin17 retained
𦙺	U+2667A	jià	jiā	kMandarin17 retained
𦚈	U+26688	tuò	dū tuò	kMandarin17 retained
𦚓	U+26693	píng	pán pàn pāng pàng	kMandarin17 retained
𦚞	U+2669E	kuāng	kuàng	kMandarin17 retained
𦚣	U+266A3	hén	gēn hén	kMandarin17 retained
𦚥	U+266A5	hóu	yóu	kMandarin17 retained
𦛅	U+266C5	è	ān	kMandarin17 retained
𦛏	U+266CF	kú	kū	kMandarin17 retained
𦛓	U+266D3	jū	jú	kMandarin17 retained
𦛕	U+266D5	qū	qū xié	kMandarin17 retained
𦛜	U+266DC	hé	lǐng gé hán hàn qín	kMandarin17 retained
𦛞	U+266DE	yān	ā āng yān	kMandarin17 retained
𦛨	U+266E8	láo	ér	kMandarin17 retained
𦜃	U+26703	xù	hù	kMandarin17 retained
𦜆	U+26706	hán	hàn	kMandarin17 retained
𦜋	U+2670B	zhì	zhì zhè	kMandarin17 retained
𦜏	U+2670F	lì	lì lù	kMandarin17 retained
𦜐	U+26710	wǎn	guǎn wǎn	kMandarin17 retained
𦜓	U+26713	xìn	xìn chī	kMandarin17 retained
𦝣	U+26763	qià	kà kē ké hái qià	kMandarin17 retained
𦝤	U+26764	bàn	biàn	kMandarin17 retained
𦝥	U+26765	chā	zhá chā	kMandarin17 retained
𦞂	U+26782	dā	dā da	kMandarin17 retained
𦞇	U+26787	jǔ	yǔ	kMandarin17 retained
𦞙	U+26799	huǐ	duǐ	kMandarin17 retained
𦞞	U+2679E	hán	hán hàn	kMandarin17 retained
𦞣	U+267A3	sāo	sāo sào	kMandarin17 retained
𦞤	U+267A4	xìn	xìn zǐ	kMandarin17 retained
𦞦	U+267A6	huò	hè huò	kMandarin17 retained
𦞬	U+267AC	jīn	jiàn qián	kMandarin17 retained
𦞽	U+267BD	xī	jí wèi	kMandarin17 retained
𦟄	U+267C4	sǎng	sào sǎng	kMandarin17 retained
𦟛	U+267DB	chōng	chōng yōng yóng	kMandarin17 retained
𦠆	U+26806	sǔn	zhuàn sǔn	kMandarin17 retained
𦠞	U+2681E	bì	bèi bì	kMandarin17 retained
𦠪	U+2682A	xī	xí	kMandarin17 retained
𦡱	U+26871	yào	miǎo qú shào yào	kMandarin17 retained
𦡴	U+26874	chóu	zhǒu zhòu chóu	kMandarin17 retained
𦢊	U+2688A	báo	bō bó báo	kMandarin17 retained
𦢙	U+26899	chǎn	qiān	kMandarin17 retained
𦢯	U+268AF	xìn	xìn chī	kMandarin17 retained
𦢿	U+268BF	wěi	juǎn zuī wěi	kMandarin17 retained
𦣀	U+268C0	nà	nà niè zhé	kMandarin17 retained
𦣋	U+268CB	luán	lüán	kMandarin17 retained
𦣏	U+268CF	luán	luán lüán	kMandarin17 retained
𦣜	U+268DC	yuè	yuē	kMandarin17 retained
𦣩	U+268E9	wǎng	guàng	kMandarin17 retained
𦣺	U+268FA	bái	bó bái	kMandarin17 retained
𦤊	U+2690A	rú	niù nǜ	kMandarin17 retained
𦤚	U+2691A	bó	bá bó	kMandarin17 retained
𦤦	U+26926	hài	hè hài ài	kMandarin17 retained
𦤧	U+26927	zhài	chài	kMandarin17 retained
𦤪	U+2692A	yè	hè hài ài	kMandarin17 retained
𦤬	U+2692C	hài	xiè	kMandarin17 retained
𦥂	U+26942	ǎi	ǎi ài	kMandarin17 retained
𦥊	U+2694A	chì	zhì	kMandarin17 retained
𦥏	U+2694F	zhì	zhí zhì	kMandarin17 retained
𦥯	U+2696F	xué	tuán	kMandarin17 retained
𦦄	U+26984	qiǔ	xiǔ	kMandarin17 retained
𦦕	U+26995	xiá	shà	kMandarin17 retained
𦦹	U+269B9	zuó	záo zuò	kMandarin17 retained
𦦽	U+269BD	juàn	fàn juàn	kMandarin17 retained
𦧔	U+269D4	kuò	guā	kMandarin17 retained
𦧡	U+269E1	yǎn	tiàn yǎn	kMandarin17 retained
𦧢	U+269E2	tiè	tà tiē tiè	kMandarin17 retained
𦧤	U+269E4	tiè	tà tiē tiè	kMandarin17 retained
𦧮	U+269EE	jiá	guā	kMandarin17 retained
𦧱	U+269F1	tà	tà tiē	kMandarin17 retained
𦨚	U+26A1A	quǎn	bō bān pán tài quǎn	kMandarin17 retained
𦨜	U+26A1C	gē	gě	kMandarin17 retained
𦨣	U+26A23	diāo	dāo	kMandarin17 retained
𦨩	U+26A29	lóng	zhì chí	kMandarin17 retained
𦩤	U+26A64	tū	tú	kMandarin17 retained
𦩫	U+26A6B	dèng	dèng téng	kMandarin17 retained
𦩱	U+26A71	shéng	chéng shéng	kMandarin17 retained
𦩴	U+26A74	ái	āi ái	kMandarin17 retained
𦪑	U+26A91	fá	bō	kMandarin17 retained
𦪗	U+26A97	huáng	héng	kMandarin17 retained
𦪱	U+26AB1	jì	jǐ jì	kMandarin17 retained
𦫀	U+26AC0	téng	tēng téng	kMandarin17 retained
𦫫	U+26AEB	ǎng	yǎng	kMandarin17 retained
𦫶	U+26AF6	jiāo	jiāo jiū qiú	kMandarin17 retained
𦬗	U+26B17	guō	gē	kMandarin17 retained
𦬘	U+26B18	gōng	gōng zhōng sōng	kMandarin17 retained
𦬙	U+26B19	pū	pú	kMandarin17 retained
𦬹	U+26B39	dá	dá dàn	kMandarin17 retained
𦬺	U+26B3A	xiòng	huǎng xiǒng	kMandarin17 retained
𦭯	U+26B6F	lǚ	lóu lǚ	kMandarin17 retained
𦭸	U+26B78	chóu	zhōu	kMandarin17 retained
𦭺	U+26B7A	jiū	jiāo jiū	kMandarin17 retained
𦭼	U+26B7C	piǎo	bì piǎo	kMandarin17 retained
𦯍	U+26BCD	zhè	zhé	kMandarin17 retained
𦯑	U+26BD1	zào	zào cǎo	kMandarin17 retained
𦯒	U+26BD2	yǎng	áng yǎng	kMandarin17 retained
𦯫	U+26BEB	zhī	chī	kMandarin17 retained
𦰏	U+26C0F	diào	tiáo	kMandarin17 retained
𦰙	U+26C19	bì	bì jiāo jiū	kMandarin17 retained
𦱊	U+26C4A	zhēng	chéng	kMandarin17 retained
𦱒	U+26C52	mù	mò mù	kMandarin17 retained
𦱔	U+26C54	bì	bì cōng	kMandarin17 retained
𦱜	U+26C5C	xiào	dì xiào sháo shuò yào	kMandarin17 retained
𦱠	U+26C60	jiū	jiāo jiū	kMandarin17 retained
𦳁	U+26CC1	hào	mào hào	kMandarin17 retained
𦳃	U+26CC3	xié	tú xié yé	kMandarin17 retained
𦳋	U+26CCB	kuǎi	guài kuǎi kuài	kMandarin17 retained
𦳌	U+26CCC	jī	jí	kMandarin17 retained
𦳐	U+26CD0	nài	nà nài	kMandarin17 retained
𦳘	U+26CD8	chá	jū jǔ chá	kMandarin17 retained
𦳝	U+26CDD	tāng	tāng chāng	kMandarin17 retained
𦳲	U+26CF2	jìng	jìng qíng	kMandarin17 retained
𦳳	U+26CF3	zhēn	qín zhēn	kMandarin17 retained
𦳺	U+26CFA	bá	bá bèi	kMandarin17 retained
𦴇	U+26D07	qióng	qióng yíng	kMandarin17 retained
𦴔	U+26D14	méng	méng miè	kMandarin17 retained
𦵡	U+26D61	xiōng	qiōng qióng xiōng	kMandarin17 retained
𦵩	U+26D69	zāo	qiú zāo	kMandarin17 retained
𦵬	U+26D6C	zù	zuò	kMandarin17 retained
𦵿	U+26D7F	pōu	pōu pǒu fǔ	kMandarin17 retained
𦶇	U+26D87	rǒng	ruǎn rǒng	kMandarin17 retained
𦷲	U+26DF2	xì	xí xì	kMandarin17 retained
𦸈	U+26E08	guó	guā guó	kMandarin17 retained
𦸉	U+26E09	qià	qiā qià	kMandarin17 retained
𦸏	U+26E0F	suī	suō suī	kMandarin17 retained
𦸗	U+26E17	qí	qī	kMandarin17 retained
𦸣	U+26E23	bǐ	bēi bì	kMandarin17 retained
𦸯	U+26E2F	shēn	xīn shēn	kMandarin17 retained
𦸶	U+26E36	qū	chuā	kMandarin17 retained
𦺉	U+26E89	fū	fù	kMandarin17 retained
𦺊	U+26E8A	guān	guān guǎn wān wǎn	kMandarin17 retained
𦺍	U+26E8D	jiǎn	jiàn qián	kMandarin17 retained
𦺑	U+26E91	bèng	běng	kMandarin17 retained
𦺒	U+26E92	mòu	mào	kMandarin17 retained
𦺜	U+26E9C	lào	láo lào	kMandarin17 retained
𦺪	U+26EAA	shǔ	zhū chú shǔ	kMandarin17 retained
𦺰	U+26EB0	tāo	diào tiāo	kMandarin17 retained
𦺵	U+26EB5	chù	chù zōu cuán cóng	kMandarin17 retained
𦺸	U+26EB8	lìn	lín lìn	kMandarin17 retained
𦻀	U+26EC0	tí	tái tí	kMandarin17 retained
𦻕	U+26ED5	yǐn	lú	kMandarin17 retained
𦼮	U+26F2E	gǎn	gǎn gàn	kMandarin17 retained
𦼰	U+26F30	qiè	hé qiè ǎi ǒu	kMandarin17 retained
𦼵	U+26F35	hé	hé qiè	kMandarin17 retained
𦼹	U+26F39	bǐng	bǐn	kMandarin17 retained
𦼻	U+26F3B	méi	méi wéi	kMandarin17 retained
𦼿	U+26F3F	dūn	duī dūn	kMandarin17 retained
𦽔	U+26F54	jìn	jīn	kMandarin17 retained
𦽖	U+26F56	qūn	jùn qūn	kMandarin17 retained
𦽞	U+26F5E	wàn	luàn wàn	kMandarin17 retained
𦽟	U+26F5F	biǎn	biǎn piān	kMandarin17 retained
𦽮	U+26F6E	bó	bù	kMandarin17 retained
𦾙	U+26F99	bèi	bài	kMandarin17 retained
𦾬	U+26FAC	zā	zá	kMandarin17 retained
𦾭	U+26FAD	bǎng	bàng	kMandarin17 retained
𦾮	U+26FAE	gàn	gǎn gàn	kMandarin17 retained
𦾳	U+26FB3	liē	liè	kMandarin17 retained
𦾷	U+26FB7	lù	liāo lù	kMandarin17 retained
𦾾	U+26FBE	yáo	yáo yào	kMandarin17 retained
𦿋	U+26FCB	qiè	qì qiè è ǎi ǒu	kMandarin17 retained
𦿏	U+26FCF	méng	méng mèng	kMandarin17 retained
𦿓	U+26FD3	jī	jī jí	kMandarin17 retained
𧀅	U+27005	miè	mò miè	kMandarin17 retained
𧀗	U+27017	zī	zī zāi	kMandarin17 retained
𧀮	U+2702E	fū	fū fù	kMandarin17 retained
𧀱	U+27031	chài	dài dì chài	kMandarin17 retained
𧀵	U+27035	jiàn	jiān jiàn shān shǎn	kMandarin17 retained
𧁿	U+2707F	dú	dú shǔ	kMandarin17 retained
𧂅	U+27085	sēn	shēn	kMandarin17 retained
𧂇	U+27087	tán	tán xún	kMandarin17 retained
𧂍	U+2708D	zhuàn	sūn	kMandarin17 retained
𧂔	U+27094	hù	hú	kMandarin17 retained
𧃏	U+270CF	chù	chù cǎn	kMandarin17 retained
𧃠	U+270E0	yú	yú yù	kMandarin17 retained
𧃮	U+270EE	lín	lín lìn	kMandarin17 retained
𧄑	U+27111	kuì	guì	kMandarin17 retained
𧄔	U+27114	shǔ	zhū shǔ	kMandarin17 retained
𧄹	U+27139	shí	shì	kMandarin17 retained
𧅃	U+27143	āo	áo	kMandarin17 retained
𧅈	U+27148	diào	dí diào	kMandarin17 retained
𧆏	U+2718F	mǎn	mán mǎn	kMandarin17 retained
𧆑	U+27191	huò	huò suǐ	kMandarin17 retained
𧆜	U+2719C	xū	nüè hū hú yào	kMandarin17 retained
𧇈	U+271C8	zù	zù zuò	kMandarin17 retained
𧇍	U+271CD	xiā	hū xià	kMandarin17 retained
𧇥	U+271E5	bān	biāo bīn	kMandarin17 retained
𧇱	U+271F1	yán	xián yán	kMandarin17 retained
𧇷	U+271F7	dǐng	díng	kMandarin17 retained
𧈈	U+27208	sè	xiè sē	kMandarin17 retained
𧈍	U+2720D	xì	qì	kMandarin17 retained
𧈗	U+27217	kè	gé	kMandarin17 retained
𧈧	U+27227	suī	méng suī	kMandarin17 retained
𧈹	U+27239	zǎo	dà	kMandarin17 retained
𧈼	U+2723C	xī	lì	kMandarin17 retained
𧉂	U+27242	tiǎn	tián tiǎn cán	kMandarin17 retained
𧉇	U+27247	huī	huī huǐ	kMandarin17 retained
𧉈	U+27248	fóu	fú	kMandarin17 retained
𧉓	U+27253	dù	yú	kMandarin17 retained
𧉢	U+27262	xué	xuè	kMandarin17 retained
𧉥	U+27265	běi	bò	kMandarin17 retained
𧉧	U+27267	qǔ	jié qù cú	kMandarin17 retained
𧉮	U+2726E	shé	shé yí	kMandarin17 retained
𧊇	U+27287	dài	tè	kMandarin17 retained
𧊖	U+27296	shì	zhì shì	kMandarin17 retained
𧊛	U+2729B	qú	gǒu hǒu qú	kMandarin17 retained
𧊧	U+272A7	gé	gé há è	kMandarin17 retained
𧊬	U+272AC	hé	hè	kMandarin17 retained
𧊯	U+272AF	hòng	yǔn	kMandarin17 retained
𧋉	U+272C9	qī	qī xī	kMandarin17 retained
𧋊	U+272CA	shā	shā suō	kMandarin17 retained
𧋍	U+272CD	dì	dì xī xué shé	kMandarin17 retained
𧋐	U+272D0	xí	xī	kMandarin17 retained
𧋒	U+272D2	tóng	tóng xióng	kMandarin17 retained
𧋗	U+272D7	chí	dǐ qí chí	kMandarin17 retained
𧋠	U+272E0	lí	lí lǐ	kMandarin17 retained
𧋲	U+272F2	běi	bǎi	kMandarin17 retained
𧌄	U+27304	è	è yè	kMandarin17 retained
𧌊	U+2730A	xiè	xū	kMandarin17 retained
𧌋	U+2730B	xiè	xiè xū	kMandarin17 retained
𧌌	U+2730C	xiū	yóu	kMandarin17 retained
𧌐	U+27310	cì	xī cì sù	kMandarin17 retained
𧌑	U+27311	qū	qū zhuó	kMandarin17 retained
𧌖	U+27316	xiè	xiè xū	kMandarin17 retained
𧌗	U+27317	zǒu	zhǒu	kMandarin17 retained
𧌘	U+27318	fèi	féi fèi	kMandarin17 retained
𧌠	U+27320	piāo	pí piāo	kMandarin17 retained
𧍒	U+27352	chuǎn	chuǐ chuǎn	kMandarin17 retained
𧍓	U+27353	shuài	shuò shuài	kMandarin17 retained
𧍘	U+27358	yōu	yōu yǒu	kMandarin17 retained
𧍝	U+2735D	dì	dì tí chí	kMandarin17 retained
𧍢	U+27362	yán	yǎn	kMandarin17 retained
𧍨	U+27368	sāng	juàn sāng	kMandarin17 retained
𧍿	U+2737F	diàn	tíng	kMandarin17 retained
𧎘	U+27398	yán	yǎn	kMandarin17 retained
𧎪	U+273AA	qí	qí wén	kMandarin17 retained
𧎴	U+273B4	zhé	dì xī xué zhē zhé	kMandarin17 retained
𧎻	U+273BB	wù	máo wù	kMandarin17 retained
𧏆	U+273C6	dǒu	dǒu kē	kMandarin17 retained
𧏗	U+273D7	cī	jí cī	kMandarin17 retained
𧏸	U+273F8	zhí	zhī shāng	kMandarin17 retained
𧏺	U+273FA	xù	xū	kMandarin17 retained
𧏿	U+273FF	zhú	yóu	kMandarin17 retained
𧐄	U+27404	yù	yú	kMandarin17 retained
𧐅	U+27405	qū	jū qū	kMandarin17 retained
𧐊	U+2740A	zhāng	zhāng cháng	kMandarin17 retained
𧐌	U+2740C	wěi	suī suí	kMandarin17 retained
𧐐	U+27410	jī	jí jì zé	kMandarin17 retained
𧐔	U+27414	xí	xí yì	kMandarin17 retained
𧐕	U+27415	tuán	tuán zhuān	kMandarin17 retained
𧐖	U+27416	lián	lián liàn	kMandarin17 retained
𧐱	U+27431	cóng	zōng	kMandarin17 retained
𧑆	U+27446	zhōng	zhōng chóng	kMandarin17 retained
𧑗	U+27457	nìng	níng nìng	kMandarin17 retained
𧑙	U+27459	zú	sù	kMandarin17 retained
𧑧	U+27467	zhé	zhè	kMandarin17 retained
𧒎	U+2748E	é	é yǐ	kMandarin17 retained
𧒓	U+27493	sè	pí xī	kMandarin17 retained
𧒕	U+27495	qī	qī qì	kMandarin17 retained
𧒭	U+274AD	wèi	má	kMandarin17 retained
𧒿	U+274BF	zéi	zé zéi	kMandarin17 retained
𧓔	U+274D4	jīng	qīng	kMandarin17 retained
𧓖	U+274D6	féi	fèi	kMandarin17 retained
𧓲	U+274F2	yǎng	yáng	kMandarin17 retained
𧓽	U+274FD	lì	lài lì chài	kMandarin17 retained
𧓿	U+274FF	máo	máo móu	kMandarin17 retained
𧔦	U+27526	yè	yē	kMandarin17 retained
𧔨	U+27528	máo	móu	kMandarin17 retained
𧔬	U+2752C	dù	dú dǔ dù	kMandarin17 retained
𧔳	U+27533	tuó	xiū	kMandarin17 retained
𧔷	U+27537	jìn	xiān	kMandarin17 retained
𧔼	U+2753C	é	ế	kMandarin17 retained
𧕉	U+27549	qī	xī	kMandarin17 retained
𧕨	U+27568	zàng	cāng	kMandarin17 retained
𧕯	U+2756F	lí	lí sī	kMandarin17 retained
𧕿	U+2757F	fěi	fēi fěi	kMandarin17 retained
𧖇	U+27587	yǒng	yōng	kMandarin17 retained
𧖑	U+27591	qiáng	jiàng qiáng qiǎng	kMandarin17 retained
𧖔	U+27594	lìn	mín lìn	kMandarin17 retained
𧖘	U+27598	luán	lüán	kMandarin17 retained
𧖷	U+275B7	nì	nì nǚ nǜ	kMandarin17 retained
𧗈	U+275C8	n	nù	kMandarin17 retained
𧗎	U+275CE	zú	jú	kMandarin17 retained
𧗏	U+275CF	huǐ	mò mèi huì	kMandarin17 retained
𧗪	U+275EA	yù	qú zhēng zhèng yà yù	kMandarin17 retained
𧗱	U+275F1	shù	shù suì	kMandarin17 retained
𧗲	U+275F2	zhēng	zhǐ zhēng	kMandarin17 retained
𧗹	U+275F9	xìn	xiān xìn	kMandarin17 retained
𧘂	U+27602	chōng	chōng chòng	kMandarin17 retained
𧘑	U+27611	zhuó	pào zhuó	kMandarin17 retained
𧘟	U+2761F	pō	bá bō pō fèi fú	kMandarin17 retained
𧙀	U+27640	là	lā	kMandarin17 retained
𧙁	U+27641	zhì	zhǐ zǐ	kMandarin17 retained
𧙄	U+27644	bō	bō fèi fú	kMandarin17 retained
𧙇	U+27647	yòng	dǎn yòng	kMandarin17 retained
𧙉	U+27649	lì	biǎo lì	kMandarin17 retained
𧙝	U+2765D	ché	chè	kMandarin17 retained
𧚉	U+27689	cūn	qūn	kMandarin17 retained
𧚏	U+2768F	cuò	chuò	kMandarin17 retained
𧚨	U+276A8	qì	qì qiè shà	kMandarin17 retained
𧚫	U+276AB	qiàn	jīng qiàn	kMandarin17 retained
𧛔	U+276D4	dú	dǔ	kMandarin17 retained
𧛡	U+276E1	shān	shān cān sāo sān	kMandarin17 retained
𧜁	U+27701	shài	shā shǎi shài	kMandarin17 retained
𧜠	U+27720	shuài	shuò	kMandarin17 retained
𧜤	U+27724	yī	yì	kMandarin17 retained
𧜭	U+2772D	shǔ	shú shǔ	kMandarin17 retained
𧜱	U+27731	cuì	cuò cuì	kMandarin17 retained
𧜵	U+27735	xiè	zhuó	kMandarin17 retained
𧝎	U+2774E	chōng	chuáng chōng chóng	kMandarin17 retained
𧝝	U+2775D	lǎi	tuó	kMandarin17 retained
𧝬	U+2776C	bié	bì bié	kMandarin17 retained
𧝷	U+27777	kuì	guì	kMandarin17 retained
𧞀	U+27780	shù	dòu shù	kMandarin17 retained
𧞍	U+2778D	niè	ná	kMandarin17 retained
𧞝	U+2779D	jiē	jiè	kMandarin17 retained
𧞪	U+277AA	là	là liè	kMandarin17 retained
𧞬	U+277AC	jié	xiān	kMandarin17 retained
𧞰	U+277B0	zú	chǔ cù	kMandarin17 retained
𧞸	U+277B8	wéi	suì wéi	kMandarin17 retained
𧟃	U+277C3	xié	xī	kMandarin17 retained
𧟨	U+277E8	xuán	xiān xuán	kMandarin17 retained
𧠎	U+2780E	cì	cī cì	kMandarin17 retained
𧠝	U+2781D	zhěn	zhēn zhěn	kMandarin17 retained
𧠢	U+27822	qū	qù xū	kMandarin17 retained
𧠣	U+27823	shū	bìn pǐ piē miè shū	kMandarin17 retained
𧠩	U+27829	hū	gū	kMandarin17 retained
𧠫	U+2782B	zhì	dí zhí	kMandarin17 retained
𧡣	U+27863	cóu	zòu cóu	kMandarin17 retained
𧡩	U+27869	huǎn	quán xì	kMandarin17 retained
𧡫	U+2786B	guì	jì	kMandarin17 retained
𧡮	U+2786E	shǎng	shuǎng	kMandarin17 retained
𧢃	U+27883	lóu	lōu lóu lǘ	kMandarin17 retained
𧢒	U+27892	wéi	wěi	kMandarin17 retained
𧢦	U+278A6	kuī	guì kuī kuí	kMandarin17 retained
𧢹	U+278B9	shēn	jīn shēn	kMandarin17 retained
𧣖	U+278D6	tuó	tuó kē	kMandarin17 retained
𧣪	U+278EA	shǎo	shǎo shào	kMandarin17 retained
𧣺	U+278FA	nuò	nuò chuò	kMandarin17 retained
𧣾	U+278FE	zhì	jiàn zhì	kMandarin17 retained
𧤍	U+2790D	chì	tì	kMandarin17 retained
𧤜	U+2791C	nè	nè lì wò	kMandarin17 retained
𧤤	U+27924	xī	hù huò	kMandarin17 retained
𧤯	U+2792F	guó	guó yuè	kMandarin17 retained
𧤽	U+2793D	yuè	jiàn yuè	kMandarin17 retained
𧥕	U+27955	zī	zī zuī	kMandarin17 retained
𧥖	U+27956	lí	lí xǐ	kMandarin17 retained
𧥚	U+2795A	fó	fó fú	kMandarin17 retained
𧥣	U+27963	kòu	kǒu kòu	kMandarin17 retained
𧥷	U+27977	rén	qì	kMandarin17 retained
𧥺	U+2797A	jùn	hōng yùn	kMandarin17 retained
𧦚	U+2799A	hù	dǐ	kMandarin17 retained
𧦝	U+2799D	hū	hào hū	kMandarin17 retained
𧦧	U+279A7	yí	tuō tuó yí	kMandarin17 retained
𧦭	U+279AD	tuō	tuó xī yí	kMandarin17 retained
𧧅	U+279C5	shì	jiàn shì	kMandarin17 retained
𧧉	U+279C9	tuó	tuō	kMandarin17 retained
𧧏	U+279CF	rè	rě rè	kMandarin17 retained
𧧵	U+279F5	shǎn	jiá	kMandarin17 retained
𧨂	U+27A02	hè	hé	kMandarin17 retained
𧨄	U+27A04	yuē	xū é yú yuē	kMandarin17 retained
𧨆	U+27A06	wū	huāng huǎng wū wú	kMandarin17 retained
𧨈	U+27A08	líng	líng wū wú	kMandarin17 retained
𧨟	U+27A1F	è	ề	kMandarin17 retained
𧨸	U+27A38	tián	tiǎn	kMandarin17 retained
𧩫	U+27A6B	zhā	zhā chà	kMandarin17 retained
𧩮	U+27A6E	xiǎo	xiǎo sǒu	kMandarin17 retained
𧩱	U+27A71	bèng	běng	kMandarin17 retained
𧩴	U+27A74	chī	chī chì	kMandarin17 retained
𧩶	U+27A76	qià	kà	kMandarin17 retained
𧩹	U+27A79	shī	shī yǐ	kMandarin17 retained
𧩼	U+27A7C	chì	zhǐ chì	kMandarin17 retained
𧪘	U+27A98	chài	chài cuò	kMandarin17 retained
𧪞	U+27A9E	hé	gě hé	kMandarin17 retained
𧪡	U+27AA1	chī	chí	kMandarin17 retained
𧪮	U+27AAE	xū	huá xū yú	kMandarin17 retained
𧫠	U+27AE0	jī	qī	kMandarin17 retained
𧬅	U+27B05	zhā	zhā shé	kMandarin17 retained
𧬈	U+27B08	xì	xī	kMandarin17 retained
𧬊	U+27B0A	xì	xī sī	kMandarin17 retained
𧬋	U+27B0B	fà	fā	kMandarin17 retained
𧬏	U+27B0F	mǔ	mǎng mǔ	kMandarin17 retained
𧬬	U+27B2C	yá	yà	kMandarin17 retained
𧬰	U+27B30	xiàng	xiǎng	kMandarin17 retained
𧬱	U+27B31	hè	hē	kMandarin17 retained
𧭃	U+27B43	dàn	dān dàn	kMandarin17 retained
𧭈	U+27B48	níng	níng nìng	kMandarin17 retained
𧭍	U+27B4D	zhòu	zòu	kMandarin17 retained
𧭦	U+27B66	juàn	juàn xuān	kMandarin17 retained
𧮆	U+27B86	yīng	yíng	kMandarin17 retained
𧮈	U+27B88	jiǎn	jiǎn qiān	kMandarin17 retained
𧮒	U+27B92	yī	yī yì	kMandarin17 retained
𧮪	U+27BAA	zhān	diān zhān zhàn chè	kMandarin17 retained
𧮬	U+27BAC	zhēn	jué zhēn	kMandarin17 retained
𧮭	U+27BAD	jí	qiú	kMandarin17 retained
𧮰	U+27BB0	hān	gǔ hān hán	kMandarin17 retained
𧮳	U+27BB3	hān	gǔ hān hán	kMandarin17 retained
𧮻	U+27BBB	chóu	xiāo chóu	kMandarin17 retained
𧮼	U+27BBC	tài	qí	kMandarin17 retained
𧯆	U+27BC6	huò	hè huá huō huò	kMandarin17 retained
𧯉	U+27BC9	hè	hè huá huō huò	kMandarin17 retained
𧯡	U+27BE1	wān	wān yuè	kMandarin17 retained
𧯫	U+27BEB	zhēng	zhēng zhèng	kMandarin17 retained
𧯯	U+27BEF	qí	jī qí	kMandarin17 retained
𧯱	U+27BF1	huò	yù	kMandarin17 retained
𧰲	U+27C32	chǐ	tuàn chǐ shǐ	kMandarin17 retained
𧰴	U+27C34	hǔ	hòu	kMandarin17 retained
𧰵	U+27C35	dū	dú zhuó	kMandarin17 retained
𧱐	U+27C50	xiào	xiāo xiào	kMandarin17 retained
𧱒	U+27C52	zhī	zhī zhuō	kMandarin17 retained
𧱝	U+27C5D	jué	jué jùn	kMandarin17 retained
𧱰	U+27C70	zhuō	zhuó	kMandarin17 retained
𧲀	U+27C80	qiān	jiān	kMandarin17 retained
𧲅	U+27C85	céng	zēng	kMandarin17 retained
𧲢	U+27CA2	zhé	máo zhé	kMandarin17 retained
𧲦	U+27CA6	wán	mò hé háo wán	kMandarin17 retained
𧲿	U+27CBF	gòu	gǒu	kMandarin17 retained
𧳀	U+27CC0	biào	biào nǎo	kMandarin17 retained
𧳅	U+27CC5	shì	shǐ shì	kMandarin17 retained
𧳆	U+27CC6	tōng	tóng	kMandarin17 retained
𧳏	U+27CCF	péi	péi pī	kMandarin17 retained
𧳐	U+27CD0	huī	huī xī	kMandarin17 retained
𧳟	U+27CDF	lái	mào lái lí	kMandarin17 retained
𧳠	U+27CE0	bì	bèi bǐ	kMandarin17 retained
𧳨	U+27CE8	rǎo	ráo rǎo	kMandarin17 retained
𧳩	U+27CE9	tuàn	tuān tuàn	kMandarin17 retained
𧳫	U+27CEB	yóu	lěi qiú yóu yòu wèi	kMandarin17 retained
𧳸	U+27CF8	gú	gǔ	kMandarin17 retained
𧴁	U+27D01	chī	lí chī	kMandarin17 retained
𧴄	U+27D04	yōng	yóng	kMandarin17 retained
𧴎	U+27D0E	biào	piào	kMandarin17 retained
𧴕	U+27D15	biào	piǎo	kMandarin17 retained
𧴖	U+27D16	wèi	huì	kMandarin17 retained
𧵊	U+27D4A	hān	biāo tàn hān hàn	kMandarin17 retained
𧵎	U+27D4E	gǔ	gǔ jiǎ	kMandarin17 retained
𧵣	U+27D63	xiōng	mín xīng	kMandarin17 retained
𧵤	U+27D64	cái	zhǔ zhù cái	kMandarin17 retained
𧵬	U+27D6C	mì	mì shèn	kMandarin17 retained
𧵳	U+27D73	shé	shí	kMandarin17 retained
𧶡	U+27DA1	mì	mì fú	kMandarin17 retained
𧶲	U+27DB2	duǎn	duǎn zhuàn	kMandarin17 retained
𧶵	U+27DB5	chà	chā	kMandarin17 retained
𧶷	U+27DB7	zé	jī zé	kMandarin17 retained
𧷡	U+27DE1	lóu	lòu	kMandarin17 retained
𧸖	U+27E16	zhuàn	zhuàn zuàn	kMandarin17 retained
𧸗	U+27E17	xué	xuè	kMandarin17 retained
𧸘	U+27E18	liàn	biǎn tǎn liàn	kMandarin17 retained
𧸾	U+27E3E	quǎn	bào	kMandarin17 retained
𧹈	U+27E48	réng	bèi réng	kMandarin17 retained
𧹗	U+27E57	wàn	wǎn	kMandarin17 retained
𧹴	U+27E74	xù	huò xù	kMandarin17 retained
𧹶	U+27E76	xì	xī	kMandarin17 retained
𧺐	U+27E90	jué	jué zhú	kMandarin17 retained
𧺒	U+27E92	zú	zú zuó	kMandarin17 retained
𧺝	U+27E9D	yì	yù	kMandarin17 retained
𧺠	U+27EA0	chì	chǐ	kMandarin17 retained
𧺢	U+27EA2	tòu	tòu yì	kMandarin17 retained
𧺲	U+27EB2	cū	cǐ	kMandarin17 retained
𧺹	U+27EB9	jǔ	pǎn	kMandarin17 retained
𧺺	U+27EBA	bá	bá bó	kMandarin17 retained
𧺾	U+27EBE	pǎn	jǔ	kMandarin17 retained
𧺿	U+27EBF	chì	chī chì yì	kMandarin17 retained
𧻁	U+27EC1	qiǔ	qiù	kMandarin17 retained
𧻃	U+27EC3	yán	qù cǒu cù yán	kMandarin17 retained
𧻗	U+27ED7	jú	xù	kMandarin17 retained
𧻙	U+27ED9	mò	pò mò	kMandarin17 retained
𧻰	U+27EF0	hú	hú zào cào	kMandarin17 retained
𧻲	U+27EF2	hái	kuī hái	kMandarin17 retained
𧻳	U+27EF3	fù	bó fù	kMandarin17 retained
𧻸	U+27EF8	shì	xì chì yì	kMandarin17 retained
𧻺	U+27EFA	guāng	guāng huāng	kMandarin17 retained
𧼐	U+27F10	yǔn	qùn	kMandarin17 retained
𧼘	U+27F18	qǐ	kuí qí	kMandarin17 retained
𧼙	U+27F19	chǒng	chóng chǒng	kMandarin17 retained
𧼜	U+27F1C	cù	qū cǒu cù	kMandarin17 retained
𧼟	U+27F1F	mò	pò mò	kMandarin17 retained
𧼨	U+27F28	jié	jié jué	kMandarin17 retained
𧼪	U+27F2A	chì	chì shì yì	kMandarin17 retained
𧼫	U+27F2B	yù	yū yù	kMandarin17 retained
𧼭	U+27F2D	sù	xiù sōu sǒu sù	kMandarin17 retained
𧼮	U+27F2E	tì	tāng	kMandarin17 retained
𧼰	U+27F30	zhá	shà	kMandarin17 retained
𧼱	U+27F31	fú	bì fú	kMandarin17 retained
𧼳	U+27F33	chè	qiè chè	kMandarin17 retained
𧼴	U+27F34	fó	fó zhì	kMandarin17 retained
𧽒	U+27F52	xiòng	sòng	kMandarin17 retained
𧽓	U+27F53	qì	qǐ	kMandarin17 retained
𧽢	U+27F62	tuán	tuán zhuàn	kMandarin17 retained
𧽩	U+27F69	qiāng	qiāng qiàng	kMandarin17 retained
𧽵	U+27F75	zōng	zhàng chán	kMandarin17 retained
𧽸	U+27F78	jué	guì jué	kMandarin17 retained
𧽾	U+27F7E	sān	cún sān	kMandarin17 retained
𧾍	U+27F8D	zhān	zhān zhàn	kMandarin17 retained
𧾏	U+27F8F	qǐn	yǐn	kMandarin17 retained
𧾝	U+27F9D	xún	xuàn xún	kMandarin17 retained
𧾢	U+27FA2	jié	jí jié	kMandarin17 retained
𧾩	U+27FA9	xún	xuàn xún	kMandarin17 retained
𧿆	U+27FC6	pāng	páng	kMandarin17 retained
𧿈	U+27FC8	kuàng	luán jī	kMandarin17 retained
𧿉	U+27FC9	kù	kù kuà wù	kMandarin17 retained
𧿒	U+27FD2	chěn	chěn shèn	kMandarin17 retained
𧿔	U+27FD4	nù	nǜ	kMandarin17 retained
𧿖	U+27FD6	xiōng	qióng xiōng	kMandarin17 retained
𧿠	U+27FE0	hù	dì zhī	kMandarin17 retained
𧿳	U+27FF3	fú	bá bèi fèi fú	kMandarin17 retained
𧿺	U+27FFA	jué	jū jué zhú	kMandarin17 retained
𨀁	U+28001	lóng	lóng lǒng	kMandarin17 retained
𨀙	U+28019	xī	xí	kMandarin17 retained
𨀛	U+2801B	cún	dūn cún	kMandarin17 retained
𨀟	U+2801F	duó	duò	kMandarin17 retained
𨀮	U+2802E	yuān	xuān yuān	kMandarin17 retained
𨁀	U+28040	shū	chōu shú shù	kMandarin17 retained
𨁈	U+28048	háng	gēng háng	kMandarin17 retained
𨁎	U+2804E	chéng	jìng chéng	kMandarin17 retained
𨁑	U+28051	yuè	shuì yuè	kMandarin17 retained
𨁒	U+28052	fū	dié	kMandarin17 retained
𨁴	U+28074	tǎn	tún	kMandarin17 retained
𨁶	U+28076	yǎ	yā yǎ	kMandarin17 retained
𨁸	U+28078	lù	lì lù	kMandarin17 retained
𨁿	U+2807F	chù	zhuó chù	kMandarin17 retained
𨂠	U+280A0	xū	lǚ xū	kMandarin17 retained
𨂩	U+280A9	pò	pō pò	kMandarin17 retained
𨂺	U+280BA	wān	yú yù	kMandarin17 retained
𨃃	U+280C3	è	ề	kMandarin17 retained
𨃘	U+280D8	zōu	qū zōu	kMandarin17 retained
𨃛	U+280DB	sà	sā sà	kMandarin17 retained
𨃟	U+280DF	pán	pán mán mǎn	kMandarin17 retained
𨃤	U+280E4	qiāo	kào qiāo	kMandarin17 retained
𨄄	U+28104	luán	shǒu	kMandarin17 retained
𨄇	U+28107	dèng	dèng téng	kMandarin17 retained
𨄌	U+2810C	dié	dié xiè	kMandarin17 retained
𨄔	U+28114	shuàn	chuàn	kMandarin17 retained
𨅅	U+28145	pó	pō	kMandarin17 retained
𨅒	U+28152	shù	chú	kMandarin17 retained
𨅓	U+28153	zhǎ	dá zhǎ	kMandarin17 retained
𨅘	U+28158	pèng	bèng	kMandarin17 retained
𨅝	U+2815D	chéng	cháng chéng	kMandarin17 retained
𨅪	U+2816A	zhāi	zhé	kMandarin17 retained
𨆁	U+28181	tiǎn	tiǎn yǎn	kMandarin17 retained
𨆅	U+28185	duò	duó	kMandarin17 retained
𨆎	U+2818E	zéi	zé zéi	kMandarin17 retained
𨆰	U+281B0	tà	dà tà	kMandarin17 retained
𨇃	U+281C3	cuó	chá zuān cuó	kMandarin17 retained
𨇙	U+281D9	guì	jué juě	kMandarin17 retained
𨇤	U+281E4	xiān	qiān xiān	kMandarin17 retained
𨇨	U+281E8	xiè	xié sà	kMandarin17 retained
𨇼	U+281FC	luán	lüán	kMandarin17 retained
𨈖	U+28216	dìn	dìng	kMandarin17 retained
𨈙	U+28219	xiè	xiè zhī	kMandarin17 retained
𨈩	U+28229	bó	bá	kMandarin17 retained
𨉃	U+28243	rèn	rén rèn	kMandarin17 retained
𨉥	U+28265	miàn	miàn tǐ	kMandarin17 retained
𨊘	U+28298	shēn	juān qū shēn	kMandarin17 retained
𨊝	U+2829D	chān	chán	kMandarin17 retained
𨊧	U+282A7	gōng	gāng gōng	kMandarin17 retained
𨊿	U+282BF	jué	jiǎo jiào jué	kMandarin17 retained
𨋒	U+282D2	bèn	bèn fàn	kMandarin17 retained
𨋔	U+282D4	kēng	gǔ kēng kěng	kMandarin17 retained
𨋕	U+282D5	yàng	ǎng yàng	kMandarin17 retained
𨋚	U+282DA	niǎn	niǎn zhǎn ruǎn	kMandarin17 retained
𨋨	U+282E8	hún	hén hún	kMandarin17 retained
𨋩	U+282E9	bì	fú fù	kMandarin17 retained
𨋫	U+282EB	tiāo	tiāo tiáo	kMandarin17 retained
𨋬	U+282EC	zhěng	zhěng chèng	kMandarin17 retained
𨋮	U+282EE	hōng	hōng chūn	kMandarin17 retained
𨌁	U+28301	hōng	kān	kMandarin17 retained
𨌔	U+28314	wǎn	wǎn wàn	kMandarin17 retained
𨌝	U+2831D	wò	huò wò	kMandarin17 retained
𨌣	U+28323	rǒng	nà	kMandarin17 retained
𨌤	U+28324	chéng	chéng shèng	kMandarin17 retained
𨌥	U+28325	fú	fú fù	kMandarin17 retained
𨌨	U+28328	tāo	hōng	kMandarin17 retained
𨌫	U+2832B	juān	juǎn	kMandarin17 retained
𨍇	U+28347	hé	lù hé	kMandarin17 retained
𨍉	U+28349	cōng	zǒng	kMandarin17 retained
𨍭	U+2836D	bó	bó bù fù	kMandarin17 retained
𨍮	U+2836E	gé	lì	kMandarin17 retained
𨍰	U+28370	kē	kě	kMandarin17 retained
𨍷	U+28377	rǒng	fǔ róng rǒng	kMandarin17 retained
𨎌	U+2838C	zhǐ	zhì	kMandarin17 retained
𨎖	U+28396	tǎng	táng	kMandarin17 retained
𨎤	U+283A4	dèng	tèng	kMandarin17 retained
𨎦	U+283A6	jiāo	jiāo jiū	kMandarin17 retained
𨏂	U+283C2	hún	hún xuān	kMandarin17 retained
𨏒	U+283D2	luò	léi luò	kMandarin17 retained
𨏨	U+283E8	lìn	lìng	kMandarin17 retained
𨏳	U+283F3	xié	xī	kMandarin17 retained
𨐇	U+28407	lóng	bāo	kMandarin17 retained
𨐋	U+2840B	qiān	qiān xīn	kMandarin17 retained
𨐍	U+2840D	shēn	xīn shēn	kMandarin17 retained
𨐕	U+28415	shēn	xīn shēn cí	kMandarin17 retained
𨐾	U+2843E	bàn	biàn	kMandarin17 retained
𨑩	U+28469	dì	diào	kMandarin17 retained
𨑹	U+28479	cōng	zǒng zòng cōng cóng	kMandarin17 retained
𨒀	U+28480	cóng	zōng zòng cōng cóng	kMandarin17 retained
𨒆	U+28486	rǒng	róng	kMandarin17 retained
𨒇	U+28487	jiá	jiǎ	kMandarin17 retained
𨒉	U+28489	zhì	zhì zhuì suí suì	kMandarin17 retained
𨒙	U+28499	tuō	tuō hòu	kMandarin17 retained
𨒧	U+284A7	shì	chì shì yì	kMandarin17 retained
𨒫	U+284AB	yáng	nì yáng	kMandarin17 retained
𨒬	U+284AC	chī	jìng chī	kMandarin17 retained
𨒮	U+284AE	cī	zī cī	kMandarin17 retained
𨒽	U+284BD	zào	zào cào suō	kMandarin17 retained
𨓁	U+284C1	běng	bǐng	kMandarin17 retained
𨓈	U+284C8	kuò	guā kuò	kMandarin17 retained
𨓬	U+284EC	tá	tà	kMandarin17 retained
𨓭	U+284ED	qǔ	dié qǔ zòu còu	kMandarin17 retained
𨓮	U+284EE	yín	yáo yín	kMandarin17 retained
𨓿	U+284FF	péi	péi fěi tuī	kMandarin17 retained
𨔡	U+28521	dùn	dùn tún zhú	kMandarin17 retained
𨔣	U+28523	jiā	jiā jià	kMandarin17 retained
𨔥	U+28525	jiān	jiān jīn	kMandarin17 retained
𨕠	U+28560	zé	zé zuò	kMandarin17 retained
𨕽	U+2857D	jié	jiá zhì	kMandarin17 retained
𨖊	U+2858A	zé	jī qì chuò zé	kMandarin17 retained
𨖋	U+2858B	zǎn	zhì zǎn	kMandarin17 retained
𨖠	U+285A0	biǎn	biǎn biàn piàn	kMandarin17 retained
𨖼	U+285BC	chòng	qiān chòng	kMandarin17 retained
𨗓	U+285D3	dào	dào tào	kMandarin17 retained
𨗝	U+285DD	yù	jú yù	kMandarin17 retained
𨗼	U+285FC	dì	dài	kMandarin17 retained
𨘉	U+28609	shà	jié shà	kMandarin17 retained
𨙂	U+28642	yóu	yáo yóu	kMandarin17 retained
𨙏	U+2864F	zàn	zān	kMandarin17 retained
𨙴	U+28674	cái	zài cái	kMandarin17 retained
𨙶	U+28676	pèi	bèi	kMandarin17 retained
𨙸	U+28678	qí	qí zhī	kMandarin17 retained
𨙻	U+2867B	nà	nā nǎ nà něi nèi nuó	kMandarin17 retained
𨚍	U+2868D	bì	bèi bì	kMandarin17 retained
𨚓	U+28693	bì	bì fèi fú	kMandarin17 retained
𨚗	U+28697	nà	nā nǎ nà na nè něi nèi nuó nuò	kMandarin17 retained
𨚱	U+286B1	shèng	chèng	kMandarin17 retained
𨛎	U+286CE	hàn	lǐ hàn	kMandarin17 retained
𨛭	U+286ED	shū	shè shū	kMandarin17 retained
𨛵	U+286F5	hǔ	hǔ qián	kMandarin17 retained
𨛶	U+286F6	róu	shòu róu	kMandarin17 retained
𨜘	U+28718	méi	wū	kMandarin17 retained
𨜷	U+28737	páng	pāng	kMandarin17 retained
𨜾	U+2873E	chuàng	cāng	kMandarin17 retained
𨝕	U+28755	gài	gé hé	kMandarin17 retained
𨝨	U+28768	zuò	zuó zuò	kMandarin17 retained
𨝫	U+2876B	shè	xì shè	kMandarin17 retained
𨝮	U+2876E	jù	zōu	kMandarin17 retained
𨝲	U+28772	gāo	gāo hào	kMandarin17 retained
𨞕	U+28795	zhú	chù	kMandarin17 retained
𨞙	U+28799	qú	jǔ qú	kMandarin17 retained
𨞨	U+287A8	gài	hé	kMandarin17 retained
𨞪	U+287AA	shòu	chóu	kMandarin17 retained
𨞼	U+287BC	wàn	màn wàn	kMandarin17 retained
𨟠	U+287E0	quān	què quān	kMandarin17 retained
𨟶	U+287F6	gē	dài gē	kMandarin17 retained
𨟹	U+287F9	yǎn	yǎn yàn yīn yǐn yìn	kMandarin17 retained
𨠏	U+2880F	tí	tí tǐ	kMandarin17 retained
𨠐	U+28810	cí	cī	kMandarin17 retained
𨠑	U+28811	yí	tuó yí	kMandarin17 retained
𨠓	U+28813	pō	pò	kMandarin17 retained
𨠔	U+28814	bì	bì mì	kMandarin17 retained
𨠖	U+28816	bào	pào	kMandarin17 retained
𨡁	U+28841	tiǎn	miǎn tiǎn	kMandarin17 retained
𨡙	U+28859	dān	qīn qiàng	kMandarin17 retained
𨡢	U+28862	yǐn	yǐn yìn	kMandarin17 retained
𨡩	U+28869	pō	pò	kMandarin17 retained
𨡱	U+28871	kù	dǐng kù hù	kMandarin17 retained
𨡺	U+2887A	kuì	xí	kMandarin17 retained
𨢎	U+2888E	mì	mì yīn	kMandarin17 retained
𨢤	U+288A4	hù	hú	kMandarin17 retained
𨢦	U+288A6	shài	zhà shài	kMandarin17 retained
𨢬	U+288AC	zhuó	tú zhuó	kMandarin17 retained
𨢵	U+288B5	jì	jì zhài	kMandarin17 retained
𨣇	U+288C7	jiǎn	jiàn	kMandarin17 retained
𨣝	U+288DD	gǎn	gǎn gàn	kMandarin17 retained
𨣯	U+288EF	mì	mì yīn	kMandarin17 retained
𨣻	U+288FB	yān	yān yǎn	kMandarin17 retained
𨤃	U+28903	cáng	zā cáng	kMandarin17 retained
𨤎	U+2890E	yán	zhǐ yán	kMandarin17 retained
𨥇	U+28947	zhǒu	zhǒu zhù	kMandarin17 retained
𨥍	U+2894D	xiōng	qiōng xiōng	kMandarin17 retained
𨥑	U+28951	kuàng	gǒng kuàng	kMandarin17 retained
𨥪	U+2896A	dǒu	dǒu dòu tǒu	kMandarin17 retained
𨦃	U+28983	duǒ	duǒ duò	kMandarin17 retained
𨦆	U+28986	yín	yīn	kMandarin17 retained
𨦜	U+2899C	máo	máo móu	kMandarin17 retained
𨦡	U+289A1	yóng	yáng yóng	kMandarin17 retained
𨧙	U+289D9	jū	jú	kMandarin17 retained
𨧦	U+289E6	pī	bēi	kMandarin17 retained
𨧳	U+289F3	chì	lì chì	kMandarin17 retained
𨨏	U+28A0F	bō	bō pō	kMandarin17 retained
𨨯	U+28A2F	còu	zòu còu	kMandarin17 retained
𨨱	U+28A31	kuò	xiān	kMandarin17 retained
𨨴	U+28A34	jiāo	jiāo jiāng	kMandarin17 retained
𨨶	U+28A36	yú	yǔ	kMandarin17 retained
𨨺	U+28A3A	shuò	xiāo xuè shuò	kMandarin17 retained
𨩩	U+28A69	mào	mù	kMandarin17 retained
𨩬	U+28A6C	yù	ào yù	kMandarin17 retained
𨩸	U+28A78	quān	juān quān	kMandarin17 retained
𨩻	U+28A7B	wǎn	zōng wǎn	kMandarin17 retained
𨪕	U+28A95	liú	gāi	kMandarin17 retained
𨪶	U+28AB6	yàn	yàn yīn	kMandarin17 retained
𨫔	U+28AD4	zhì	xiè zhí	kMandarin17 retained
𨬍	U+28B0D	duò	duò duì	kMandarin17 retained
𨬑	U+28B11	lì	lì gé	kMandarin17 retained
𨭓	U+28B53	dié	tiě	kMandarin17 retained
𨭗	U+28B57	guó	guó gué zhēng chēng	kMandarin17 retained
𨭚	U+28B5A	biāo	biāo piào	kMandarin17 retained
𨭛	U+28B5B	là	là gě	kMandarin17 retained
𨮔	U+28B94	yù	tiǎn yù	kMandarin17 retained
𨮹	U+28BB9	dí	dí dì	kMandarin17 retained
𨰑	U+28C11	diào	diào zhào yáo	kMandarin17 retained
𨰦	U+28C26	bǎo	bāo	kMandarin17 retained
𨰻	U+28C3B	bǎo	bǎo yù	kMandarin17 retained
𨱂	U+28C42	é	ế	kMandarin17 retained
𨱅	U+28C45	zhēn	zhēn zhèn	kMandarin17 retained
𨱈	U+28C48	sù	cù	kMandarin17 retained
𨱌	U+28C4C	guàn	yǐn	kMandarin17 retained
𨱒	U+28C52	shòu	shòu sōu	kMandarin17 retained
𨱧	U+28C67	yǎo	ǎo ào yǎo	kMandarin17 retained
𨱺	U+28C7A	niè	è	kMandarin17 retained
𨲆	U+28C86	shāo	shāo sāo	kMandarin17 retained
𨲈	U+28C88	zhú	zhù	kMandarin17 retained
𨲉	U+28C89	duǒ	duǒ tuǒ shèng	kMandarin17 retained
𨳚	U+28CDA	xiè	fēn xiè	kMandarin17 retained
𨳡	U+28CE1	jiān	guān jiān jiàn xián	kMandarin17 retained
𨳲	U+28CF2	biàn	bì biàn	kMandarin17 retained
𨳻	U+28CFB	jī	jī yí	kMandarin17 retained
𨳿	U+28CFF	jiān	mǎ jiān xì	kMandarin17 retained
𨴊	U+28D0A	què	guān què	kMandarin17 retained
𨴜	U+28D1C	dòu	dòu yòu	kMandarin17 retained
𨴾	U+28D3E	jiān	tì yuè	kMandarin17 retained
𨵃	U+28D43	guā	fǔ guā yuè	kMandarin17 retained
𨵈	U+28D48	fēi	fēi féi	kMandarin17 retained
𨵎	U+28D4E	xī	qí xī	kMandarin17 retained
𨵗	U+28D57	què	quē què	kMandarin17 retained
𨶈	U+28D88	táng	táng láng lǎng làng	kMandarin17 retained
𨶜	U+28D9C	dòu	dǒu dòu	kMandarin17 retained
𨶪	U+28DAA	jiǎo	liú jiǎo	kMandarin17 retained
𨷇	U+28DC7	chāng	wēn	kMandarin17 retained
𨸎	U+28E0E	yuè	yào	kMandarin17 retained
𨸔	U+28E14	qí	qí wéi	kMandarin17 retained
𨸗	U+28E17	hàn	gān hàn	kMandarin17 retained
𨸘	U+28E18	yuán	ruǎn yuán	kMandarin17 retained
𨸬	U+28E2C	zhèn	zhèn chén	kMandarin17 retained
𨸱	U+28E31	tiàn	tiàn niǎn	kMandarin17 retained
𨹃	U+28E43	duǒ	duǒ duò	kMandarin17 retained
𨹈	U+28E48	shǎn	shǎn yáng	kMandarin17 retained
𨹋	U+28E4B	yáo	táo yáo	kMandarin17 retained
𨹘	U+28E58	xù	bǎn xù	kMandarin17 retained
𨺤	U+28EA4	pì	pì jué	kMandarin17 retained
𨺥	U+28EA5	yǎn	yǎn yǔn	kMandarin17 retained
𨺩	U+28EA9	qián	gān qián	kMandarin17 retained
𨺮	U+28EAE	xùn	jùn	kMandarin17 retained
𨻀	U+28EC0	pí	bī pí	kMandarin17 retained
𨻁	U+28EC1	xī	xí	kMandarin17 retained
𨻨	U+28EE8	suǒ	xì suǒ	kMandarin17 retained
𨻱	U+28EF1	bēng	bēng bīng	kMandarin17 retained
𨻲	U+28EF2	xià	hū xià	kMandarin17 retained
𨻳	U+28EF3	yàn	yān yàn yǐn yìn	kMandarin17 retained
𨻵	U+28EF5	cuī	duì suī	kMandarin17 retained
𨼑	U+28F11	chá	zhè zhái zhǔ chá	kMandarin17 retained
𨼣	U+28F23	gé	gé jī	kMandarin17 retained
𨼥	U+28F25	yè	gé yè	kMandarin17 retained
𨼬	U+28F2C	xiè	xiě	kMandarin17 retained
𨼱	U+28F31	jué	pì jué	kMandarin17 retained
𨽗	U+28F57	bīn	bīn pín	kMandarin17 retained
𨽹	U+28F79	yì	lì yì	kMandarin17 retained
𨾓	U+28F93	gē	gē yì yuān	kMandarin17 retained
𨾚	U+28F9A	guī	fū guī	kMandarin17 retained
𨾛	U+28F9B	chǐ	qí chǐ	kMandarin17 retained
𨾡	U+28FA1	suī	huǎng suī suí	kMandarin17 retained
𨾤	U+28FA4	dié	dié zhì yì	kMandarin17 retained
𨿛	U+28FDB	zhì	xī zhì	kMandarin17 retained
𩀧	U+29027	cán	chán cán	kMandarin17 retained
𩀼	U+2903C	sǎn	sàn	kMandarin17 retained
𩁺	U+2907A	shān	jiān	kMandarin17 retained
𩂆	U+29086	fǒu	fǒu fù	kMandarin17 retained
𩂉	U+29089	xū	xū rú	kMandarin17 retained
𩂝	U+2909D	shài	shài yīng	kMandarin17 retained
𩂢	U+290A2	yín	yái yín	kMandarin17 retained
𩃀	U+290C0	yàn	tíng yǎn yàn	kMandarin17 retained
𩃃	U+290C3	suī	něi suī	kMandarin17 retained
𩃞	U+290DE	líng	lián líng	kMandarin17 retained
𩃯	U+290EF	yǔ	chuān	kMandarin17 retained
𩄚	U+2911A	zī	zī cí	kMandarin17 retained
𩄜	U+2911C	sè	xí suǒ	kMandarin17 retained
𩄠	U+29120	diān	páng diān	kMandarin17 retained
𩅀	U+29140	diàn	diàn zhí	kMandarin17 retained
𩅝	U+2915D	ǎn	ǎn yǎn	kMandarin17 retained
𩅞	U+2915E	zhōng	zhōng chòng	kMandarin17 retained
𩅢	U+29162	hé	hé jiǎo jiào	kMandarin17 retained
𩅨	U+29168	cén	shèn cén	kMandarin17 retained
𩅪	U+2916A	shuāng	shuāng shuàng	kMandarin17 retained
𩅼	U+2917C	jiān	jiān jiàn	kMandarin17 retained
𩆁	U+29181	huì	huì wèi	kMandarin17 retained
𩆂	U+29182	cí	zī cí	kMandarin17 retained
𩆆	U+29186	tíng	tíng yǔn	kMandarin17 retained
𩆓	U+29193	mán	mán màn	kMandarin17 retained
𩆔	U+29194	diàn	diàn zhí	kMandarin17 retained
𩆯	U+291AF	zhàn	jiān jiàn	kMandarin17 retained
𩆲	U+291B2	lí	mái	kMandarin17 retained
𩆵	U+291B5	sī	xiàn sī	kMandarin17 retained
𩇜	U+291DC	zhēn	chēng chèng	kMandarin17 retained
𩇩	U+291E9	bèi	fèi	kMandarin17 retained
𩇯	U+291EF	féi	fěi	kMandarin17 retained
𩇵	U+291F5	kǔ	kǔ kù	kMandarin17 retained
𩈇	U+29207	niǔ	niǔ nǜ	kMandarin17 retained
𩈊	U+2920A	dān	dān dàn	kMandarin17 retained
𩈍	U+2920D	tiǎn	miǎn tiǎn	kMandarin17 retained
𩈏	U+2920F	ǎo	ǎo yǎo yǒu	kMandarin17 retained
𩈕	U+29215	yù	chì yù	kMandarin17 retained
𩈖	U+29216	xiān	hān	kMandarin17 retained
𩈢	U+29222	nì	nǜ	kMandarin17 retained
𩈱	U+29231	wò	wǎn	kMandarin17 retained
𩉜	U+2925C	jī	hàng	kMandarin17 retained
𩉬	U+2926C	qí	qí chí	kMandarin17 retained
𩉴	U+29274	è	ề	kMandarin17 retained
𩊓	U+29293	kuǎ	kù kuǎ	kMandarin17 retained
𩊔	U+29294	jiào	jiāo jiào	kMandarin17 retained
𩊢	U+292A2	è	ề	kMandarin17 retained
𩊬	U+292AC	bù	bó bù pò pòu	kMandarin17 retained
𩊮	U+292AE	shā	shā suō	kMandarin17 retained
𩋞	U+292DE	dié	shè	kMandarin17 retained
𩋟	U+292DF	fú	pò fú fù	kMandarin17 retained
𩋢	U+292E2	xuàn	xuàn yùn	kMandarin17 retained
𩋧	U+292E7	xié	kài	kMandarin17 retained
𩋫	U+292EB	xuàn	xuàn yùn	kMandarin17 retained
𩋮	U+292EE	fěng	bāng fěng	kMandarin17 retained
𩋾	U+292FE	wéi	xuē wéi wěi	kMandarin17 retained
𩌃	U+29303	huái	guì huí	kMandarin17 retained
𩌄	U+29304	chǒu	zhōu chǒu	kMandarin17 retained
𩌉	U+29309	tà	dá tà	kMandarin17 retained
𩌏	U+2930F	bó	bó bù fù	kMandarin17 retained
𩌑	U+29311	yuǎn	wǎn	kMandarin17 retained
𩌡	U+29321	hé	kuò jué	kMandarin17 retained
𩌨	U+29328	chóng	chóng yóng	kMandarin17 retained
𩌩	U+29329	suī	shuāi	kMandarin17 retained
𩌲	U+29332	xù	chù	kMandarin17 retained
𩍂	U+29342	bào	bāo páo	kMandarin17 retained
𩍔	U+29354	jū	jú qú	kMandarin17 retained
𩍨	U+29368	guì	guì huì	kMandarin17 retained
𩍸	U+29378	jū	jú	kMandarin17 retained
𩍿	U+2937F	bó	bó pòu	kMandarin17 retained
𩎒	U+29392	hàn	hàn jiān	kMandarin17 retained
𩎕	U+29395	sǎ	tā sǎ	kMandarin17 retained
𩎖	U+29396	qín	qián qín	kMandarin17 retained
𩎘	U+29398	páo	bāo páo	kMandarin17 retained
𩎟	U+2939F	mèi	mò mèi wà	kMandarin17 retained
𩎰	U+293B0	suì	xì cuì suì	kMandarin17 retained
𩎻	U+293BB	bài	bài bù fú	kMandarin17 retained
𩏂	U+293C2	bǐng	bì bǐng	kMandarin17 retained
𩏅	U+293C5	yùn	xuàn yùn	kMandarin17 retained
𩏆	U+293C6	yùn	xuàn yùn	kMandarin17 retained
𩏈	U+293C8	ruǎn	jùn ruǎn	kMandarin17 retained
𩏐	U+293D0	guì	guì kuì wěi	kMandarin17 retained
𩏒	U+293D2	dá	tà	kMandarin17 retained
𩏓	U+293D3	xiá	kài xiá xié	kMandarin17 retained
𩏘	U+293D8	suī	shuāi suī	kMandarin17 retained
𩏡	U+293E1	guì	kuì	kMandarin17 retained
𩏪	U+293EA	zhái	zé	kMandarin17 retained
𩏮	U+293EE	bǔ	bó bǔ bù pò pòu fù	kMandarin17 retained
𩏯	U+293EF	bó	bó bù pòu	kMandarin17 retained
𩏵	U+293F5	bǔ	bǔ bù	kMandarin17 retained
𩏼	U+293FC	nà	ná	kMandarin17 retained
𩏽	U+293FD	zhái	liú liù	kMandarin17 retained
𩏾	U+293FE	tāo	gǎo hào	kMandarin17 retained
𩏿	U+293FF	wěi	dī wěi	kMandarin17 retained
𩐁	U+29401	xiè	jiǔ	kMandarin17 retained
𩐍	U+2940D	zǐ	zì	kMandarin17 retained
𩐡	U+29421	zú	cù	kMandarin17 retained
𩐣	U+29423	gōng	guāng	kMandarin17 retained
𩐦	U+29426	wò	yào	kMandarin17 retained
𩐬	U+2942C	kǎn	gàn gàng gòng kǎn	kMandarin17 retained
𩐭	U+2942D	niè	niè shěn	kMandarin17 retained
𩑀	U+29440	pǔ	pú	kMandarin17 retained
𩑇	U+29447	xiāng	xiāng zhuó	kMandarin17 retained
𩑚	U+2945A	běng	běng lèi	kMandarin17 retained
𩑟	U+2945F	kān	kān qiān	kMandarin17 retained
𩑡	U+29461	kū	gěn kū	kMandarin17 retained
𩑢	U+29462	péi	bāi péi	kMandarin17 retained
𩑥	U+29465	mén	mén mín hūn	kMandarin17 retained
𩑬	U+2946C	fǔ	fǔ guī	kMandarin17 retained
𩑴	U+29474	yào	ào	kMandarin17 retained
𩑶	U+29476	hú	kū hú	kMandarin17 retained
𩒂	U+29482	shī	shī yī yì	kMandarin17 retained
𩒔	U+29494	nóu	niú	kMandarin17 retained
𩒙	U+29499	fǔ	fǔ tiào guī	kMandarin17 retained
𩒛	U+2949B	qī	qī qì cù	kMandarin17 retained
𩒞	U+2949E	tǐng	tíng tǐng	kMandarin17 retained
𩒦	U+294A6	jiù	xìn	kMandarin17 retained
𩒪	U+294AA	zhèn	qiǎn	kMandarin17 retained
𩒰	U+294B0	ě	é ě	kMandarin17 retained
𩒳	U+294B3	huì	mèi	kMandarin17 retained
𩒷	U+294B7	chē	fǔ chē róng rǒng	kMandarin17 retained
𩒺	U+294BA	fù	fǔ fù	kMandarin17 retained
𩒾	U+294BE	wú	wū	kMandarin17 retained
𩓟	U+294DF	kǎn	gǎn	kMandarin17 retained
𩔀	U+29500	wài	zhuài wài wèi	kMandarin17 retained
𩔆	U+29506	guì	jì	kMandarin17 retained
𩔇	U+29507	gǎo	gǎo háo	kMandarin17 retained
𩔉	U+29509	mén	mén mín hūn	kMandarin17 retained
𩔙	U+29519	pǐ	pì xìn	kMandarin17 retained
𩔚	U+2951A	wēng	wēng wěng	kMandarin17 retained
𩔟	U+2951F	qǐn	qiǎn qǐn	kMandarin17 retained
𩔱	U+29531	juān	xìn	kMandarin17 retained
𩔻	U+2953B	póu	bǎo póu pǒu	kMandarin17 retained
𩕀	U+29540	ào	áo	kMandarin17 retained
𩕍	U+2954D	gǎo	gǎo háo	kMandarin17 retained
𩕏	U+2954F	pó	pó fán	kMandarin17 retained
𩕬	U+2956C	è	hé è	kMandarin17 retained
𩕭	U+2956D	gài	gé kài	kMandarin17 retained
𩕲	U+29572	yī	jǐ yī	kMandarin17 retained
𩕵	U+29575	pín	píng	kMandarin17 retained
𩖁	U+29581	niè	niè yá	kMandarin17 retained
𩖄	U+29584	yǐn	yǎn	kMandarin17 retained
𩖖	U+29596	tán	tán shǎn	kMandarin17 retained
𩖠	U+295A0	bèi	bài	kMandarin17 retained
𩖣	U+295A3	xín	bá xín	kMandarin17 retained
𩖰	U+295B0	xún	bá xín xún	kMandarin17 retained
𩗊	U+295CA	xī	xì	kMandarin17 retained
𩗝	U+295DD	huǐ	huī huǐ	kMandarin17 retained
𩗷	U+295F7	yǎn	yān	kMandarin17 retained
𩘍	U+2960D	yuàn	yǎn	kMandarin17 retained
𩘑	U+29611	yǐng	yīng yǐng	kMandarin17 retained
𩘒	U+29612	xuǎn	juān xuǎn	kMandarin17 retained
𩘤	U+29624	yù	wèi yù	kMandarin17 retained
𩘧	U+29627	yì	yì yè	kMandarin17 retained
𩘼	U+2963C	zhēng	zhēng sāo sōu	kMandarin17 retained
𩙆	U+29646	chéng	zhēng	kMandarin17 retained
𩙒	U+29652	piāo	piāo piào	kMandarin17 retained
𩙢	U+29662	xuán	xuán shī	kMandarin17 retained
𩙥	U+29665	bá	bá fú	kMandarin17 retained
𩙫	U+2966B	sōu	sāo sōu	kMandarin17 retained
𩙽	U+2967D	huán	huán xuān	kMandarin17 retained
𩚕	U+29695	yǐn	yǐn yìn	kMandarin17 retained
𩚣	U+296A3	tián	tí tián	kMandarin17 retained
𩚮	U+296AE	jī	nì jī	kMandarin17 retained
𩚾	U+296BE	bèi	bài	kMandarin17 retained
𩛅	U+296C5	shū	shì	kMandarin17 retained
𩛞	U+296DE	bǎo	bǎo piǎo	kMandarin17 retained
𩛟	U+296DF	yuān	mán yuān	kMandarin17 retained
𩛳	U+296F3	zài	zài càn	kMandarin17 retained
𩜇	U+29707	juǎn	juàn	kMandarin17 retained
𩜌	U+2970C	yuē	wān yuē yuè	kMandarin17 retained
𩜷	U+29737	yòu	niù rǒu ròu	kMandarin17 retained
𩝝	U+2975D	kào	gāo kào	kMandarin17 retained
𩝠	U+29760	qiǔ	qiǔ chòu	kMandarin17 retained
𩞁	U+29781	mó	mó méi mí mǐ	kMandarin17 retained
𩞇	U+29787	mí	méi mí	kMandarin17 retained
𩞯	U+297AF	liáng	tián tiǎn	kMandarin17 retained
𩟅	U+297C5	liǎn	liàn	kMandarin17 retained
𩟗	U+297D7	jiǎn	jiǎn zǎn	kMandarin17 retained
𩟥	U+297E5	shuì	duì juǎn shuì zuī	kMandarin17 retained
𩠈	U+29808	rěn	niè rěn	kMandarin17 retained
𩠦	U+29826	qǐ	jī qǐ shǒu	kMandarin17 retained
𩠨	U+29828	jī	jī qǐ	kMandarin17 retained
𩠹	U+29839	tuán	tuán zhuān	kMandarin17 retained
𩠿	U+2983F	piē	bié	kMandarin17 retained
𩡄	U+29844	tán	bié xiāng	kMandarin17 retained
𩡖	U+29856	yǐ	xīn	kMandarin17 retained
𩡷	U+29877	fēn	fèi	kMandarin17 retained
𩡾	U+2987E	suó	suō	kMandarin17 retained
𩢈	U+29888	fēn	bǎo	kMandarin17 retained
𩢎	U+2988E	duō	duò	kMandarin17 retained
𩢐	U+29890	zhé	luò zhé	kMandarin17 retained
𩢕	U+29895	bù	bǔ	kMandarin17 retained
𩢵	U+298B5	tuō	tuó luò zhé	kMandarin17 retained
𩢿	U+298BF	fù	fǒu	kMandarin17 retained
𩣊	U+298CA	xù	xù róng	kMandarin17 retained
𩣚	U+298DA	pī	bǐ pī	kMandarin17 retained
𩣣	U+298E3	é	é ě	kMandarin17 retained
𩣯	U+298EF	dá	tà	kMandarin17 retained
𩣵	U+298F5	wǎn	wò wǎn	kMandarin17 retained
𩣶	U+298F6	mǐng	míng	kMandarin17 retained
𩣷	U+298F7	zuī	zhù zuī	kMandarin17 retained
𩤁	U+29901	qūn	jūn	kMandarin17 retained
𩤉	U+29909	huá	huá huà	kMandarin17 retained
𩤊	U+2990A	xiàn	jiàn xiàn	kMandarin17 retained
𩥌	U+2994C	qià	yà	kMandarin17 retained
𩥑	U+29951	tǎ	tā	kMandarin17 retained
𩦌	U+2998C	sāng	shuāng sāng	kMandarin17 retained
𩦐	U+29990	shàn	huò shàn	kMandarin17 retained
𩧃	U+299C3	lì	liè	kMandarin17 retained
𩧄	U+299C4	zhì	zhí	kMandarin17 retained
𩧆	U+299C6	liè	là liè	kMandarin17 retained
𩧩	U+299E9	xiàn	guǐ	kMandarin17 retained
𩧪	U+299EA	lóng	lóng lǒng chǒng	kMandarin17 retained
𩧬	U+299EC	rǎn	rán	kMandarin17 retained
𩧴	U+299F4	quān	yǎn	kMandarin17 retained
𩧸	U+299F8	lì	tuí chuí	kMandarin17 retained
𩧺	U+299FA	jú	wǎng	kMandarin17 retained
𩧻	U+299FB	wǎn	liǎng	kMandarin17 retained
𩧼	U+299FC	bēn	bēn bèn	kMandarin17 retained
𩨆	U+29A06	chéng	tíng	kMandarin17 retained
𩨇	U+29A07	lóu	lóu lǘ	kMandarin17 retained
𩨉	U+29A09	lā	rén	kMandarin17 retained
𩨐	U+29A10	liè	là liè	kMandarin17 retained
𩨔	U+29A14	hú	hú huá	kMandarin17 retained
𩨗	U+29A17	yú	gàn yú	kMandarin17 retained
𩨘	U+29A18	qì	gē qì	kMandarin17 retained
𩨝	U+29A1D	qí	qí qì	kMandarin17 retained
𩨞	U+29A1E	sǎ	sà	kMandarin17 retained
𩨠	U+29A20	yà	yá	kMandarin17 retained
𩨡	U+29A21	xiǎn	xiǎn sǎn	kMandarin17 retained
𩨭	U+29A2D	quē	qué	kMandarin17 retained
𩨳	U+29A33	kū	dū	kMandarin17 retained
𩨷	U+29A37	quē	qué	kMandarin17 retained
𩨸	U+29A38	chū	dū	kMandarin17 retained
𩩡	U+29A61	léng	líng	kMandarin17 retained
𩩯	U+29A6F	biàn	biǎn	kMandarin17 retained
𩩰	U+29A70	jiē	gāi hái jiē	kMandarin17 retained
𩩱	U+29A71	qià	kà	kMandarin17 retained
𩩳	U+29A73	chòng	zhòng	kMandarin17 retained
𩪀	U+29A80	zhuī	chuī	kMandarin17 retained
𩪍	U+29A8D	qū	qū shū	kMandarin17 retained
𩪘	U+29A98	chuáng	tóng chuáng	kMandarin17 retained
𩪣	U+29AA3	yì	gē yì	kMandarin17 retained
𩪮	U+29AAE	mǒ	mó mǒ	kMandarin17 retained
𩪾	U+29ABE	luán	lüán	kMandarin17 retained
𩫠	U+29AE0	quē	què	kMandarin17 retained
𩫴	U+29AF4	jú	jú jù	kMandarin17 retained
𩫹	U+29AF9	chéng	zhēng chéng	kMandarin17 retained
𩬏	U+29B0F	shāo	xiào	kMandarin17 retained
𩬑	U+29B11	diān	diàn zhān	kMandarin17 retained
𩬗	U+29B17	yǎo	ǎo ào yǎo	kMandarin17 retained
𩬙	U+29B19	fù	fū fù	kMandarin17 retained
𩬚	U+29B1A	qián	gàn qián	kMandarin17 retained
𩬜	U+29B1C	jú	jù	kMandarin17 retained
𩬞	U+29B1E	máo	máo mán	kMandarin17 retained
𩬤	U+29B24	chōng	guàn	kMandarin17 retained
𩬺	U+29B3A	zhǐ	zhī	kMandarin17 retained
𩬼	U+29B3C	cōng	zōng zǒng sōng	kMandarin17 retained
𩬾	U+29B3E	yā	kào	kMandarin17 retained
𩭋	U+29B4B	wén	kūn wén	kMandarin17 retained
𩭝	U+29B5D	wǒ	ě wǒ	kMandarin17 retained
𩭟	U+29B5F	dào	zhuó	kMandarin17 retained
𩭤	U+29B64	zǒng	zōng	kMandarin17 retained
𩭦	U+29B66	chuí	duǒ duò chuí	kMandarin17 retained
𩭾	U+29B7E	máo	móu	kMandarin17 retained
𩮀	U+29B80	zōng	zōng zǒng sōng	kMandarin17 retained
𩮁	U+29B81	qià	qiān xiā yà	kMandarin17 retained
𩮂	U+29B82	xiā	xiā yà	kMandarin17 retained
𩮗	U+29B97	bàng	péng	kMandarin17 retained
𩮱	U+29BB1	zhuāng	chōng	kMandarin17 retained
𩮳	U+29BB3	piào	piē piǎo piào	kMandarin17 retained
𩮴	U+29BB4	suī	cuǐ suī	kMandarin17 retained
𩯃	U+29BC3	fèi	bì fèi	kMandarin17 retained
𩯉	U+29BC9	cuō	cuò	kMandarin17 retained
𩯎	U+29BCE	chéng	zhēng	kMandarin17 retained
𩯒	U+29BD2	zàn	zuǎn	kMandarin17 retained
𩯰	U+29BF0	jié	jì jié	kMandarin17 retained
𩯳	U+29BF3	zàn	zǎn zuǎn	kMandarin17 retained
𩰙	U+29C19	sè	tà xì sè	kMandarin17 retained
𩰬	U+29C2C	guō	guǎ guō kuāi	kMandarin17 retained
𩰯	U+29C2F	hú	hū hú hù	kMandarin17 retained
𩰰	U+29C30	jìng	zī	kMandarin17 retained
𩰲	U+29C32	lì	lì gé	kMandarin17 retained
𩰶	U+29C36	hái	hái ái	kMandarin17 retained
𩱁	U+29C41	gēng	láng gēng	kMandarin17 retained
𩱄	U+29C44	ní	xiàn ér	kMandarin17 retained
𩱊	U+29C4A	ér	xiàn ér	kMandarin17 retained
𩱋	U+29C4B	gēng	pēng láng gēng	kMandarin17 retained
𩱌	U+29C4C	yù	zhù yù	kMandarin17 retained
𩱙	U+29C59	kù	yù	kMandarin17 retained
𩱚	U+29C5A	bó	bó pū	kMandarin17 retained
𩱝	U+29C5D	yè	kè	kMandarin17 retained
𩱧	U+29C67	gēng	láng gēng	kMandarin17 retained
𩱬	U+29C6C	lín	lín lìn	kMandarin17 retained
𩱱	U+29C71	yù	zhù yù	kMandarin17 retained
𩱷	U+29C77	miè	mò miè	kMandarin17 retained
𩲃	U+29C83	zhuó	shuò	kMandarin17 retained
𩲈	U+29C88	mèi	mèi wéi wèi	kMandarin17 retained
𩲌	U+29C8C	fāng	fáng	kMandarin17 retained
𩲢	U+29CA2	bì	bèi	kMandarin17 retained
𩳣	U+29CE3	qí	jì qí	kMandarin17 retained
𩳤	U+29CE4	làng	làng chāng	kMandarin17 retained
𩳥	U+29CE5	zhú	zhuó	kMandarin17 retained
𩳨	U+29CE8	hū	hū hú	kMandarin17 retained
𩳵	U+29CF5	jú	xú	kMandarin17 retained
𩴇	U+29D07	shài	chà	kMandarin17 retained
𩴌	U+29D0C	gān	jí	kMandarin17 retained
𩴟	U+29D1F	chě	dū chě	kMandarin17 retained
𩵎	U+29D4E	yǔ	yú	kMandarin17 retained
𩵓	U+29D53	lèi	lè	kMandarin17 retained
𩵠	U+29D60	niú	niú wěi	kMandarin17 retained
𩵢	U+29D62	hè	zá	kMandarin17 retained
𩶉	U+29D89	bū	bū pū	kMandarin17 retained
𩶞	U+29D9E	mà	mà háng	kMandarin17 retained
𩶫	U+29DAB	rù	ér	kMandarin17 retained
𩷌	U+29DCC	shū	sù	kMandarin17 retained
𩷏	U+29DCF	qíng	jīng	kMandarin17 retained
𩷐	U+29DD0	jú	jù	kMandarin17 retained
𩷹	U+29DF9	zhuó	zhuò	kMandarin17 retained
𩸄	U+29E04	huà	huǎ	kMandarin17 retained
𩸋	U+29E0B	è	è yā	kMandarin17 retained
𩸖	U+29E16	è	ề	kMandarin17 retained
𩸞	U+29E1E	yàn	qí yàn	kMandarin17 retained
𩸿	U+29E3F	pō	bá bō pō	kMandarin17 retained
𩹇	U+29E47	tíng	tíng tǐng	kMandarin17 retained
𩹏	U+29E4F	bà	bó	kMandarin17 retained
𩹱	U+29E71	chù	xù	kMandarin17 retained
𩺗	U+29E97	tǎ	dá tǎ	kMandarin17 retained
𩺫	U+29EAB	xié	xī	kMandarin17 retained
𩺰	U+29EB0	yú	wú yú	kMandarin17 retained
𩺼	U+29EBC	bū	bū pū	kMandarin17 retained
𩻤	U+29EE4	hēi	hè	kMandarin17 retained
𩻵	U+29EF5	dié	tà	kMandarin17 retained
𩼂	U+29F02	wěi	tuǒ wěi	kMandarin17 retained
𩼅	U+29F05	rǒng	ròng	kMandarin17 retained
𩼈	U+29F08	ào	ào yǒu	kMandarin17 retained
𩼌	U+29F0C	wēi	wéi	kMandarin17 retained
𩼼	U+29F3C	zhān	zhān shàn	kMandarin17 retained
𩽏	U+29F4F	lì	gé	kMandarin17 retained
𩽹	U+29F79	è	jì	kMandarin17 retained
𩽼	U+29F7C	hǔn	huàn	kMandarin17 retained
𩾓	U+29F93	xiāo	jiāo xiāo	kMandarin17 retained
𩾗	U+29F97	diāo	diāo jiāo	kMandarin17 retained
𩾘	U+29F98	yì	ài yì	kMandarin17 retained
𩾝	U+29F9D	hàn	gān hān hàn yàn	kMandarin17 retained
𩾞	U+29F9E	wán	huán	kMandarin17 retained
𩾠	U+29FA0	yǐ	jǐ	kMandarin17 retained
𩾢	U+29FA2	yì	yì yuān	kMandarin17 retained
𩾳	U+29FB3	bí	fú	kMandarin17 retained
𩾶	U+29FB6	jié	jiá	kMandarin17 retained
𩾸	U+29FB8	zè	cè	kMandarin17 retained
𩾺	U+29FBA	zhèn	dàn zhèn	kMandarin17 retained
𩾻	U+29FBB	hú	gǔ hú	kMandarin17 retained
𩿈	U+29FC8	fén	fēn	kMandarin17 retained
𩿊	U+29FCA	huān	dān huān zhōu	kMandarin17 retained
𩿑	U+29FD1	jiāo	jiāo qiáo	kMandarin17 retained
𩿓	U+29FD3	bào	xiū	kMandarin17 retained
𩿕	U+29FD5	yáo	jù yáo	kMandarin17 retained
𩿤	U+29FE4	zhá	zhā	kMandarin17 retained
𩿥	U+29FE5	qú	mí shī	kMandarin17 retained
𩿩	U+29FE9	qú	duó duò qú	kMandarin17 retained
𩿪	U+29FEA	chì	chǐ	kMandarin17 retained
𩿷	U+29FF7	tí	tán tí	kMandarin17 retained
𪀁	U+2A001	gē	jiā	kMandarin17 retained
𪀏	U+2A00F	jù	jiū jù	kMandarin17 retained
𪀒	U+2A012	dié	dié yì	kMandarin17 retained
𪀝	U+2A01D	è	è yuān	kMandarin17 retained
𪀣	U+2A023	jú	jú qiū	kMandarin17 retained
𪀥	U+2A025	zhái	zhè	kMandarin17 retained
𪀩	U+2A029	qí	dàn qī qí chú	kMandarin17 retained
𪀽	U+2A03D	xún	xīn xún	kMandarin17 retained
𪁈	U+2A048	zhuàng	chūn	kMandarin17 retained
𪁠	U+2A060	jué	jú jué	kMandarin17 retained
𪁧	U+2A067	zhèn	zhèn chén	kMandarin17 retained
𪁩	U+2A069	zhì	tí zhì	kMandarin17 retained
𪁹	U+2A079	fēi	fèi	kMandarin17 retained
𪁺	U+2A07A	cháng	cháng chǎng	kMandarin17 retained
𪁾	U+2A07E	ǎo	ǎo yāo wò	kMandarin17 retained
𪂦	U+2A0A6	wǎn	yuān	kMandarin17 retained
𪃅	U+2A0C5	xuē	xuè	kMandarin17 retained
𪃦	U+2A0E6	miáo	miǎo	kMandarin17 retained
𪃼	U+2A0FC	xī	xí	kMandarin17 retained
𪄊	U+2A10A	qú	hóu qú	kMandarin17 retained
𪄛	U+2A11B	xī	xí	kMandarin17 retained
𪄮	U+2A12E	hù	gù hù	kMandarin17 retained
𪄻	U+2A13B	chōng	zhuāng chōng	kMandarin17 retained
𪅃	U+2A143	piǎo	piāo	kMandarin17 retained
𪅖	U+2A156	chōng	zhuāng chōng	kMandarin17 retained
𪅟	U+2A15F	yóng	yōng	kMandarin17 retained
𪅾	U+2A17E	qī	qí	kMandarin17 retained
𪆀	U+2A180	zhōu	zhù	kMandarin17 retained
𪆹	U+2A1B9	guō	gē guō	kMandarin17 retained
𪇄	U+2A1C4	kòu	kòu kū què	kMandarin17 retained
𪇆	U+2A1C6	chù	dú zhú shǔ	kMandarin17 retained
𪇘	U+2A1D8	chóu	táo chóu	kMandarin17 retained
𪇝	U+2A1DD	yú	tú yú	kMandarin17 retained
𪇰	U+2A1F0	bǔ	bó	kMandarin17 retained
𪈜	U+2A21C	lǚ	lóu	kMandarin17 retained
𪈥	U+2A225	guī	xī	kMandarin17 retained
𪈩	U+2A229	huān	guàn huān quán	kMandarin17 retained
𪉉	U+2A249	zhuàng	zhuāng	kMandarin17 retained
𪉕	U+2A255	zhēn	zhén	kMandarin17 retained
𪉗	U+2A257	chì	chǐ	kMandarin17 retained
𪉜	U+2A25C	zhān	zhàn	kMandarin17 retained
𪉦	U+2A266	jiàn	gàn jiǎn jiàn	kMandarin17 retained
𪉧	U+2A267	tàn	tàn làn gàn	kMandarin17 retained
𪉭	U+2A26D	wāi	huái wāi	kMandarin17 retained
𪉿	U+2A27F	gàn	gǎn	kMandarin17 retained
𪊄	U+2A284	gǎn	gǎn gàn	kMandarin17 retained
𪊇	U+2A287	gàn	tàn gàn	kMandarin17 retained
𪊍	U+2A28D	sì	shì	kMandarin17 retained
𪊜	U+2A29C	bèn	běn	kMandarin17 retained
𪊢	U+2A2A2	shǐ	shí	kMandarin17 retained
𪌂	U+2A302	tuō	tuō tuó	kMandarin17 retained
𪌈	U+2A308	pí	bí	kMandarin17 retained
𪌋	U+2A30B	tún	dùn tún	kMandarin17 retained
𪌔	U+2A314	sù	xiè sù	kMandarin17 retained
𪌟	U+2A31F	zé	zě	kMandarin17 retained
𪌬	U+2A32C	qū	qú	kMandarin17 retained
𪌿	U+2A33F	nié	niè rěn	kMandarin17 retained
𪍇	U+2A347	mò	mài chǎo	kMandarin17 retained
𪍔	U+2A354	suǒ	suō	kMandarin17 retained
𪍛	U+2A35B	sù	xiè sù	kMandarin17 retained
𪍿	U+2A37F	kuàng	guǎng gǒng kuàng huáng	kMandarin17 retained
𪎋	U+2A38B	tiè	tiè nián	kMandarin17 retained
𪎒	U+2A392	shuò	suò	kMandarin17 retained
𪎝	U+2A39D	bèn	běn	kMandarin17 retained
𪎤	U+2A3A4	wò	kù wò	kMandarin17 retained
𪎭	U+2A3AD	méi	má	kMandarin17 retained
𪏆	U+2A3C6	tūn	tuān tūn	kMandarin17 retained
𪏇	U+2A3C7	huǐ	huǐ yǐ	kMandarin17 retained
𪏊	U+2A3CA	jiān	tiān	kMandarin17 retained
𪏪	U+2A3EA	kuàng	kuǎng	kMandarin17 retained
𪏵	U+2A3F5	nì	nì lí	kMandarin17 retained
𪏸	U+2A3F8	nǐ	nǐ chī	kMandarin17 retained
𪐄	U+2A404	bǐ	bài	kMandarin17 retained
𪑂	U+2A442	chà	chù	kMandarin17 retained
𪑋	U+2A44B	luō	luò	kMandarin17 retained
𪑙	U+2A459	jīn	jīn qián	kMandarin17 retained
𪑝	U+2A45D	yú	yù	kMandarin17 retained
𪑰	U+2A470	bīng	píng	kMandarin17 retained
𪑱	U+2A471	wū	wū wò	kMandarin17 retained
𪑸	U+2A478	mì	mì yān	kMandarin17 retained
𪑾	U+2A47E	rǔ	rù	kMandarin17 retained
𪒀	U+2A480	pán	bān pán	kMandarin17 retained
𪒂	U+2A482	mò	mò tà	kMandarin17 retained
𪒋	U+2A48B	bān	bān pán	kMandarin17 retained
𪒑	U+2A491	qī	qì	kMandarin17 retained
𪒙	U+2A499	cuō	cuò	kMandarin17 retained
𪒜	U+2A49C	mà	wèi	kMandarin17 retained
𪒠	U+2A4A0	yǎn	àn yǎn	kMandarin17 retained
𪒭	U+2A4AD	qín	qián	kMandarin17 retained
𪒯	U+2A4AF	qín	jiān	kMandarin17 retained
𪓡	U+2A4E1	cù	cú cù	kMandarin17 retained
𪓰	U+2A4F0	cù	cú cù	kMandarin17 retained
𪓷	U+2A4F7	xí	xī	kMandarin17 retained
𪔅	U+2A505	yuán	yuán yún yùn	kMandarin17 retained
𪔋	U+2A50B	jī	jǐ	kMandarin17 retained
𪔑	U+2A511	bèng	bèng péng qì	kMandarin17 retained
𪔗	U+2A517	yuān	yīn	kMandarin17 retained
𪔪	U+2A52A	qì	tiè qì	kMandarin17 retained
𪕁	U+2A541	rǒng	chén rǒng	kMandarin17 retained
𪕍	U+2A54D	jiōng	jīng	kMandarin17 retained
𪕭	U+2A56D	ài	yè	kMandarin17 retained
𪕯	U+2A56F	xí	xí xié	kMandarin17 retained
𪖈	U+2A588	pú	bù	kMandarin17 retained
𪖐	U+2A590	yào	yà yào	kMandarin17 retained
𪖙	U+2A599	hōu	kù hōu	kMandarin17 retained
𪖢	U+2A5A2	kuī	guà	kMandarin17 retained
𪗅	U+2A5C5	qí	jì	kMandarin17 retained
𪗉	U+2A5C9	zī	jì zī cí	kMandarin17 retained
𪗒	U+2A5D2	zhāi	zhāi zī	kMandarin17 retained
𪗭	U+2A5ED	zhā	jiā	kMandarin17 retained
𪗵	U+2A5F5	zhā	jiā	kMandarin17 retained
𪗹	U+2A5F9	yá	guī cī yí yá yà	kMandarin17 retained
𪗽	U+2A5FD	kuò	guò huà	kMandarin17 retained
𪘁	U+2A601	tà	tà xiá	kMandarin17 retained
𪘒	U+2A612	ān	hán	kMandarin17 retained
𪘓	U+2A613	cuó	chī cuō	kMandarin17 retained
𪘘	U+2A618	xiá	xié	kMandarin17 retained
𪘧	U+2A627	zú	cuò	kMandarin17 retained
𪘩	U+2A629	yǔn	yuǎn	kMandarin17 retained
𪘬	U+2A62C	yí	yí yá yà	kMandarin17 retained
𪘲	U+2A632	yá	cī yí yá yà	kMandarin17 retained
𪙃	U+2A643	óu	óu yú	kMandarin17 retained
𪙨	U+2A668	jiàn	jiān jiàn	kMandarin17 retained
𪚅	U+2A685	jué	jié	kMandarin17 retained
𪟝	U+2A7DD	jì	jī	kMandarin17 retained
𪠡	U+2A821	sā	liǎng	kMandarin17 retained
𪠸	U+2A838	hù	lā	kMandarin17 retained
𪡈	U+2A848	bái	bō	kMandarin17 retained
𪡏	U+2A84F	zhān	lián	kMandarin17 retained
𪡛	U+2A85B	hé	xià	kMandarin17 retained
𪣒	U+2A8D2	huán	hún	kMandarin17 retained
𪤗	U+2A917	liào	liáo	kMandarin17 retained
𪥠	U+2A960	réng	rěng	kMandarin17 retained
𪧘	U+2A9D8	jù	lóu	kMandarin17 retained
𪨊	U+2AA0A	sóng	xǐ	kMandarin17 retained
𪨗	U+2AA17	juē	jué	kMandarin17 retained
𪨶	U+2AA36	shē	fàn	kMandarin17 retained
𪩇	U+2AA47	lǒu	lǚ	kMandarin17 retained
𪩎	U+2AA4E	yǐng	yīng	kMandarin17 retained
𪪴	U+2AAB4	zé	zé yì	kMandarin17 retained
𪫌	U+2AACC	lòng	lǒng	kMandarin17 retained
𪫡	U+2AAE1	lì	là lì	kMandarin17 retained
𪫸	U+2AAF8	què	jué	kMandarin17 retained
𪬚	U+2AB1A	pīn	bīn	kMandarin17 retained
𪭧	U+2AB67	ér	shè	kMandarin17 retained
𪭯	U+2AB6F	guài	guāi	kMandarin17 retained
𪮋	U+2AB8B	xiāo	xiāo sù	kMandarin17 retained
𪮖	U+2AB96	juē	jué	kMandarin17 retained
𪱥	U+2AC65	fèn	fèi fèn	kMandarin17 retained
𪲎	U+2AC8E	jī	jī jì	kMandarin17 retained
𪷍	U+2ADCD	qìng	jìng qìng	kMandarin17 retained
𪺣	U+2AEA3	dào	shòu	kMandarin17 retained
𪺷	U+2AEB7	cāng	chuàng	kMandarin17 retained
𪺹	U+2AEB9	nǔ	nú	kMandarin17 retained
𫀌	U+2B00C	shī	sī	kMandarin17 retained
𫀬	U+2B02C	chú	zhōu chú	kMandarin17 retained
𫂆	U+2B086	guì	guó guì	kMandarin17 retained
𫂙	U+2B099	sù	chì	kMandarin17 retained
𫃗	U+2B0D7	jiū	jū	kMandarin17 retained
𫄙	U+2B119	jiū	jiū jiǔ	kMandarin17 retained
𫄟	U+2B11F	shī	jué shī	kMandarin17 retained
𫄠	U+2B120	huán	gēng huán	kMandarin17 retained
𫄡	U+2B121	dòng	dòng tōng tóng	kMandarin17 retained
𫄤	U+2B124	da	dá	kMandarin17 retained
𫄥	U+2B125	lí	shǐ	kMandarin17 retained
𫄮	U+2B12E	tīng	tíng	kMandarin17 retained
𫄲	U+2B132	mù	mò mù	kMandarin17 retained
𫄳	U+2B133	xǐ	shǐ	kMandarin17 retained
𫄹	U+2B139	zuī	xī zuī	kMandarin17 retained
𫅅	U+2B145	jǐ	jí	kMandarin17 retained
𫅭	U+2B16D	pīn	pín	kMandarin17 retained
𫆏	U+2B18F	nǐ	nǐ jì	kMandarin17 retained
𫇦	U+2B1E6	yìng	méng	kMandarin17 retained
𫈉	U+2B209	jiān	jiān jiǎn	kMandarin17 retained
𫈎	U+2B20E	qíng	jìng qíng	kMandarin17 retained
𫈵	U+2B235	jué	jué zuì	kMandarin17 retained
𫉄	U+2B244	shǔ	zhū shǔ	kMandarin17 retained
𫊸	U+2B2B8	jiǎo	jiǎo qiáo	kMandarin17 retained
𫋇	U+2B2C7	xiāo	jiāo	kMandarin17 retained
𫋷	U+2B2F7	zé	duó zé	kMandarin17 retained
𫌇	U+2B307	zhě	zhé	kMandarin17 retained
𫌪	U+2B32A	mì	mò mì	kMandarin17 retained
𫌫	U+2B32B	liàn	jiǎn	kMandarin17 retained
𫌯	U+2B32F	jiào	jiǎo jiào qiáo	kMandarin17 retained
𫍙	U+2B359	yì	shī yī yí	kMandarin17 retained
𫍜	U+2B35C	qǔ	qū qù	kMandarin17 retained
𫍞	U+2B35E	hū	hào hū	kMandarin17 retained
𫍟	U+2B35F	yí	tuó yí	kMandarin17 retained
𫍠	U+2B360	yuǎn	yuàn	kMandarin17 retained
𫍡	U+2B361	tuó	tuó yí	kMandarin17 retained
𫍣	U+2B363	tóng	dòng tóng	kMandarin17 retained
𫍤	U+2B364	jiǎo	jiǎo qiào	kMandarin17 retained
𫍥	U+2B365	tiǎo	diào tiǎo	kMandarin17 retained
𫍦	U+2B366	nóng	nóu	kMandarin17 retained
𫍧	U+2B367	chī	lài chī	kMandarin17 retained
𫍩	U+2B369	huà	guō huà	kMandarin17 retained
𫍮	U+2B36E	qū	qū chù	kMandarin17 retained
𫍴	U+2B374	lóu	lóu lǚ	kMandarin17 retained
𫍵	U+2B375	áo	áo ào	kMandarin17 retained
𫍷	U+2B377	kuì	guì	kMandarin17 retained
𫍽	U+2B37D	xuān	xuàn	kMandarin17 retained
𫍾	U+2B37E	níng	níng nìng	kMandarin17 retained
𫎌	U+2B38C	jù	lóu	kMandarin17 retained
𫎨	U+2B3A8	liàn	biǎn tǎn liàn	kMandarin17 retained
𫎫	U+2B3AB	dàn	tǎn	kMandarin17 retained
𫏋	U+2B3CB	juē	jiǎo jué qiāo	kMandarin17 retained
𫏐	U+2B3D0	zàn	zhàn zàn	kMandarin17 retained
𫐆	U+2B406	kuài	lì	kMandarin17 retained
𫐈	U+2B408	bá	bá bó	kMandarin17 retained
𫐔	U+2B414	kē	kě	kMandarin17 retained
𫐖	U+2B416	jiāo	jiū	kMandarin17 retained
𫑡	U+2B461	méng	méng měng mǐng	kMandarin17 retained
𫑷	U+2B477	yàn	liǎn xiān yàn	kMandarin17 retained
𫒶	U+2B4B6	hán	jí	kMandarin17 retained
𫓦	U+2B4E6	zǐ	jié	kMandarin17 retained
𫓪	U+2B4EA	qiān	qiān zhōng yán	kMandarin17 retained
𫓮	U+2B4EE	liú	chú	kMandarin17 retained
𫓰	U+2B4F0	xù	huì yuè	kMandarin17 retained
𫓴	U+2B4F4	máo	máo móu	kMandarin17 retained
𫓸	U+2B4F8	wàn	wǎn	kMandarin17 retained
𫓼	U+2B4FC	hé	hàn	kMandarin17 retained
𫓽	U+2B4FD	cóng	zōng	kMandarin17 retained
𫔁	U+2B501	fén	běn	kMandarin17 retained
𫔂	U+2B502	dī	dī dí chí shi	kMandarin17 retained
𫔅	U+2B505	suǒ	sè suǒ	kMandarin17 retained
𫔆	U+2B506	bà	bà bēi	kMandarin17 retained
𫔇	U+2B507	bī	pī pí	kMandarin17 retained
𫔌	U+2B50C	sǎn	xiàn sà sǎn	kMandarin17 retained
𫔰	U+2B530	biàn	biàn guān	kMandarin17 retained
𫔱	U+2B531	lán	luán	kMandarin17 retained
𫖃	U+2B583	huì	mò mèi huì	kMandarin17 retained
𫖪	U+2B5AA	kū	gū	kMandarin17 retained
𫖫	U+2B5AB	zhěn	dǎn dàn zhěn	kMandarin17 retained
𫖯	U+2B5AF	fǔ	fǔ tiào	kMandarin17 retained
𫖰	U+2B5B0	duǒ	duò	kMandarin17 retained
𫖱	U+2B5B1	gěn	gěn gèn	kMandarin17 retained
𫖲	U+2B5B2	hùn	yuán	kMandarin17 retained
𫖳	U+2B5B3	yūn	jūn	kMandarin17 retained
𫗉	U+2B5C9	bèng	běng	kMandarin17 retained
𫗚	U+2B5DA	jiǎn	jiàn	kMandarin17 retained
𫗞	U+2B5DE	zhān	jiān zhān	kMandarin17 retained
𫗢	U+2B5E2	zuò	zé zuò	kMandarin17 retained
𫗤	U+2B5E4	shì	zì	kMandarin17 retained
𫗥	U+2B5E5	yùn	hún yùn	kMandarin17 retained
𫗦	U+2B5E6	bù	bū bù	kMandarin17 retained
𫗱	U+2B5F1	lián	liǎn	kMandarin17 retained
𫗳	U+2B5F3	qiǎng	qiàng	kMandarin17 retained
𫗵	U+2B5F5	xiǎng	náng	kMandarin17 retained
𫘜	U+2B61C	wén	wén yù	kMandarin17 retained
𫘝	U+2B61D	jué	kuài jué	kMandarin17 retained
𫘤	U+2B624	ái	sì ái	kMandarin17 retained
𫘬	U+2B62C	xí	xī	kMandarin17 retained
𫘰	U+2B630	zhān	zhān zhàn	kMandarin17 retained
𫚉	U+2B689	hóng	hōng	kMandarin17 retained
𫚍	U+2B68D	fén	fèn	kMandarin17 retained
𫚐	U+2B690	yāng	yáng	kMandarin17 retained
𫚖	U+2B696	cǐ	jì	kMandarin17 retained
𫚗	U+2B697	gé	hé	kMandarin17 retained
𫚙	U+2B699	pū	bū pū	kMandarin17 retained
𫚛	U+2B69B	tuō	duó	kMandarin17 retained
𫚥	U+2B6A5	xiā	há xiā	kMandarin17 retained
𫚦	U+2B6A6	yóng	róng	kMandarin17 retained
𫚧	U+2B6A7	qiú	jiù qiú	kMandarin17 retained
𫚭	U+2B6AD	liè	là	kMandarin17 retained
𫛚	U+2B6DA	jiān	jiān yán	kMandarin17 retained
𫛛	U+2B6DB	zhī	zhī shì	kMandarin17 retained
𫛞	U+2B6DE	jué	jú jué	kMandarin17 retained
𫛨	U+2B6E8	pí	píng	kMandarin17 retained
𫛱	U+2B6F1	zhuó	zhào	kMandarin17 retained
𫛴	U+2B6F4	tí	tán tí	kMandarin17 retained
𫛸	U+2B6F8	tí	tán tí	kMandarin17 retained
𫜁	U+2B701	bì	bì biē	kMandarin17 retained
𫜅	U+2B705	huán	xuán	kMandarin17 retained
𫜙	U+2B719	yìng	zèng yìng yùn	kMandarin17 retained
𫜪	U+2B72A	yǎo	jiāo yǎo	kMandarin17 retained
𫝜	U+2B75C	zǎ	cà	kMandarin17 retained
𫝫	U+2B76B	lái	lái lài	kMandarin17 retained
𫝬	U+2B76C	kuì	huì	kMandarin17 retained
𫞛	U+2B79B	zhū	zhū chú	kMandarin17 retained
𫞝	U+2B79D	jué	què	kMandarin17 retained
𫞡	U+2B7A1	róng	róng yíng	kMandarin17 retained
𫞢	U+2B7A2	zhì	luò	kMandarin17 retained
𫞥	U+2B7A5	bèi	bèi mèi	kMandarin17 retained
𫞦	U+2B7A6	jì	jì zī	kMandarin17 retained
𫞷	U+2B7B7	kuài	kuì	kMandarin17 retained
𫟃	U+2B7C3	rèn	rén rèn	kMandarin17 retained
𫟆	U+2B7C6	chóng	zhòng chóng	kMandarin17 retained
𫟕	U+2B7D5	jī	qí	kMandarin17 retained
𫟞	U+2B7DE	zhǐ	zhǐ shī	kMandarin17 retained
𫟠	U+2B7E0	chǎn	dàn chǎn	kMandarin17 retained
𫟥	U+2B7E5	kēng	kēng qiān zhěn	kMandarin17 retained
𫟬	U+2B7EC	zhì	zhí	kMandarin17 retained
𫟵	U+2B7F5	yǔn	ruì yǔn	kMandarin17 retained
𫟶	U+2B7F6	shàn	shàn shuò cè	kMandarin17 retained
𫟸	U+2B7F8	shì	shì yì	kMandarin17 retained
𫟾	U+2B7FE	zú	lóng	kMandarin17 retained
𫠁	U+2B801	hé	tà hé	kMandarin17 retained
𫠇	U+2B807	xín	bá xín	kMandarin17 retained
𫠈	U+2B808	bī	bì sè	kMandarin17 retained
𫠑	U+2B811	sōu	qiū sōu	kMandarin17 retained
𫮅	U+2BB85	chěn	cān	kMandarin17 retained
𬑔	U+2C454	zhòng	méng zhòng	kMandarin17 retained
𱰭	U+31C2D	zī	zī zāi	kMandarin17 retained
𲆰	U+321B0	xī	xí	kMandarin17 retained
