character	code_point	reason
㐂	U+3402	no accepted official reading
㐇	U+3407	no accepted official reading
㐈	U+3408	no accepted official reading
㐉	U+3409	no accepted official reading
㐊	U+340A	no accepted official reading
㐋	U+340B	no accepted official reading
㐍	U+340D	no accepted official reading
㐎	U+340E	no accepted official reading
㐏	U+340F	no accepted official reading
㐐	U+3410	no accepted official reading
㐑	U+3411	no accepted official reading
㐒	U+3412	no accepted official reading
㐓	U+3413	no accepted official reading
㐔	U+3414	no accepted official reading
㐕	U+3415	no accepted official reading
㐗	U+3417	no accepted official reading
㐘	U+3418	no accepted official reading
㐙	U+3419	no accepted official reading
㐚	U+341A	no accepted official reading
㐛	U+341B	no accepted official reading
㐝	U+341D	no accepted official reading
㐞	U+341E	no accepted official reading
㐠	U+3420	no accepted official reading
㐢	U+3422	no accepted official reading
㐣	U+3423	no accepted official reading
㐥	U+3425	no accepted official reading
㐦	U+3426	no accepted official reading
㐿	U+343F	no accepted official reading
㑆	U+3446	no accepted official reading
㑕	U+3455	no accepted official reading
㑖	U+3456	no accepted official reading
㑡	U+3461	no accepted official reading
㑬	U+346C	no accepted official reading
㒏	U+348F	no accepted official reading
㒐	U+3490	no accepted official reading
㒘	U+3498	no accepted official reading
㒢	U+34A2	no accepted official reading
㒣	U+34A3	no accepted official reading
㒮	U+34AE	no accepted official reading
㒱	U+34B1	no accepted official reading
㓀	U+34C0	no accepted official reading
㓆	U+34C6	no accepted official reading
㓍	U+34CD	no accepted official reading
㓙	U+34D9	no accepted official reading
㓫	U+34EB	no accepted official reading
㓿	U+34FF	no accepted official reading
㔈	U+3508	no accepted official reading
㔛	U+351B	no accepted official reading
㔟	U+351F	no accepted official reading
㕝	U+355D	no accepted official reading
㕾	U+357E	no accepted official reading
㕿	U+357F	no accepted official reading
㖋	U+358B	no accepted official reading
㖌	U+358C	no accepted official reading
㖍	U+358D	no accepted official reading
㖎	U+358E	no accepted official reading
㖙	U+3599	no accepted official reading
㖚	U+359A	no accepted official reading
㖛	U+359B	no accepted official reading
㖝	U+359D	no accepted official reading
㖬	U+35AC	no accepted official reading
㖯	U+35AF	no accepted official reading
㖰	U+35B0	no accepted official reading
㖱	U+35B1	no accepted official reading
㖲	U+35B2	no accepted official reading
㖳	U+35B3	no accepted official reading
㗝	U+35DD	no accepted official reading
㗟	U+35DF	no accepted official reading
㗠	U+35E0	no accepted official reading
㗡	U+35E1	no accepted official reading
㗮	U+35EE	no accepted official reading
㗯	U+35EF	no accepted official reading
㘏	U+360F	no accepted official reading
㘒	U+3612	no accepted official reading
㘘	U+3618	no accepted official reading
㘮	U+362E	no accepted official reading
㘼	U+363C	no accepted official reading
㘾	U+363E	no accepted official reading
㙆	U+3646	no accepted official reading
㙖	U+3656	no accepted official reading
㙽	U+367D	no accepted official reading
㚈	U+3688	no accepted official reading
㛇	U+36C7	no accepted official reading
㛈	U+36C8	no accepted official reading
㛌	U+36CC	no accepted official reading
㛟	U+36DF	no accepted official reading
㜀	U+3700	no accepted official reading
㜔	U+3714	no accepted official reading
㜟	U+371F	no accepted official reading
㜭	U+372D	no accepted official reading
㝆	U+3746	no accepted official reading
㞍	U+378D	no accepted official reading
㞝	U+379D	no accepted official reading
㟕	U+37D5	no accepted official reading
㟡	U+37E1	no accepted official reading
㟣	U+37E3	no accepted official reading
㠃	U+3803	no accepted official reading
㠞	U+381E	no accepted official reading
㠤	U+3824	no accepted official reading
㠫	U+382B	no accepted official reading
㠬	U+382C	no accepted official reading
㠰	U+3830	no accepted official reading
㠳	U+3833	no accepted official reading
㡍	U+384D	no accepted official reading
㡤	U+3864	no accepted official reading
㢇	U+3887	no accepted official reading
㢫	U+38AB	no accepted official reading
㢱	U+38B1	no accepted official reading
㢷	U+38B7	no accepted official reading
㢹	U+38B9	no accepted official reading
㢿	U+38BF	no accepted official reading
㣊	U+38CA	no accepted official reading
㣕	U+38D5	no accepted official reading
㣖	U+38D6	no accepted official reading
㣗	U+38D7	no accepted official reading
㣡	U+38E1	no accepted official reading
㣨	U+38E8	no accepted official reading
㣩	U+38E9	no accepted official reading
㣮	U+38EE	no accepted official reading
㣳	U+38F3	no accepted official reading
㣴	U+38F4	no accepted official reading
㣹	U+38F9	no accepted official reading
㥗	U+3957	no accepted official reading
㥘	U+3958	no accepted official reading
㥙	U+3959	no accepted official reading
㥻	U+397B	no accepted official reading
㦙	U+3999	no accepted official reading
㧠	U+39E0	no accepted official reading
㩂	U+3A42	no accepted official reading
㩑	U+3A51	no accepted official reading
㪲	U+3AB2	no accepted official reading
㫆	U+3AC6	no accepted official reading
㫇	U+3AC7	no accepted official reading
㫌	U+3ACC	no accepted official reading
㫣	U+3AE3	no accepted official reading
㫭	U+3AED	no accepted official reading
㫾	U+3AFE	no accepted official reading
㫿	U+3AFF	no accepted official reading
㬀	U+3B00	no accepted official reading
㬨	U+3B28	no accepted official reading
㬾	U+3B3E	no accepted official reading
㭀	U+3B40	no accepted official reading
㭅	U+3B45	no accepted official reading
㭆	U+3B46	no accepted official reading
㭐	U+3B50	no accepted official reading
㭖	U+3B56	no accepted official reading
㭗	U+3B57	no accepted official reading
㭣	U+3B63	no accepted official reading
㭥	U+3B65	no accepted official reading
㭧	U+3B67	no accepted official reading
㭳	U+3B73	no accepted official reading
㭵	U+3B75	no accepted official reading
㭷	U+3B77	no accepted official reading
㮉	U+3B89	no accepted official reading
㮊	U+3B8A	no accepted official reading
㮠	U+3BA0	no accepted official reading
㮽	U+3BBD	no accepted official reading
㯑	U+3BD1	no accepted official reading
㯒	U+3BD2	no accepted official reading
㯧	U+3BE7	no accepted official reading
㯨	U+3BE8	no accepted official reading
㯼	U+3BFC	no accepted official reading
㰜	U+3C1C	no accepted official reading
㱐	U+3C50	no accepted official reading
㱑	U+3C51	no accepted official reading
㱓	U+3C53	no accepted official reading
㱝	U+3C5D	no accepted official reading
㱷	U+3C77	no accepted official reading
㲐	U+3C90	no accepted official reading
㲮	U+3CAE	no accepted official reading
㳉	U+3CC9	no accepted official reading
㳣	U+3CE3	no accepted official reading
㳯	U+3CEF	no accepted official reading
㳱	U+3CF1	no accepted official reading
㳲	U+3CF2	no accepted official reading
㴌	U+3D0C	no accepted official reading
㴍	U+3D0D	no accepted official reading
㴟	U+3D1F	no accepted official reading
㴢	U+3D22	no accepted official reading
㴣	U+3D23	no accepted official reading
㴤	U+3D24	no accepted official reading
㴺	U+3D3A	no accepted official reading
㵇	U+3D47	no accepted official reading
㵉	U+3D49	no accepted official reading
㵛	U+3D5B	no accepted official reading
㵜	U+3D5C	no accepted official reading
㵼	U+3D7C	no accepted official reading
㶂	U+3D82	no accepted official reading
㶃	U+3D83	no accepted official reading
㶊	U+3D8A	no accepted official reading
㶐	U+3D90	no accepted official reading
㶢	U+3DA2	no accepted official reading
㶱	U+3DB1	no accepted official reading
㶷	U+3DB7	no accepted official reading
㷌	U+3DCC	no accepted official reading
㷜	U+3DDC	no accepted official reading
㷞	U+3DDE	no accepted official reading
㷧	U+3DE7	no accepted official reading
㷱	U+3DF1	no accepted official reading
㷲	U+3DF2	no accepted official reading
㷽	U+3DFD	no accepted official reading
㸴	U+3E34	no accepted official reading
㹩	U+3E69	no accepted official reading
㹰	U+3E70	no accepted official reading
㺆	U+3E86	no accepted official reading
㺙	U+3E99	no accepted official reading
㺶	U+3EB6	no accepted official reading
㺻	U+3EBB	no accepted official reading
㺼	U+3EBC	no accepted official reading
㺾	U+3EBE	no accepted official reading
㻐	U+3ED0	no accepted official reading
㻘	U+3ED8	no accepted official reading
㻤	U+3EE4	no accepted official reading
㻥	U+3EE5	no accepted official reading
㻦	U+3EE6	no accepted official reading
㻩	U+3EE9	no accepted official reading
㻳	U+3EF3	no accepted official reading
㻴	U+3EF4	no accepted official reading
㼀	U+3F00	no accepted official reading
㼃	U+3F03	no accepted official reading
㽶	U+3F76	no accepted official reading
㽼	U+3F7C	no accepted official reading
㾲	U+3FB2	no accepted official reading
㾳	U+3FB3	no accepted official reading
㿐	U+3FD0	no accepted official reading
䀝	U+401D	no accepted official reading
䂋	U+408B	no accepted official reading
䂨	U+40A8	no accepted official reading
䃃	U+40C3	no accepted official reading
䃄	U+40C4	no accepted official reading
䃐	U+40D0	no accepted official reading
䃟	U+40DF	no accepted official reading
䃨	U+40E8	no accepted official reading
䄊	U+410A	no accepted official reading
䄖	U+4116	no accepted official reading
䄞	U+411E	no accepted official reading
䄣	U+4123	no accepted official reading
䄴	U+4134	no accepted official reading
䄵	U+4135	no accepted official reading
䅫	U+416B	no accepted official reading
䆆	U+4186	no accepted official reading
䆇	U+4187	no accepted official reading
䆌	U+418C	no accepted official reading
䆴	U+41B4	no accepted official reading
䇄	U+41C4	no accepted official reading
䇊	U+41CA	no accepted official reading
䇳	U+41F3	no accepted official reading
䇴	U+41F4	no accepted official reading
䇿	U+41FF	no accepted official reading
䈨	U+4228	no accepted official reading
䈩	U+4229	no accepted official reading
䊌	U+428C	no accepted official reading
䋅	U+42C5	no accepted official reading
䋇	U+42C7	no accepted official reading
䎞	U+439E	no accepted official reading
䎥	U+43A5	no accepted official reading
䏭	U+43ED	no accepted official reading
䑖	U+4456	no accepted official reading
䑮	U+446E	no accepted official reading
䑷	U+4477	no accepted official reading
䑾	U+447E	no accepted official reading
䒮	U+44AE	no accepted official reading
䒯	U+44AF	no accepted official reading
䓀	U+44C0	no accepted official reading
䓔	U+44D4	no accepted official reading
䓩	U+44E9	no accepted official reading
䓻	U+44FB	no accepted official reading
䕂	U+4542	no accepted official reading
䕐	U+4550	no accepted official reading
䖾	U+45BE	no accepted official reading
䗭	U+45ED	no accepted official reading
䗳	U+45F3	no accepted official reading
䘞	U+461E	no accepted official reading
䙋	U+464B	no accepted official reading
䙍	U+464D	no accepted official reading
䙫	U+466B	no accepted official reading
䙶	U+4676	no accepted official reading
䚤	U+46A4	no accepted official reading
䜤	U+4724	no accepted official reading
䜦	U+4726	no accepted official reading
䜨	U+4728	no accepted official reading
䜳	U+4733	no accepted official reading
䞎	U+478E	no accepted official reading
䞏	U+478F	no accepted official reading
䞲	U+47B2	no accepted official reading
䟲	U+47F2	no accepted official reading
䠌	U+480C	no accepted official reading
䠖	U+4816	no accepted official reading
䠺	U+483A	no accepted official reading
䢂	U+4882	no accepted official reading
䢘	U+4898	no accepted official reading
䣉	U+48C9	no accepted official reading
䣒	U+48D2	no accepted official reading
䤀	U+4900	no accepted official reading
䥹	U+4979	no accepted official reading
䥻	U+497B	no accepted official reading
䥼	U+497C	no accepted official reading
䥿	U+497F	no accepted official reading
䦁	U+4981	no accepted official reading
䦰	U+49B0	no accepted official reading
䦸	U+49B8	no accepted official reading
䦿	U+49BF	no accepted official reading
䧀	U+49C0	no accepted official reading
䧈	U+49C8	no accepted official reading
䧩	U+49E9	no accepted official reading
䩎	U+4A4E	no accepted official reading
䪟	U+4A9F	no accepted official reading
䪪	U+4AAA	no accepted official reading
䭏	U+4B4F	no accepted official reading
䭜	U+4B5C	no accepted official reading
䯩	U+4BE9	no accepted official reading
䯻	U+4BFB	no accepted official reading
䰮	U+4C2E	no accepted official reading
䰳	U+4C33	no accepted official reading
䰶	U+4C36	no accepted official reading
䱪	U+4C6A	no accepted official reading
䲇	U+4C87	no accepted official reading
䲶	U+4CB6	no accepted official reading
䴨	U+4D28	no accepted official reading
䶭	U+4DAD	no accepted official reading
䶶	U+4DB6	no accepted official reading
兙	U+5159	no accepted official reading
兡	U+5161	no accepted official reading
嗧	U+55E7	no accepted official reading
瓱	U+74F1	no accepted official reading
龦	U+9FA6	no accepted official reading
龧	U+9FA7	no accepted official reading
龨	U+9FA8	no accepted official reading
龩	U+9FA9	no accepted official reading
龭	U+9FAD	no accepted official reading
龮	U+9FAE	no accepted official reading
龯	U+9FAF	no accepted official reading
龲	U+9FB2	no accepted official reading
龼	U+9FBC	no accepted official reading
龽	U+9FBD	no accepted official reading
龿	U+9FBF	no accepted official reading
鿀	U+9FC0	no accepted official reading
鿆	U+9FC6	no accepted official reading
鿊	U+9FCA	no accepted official reading
鿋	U+9FCB	no accepted official reading
鿐	U+9FD0	no accepted official reading
鿑	U+9FD1	no accepted official reading
鿒	U+9FD2	no accepted official reading
鿓	U+9FD3	no accepted official reading
鿖	U+9FD6	no accepted official reading
鿗	U+9FD7	no accepted official reading
鿘	U+9FD8	no accepted official reading
鿙	U+9FD9	no accepted official reading
鿚	U+9FDA	no accepted official reading
鿛	U+9FDB	no accepted official reading
鿜	U+9FDC	no accepted official reading
鿝	U+9FDD	no accepted official reading
鿞	U+9FDE	no accepted official reading
鿟	U+9FDF	no accepted official reading
鿠	U+9FE0	no accepted official reading
鿡	U+9FE1	no accepted official reading
鿢	U+9FE2	no accepted official reading
鿣	U+9FE3	no accepted official reading
鿤	U+9FE4	no accepted official reading
鿥	U+9FE5	no accepted official reading
鿦	U+9FE6	no accepted official reading
鿧	U+9FE7	no accepted official reading
鿨	U+9FE8	no accepted official reading
鿩	U+9FE9	no accepted official reading
鿪	U+9FEA	no accepted official reading
鿮	U+9FEE	no accepted official reading
鿯	U+9FEF	no accepted official reading
鿽	U+9FFD	no accepted official reading
﨏	U+FA0F	no accepted official reading
﨑	U+FA11	no accepted official reading
﨓	U+FA13	no accepted official reading
﨔	U+FA14	no accepted official reading
﨡	U+FA21	no accepted official reading
﨣	U+FA23	no accepted official reading
﨤	U+FA24	no accepted official reading
﨧	U+FA27	no accepted official reading
﨩	U+FA29	no accepted official reading
𠀆	U+20006	no accepted official reading
𠀎	U+2000E	no accepted official reading
𠀖	U+20016	no accepted official reading
𠀗	U+20017	no accepted official reading
𠀧	U+20027	no accepted official reading
𠀨	U+20028	no accepted official reading
𠀲	U+20032	no accepted official reading
𠀳	U+20033	no accepted official reading
𠀴	U+20034	no accepted official reading
𠀾	U+2003E	no accepted official reading
𠀿	U+2003F	no accepted official reading
𠁀	U+20040	no accepted official reading
𠁂	U+20042	no accepted official reading
𠁄	U+20044	no accepted official reading
𠁑	U+20051	no accepted official reading
𠁔	U+20054	no accepted official reading
𠁙	U+20059	no accepted official reading
𠁚	U+2005A	no accepted official reading
𠁝	U+2005D	no accepted official reading
𠁞	U+2005E	no accepted official reading
𠁟	U+2005F	no accepted official reading
𠁪	U+2006A	no accepted official reading
𠁳	U+20073	no accepted official reading
𠁸	U+20078	no accepted official reading
𠁹	U+20079	no accepted official reading
𠁺	U+2007A	no accepted official reading
𠁻	U+2007B	no accepted official reading
𠂉	U+20089	no accepted official reading
𠂋	U+2008B	no accepted official reading
𠂪	U+200AA	no accepted official reading
𠂫	U+200AB	no accepted official reading
𠂭	U+200AD	no accepted official reading
𠃅	U+200C5	no accepted official reading
𠃗	U+200D7	no accepted official reading
𠃝	U+200DD	no accepted official reading
𠃣	U+200E3	no accepted official reading
𠃩	U+200E9	no accepted official reading
𠃮	U+200EE	no accepted official reading
𠃯	U+200EF	no accepted official reading
𠃷	U+200F7	no accepted official reading
𠄀	U+20100	no accepted official reading
𠄁	U+20101	no accepted official reading
𠄐	U+20110	no accepted official reading
𠄜	U+2011C	no accepted official reading
𠄥	U+20125	no accepted official reading
𠄦	U+20126	no accepted official reading
𠄧	U+20127	no accepted official reading
𠄩	U+20129	no accepted official reading
𠄯	U+2012F	no accepted official reading
𠄳	U+20133	no accepted official reading
𠄶	U+20136	no accepted official reading
𠄺	U+2013A	no accepted official reading
𠄻	U+2013B	no accepted official reading
𠄼	U+2013C	no accepted official reading
𠄽	U+2013D	no accepted official reading
𠄾	U+2013E	no accepted official reading
𠅍	U+2014D	no accepted official reading
𠅎	U+2014E	no accepted official reading
𠅐	U+20150	no accepted official reading
𠅒	U+20152	no accepted official reading
𠅲	U+20172	no accepted official reading
𠅳	U+20173	no accepted official reading
𠅻	U+2017B	no accepted official reading
𠅼	U+2017C	no accepted official reading
𠅿	U+2017F	no accepted official reading
𠆍	U+2018D	no accepted official reading
𠆫	U+201AB	no accepted official reading
𠆳	U+201B3	no accepted official reading
𠆽	U+201BD	no accepted official reading
𠆾	U+201BE	no accepted official reading
𠆿	U+201BF	no accepted official reading
𠇀	U+201C0	no accepted official reading
𠇁	U+201C1	no accepted official reading
𠇕	U+201D5	no accepted official reading
𠇖	U+201D6	no accepted official reading
𠇻	U+201FB	no accepted official reading
𠇼	U+201FC	no accepted official reading
𠇽	U+201FD	no accepted official reading
𠈂	U+20202	no accepted official reading
𠈒	U+20212	no accepted official reading
𠈓	U+20213	no accepted official reading
𠈦	U+20226	no accepted official reading
𠉜	U+2025C	no accepted official reading
𠉞	U+2025E	no accepted official reading
𠉟	U+2025F	no accepted official reading
𠉠	U+20260	no accepted official reading
𠉯	U+2026F	no accepted official reading
𠉴	U+20274	no accepted official reading
𠉵	U+20275	no accepted official reading
𠊐	U+20290	no accepted official reading
𠊛	U+2029B	no accepted official reading
𠊜	U+2029C	no accepted official reading
𠊝	U+2029D	no accepted official reading
𠊡	U+202A1	no accepted official reading
𠊽	U+202BD	no accepted official reading
𠋙	U+202D9	no accepted official reading
𠋦	U+202E6	no accepted official reading
𠌃	U+20303	no accepted official reading
𠌄	U+20304	no accepted official reading
𠌊	U+2030A	no accepted official reading
𠌦	U+20326	no accepted official reading
𠌧	U+20327	no accepted official reading
𠌨	U+20328	no accepted official reading
𠍅	U+20345	no accepted official reading
𠍆	U+20346	no accepted official reading
𠍝	U+2035D	no accepted official reading
𠍣	U+20363	no accepted official reading
𠍥	U+20365	no accepted official reading
𠍦	U+20366	no accepted official reading
𠍭	U+2036D	no accepted official reading
𠎀	U+20380	no accepted official reading
𠎁	U+20381	no accepted official reading
𠎨	U+203A8	no accepted official reading
𠎩	U+203A9	no accepted official reading
𠎪	U+203AA	no accepted official reading
𠎫	U+203AB	no accepted official reading
𠎭	U+203AD	no accepted official reading
𠏅	U+203C5	no accepted official reading
𠏉	U+203C9	no accepted official reading
𠏋	U+203CB	no accepted official reading
𠏝	U+203DD	no accepted official reading
𠏟	U+203DF	no accepted official reading
𠏠	U+203E0	no accepted official reading
𠏥	U+203E5	no accepted official reading
𠏦	U+203E6	no accepted official reading
𠏲	U+203F2	no accepted official reading
𠏳	U+203F3	no accepted official reading
𠏵	U+203F5	no accepted official reading
𠏹	U+203F9	no accepted official reading
𠏼	U+203FC	no accepted official reading
𠐄	U+20404	no accepted official reading
𠐐	U+20410	no accepted official reading
𠐓	U+20413	no accepted official reading
𠐔	U+20414	no accepted official reading
𠐞	U+2041E	no accepted official reading
𠐠	U+20420	no accepted official reading
𠐬	U+2042C	no accepted official reading
𠐭	U+2042D	no accepted official reading
𠐸	U+20438	no accepted official reading
𠐹	U+20439	no accepted official reading
𠑇	U+20447	no accepted official reading
𠑈	U+20448	no accepted official reading
𠑉	U+20449	no accepted official reading
𠑊	U+2044A	no accepted official reading
𠑋	U+2044B	no accepted official reading
𠑕	U+20455	no accepted official reading
𠑖	U+20456	no accepted official reading
𠑠	U+20460	no accepted official reading
𠑢	U+20462	no accepted official reading
𠑥	U+20465	no accepted official reading
𠑬	U+2046C	no accepted official reading
𠒉	U+20489	no accepted official reading
𠒏	U+2048F	no accepted official reading
𠒐	U+20490	no accepted official reading
𠒑	U+20491	no accepted official reading
𠒒	U+20492	no accepted official reading
𠒙	U+20499	no accepted official reading
𠒥	U+204A5	no accepted official reading
𠒦	U+204A6	no accepted official reading
𠒬	U+204AC	no accepted official reading
𠒭	U+204AD	no accepted official reading
𠒮	U+204AE	no accepted official reading
𠒯	U+204AF	no accepted official reading
𠒲	U+204B2	no accepted official reading
𠒷	U+204B7	no accepted official reading
𠓀	U+204C0	no accepted official reading
𠓁	U+204C1	no accepted official reading
𠓅	U+204C5	no accepted official reading
𠓇	U+204C7	no accepted official reading
𠓈	U+204C8	no accepted official reading
𠓎	U+204CE	no accepted official reading
𠓏	U+204CF	no accepted official reading
𠓐	U+204D0	no accepted official reading
𠓑	U+204D1	no accepted official reading
𠓔	U+204D4	no accepted official reading
𠓦	U+204E6	no accepted official reading
𠓩	U+204E9	no accepted official reading
𠓬	U+204EC	no accepted official reading
𠓲	U+204F2	no accepted official reading
𠓹	U+204F9	no accepted official reading
𠓺	U+204FA	no accepted official reading
𠓻	U+204FB	no accepted official reading
𠓼	U+204FC	no accepted official reading
𠓾	U+204FE	no accepted official reading
𠔞	U+2051E	no accepted official reading
𠔤	U+20524	no accepted official reading
𠔦	U+20526	no accepted official reading
𠔬	U+2052C	no accepted official reading
𠔭	U+2052D	no accepted official reading
𠔮	U+2052E	no accepted official reading
𠕅	U+20545	no accepted official reading
𠕼	U+2057C	no accepted official reading
𠖈	U+20588	no accepted official reading
𠖎	U+2058E	no accepted official reading
𠖘	U+20598	no accepted official reading
𠖝	U+2059D	no accepted official reading
𠖤	U+205A4	no accepted official reading
𠖨	U+205A8	no accepted official reading
𠖯	U+205AF	no accepted official reading
𠖰	U+205B0	no accepted official reading
𠖳	U+205B3	no accepted official reading
𠖾	U+205BE	no accepted official reading
𠖿	U+205BF	no accepted official reading
𠗐	U+205D0	no accepted official reading
𠗟	U+205DF	no accepted official reading
𠗠	U+205E0	no accepted official reading
𠗤	U+205E4	no accepted official reading
𠗰	U+205F0	no accepted official reading
𠗸	U+205F8	no accepted official reading
𠗹	U+205F9	no accepted official reading
𠘃	U+20603	no accepted official reading
𠘙	U+20619	no accepted official reading
𠘚	U+2061A	no accepted official reading
𠘴	U+20634	no accepted official reading
𠘹	U+20639	no accepted official reading
𠙅	U+20645	no accepted official reading
𠙣	U+20663	no accepted official reading
𠙦	U+20666	no accepted official reading
𠚐	U+20690	no accepted official reading
𠚢	U+206A2	no accepted official reading
𠚶	U+206B6	no accepted official reading
𠛌	U+206CC	no accepted official reading
𠛣	U+206E3	no accepted official reading
𠛤	U+206E4	no accepted official reading
𠜏	U+2070F	no accepted official reading
𠜞	U+2071E	no accepted official reading
𠜬	U+2072C	no accepted official reading
𠜭	U+2072D	no accepted official reading
𠜮	U+2072E	no accepted official reading
𠜯	U+2072F	no accepted official reading
𠝆	U+20746	no accepted official reading
𠝓	U+20753	no accepted official reading
𠝔	U+20754	no accepted official reading
𠝕	U+20755	no accepted official reading
𠝖	U+20756	no accepted official reading
𠝗	U+20757	no accepted official reading
𠝜	U+2075C	no accepted official reading
𠝫	U+2076B	no accepted official reading
𠝹	U+20779	no accepted official reading
𠝺	U+2077A	no accepted official reading
𠝻	U+2077B	no accepted official reading
𠝼	U+2077C	no accepted official reading
𠞟	U+2079F	no accepted official reading
𠞠	U+207A0	no accepted official reading
𠞡	U+207A1	no accepted official reading
𠞢	U+207A2	no accepted official reading
𠞸	U+207B8	no accepted official reading
𠞹	U+207B9	no accepted official reading
𠞺	U+207BA	no accepted official reading
𠟀	U+207C0	no accepted official reading
𠟢	U+207E2	no accepted official reading
𠟤	U+207E4	no accepted official reading
𠟥	U+207E5	no accepted official reading
𠟲	U+207F2	no accepted official reading
𠟸	U+207F8	no accepted official reading
𠟹	U+207F9	no accepted official reading
𠠉	U+20809	no accepted official reading
𠠊	U+2080A	no accepted official reading
𠠑	U+20811	no accepted official reading
𠠙	U+20819	no accepted official reading
𠠚	U+2081A	no accepted official reading
𠠩	U+20829	no accepted official reading
𠠭	U+2082D	no accepted official reading
𠠺	U+2083A	no accepted official reading
𠡎	U+2084E	no accepted official reading
𠡏	U+2084F	no accepted official reading
𠡐	U+20850	no accepted official reading
𠡚	U+2085A	no accepted official reading
𠡛	U+2085B	no accepted official reading
𠡧	U+20867	no accepted official reading
𠡳	U+20873	no accepted official reading
𠡺	U+2087A	no accepted official reading
𠢑	U+20891	no accepted official reading
𠢝	U+2089D	no accepted official reading
𠢞	U+2089E	no accepted official reading
𠢟	U+2089F	no accepted official reading
𠢬	U+208AC	no accepted official reading
𠢮	U+208AE	no accepted official reading
𠣂	U+208C2	no accepted official reading
𠣛	U+208DB	no accepted official reading
𠣶	U+208F6	no accepted official reading
𠤆	U+20906	no accepted official reading
𠤌	U+2090C	no accepted official reading
𠤖	U+20916	no accepted official reading
𠤧	U+20927	no accepted official reading
𠤩	U+20929	no accepted official reading
𠤲	U+20932	no accepted official reading
𠤷	U+20937	no accepted official reading
𠥈	U+20948	no accepted official reading
𠥔	U+20954	no accepted official reading
𠥟	U+2095F	no accepted official reading
𠥠	U+20960	no accepted official reading
𠥤	U+20964	no accepted official reading
𠥹	U+20979	no accepted official reading
𠥼	U+2097C	no accepted official reading
𠦉	U+20989	no accepted official reading
𠦩	U+209A9	no accepted official reading
𠦯	U+209AF	no accepted official reading
𠦳	U+209B3	no accepted official reading
𠦹	U+209B9	no accepted official reading
𠦻	U+209BB	no accepted official reading
𠦿	U+209BF	no accepted official reading
𠧆	U+209C6	no accepted official reading
𠧌	U+209CC	no accepted official reading
𠧍	U+209CD	no accepted official reading
𠨡	U+20A21	no accepted official reading
𠨤	U+20A24	no accepted official reading
𠨪	U+20A2A	no accepted official reading
𠨼	U+20A3C	no accepted official reading
𠩕	U+20A55	no accepted official reading
𠪩	U+20AA9	no accepted official reading
𠪲	U+20AB2	no accepted official reading
𠪴	U+20AB4	no accepted official reading
𠪸	U+20AB8	no accepted official reading
𠫅	U+20AC5	no accepted official reading
𠫆	U+20AC6	no accepted official reading
𠫏	U+20ACF	no accepted official reading
𠫡	U+20AE1	no accepted official reading
𠫾	U+20AFE	no accepted official reading
𠬃	U+20B03	no accepted official reading
𠬉	U+20B09	no accepted official reading
𠬒	U+20B12	no accepted official reading
𠬔	U+20B14	no accepted official reading
𠬕	U+20B15	no accepted official reading
𠬖	U+20B16	no accepted official reading
𠬠	U+20B20	no accepted official reading
𠭤	U+20B64	no accepted official reading
𠭺	U+20B7A	no accepted official reading
𠮀	U+20B80	no accepted official reading
𠮩	U+20BA9	no accepted official reading
𠯅	U+20BC5	no accepted official reading
𠯇	U+20BC7	no accepted official reading
𠯢	U+20BE2	no accepted official reading
𠯺	U+20BFA	no accepted official reading
𠯻	U+20BFB	no accepted official reading
𠯼	U+20BFC	no accepted official reading
𠯽	U+20BFD	no accepted official reading
𠯾	U+20BFE	no accepted official reading
𠰀	U+20C00	no accepted official reading
𠰁	U+20C01	no accepted official reading
𠰃	U+20C03	no accepted official reading
𠱁	U+20C41	no accepted official reading
𠱄	U+20C44	no accepted official reading
𠱅	U+20C45	no accepted official reading
𠱇	U+20C47	no accepted official reading
𠱈	U+20C48	no accepted official reading
𠱉	U+20C49	no accepted official reading
𠱊	U+20C4A	no accepted official reading
𠱋	U+20C4B	no accepted official reading
𠱌	U+20C4C	no accepted official reading
𠱍	U+20C4D	no accepted official reading
𠱸	U+20C78	no accepted official reading
𠲝	U+20C9D	no accepted official reading
𠲞	U+20C9E	no accepted official reading
𠲟	U+20C9F	no accepted official reading
𠲠	U+20CA0	no accepted official reading
𠲢	U+20CA2	no accepted official reading
𠲤	U+20CA4	no accepted official reading
𠲧	U+20CA7	no accepted official reading
𠲨	U+20CA8	no accepted official reading
𠲬	U+20CAC	no accepted official reading
𠳏	U+20CCF	no accepted official reading
𠳑	U+20CD1	no accepted official reading
𠳒	U+20CD2	no accepted official reading
𠳓	U+20CD3	no accepted official reading
𠳔	U+20CD4	no accepted official reading
𠳕	U+20CD5	no accepted official reading
𠳖	U+20CD6	no accepted official reading
𠳗	U+20CD7	no accepted official reading
𠳘	U+20CD8	no accepted official reading
𠳙	U+20CD9	no accepted official reading
𠳚	U+20CDA	no accepted official reading
𠴆	U+20D06	no accepted official reading
𠴉	U+20D09	no accepted official reading
𠴊	U+20D0A	no accepted official reading
𠴋	U+20D0B	no accepted official reading
𠴍	U+20D0D	no accepted official reading
𠴎	U+20D0E	no accepted official reading
𠴐	U+20D10	no accepted official reading
𠴒	U+20D12	no accepted official reading
𠴓	U+20D13	no accepted official reading
𠴔	U+20D14	no accepted official reading
𠴗	U+20D17	no accepted official reading
𠴘	U+20D18	no accepted official reading
𠴙	U+20D19	no accepted official reading
𠴚	U+20D1A	no accepted official reading
𠴛	U+20D1B	no accepted official reading
𠴜	U+20D1C	no accepted official reading
𠴝	U+20D1D	no accepted official reading
𠴞	U+20D1E	no accepted official reading
𠴤	U+20D24	no accepted official reading
𠴥	U+20D25	no accepted official reading
𠵄	U+20D44	no accepted official reading
𠵅	U+20D45	no accepted official reading
𠵆	U+20D46	no accepted official reading
𠵈	U+20D48	no accepted official reading
𠵋	U+20D4B	no accepted official reading
𠵌	U+20D4C	no accepted official reading
𠵍	U+20D4D	no accepted official reading
𠵎	U+20D4E	no accepted official reading
𠵏	U+20D4F	no accepted official reading
𠵐	U+20D50	no accepted official reading
𠵤	U+20D64	no accepted official reading
𠵱	U+20D71	no accepted official reading
𠶀	U+20D80	no accepted official reading
𠶁	U+20D81	no accepted official reading
𠶃	U+20D83	no accepted official reading
𠶅	U+20D85	no accepted official reading
𠶇	U+20D87	no accepted official reading
𠶈	U+20D88	no accepted official reading
𠶉	U+20D89	no accepted official reading
𠶊	U+20D8A	no accepted official reading
𠶌	U+20D8C	no accepted official reading
𠶍	U+20D8D	no accepted official reading
𠶎	U+20D8E	no accepted official reading
𠶏	U+20D8F	no accepted official reading
𠶐	U+20D90	no accepted official reading
𠶒	U+20D92	no accepted official reading
𠶓	U+20D93	no accepted official reading
𠶔	U+20D94	no accepted official reading
𠶕	U+20D95	no accepted official reading
𠶖	U+20D96	no accepted official reading
𠶘	U+20D98	no accepted official reading
𠶙	U+20D99	no accepted official reading
𠶚	U+20D9A	no accepted official reading
𠶛	U+20D9B	no accepted official reading
𠶝	U+20D9D	no accepted official reading
𠶞	U+20D9E	no accepted official reading
𠶟	U+20D9F	no accepted official reading
𠶠	U+20DA0	no accepted official reading
𠶢	U+20DA2	no accepted official reading
𠶣	U+20DA3	no accepted official reading
𠶥	U+20DA5	no accepted official reading
𠶦	U+20DA6	no accepted official reading
𠶯	U+20DAF	no accepted official reading
𠶶	U+20DB6	no accepted official reading
𠷠	U+20DE0	no accepted official reading
𠷡	U+20DE1	no accepted official reading
𠷤	U+20DE4	no accepted official reading
𠷥	U+20DE5	no accepted official reading
𠸈	U+20E08	no accepted official reading
𠸉	U+20E09	no accepted official reading
𠸊	U+20E0A	no accepted official reading
𠸋	U+20E0B	no accepted official reading
𠸏	U+20E0F	no accepted official reading
𠸐	U+20E10	no accepted official reading
𠸒	U+20E12	no accepted official reading
𠸓	U+20E13	no accepted official reading
𠸔	U+20E14	no accepted official reading
𠸕	U+20E15	no accepted official reading
𠸗	U+20E17	no accepted official reading
𠸘	U+20E18	no accepted official reading
𠸙	U+20E19	no accepted official reading
𠸚	U+20E1A	no accepted official reading
𠸛	U+20E1B	no accepted official reading
𠸜	U+20E1C	no accepted official reading
𠸞	U+20E1E	no accepted official reading
𠸟	U+20E1F	no accepted official reading
𠸠	U+20E20	no accepted official reading
𠸡	U+20E21	no accepted official reading
𠸢	U+20E22	no accepted official reading
𠸣	U+20E23	no accepted official reading
𠸥	U+20E25	no accepted official reading
𠸧	U+20E27	no accepted official reading
𠸨	U+20E28	no accepted official reading
𠸩	U+20E29	no accepted official reading
𠸫	U+20E2B	no accepted official reading
𠸬	U+20E2C	no accepted official reading
𠸯	U+20E2F	no accepted official reading
𠸽	U+20E3D	no accepted official reading
𠹬	U+20E6C	no accepted official reading
𠹭	U+20E6D	no accepted official reading
𠹯	U+20E6F	no accepted official reading
𠹰	U+20E70	no accepted official reading
𠹳	U+20E73	no accepted official reading
𠹴	U+20E74	no accepted official reading
𠹵	U+20E75	no accepted official reading
𠹶	U+20E76	no accepted official reading
𠹷	U+20E77	no accepted official reading
𠹸	U+20E78	no accepted official reading
𠹺	U+20E7A	no accepted official reading
𠹻	U+20E7B	no accepted official reading
𠹼	U+20E7C	no accepted official reading
𠹽	U+20E7D	no accepted official reading
𠹾	U+20E7E	no accepted official reading
𠺥	U+20EA5	no accepted official reading
𠺦	U+20EA6	no accepted official reading
𠺧	U+20EA7	no accepted official reading
𠺨	U+20EA8	no accepted official reading
𠺩	U+20EA9	no accepted official reading
𠺫	U+20EAB	no accepted official reading
𠺭	U+20EAD	no accepted official reading
𠺮	U+20EAE	no accepted official reading
𠺯	U+20EAF	no accepted official reading
𠺰	U+20EB0	no accepted official reading
𠺱	U+20EB1	no accepted official reading
𠺲	U+20EB2	no accepted official reading
𠺳	U+20EB3	no accepted official reading
𠺴	U+20EB4	no accepted official reading
𠺵	U+20EB5	no accepted official reading
𠺷	U+20EB7	no accepted official reading
𠺸	U+20EB8	no accepted official reading
𠺹	U+20EB9	no accepted official reading
𠺺	U+20EBA	no accepted official reading
𠺻	U+20EBB	no accepted official reading
𠺾	U+20EBE	no accepted official reading
𠺿	U+20EBF	no accepted official reading
𠻀	U+20EC0	no accepted official reading
𠻁	U+20EC1	no accepted official reading
𠻂	U+20EC2	no accepted official reading
𠻃	U+20EC3	no accepted official reading
𠻅	U+20EC5	no accepted official reading
𠻆	U+20EC6	no accepted official reading
𠻇	U+20EC7	no accepted official reading
𠻈	U+20EC8	no accepted official reading
𠻉	U+20EC9	no accepted official reading
𠻊	U+20ECA	no accepted official reading
𠻒	U+20ED2	no accepted official reading
𠻓	U+20ED3	no accepted official reading
𠻳	U+20EF3	no accepted official reading
𠻵	U+20EF5	no accepted official reading
𠻷	U+20EF7	no accepted official reading
𠻹	U+20EF9	no accepted official reading
𠻺	U+20EFA	no accepted official reading
𠻻	U+20EFB	no accepted official reading
𠻼	U+20EFC	no accepted official reading
𠼮	U+20F2E	no accepted official reading
𠼯	U+20F2F	no accepted official reading
𠼰	U+20F30	no accepted official reading
𠼲	U+20F32	no accepted official reading
𠼳	U+20F33	no accepted official reading
𠼴	U+20F34	no accepted official reading
𠼵	U+20F35	no accepted official reading
𠼶	U+20F36	no accepted official reading
𠼷	U+20F37	no accepted official reading
𠼸	U+20F38	no accepted official reading
𠼹	U+20F39	no accepted official reading
𠼺	U+20F3A	no accepted official reading
𠼼	U+20F3C	no accepted official reading
𠼽	U+20F3D	no accepted official reading
𠼾	U+20F3E	no accepted official reading
𠼿	U+20F3F	no accepted official reading
𠽀	U+20F40	no accepted official reading
𠽁	U+20F41	no accepted official reading
𠽂	U+20F42	no accepted official reading
𠽃	U+20F43	no accepted official reading
𠽄	U+20F44	no accepted official reading
𠽅	U+20F45	no accepted official reading
𠽆	U+20F46	no accepted official reading
𠽇	U+20F47	no accepted official reading
𠽈	U+20F48	no accepted official reading
𠽉	U+20F49	no accepted official reading
𠽌	U+20F4C	no accepted official reading
𠽎	U+20F4E	no accepted official reading
𠽏	U+20F4F	no accepted official reading
𠽐	U+20F50	no accepted official reading
𠽑	U+20F51	no accepted official reading
𠽒	U+20F52	no accepted official reading
𠽓	U+20F53	no accepted official reading
𠽔	U+20F54	no accepted official reading
𠽕	U+20F55	no accepted official reading
𠽖	U+20F56	no accepted official reading
𠽗	U+20F57	no accepted official reading
𠽘	U+20F58	no accepted official reading
𠽙	U+20F59	no accepted official reading
𠽚	U+20F5A	no accepted official reading
𠾎	U+20F8E	no accepted official reading
𠾒	U+20F92	no accepted official reading
𠾓	U+20F93	no accepted official reading
𠾔	U+20F94	no accepted official reading
𠾕	U+20F95	no accepted official reading
𠾭	U+20FAD	no accepted official reading
𠾳	U+20FB3	no accepted official reading
𠾵	U+20FB5	no accepted official reading
𠾶	U+20FB6	no accepted official reading
𠾷	U+20FB7	no accepted official reading
𠾸	U+20FB8	no accepted official reading
𠾹	U+20FB9	no accepted official reading
𠾺	U+20FBA	no accepted official reading
𠾻	U+20FBB	no accepted official reading
𠾼	U+20FBC	no accepted official reading
𠾽	U+20FBD	no accepted official reading
𠾾	U+20FBE	no accepted official reading
𠿀	U+20FC0	no accepted official reading
𠿁	U+20FC1	no accepted official reading
𠿂	U+20FC2	no accepted official reading
𠿃	U+20FC3	no accepted official reading
𠿄	U+20FC4	no accepted official reading
𠿨	U+20FE8	no accepted official reading
𠿩	U+20FE9	no accepted official reading
𠿫	U+20FEB	no accepted official reading
𠿬	U+20FEC	no accepted official reading
𠿭	U+20FED	no accepted official reading
𠿯	U+20FEF	no accepted official reading
𠿰	U+20FF0	no accepted official reading
𠿱	U+20FF1	no accepted official reading
𠿲	U+20FF2	no accepted official reading
𠿳	U+20FF3	no accepted official reading
𠿴	U+20FF4	no accepted official reading
𠿵	U+20FF5	no accepted official reading
𠿶	U+20FF6	no accepted official reading
𠿷	U+20FF7	no accepted official reading
𠿸	U+20FF8	no accepted official reading
𠿹	U+20FF9	no accepted official reading
𡀕	U+21015	no accepted official reading
𡀜	U+2101C	no accepted official reading
𡀝	U+2101D	no accepted official reading
𡀞	U+2101E	no accepted official reading
𡀠	U+21020	no accepted official reading
𡀡	U+21021	no accepted official reading
𡀢	U+21022	no accepted official reading
𡀣	U+21023	no accepted official reading
𡀤	U+21024	no accepted official reading
𡀥	U+21025	no accepted official reading
𡀦	U+21026	no accepted official reading
𡀧	U+21027	no accepted official reading
𡀨	U+21028	no accepted official reading
𡀩	U+21029	no accepted official reading
𡀪	U+2102A	no accepted official reading
𡀫	U+2102B	no accepted official reading
𡀬	U+2102C	no accepted official reading
𡀭	U+2102D	no accepted official reading
𡀮	U+2102E	no accepted official reading
𡀯	U+2102F	no accepted official reading
𡀰	U+21030	no accepted official reading
𡀱	U+21031	no accepted official reading
𡀲	U+21032	no accepted official reading
𡀳	U+21033	no accepted official reading
𡀴	U+21034	no accepted official reading
𡀵	U+21035	no accepted official reading
𡀶	U+21036	no accepted official reading
𡀷	U+21037	no accepted official reading
𡀸	U+21038	no accepted official reading
𡁙	U+21059	no accepted official reading
𡁚	U+2105A	no accepted official reading
𡁛	U+2105B	no accepted official reading
𡁜	U+2105C	no accepted official reading
𡁞	U+2105E	no accepted official reading
𡁯	U+2106F	no accepted official reading
𡁵	U+21075	no accepted official reading
𡁹	U+21079	no accepted official reading
𡁺	U+2107A	no accepted official reading
𡁻	U+2107B	no accepted official reading
𡁼	U+2107C	no accepted official reading
𡁾	U+2107E	no accepted official reading
𡁿	U+2107F	no accepted official reading
𡂀	U+21080	no accepted official reading
𡂁	U+21081	no accepted official reading
𡂂	U+21082	no accepted official reading
𡂃	U+21083	no accepted official reading
𡂄	U+21084	no accepted official reading
𡂅	U+21085	no accepted official reading
𡂆	U+21086	no accepted official reading
𡂈	U+21088	no accepted official reading
𡂌	U+2108C	no accepted official reading
𡂍	U+2108D	no accepted official reading
𡂎	U+2108E	no accepted official reading
𡂪	U+210AA	no accepted official reading
𡂮	U+210AE	no accepted official reading
𡂯	U+210AF	no accepted official reading
𡂰	U+210B0	no accepted official reading
𡂱	U+210B1	no accepted official reading
𡂲	U+210B2	no accepted official reading
𡂳	U+210B3	no accepted official reading
𡂴	U+210B4	no accepted official reading
𡂵	U+210B5	no accepted official reading
𡃀	U+210C0	no accepted official reading
𡃁	U+210C1	no accepted official reading
𡃉	U+210C9	no accepted official reading
𡃊	U+210CA	no accepted official reading
𡃋	U+210CB	no accepted official reading
𡃌	U+210CC	no accepted official reading
𡃍	U+210CD	no accepted official reading
𡃏	U+210CF	no accepted official reading
𡃐	U+210D0	no accepted official reading
𡃑	U+210D1	no accepted official reading
𡃒	U+210D2	no accepted official reading
𡃓	U+210D3	no accepted official reading
𡃔	U+210D4	no accepted official reading
𡃗	U+210D7	no accepted official reading
𡃘	U+210D8	no accepted official reading
𡃙	U+210D9	no accepted official reading
𡃚	U+210DA	no accepted official reading
𡃜	U+210DC	no accepted official reading
𡃞	U+210DE	no accepted official reading
𡃰	U+210F0	no accepted official reading
𡃴	U+210F4	no accepted official reading
𡃵	U+210F5	no accepted official reading
𡃶	U+210F6	no accepted official reading
𡃹	U+210F9	no accepted official reading
𡃺	U+210FA	no accepted official reading
𡃻	U+210FB	no accepted official reading
𡃼	U+210FC	no accepted official reading
𡃽	U+210FD	no accepted official reading
𡃾	U+210FE	no accepted official reading
𡃿	U+210FF	no accepted official reading
𡄁	U+21101	no accepted official reading
𡄍	U+2110D	no accepted official reading
𡄎	U+2110E	no accepted official reading
𡄏	U+2110F	no accepted official reading
𡄐	U+21110	no accepted official reading
𡄧	U+21127	no accepted official reading
𡄨	U+21128	no accepted official reading
𡄩	U+21129	no accepted official reading
𡄪	U+2112A	no accepted official reading
𡄫	U+2112B	no accepted official reading
𡄬	U+2112C	no accepted official reading
𡄭	U+2112D	no accepted official reading
𡄮	U+2112E	no accepted official reading
𡄯	U+2112F	no accepted official reading
𡄰	U+21130	no accepted official reading
𡄽	U+2113D	no accepted official reading
𡄾	U+2113E	no accepted official reading
𡅈	U+21148	no accepted official reading
𡅉	U+21149	no accepted official reading
𡅊	U+2114A	no accepted official reading
𡅋	U+2114B	no accepted official reading
𡅍	U+2114D	no accepted official reading
𡅎	U+2114E	no accepted official reading
𡅏	U+2114F	no accepted official reading
𡅐	U+21150	no accepted official reading
𡅑	U+21151	no accepted official reading
𡅒	U+21152	no accepted official reading
𡅠	U+21160	no accepted official reading
𡅢	U+21162	no accepted official reading
𡅨	U+21168	no accepted official reading
𡅩	U+21169	no accepted official reading
𡅪	U+2116A	no accepted official reading
𡅫	U+2116B	no accepted official reading
𡅬	U+2116C	no accepted official reading
𡅯	U+2116F	no accepted official reading
𡅳	U+21173	no accepted official reading
𡅷	U+21177	no accepted official reading
𡆀	U+21180	no accepted official reading
𡆁	U+21181	no accepted official reading
𡆂	U+21182	no accepted official reading
𡆄	U+21184	no accepted official reading
𡆇	U+21187	no accepted official reading
𡆈	U+21188	no accepted official reading
𡆌	U+2118C	no accepted official reading
𡆍	U+2118D	no accepted official reading
𡆖	U+21196	no accepted official reading
𡆗	U+21197	no accepted official reading
𡆘	U+21198	no accepted official reading
𡆙	U+21199	no accepted official reading
𡆚	U+2119A	no accepted official reading
𡆝	U+2119D	no accepted official reading
𡆫	U+211AB	no accepted official reading
𡇨	U+211E8	no accepted official reading
𡇻	U+211FB	no accepted official reading
𡈁	U+21201	no accepted official reading
𡈈	U+21208	no accepted official reading
𡈡	U+21221	no accepted official reading
𡈩	U+21229	no accepted official reading
𡈺	U+2123A	no accepted official reading
𡈽	U+2123D	no accepted official reading
𡉀	U+21240	no accepted official reading
𡉃	U+21243	no accepted official reading
𡉋	U+2124B	no accepted official reading
𡉕	U+21255	no accepted official reading
𡉖	U+21256	no accepted official reading
𡉞	U+2125E	no accepted official reading
𡉻	U+2127B	no accepted official reading
𡉽	U+2127D	no accepted official reading
𡉾	U+2127E	no accepted official reading
𡉿	U+2127F	no accepted official reading
𡊩	U+212A9	no accepted official reading
𡊰	U+212B0	no accepted official reading
𡊱	U+212B1	no accepted official reading
𡊲	U+212B2	no accepted official reading
𡊳	U+212B3	no accepted official reading
𡋀	U+212C0	no accepted official reading
𡋂	U+212C2	no accepted official reading
𡋃	U+212C3	no accepted official reading
𡋗	U+212D7	no accepted official reading
𡋥	U+212E5	no accepted official reading
𡋦	U+212E6	no accepted official reading
𡋹	U+212F9	no accepted official reading
𡋻	U+212FB	no accepted official reading
𡋼	U+212FC	no accepted official reading
𡋽	U+212FD	no accepted official reading
𡋿	U+212FF	no accepted official reading
𡌀	U+21300	no accepted official reading
𡌃	U+21303	no accepted official reading
𡌄	U+21304	no accepted official reading
𡌅	U+21305	no accepted official reading
𡌛	U+2131B	no accepted official reading
𡌡	U+21321	no accepted official reading
𡌢	U+21322	no accepted official reading
𡌺	U+2133A	no accepted official reading
𡍘	U+21358	no accepted official reading
𡍚	U+2135A	no accepted official reading
𡍛	U+2135B	no accepted official reading
𡍜	U+2135C	no accepted official reading
𡍝	U+2135D	no accepted official reading
𡍞	U+2135E	no accepted official reading
𡍢	U+21362	no accepted official reading
𡍣	U+21363	no accepted official reading
𡍸	U+21378	no accepted official reading
𡍹	U+21379	no accepted official reading
𡎊	U+2138A	no accepted official reading
𡎛	U+2139B	no accepted official reading
𡎜	U+2139C	no accepted official reading
𡎝	U+2139D	no accepted official reading
𡎞	U+2139E	no accepted official reading
𡎟	U+2139F	no accepted official reading
𡎠	U+213A0	no accepted official reading
𡎡	U+213A1	no accepted official reading
𡎢	U+213A2	no accepted official reading
𡎣	U+213A3	no accepted official reading
𡎥	U+213A5	no accepted official reading
𡎦	U+213A6	no accepted official reading
𡎭	U+213AD	no accepted official reading
𡏄	U+213C4	no accepted official reading
𡏆	U+213C6	no accepted official reading
𡏠	U+213E0	no accepted official reading
𡏡	U+213E1	no accepted official reading
𡏢	U+213E2	no accepted official reading
𡏣	U+213E3	no accepted official reading
𡏤	U+213E4	no accepted official reading
𡏥	U+213E5	no accepted official reading
𡏦	U+213E6	no accepted official reading
𡏧	U+213E7	no accepted official reading
𡏬	U+213EC	no accepted official reading
𡏹	U+213F9	no accepted official reading
𡏺	U+213FA	no accepted official reading
𡏻	U+213FB	no accepted official reading
𡏽	U+213FD	no accepted official reading
𡏾	U+213FE	no accepted official reading
𡐗	U+21417	no accepted official reading
𡐘	U+21418	no accepted official reading
𡐙	U+21419	no accepted official reading
𡐚	U+2141A	no accepted official reading
𡐯	U+2142F	no accepted official reading
𡑓	U+21453	no accepted official reading
𡑖	U+21456	no accepted official reading
𡑗	U+21457	no accepted official reading
𡑝	U+2145D	no accepted official reading
𡑩	U+21469	no accepted official reading
𡑪	U+2146A	no accepted official reading
𡑮	U+2146E	no accepted official reading
𡑰	U+21470	no accepted official reading
𡑱	U+21471	no accepted official reading
𡑲	U+21472	no accepted official reading
𡑳	U+21473	no accepted official reading
𡑴	U+21474	no accepted official reading
𡑵	U+21475	no accepted official reading
𡒑	U+21491	no accepted official reading
𡒔	U+21494	no accepted official reading
𡒕	U+21495	no accepted official reading
𡒗	U+21497	no accepted official reading
𡒘	U+21498	no accepted official reading
𡒪	U+214AA	no accepted official reading
𡒫	U+214AB	no accepted official reading
𡒬	U+214AC	no accepted official reading
𡒭	U+214AD	no accepted official reading
𡒮	U+214AE	no accepted official reading
𡒶	U+214B6	no accepted official reading
𡓀	U+214C0	no accepted official reading
𡓁	U+214C1	no accepted official reading
𡓂	U+214C2	no accepted official reading
𡓃	U+214C3	no accepted official reading
𡓅	U+214C5	no accepted official reading
𡓆	U+214C6	no accepted official reading
𡓇	U+214C7	no accepted official reading
𡓈	U+214C8	no accepted official reading
𡓋	U+214CB	no accepted official reading
𡓎	U+214CE	no accepted official reading
𡓏	U+214CF	no accepted official reading
𡓞	U+214DE	no accepted official reading
𡓟	U+214DF	no accepted official reading
𡓠	U+214E0	no accepted official reading
𡓡	U+214E1	no accepted official reading
𡓢	U+214E2	no accepted official reading
𡓥	U+214E5	no accepted official reading
𡓨	U+214E8	no accepted official reading
𡓮	U+214EE	no accepted official reading
𡓯	U+214EF	no accepted official reading
𡓾	U+214FE	no accepted official reading
𡔃	U+21503	no accepted official reading
𡔍	U+2150D	no accepted official reading
𡔎	U+2150E	no accepted official reading
𡔐	U+21510	no accepted official reading
𡔑	U+21511	no accepted official reading
𡔒	U+21512	no accepted official reading
𡔔	U+21514	no accepted official reading
𡔖	U+21516	no accepted official reading
𡔿	U+2153F	no accepted official reading
𡕥	U+21565	no accepted official reading
𡕵	U+21575	no accepted official reading
𡖡	U+215A1	no accepted official reading
𡖦	U+215A6	no accepted official reading
𡖱	U+215B1	no accepted official reading
𡖼	U+215BC	no accepted official reading
𡗀	U+215C0	no accepted official reading
𡗂	U+215C2	no accepted official reading
𡗄	U+215C4	no accepted official reading
𡗅	U+215C5	no accepted official reading
𡗉	U+215C9	no accepted official reading
𡗊	U+215CA	no accepted official reading
𡗋	U+215CB	no accepted official reading
𡗎	U+215CE	no accepted official reading
𡗖	U+215D6	no accepted official reading
𡗶	U+215F6	no accepted official reading
𡘇	U+21607	no accepted official reading
𡘑	U+21611	no accepted official reading
𡘓	U+21613	no accepted official reading
𡘮	U+2162E	no accepted official reading
𡘯	U+2162F	no accepted official reading
𡘾	U+2163E	no accepted official reading
𡙃	U+21643	no accepted official reading
𡙔	U+21654	no accepted official reading
𡙙	U+21659	no accepted official reading
𡙞	U+2165E	no accepted official reading
𡙦	U+21666	no accepted official reading
𡙧	U+21667	no accepted official reading
𡙴	U+21674	no accepted official reading
𡙵	U+21675	no accepted official reading
𡚃	U+21683	no accepted official reading
𡚄	U+21684	no accepted official reading
𡚒	U+21692	no accepted official reading
𡚚	U+2169A	no accepted official reading
𡚝	U+2169D	no accepted official reading
𡚡	U+216A1	no accepted official reading
𡚢	U+216A2	no accepted official reading
𡚦	U+216A6	no accepted official reading
𡚩	U+216A9	no accepted official reading
𡛀	U+216C0	no accepted official reading
𡛁	U+216C1	no accepted official reading
𡛏	U+216CF	no accepted official reading
𡛔	U+216D4	no accepted official reading
𡛤	U+216E4	no accepted official reading
𡛧	U+216E7	no accepted official reading
𡛨	U+216E8	no accepted official reading
𡛿	U+216FF	no accepted official reading
𡜐	U+21710	no accepted official reading
𡜹	U+21739	no accepted official reading
𡜺	U+2173A	no accepted official reading
𡜻	U+2173B	no accepted official reading
𡜼	U+2173C	no accepted official reading
𡝔	U+21754	no accepted official reading
𡝬	U+2176C	no accepted official reading
𡝯	U+2176F	no accepted official reading
𡝰	U+21770	no accepted official reading
𡝱	U+21771	no accepted official reading
𡝳	U+21773	no accepted official reading
𡝴	U+21774	no accepted official reading
𡞕	U+21795	no accepted official reading
𡞲	U+217B2	no accepted official reading
𡞳	U+217B3	no accepted official reading
𡞴	U+217B4	no accepted official reading
𡞵	U+217B5	no accepted official reading
𡟵	U+217F5	no accepted official reading
𡟶	U+217F6	no accepted official reading
𡟸	U+217F8	no accepted official reading
𡟹	U+217F9	no accepted official reading
𡟻	U+217FB	no accepted official reading
𡠣	U+21823	no accepted official reading
𡠨	U+21828	no accepted official reading
𡠪	U+2182A	no accepted official reading
𡠺	U+2183A	no accepted official reading
𡠻	U+2183B	no accepted official reading
𡡆	U+21846	no accepted official reading
𡡇	U+21847	no accepted official reading
𡡞	U+2185E	no accepted official reading
𡡡	U+21861	no accepted official reading
𡡢	U+21862	no accepted official reading
𡡣	U+21863	no accepted official reading
𡡦	U+21866	no accepted official reading
𡡧	U+21867	no accepted official reading
𡡻	U+2187B	no accepted official reading
𡢞	U+2189E	no accepted official reading
𡢟	U+2189F	no accepted official reading
𡢡	U+218A1	no accepted official reading
𡢢	U+218A2	no accepted official reading
𡢺	U+218BA	no accepted official reading
𡢻	U+218BB	no accepted official reading
𡢼	U+218BC	no accepted official reading
𡢽	U+218BD	no accepted official reading
𡣄	U+218C4	no accepted official reading
𡣓	U+218D3	no accepted official reading
𡣖	U+218D6	no accepted official reading
𡣗	U+218D7	no accepted official reading
𡣙	U+218D9	no accepted official reading
𡣦	U+218E6	no accepted official reading
𡣧	U+218E7	no accepted official reading
𡣨	U+218E8	no accepted official reading
𡣻	U+218FB	no accepted official reading
𡤃	U+21903	no accepted official reading
𡤅	U+21905	no accepted official reading
𡤊	U+2190A	no accepted official reading
𡤐	U+21910	no accepted official reading
𡤑	U+21911	no accepted official reading
𡤓	U+21913	no accepted official reading
𡤔	U+21914	no accepted official reading
𡤟	U+2191F	no accepted official reading
𡤠	U+21920	no accepted official reading
𡤧	U+21927	no accepted official reading
𡤭	U+2192D	no accepted official reading
𡤻	U+2193B	no accepted official reading
𡥌	U+2194C	no accepted official reading
𡥙	U+21959	no accepted official reading
𡥚	U+2195A	no accepted official reading
𡥟	U+2195F	no accepted official reading
𡥠	U+21960	no accepted official reading
𡥤	U+21964	no accepted official reading
𡥥	U+21965	no accepted official reading
𡥴	U+21974	no accepted official reading
𡥵	U+21975	no accepted official reading
𡥼	U+2197C	no accepted official reading
𡦈	U+21988	no accepted official reading
𡦐	U+21990	no accepted official reading
𡦖	U+21996	no accepted official reading
𡦙	U+21999	no accepted official reading
𡦧	U+219A7	no accepted official reading
𡦫	U+219AB	no accepted official reading
𡦮	U+219AE	no accepted official reading
𡦶	U+219B6	no accepted official reading
𡧀	U+219C0	no accepted official reading
𡧁	U+219C1	no accepted official reading
𡧛	U+219DB	no accepted official reading
𡧲	U+219F2	no accepted official reading
𡧳	U+219F3	no accepted official reading
𡨌	U+21A0C	no accepted official reading
𡨸	U+21A38	no accepted official reading
𡨹	U+21A39	no accepted official reading
𡨺	U+21A3A	no accepted official reading
𡩊	U+21A4A	no accepted official reading
𡩌	U+21A4C	no accepted official reading
𡩛	U+21A5B	no accepted official reading
𡪇	U+21A87	no accepted official reading
𡪜	U+21A9C	no accepted official reading
𡪝	U+21A9D	no accepted official reading
𡪦	U+21AA6	no accepted official reading
𡪸	U+21AB8	no accepted official reading
𡪻	U+21ABB	no accepted official reading
𡫐	U+21AD0	no accepted official reading
𡫡	U+21AE1	no accepted official reading
𡫨	U+21AE8	no accepted official reading
𡫫	U+21AEB	no accepted official reading
𡫴	U+21AF4	no accepted official reading
𡫶	U+21AF6	no accepted official reading
𡬈	U+21B08	no accepted official reading
𡬷	U+21B37	no accepted official reading
𡬼	U+21B3C	no accepted official reading
𡭃	U+21B43	no accepted official reading
𡭄	U+21B44	no accepted official reading
𡭉	U+21B49	no accepted official reading
𡭜	U+21B5C	no accepted official reading
𡭦	U+21B66	no accepted official reading
𡭧	U+21B67	no accepted official reading
𡭬	U+21B6C	no accepted official reading
𡭰	U+21B70	no accepted official reading
𡭱	U+21B71	no accepted official reading
𡭲	U+21B72	no accepted official reading
𡭺	U+21B7A	no accepted official reading
𡭻	U+21B7B	no accepted official reading
𡮄	U+21B84	no accepted official reading
𡮅	U+21B85	no accepted official reading
𡮆	U+21B86	no accepted official reading
𡮇	U+21B87	no accepted official reading
𡮈	U+21B88	no accepted official reading
𡮉	U+21B89	no accepted official reading
𡮊	U+21B8A	no accepted official reading
𡮋	U+21B8B	no accepted official reading
𡮌	U+21B8C	no accepted official reading
𡮍	U+21B8D	no accepted official reading
𡮒	U+21B92	no accepted official reading
𡮓	U+21B93	no accepted official reading
𡮔	U+21B94	no accepted official reading
𡮖	U+21B96	no accepted official reading
𡮗	U+21B97	no accepted official reading
𡮘	U+21B98	no accepted official reading
𡮛	U+21B9B	no accepted official reading
𡮜	U+21B9C	no accepted official reading
𡮠	U+21BA0	no accepted official reading
𡮣	U+21BA3	no accepted official reading
𡮤	U+21BA4	no accepted official reading
𡮥	U+21BA5	no accepted official reading
𡮨	U+21BA8	no accepted official reading
𡮩	U+21BA9	no accepted official reading
𡮪	U+21BAA	no accepted official reading
𡮫	U+21BAB	no accepted official reading
𡮬	U+21BAC	no accepted official reading
𡮭	U+21BAD	no accepted official reading
𡮮	U+21BAE	no accepted official reading
𡮯	U+21BAF	no accepted official reading
𡮲	U+21BB2	no accepted official reading
𡮳	U+21BB3	no accepted official reading
𡮵	U+21BB5	no accepted official reading
𡮶	U+21BB6	no accepted official reading
𡮷	U+21BB7	no accepted official reading
𡮸	U+21BB8	no accepted official reading
𡮹	U+21BB9	no accepted official reading
𡮺	U+21BBA	no accepted official reading
𡮽	U+21BBD	no accepted official reading
𡮾	U+21BBE	no accepted official reading
𡯀	U+21BC0	no accepted official reading
𡱖	U+21C56	no accepted official reading
𡱩	U+21C69	no accepted official reading
𡱶	U+21C76	no accepted official reading
𡱸	U+21C78	no accepted official reading
𡲢	U+21CA2	no accepted official reading
𡲤	U+21CA4	no accepted official reading
𡲥	U+21CA5	no accepted official reading
𡲫	U+21CAB	no accepted official reading
𡳀	U+21CC0	no accepted official reading
𡳁	U+21CC1	no accepted official reading
𡳃	U+21CC3	no accepted official reading
𡳎	U+21CCE	no accepted official reading
𡳒	U+21CD2	no accepted official reading
𡳛	U+21CDB	no accepted official reading
𡳜	U+21CDC	no accepted official reading
𡳝	U+21CDD	no accepted official reading
𡳢	U+21CE2	no accepted official reading
𡳣	U+21CE3	no accepted official reading
𡳤	U+21CE4	no accepted official reading
𡳥	U+21CE5	no accepted official reading
𡳩	U+21CE9	no accepted official reading
𡳪	U+21CEA	no accepted official reading
𡳰	U+21CF0	no accepted official reading
𡳳	U+21CF3	no accepted official reading
𡳹	U+21CF9	no accepted official reading
𡳺	U+21CFA	no accepted official reading
𡳽	U+21CFD	no accepted official reading
𡴉	U+21D09	no accepted official reading
𡴠	U+21D20	no accepted official reading
𡴢	U+21D22	no accepted official reading
𡴴	U+21D34	no accepted official reading
𡵂	U+21D42	no accepted official reading
𡵃	U+21D43	no accepted official reading
𡵅	U+21D45	no accepted official reading
𡵍	U+21D4D	no accepted official reading
𡵟	U+21D5F	no accepted official reading
𡵠	U+21D60	no accepted official reading
𡵡	U+21D61	no accepted official reading
𡵢	U+21D62	no accepted official reading
𡵥	U+21D65	no accepted official reading
𡵲	U+21D72	no accepted official reading
𡵸	U+21D78	no accepted official reading
𡶀	U+21D80	no accepted official reading
𡶁	U+21D81	no accepted official reading
𡶜	U+21D9C	no accepted official reading
𡶡	U+21DA1	no accepted official reading
𡶵	U+21DB5	no accepted official reading
𡶶	U+21DB6	no accepted official reading
𡶷	U+21DB7	no accepted official reading
𡷬	U+21DEC	no accepted official reading
𡷹	U+21DF9	no accepted official reading
𡸀	U+21E00	no accepted official reading
𡸇	U+21E07	no accepted official reading
𡸍	U+21E0D	no accepted official reading
𡸏	U+21E0F	no accepted official reading
𡸫	U+21E2B	no accepted official reading
𡸮	U+21E2E	no accepted official reading
𡸯	U+21E2F	no accepted official reading
𡸰	U+21E30	no accepted official reading
𡸲	U+21E32	no accepted official reading
𡸳	U+21E33	no accepted official reading
𡸷	U+21E37	no accepted official reading
𡹞	U+21E5E	no accepted official reading
𡹟	U+21E5F	no accepted official reading
𡹡	U+21E61	no accepted official reading
𡹦	U+21E66	no accepted official reading
𡹿	U+21E7F	no accepted official reading
𡺀	U+21E80	no accepted official reading
𡺂	U+21E82	no accepted official reading
𡺅	U+21E85	no accepted official reading
𡺉	U+21E89	no accepted official reading
𡺠	U+21EA0	no accepted official reading
𡺦	U+21EA6	no accepted official reading
𡺩	U+21EA9	no accepted official reading
𡻓	U+21ED3	no accepted official reading
𡻔	U+21ED4	no accepted official reading
𡻖	U+21ED6	no accepted official reading
𡻳	U+21EF3	no accepted official reading
𡼂	U+21F02	no accepted official reading
𡼈	U+21F08	no accepted official reading
𡼉	U+21F09	no accepted official reading
𡼞	U+21F1E	no accepted official reading
𡼟	U+21F1F	no accepted official reading
𡼢	U+21F22	no accepted official reading
𡼣	U+21F23	no accepted official reading
𡼤	U+21F24	no accepted official reading
𡼮	U+21F2E	no accepted official reading
𡼸	U+21F38	no accepted official reading
𡼹	U+21F39	no accepted official reading
𡽏	U+21F4F	no accepted official reading
𡽙	U+21F59	no accepted official reading
𡽨	U+21F68	no accepted official reading
𡽩	U+21F69	no accepted official reading
𡽫	U+21F6B	no accepted official reading
𡽾	U+21F7E	no accepted official reading
𡽿	U+21F7F	no accepted official reading
𡾁	U+21F81	no accepted official reading
𡾗	U+21F97	no accepted official reading
𡾠	U+21FA0	no accepted official reading
𡾡	U+21FA1	no accepted official reading
𡾫	U+21FAB	no accepted official reading
𡾬	U+21FAC	no accepted official reading
𡾭	U+21FAD	no accepted official reading
𡾳	U+21FB3	no accepted official reading
𡾴	U+21FB4	no accepted official reading
𡾵	U+21FB5	no accepted official reading
𡿅	U+21FC5	no accepted official reading
𡿍	U+21FCD	no accepted official reading
𢀛	U+2201B	no accepted official reading
𢀥	U+22025	no accepted official reading
𢀦	U+22026	no accepted official reading
𢀧	U+22027	no accepted official reading
𢀨	U+22028	no accepted official reading
𢀫	U+2202B	no accepted official reading
𢀬	U+2202C	no accepted official reading
𢀭	U+2202D	no accepted official reading
𢀮	U+2202E	no accepted official reading
𢀱	U+22031	no accepted official reading
𢀲	U+22032	no accepted official reading
𢁉	U+22049	no accepted official reading
𢁊	U+2204A	no accepted official reading
𢁋	U+2204B	no accepted official reading
𢁍	U+2204D	no accepted official reading
𢁑	U+22051	no accepted official reading
𢁸	U+22078	no accepted official reading
𢂌	U+2208C	no accepted official reading
𢂎	U+2208E	no accepted official reading
𢂜	U+2209C	no accepted official reading
𢃉	U+220C9	no accepted official reading
𢃊	U+220CA	no accepted official reading
𢃼	U+220FC	no accepted official reading
𢄂	U+22102	no accepted official reading
𢄃	U+22103	no accepted official reading
𢄙	U+22119	no accepted official reading
𢄝	U+2211D	no accepted official reading
𢄨	U+22128	no accepted official reading
𢄩	U+22129	no accepted official reading
𢄪	U+2212A	no accepted official reading
𢅄	U+22144	no accepted official reading
𢅅	U+22145	no accepted official reading
𢅆	U+22146	no accepted official reading
𢅇	U+22147	no accepted official reading
𢅌	U+2214C	no accepted official reading
𢅧	U+22167	no accepted official reading
𢅬	U+2216C	no accepted official reading
𢆁	U+22181	no accepted official reading
𢆕	U+22195	no accepted official reading
𢆖	U+22196	no accepted official reading
𢆗	U+22197	no accepted official reading
𢆘	U+22198	no accepted official reading
𢆠	U+221A0	no accepted official reading
𢆡	U+221A1	no accepted official reading
𢆥	U+221A5	no accepted official reading
𢆧	U+221A7	no accepted official reading
𢆨	U+221A8	no accepted official reading
𢆪	U+221AA	no accepted official reading
𢆫	U+221AB	no accepted official reading
𢆭	U+221AD	no accepted official reading
𢇉	U+221C9	no accepted official reading
𢇡	U+221E1	no accepted official reading
𢇬	U+221EC	no accepted official reading
𢇱	U+221F1	no accepted official reading
𢈖	U+22216	no accepted official reading
𢈧	U+22227	no accepted official reading
𢈩	U+22229	no accepted official reading
𢈮	U+2222E	no accepted official reading
𢈱	U+22231	no accepted official reading
𢉉	U+22249	no accepted official reading
𢉽	U+2227D	no accepted official reading
𢉾	U+2227E	no accepted official reading
𢊫	U+222AB	no accepted official reading
𢊽	U+222BD	no accepted official reading
𢊾	U+222BE	no accepted official reading
𢋋	U+222CB	no accepted official reading
𢋠	U+222E0	no accepted official reading
𢋩	U+222E9	no accepted official reading
𢋬	U+222EC	no accepted official reading
𢋳	U+222F3	no accepted official reading
𢋴	U+222F4	no accepted official reading
𢌊	U+2230A	no accepted official reading
𢌌	U+2230C	no accepted official reading
𢌟	U+2231F	no accepted official reading
𢌡	U+22321	no accepted official reading
𢌤	U+22324	no accepted official reading
𢌽	U+2233D	no accepted official reading
𢍥	U+22365	no accepted official reading
𢎽	U+223BD	no accepted official reading
𢏊	U+223CA	no accepted official reading
𢏋	U+223CB	no accepted official reading
𢏌	U+223CC	no accepted official reading
𢏑	U+223D1	no accepted official reading
𢏠	U+223E0	no accepted official reading
𢏡	U+223E1	no accepted official reading
𢏢	U+223E2	no accepted official reading
𢏣	U+223E3	no accepted official reading
𢏿	U+223FF	no accepted official reading
𢐗	U+22417	no accepted official reading
𢐪	U+2242A	no accepted official reading
𢐮	U+2242E	no accepted official reading
𢒋	U+2248B	no accepted official reading
𢒎	U+2248E	no accepted official reading
𢒺	U+224BA	no accepted official reading
𢒼	U+224BC	no accepted official reading
𢓁	U+224C1	no accepted official reading
𢓌	U+224CC	no accepted official reading
𢓑	U+224D1	no accepted official reading
𢓛	U+224DB	no accepted official reading
𢔒	U+22512	no accepted official reading
𢔙	U+22519	no accepted official reading
𢔛	U+2251B	no accepted official reading
𢕲	U+22572	no accepted official reading
𢕸	U+22578	no accepted official reading
𢖀	U+22580	no accepted official reading
𢖕	U+22595	no accepted official reading
𢖖	U+22596	no accepted official reading
𢖮	U+225AE	no accepted official reading
𢖯	U+225AF	no accepted official reading
𢖱	U+225B1	no accepted official reading
𢖼	U+225BC	no accepted official reading
𢖾	U+225BE	no accepted official reading
𢗆	U+225C6	no accepted official reading
𢗙	U+225D9	no accepted official reading
𢗚	U+225DA	no accepted official reading
𢗷	U+225F7	no accepted official reading
𢗸	U+225F8	no accepted official reading
𢗼	U+225FC	no accepted official reading
𢗽	U+225FD	no accepted official reading
𢗾	U+225FE	no accepted official reading
𢘛	U+2261B	no accepted official reading
𢘜	U+2261C	no accepted official reading
𢘩	U+22629	no accepted official reading
𢘬	U+2262C	no accepted official reading
𢘭	U+2262D	no accepted official reading
𢘮	U+2262E	no accepted official reading
𢙔	U+22654	no accepted official reading
𢙕	U+22655	no accepted official reading
𢙩	U+22669	no accepted official reading
𢙪	U+2266A	no accepted official reading
𢙫	U+2266B	no accepted official reading
𢙬	U+2266C	no accepted official reading
𢙭	U+2266D	no accepted official reading
𢙯	U+2266F	no accepted official reading
𢚒	U+22692	no accepted official reading
𢚓	U+22693	no accepted official reading
𢚔	U+22694	no accepted official reading
𢚕	U+22695	no accepted official reading
𢚖	U+22696	no accepted official reading
𢚲	U+226B2	no accepted official reading
𢚳	U+226B3	no accepted official reading
𢚴	U+226B4	no accepted official reading
𢚵	U+226B5	no accepted official reading
𢚶	U+226B6	no accepted official reading
𢚷	U+226B7	no accepted official reading
𢚸	U+226B8	no accepted official reading
𢚹	U+226B9	no accepted official reading
𢚼	U+226BC	no accepted official reading
𢚽	U+226BD	no accepted official reading
𢛵	U+226F5	no accepted official reading
𢛶	U+226F6	no accepted official reading
𢜜	U+2271C	no accepted official reading
𢜝	U+2271D	no accepted official reading
𢜞	U+2271E	no accepted official reading
𢜠	U+22720	no accepted official reading
𢜡	U+22721	no accepted official reading
𢜢	U+22722	no accepted official reading
𢜦	U+22726	no accepted official reading
𢝘	U+22758	no accepted official reading
𢝙	U+22759	no accepted official reading
𢝚	U+2275A	no accepted official reading
𢝛	U+2275B	no accepted official reading
𢝱	U+22771	no accepted official reading
𢝵	U+22775	no accepted official reading
𢝿	U+2277F	no accepted official reading
𢞀	U+22780	no accepted official reading
𢞂	U+22782	no accepted official reading
𢞃	U+22783	no accepted official reading
𢞄	U+22784	no accepted official reading
𢞅	U+22785	no accepted official reading
𢞆	U+22786	no accepted official reading
𢞴	U+227B4	no accepted official reading
𢞵	U+227B5	no accepted official reading
𢟌	U+227CC	no accepted official reading
𢟍	U+227CD	no accepted official reading
𢟎	U+227CE	no accepted official reading
𢟏	U+227CF	no accepted official reading
𢟐	U+227D0	no accepted official reading
𢟑	U+227D1	no accepted official reading
𢟒	U+227D2	no accepted official reading
𢟓	U+227D3	no accepted official reading
𢟖	U+227D6	no accepted official reading
𢟗	U+227D7	no accepted official reading
𢟘	U+227D8	no accepted official reading
𢟙	U+227D9	no accepted official reading
𢟛	U+227DB	no accepted official reading
𢟞	U+227DE	no accepted official reading
𢟟	U+227DF	no accepted official reading
𢠁	U+22801	no accepted official reading
𢠂	U+22802	no accepted official reading
𢠃	U+22803	no accepted official reading
𢠄	U+22804	no accepted official reading
𢠅	U+22805	no accepted official reading
𢠆	U+22806	no accepted official reading
𢠈	U+22808	no accepted official reading
𢠉	U+22809	no accepted official reading
𢠣	U+22823	no accepted official reading
𢠤	U+22824	no accepted official reading
𢠥	U+22825	no accepted official reading
𢠦	U+22826	no accepted official reading
𢠧	U+22827	no accepted official reading
𢠩	U+22829	no accepted official reading
𢠪	U+2282A	no accepted official reading
𢠯	U+2282F	no accepted official reading
𢡛	U+2285B	no accepted official reading
𢡜	U+2285C	no accepted official reading
𢡟	U+2285F	no accepted official reading
𢢄	U+22884	no accepted official reading
𢢅	U+22885	no accepted official reading
𢢆	U+22886	no accepted official reading
𢢇	U+22887	no accepted official reading
𢢈	U+22888	no accepted official reading
𢢉	U+22889	no accepted official reading
𢢊	U+2288A	no accepted official reading
𢢋	U+2288B	no accepted official reading
𢢐	U+22890	no accepted official reading
𢢨	U+228A8	no accepted official reading
𢢩	U+228A9	no accepted official reading
𢢪	U+228AA	no accepted official reading
𢢫	U+228AB	no accepted official reading
𢢬	U+228AC	no accepted official reading
𢢭	U+228AD	no accepted official reading
𢢯	U+228AF	no accepted official reading
𢢼	U+228BC	no accepted official reading
𢣀	U+228C0	no accepted official reading
𢣂	U+228C2	no accepted official reading
𢣃	U+228C3	no accepted official reading
𢣄	U+228C4	no accepted official reading
𢣅	U+228C5	no accepted official reading
𢣆	U+228C6	no accepted official reading
𢣇	U+228C7	no accepted official reading
𢣈	U+228C8	no accepted official reading
𢣣	U+228E3	no accepted official reading
𢣤	U+228E4	no accepted official reading
𢣥	U+228E5	no accepted official reading
𢣴	U+228F4	no accepted official reading
𢣸	U+228F8	no accepted official reading
𢣺	U+228FA	no accepted official reading
𢤛	U+2291B	no accepted official reading
𢤜	U+2291C	no accepted official reading
𢤝	U+2291D	no accepted official reading
𢤞	U+2291E	no accepted official reading
𢤟	U+2291F	no accepted official reading
𢤠	U+22920	no accepted official reading
𢤡	U+22921	no accepted official reading
𢤢	U+22922	no accepted official reading
𢤣	U+22923	no accepted official reading
𢤸	U+22938	no accepted official reading
𢤹	U+22939	no accepted official reading
𢥅	U+22945	no accepted official reading
𢥆	U+22946	no accepted official reading
𢥉	U+22949	no accepted official reading
𢥖	U+22956	no accepted official reading
𢥢	U+22962	no accepted official reading
𢥪	U+2296A	no accepted official reading
𢥴	U+22974	no accepted official reading
𢥶	U+22976	no accepted official reading
𢥷	U+22977	no accepted official reading
𢦀	U+22980	no accepted official reading
𢦂	U+22982	no accepted official reading
𢦄	U+22984	no accepted official reading
𢧚	U+229DA	no accepted official reading
𢧲	U+229F2	no accepted official reading
𢨃	U+22A03	no accepted official reading
𢨘	U+22A18	no accepted official reading
𢨵	U+22A35	no accepted official reading
𢩉	U+22A49	no accepted official reading
𢩊	U+22A4A	no accepted official reading
𢩔	U+22A54	no accepted official reading
𢩛	U+22A5B	no accepted official reading
𢩜	U+22A5C	no accepted official reading
𢩣	U+22A63	no accepted official reading
𢩤	U+22A64	no accepted official reading
𢩧	U+22A67	no accepted official reading
𢩪	U+22A6A	no accepted official reading
𢩽	U+22A7D	no accepted official reading
𢩾	U+22A7E	no accepted official reading
𢩿	U+22A7F	no accepted official reading
𢪘	U+22A98	no accepted official reading
𢪭	U+22AAD	no accepted official reading
𢪯	U+22AAF	no accepted official reading
𢪲	U+22AB2	no accepted official reading
𢪳	U+22AB3	no accepted official reading
𢫁	U+22AC1	no accepted official reading
𢫃	U+22AC3	no accepted official reading
𢫄	U+22AC4	no accepted official reading
𢫅	U+22AC5	no accepted official reading
𢫏	U+22ACF	no accepted official reading
𢫕	U+22AD5	no accepted official reading
𢫖	U+22AD6	no accepted official reading
𢫗	U+22AD7	no accepted official reading
𢫙	U+22AD9	no accepted official reading
𢫚	U+22ADA	no accepted official reading
𢫛	U+22ADB	no accepted official reading
𢫜	U+22ADC	no accepted official reading
𢫞	U+22ADE	no accepted official reading
𢫟	U+22ADF	no accepted official reading
𢫠	U+22AE0	no accepted official reading
𢫡	U+22AE1	no accepted official reading
𢫣	U+22AE3	no accepted official reading
𢬂	U+22B02	no accepted official reading
𢬄	U+22B04	no accepted official reading
𢬠	U+22B20	no accepted official reading
𢬣	U+22B23	no accepted official reading
𢬤	U+22B24	no accepted official reading
𢬥	U+22B25	no accepted official reading
𢬦	U+22B26	no accepted official reading
𢬨	U+22B28	no accepted official reading
𢬩	U+22B29	no accepted official reading
𢬭	U+22B2D	no accepted official reading
𢬮	U+22B2E	no accepted official reading
𢭐	U+22B50	no accepted official reading
𢭑	U+22B51	no accepted official reading
𢭫	U+22B6B	no accepted official reading
𢭬	U+22B6C	no accepted official reading
𢭭	U+22B6D	no accepted official reading
𢭯	U+22B6F	no accepted official reading
𢭰	U+22B70	no accepted official reading
𢭲	U+22B72	no accepted official reading
𢭳	U+22B73	no accepted official reading
𢭴	U+22B74	no accepted official reading
𢭵	U+22B75	no accepted official reading
𢭶	U+22B76	no accepted official reading
𢭷	U+22B77	no accepted official reading
𢭸	U+22B78	no accepted official reading
𢭹	U+22B79	no accepted official reading
𢭺	U+22B7A	no accepted official reading
𢭻	U+22B7B	no accepted official reading
𢭼	U+22B7C	no accepted official reading
𢭽	U+22B7D	no accepted official reading
𢭾	U+22B7E	no accepted official reading
𢭿	U+22B7F	no accepted official reading
𢮀	U+22B80	no accepted official reading
𢮩	U+22BA9	no accepted official reading
𢮪	U+22BAA	no accepted official reading
𢮫	U+22BAB	no accepted official reading
𢮬	U+22BAC	no accepted official reading
𢮭	U+22BAD	no accepted official reading
𢯊	U+22BCA	no accepted official reading
𢯍	U+22BCD	no accepted official reading
𢯎	U+22BCE	no accepted official reading
𢯏	U+22BCF	no accepted official reading
𢯐	U+22BD0	no accepted official reading
𢯑	U+22BD1	no accepted official reading
𢯒	U+22BD2	no accepted official reading
𢯓	U+22BD3	no accepted official reading
𢯔	U+22BD4	no accepted official reading
𢯕	U+22BD5	no accepted official reading
𢯖	U+22BD6	no accepted official reading
𢯗	U+22BD7	no accepted official reading
𢯛	U+22BDB	no accepted official reading
𢯝	U+22BDD	no accepted official reading
𢯞	U+22BDE	no accepted official reading
𢯟	U+22BDF	no accepted official reading
𢯠	U+22BE0	no accepted official reading
𢯡	U+22BE1	no accepted official reading
𢯢	U+22BE2	no accepted official reading
𢯤	U+22BE4	no accepted official reading
𢯥	U+22BE5	no accepted official reading
𢯨	U+22BE8	no accepted official reading
𢰝	U+22C1D	no accepted official reading
𢰠	U+22C20	no accepted official reading
𢰣	U+22C23	no accepted official reading
𢰤	U+22C24	no accepted official reading
𢰥	U+22C25	no accepted official reading
𢰦	U+22C26	no accepted official reading
𢰧	U+22C27	no accepted official reading
𢱋	U+22C4B	no accepted official reading
𢱏	U+22C4F	no accepted official reading
𢱐	U+22C50	no accepted official reading
𢱒	U+22C52	no accepted official reading
𢱓	U+22C53	no accepted official reading
𢱔	U+22C54	no accepted official reading
𢱖	U+22C56	no accepted official reading
𢱗	U+22C57	no accepted official reading
𢱘	U+22C58	no accepted official reading
𢱙	U+22C59	no accepted official reading
𢱚	U+22C5A	no accepted official reading
𢱛	U+22C5B	no accepted official reading
𢱜	U+22C5C	no accepted official reading
𢱝	U+22C5D	no accepted official reading
𢱞	U+22C5E	no accepted official reading
𢲚	U+22C9A	no accepted official reading
𢲛	U+22C9B	no accepted official reading
𢲟	U+22C9F	no accepted official reading
𢲠	U+22CA0	no accepted official reading
𢲣	U+22CA3	no accepted official reading
𢲤	U+22CA4	no accepted official reading
𢲥	U+22CA5	no accepted official reading
𢲦	U+22CA6	no accepted official reading
𢲧	U+22CA7	no accepted official reading
𢲩	U+22CA9	no accepted official reading
𢲪	U+22CAA	no accepted official reading
𢲫	U+22CAB	no accepted official reading
𢲬	U+22CAC	no accepted official reading
𢲭	U+22CAD	no accepted official reading
𢲮	U+22CAE	no accepted official reading
𢲯	U+22CAF	no accepted official reading
𢲱	U+22CB1	no accepted official reading
𢲲	U+22CB2	no accepted official reading
𢳜	U+22CDC	no accepted official reading
𢳞	U+22CDE	no accepted official reading
𢴆	U+22D06	no accepted official reading
𢴇	U+22D07	no accepted official reading
𢴈	U+22D08	no accepted official reading
𢴊	U+22D0A	no accepted official reading
𢴌	U+22D0C	no accepted official reading
𢴍	U+22D0D	no accepted official reading
𢴎	U+22D0E	no accepted official reading
𢴏	U+22D0F	no accepted official reading
𢴑	U+22D11	no accepted official reading
𢴓	U+22D13	no accepted official reading
𢴔	U+22D14	no accepted official reading
𢴕	U+22D15	no accepted official reading
𢴗	U+22D17	no accepted official reading
𢴘	U+22D18	no accepted official reading
𢴙	U+22D19	no accepted official reading
𢴚	U+22D1A	no accepted official reading
𢴛	U+22D1B	no accepted official reading
𢴜	U+22D1C	no accepted official reading
𢴞	U+22D1E	no accepted official reading
𢴟	U+22D1F	no accepted official reading
𢵆	U+22D46	no accepted official reading
𢵉	U+22D49	no accepted official reading
𢵋	U+22D4B	no accepted official reading
𢵌	U+22D4C	no accepted official reading
𢵨	U+22D68	no accepted official reading
𢵩	U+22D69	no accepted official reading
𢵪	U+22D6A	no accepted official reading
𢵫	U+22D6B	no accepted official reading
𢵬	U+22D6C	no accepted official reading
𢵭	U+22D6D	no accepted official reading
𢵯	U+22D6F	no accepted official reading
𢵰	U+22D70	no accepted official reading
𢵱	U+22D71	no accepted official reading
𢵲	U+22D72	no accepted official reading
𢵳	U+22D73	no accepted official reading
𢵵	U+22D75	no accepted official reading
𢵶	U+22D76	no accepted official reading
𢵷	U+22D77	no accepted official reading
𢵸	U+22D78	no accepted official reading
𢵹	U+22D79	no accepted official reading
𢵺	U+22D7A	no accepted official reading
𢵻	U+22D7B	no accepted official reading
𢵽	U+22D7D	no accepted official reading
𢵾	U+22D7E	no accepted official reading
𢶟	U+22D9F	no accepted official reading
𢶠	U+22DA0	no accepted official reading
𢶢	U+22DA2	no accepted official reading
𢶤	U+22DA4	no accepted official reading
𢶥	U+22DA5	no accepted official reading
𢶹	U+22DB9	no accepted official reading
𢶺	U+22DBA	no accepted official reading
𢶻	U+22DBB	no accepted official reading
𢶼	U+22DBC	no accepted official reading
𢶾	U+22DBE	no accepted official reading
𢶿	U+22DBF	no accepted official reading
𢷀	U+22DC0	no accepted official reading
𢷁	U+22DC1	no accepted official reading
𢷂	U+22DC2	no accepted official reading
𢷃	U+22DC3	no accepted official reading
𢷅	U+22DC5	no accepted official reading
𢷆	U+22DC6	no accepted official reading
𢷟	U+22DDF	no accepted official reading
𢷠	U+22DE0	no accepted official reading
𢷣	U+22DE3	no accepted official reading
𢷮	U+22DEE	no accepted official reading
𢷯	U+22DEF	no accepted official reading
𢷰	U+22DF0	no accepted official reading
𢷱	U+22DF1	no accepted official reading
𢷳	U+22DF3	no accepted official reading
𢷴	U+22DF4	no accepted official reading
𢷵	U+22DF5	no accepted official reading
𢸊	U+22E0A	no accepted official reading
𢸋	U+22E0B	no accepted official reading
𢸍	U+22E0D	no accepted official reading
𢸚	U+22E1A	no accepted official reading
𢸛	U+22E1B	no accepted official reading
𢸝	U+22E1D	no accepted official reading
𢸞	U+22E1E	no accepted official reading
𢸟	U+22E1F	no accepted official reading
𢸠	U+22E20	no accepted official reading
𢸡	U+22E21	no accepted official reading
𢸢	U+22E22	no accepted official reading
𢸵	U+22E35	no accepted official reading
𢸶	U+22E36	no accepted official reading
𢹅	U+22E45	no accepted official reading
𢹆	U+22E46	no accepted official reading
𢹇	U+22E47	no accepted official reading
𢹈	U+22E48	no accepted official reading
𢹉	U+22E49	no accepted official reading
𢹊	U+22E4A	no accepted official reading
𢹌	U+22E4C	no accepted official reading
𢹛	U+22E5B	no accepted official reading
𢹣	U+22E63	no accepted official reading
𢹤	U+22E64	no accepted official reading
𢹥	U+22E65	no accepted official reading
𢹦	U+22E66	no accepted official reading
𢹧	U+22E67	no accepted official reading
𢹨	U+22E68	no accepted official reading
𢹩	U+22E69	no accepted official reading
𢹪	U+22E6A	no accepted official reading
𢹫	U+22E6B	no accepted official reading
𢹶	U+22E76	no accepted official reading
𢹸	U+22E78	no accepted official reading
𢹽	U+22E7D	no accepted official reading
𢹾	U+22E7E	no accepted official reading
𢹿	U+22E7F	no accepted official reading
𢺀	U+22E80	no accepted official reading
𢺁	U+22E81	no accepted official reading
𢺍	U+22E8D	no accepted official reading
𢺎	U+22E8E	no accepted official reading
𢺓	U+22E93	no accepted official reading
𢺔	U+22E94	no accepted official reading
𢺛	U+22E9B	no accepted official reading
𢺜	U+22E9C	no accepted official reading
𢺝	U+22E9D	no accepted official reading
𢺤	U+22EA4	no accepted official reading
𢺳	U+22EB3	no accepted official reading
𢻆	U+22EC6	no accepted official reading
𢼓	U+22F13	no accepted official reading
𢽌	U+22F4C	no accepted official reading
𢽍	U+22F4D	no accepted official reading
𢽙	U+22F59	no accepted official reading
𢽽	U+22F7D	no accepted official reading
𢾕	U+22F95	no accepted official reading
𢾗	U+22F97	no accepted official reading
𢾻	U+22FBB	no accepted official reading
𢿄	U+22FC4	no accepted official reading
𢿝	U+22FDD	no accepted official reading
𢿯	U+22FEF	no accepted official reading
𢿼	U+22FFC	no accepted official reading
𣀅	U+23005	no accepted official reading
𣀟	U+2301F	no accepted official reading
𣀹	U+23039	no accepted official reading
𣁅	U+23045	no accepted official reading
𣁔	U+23054	no accepted official reading
𣁲	U+23072	no accepted official reading
𣁾	U+2307E	no accepted official reading
𣂃	U+23083	no accepted official reading
𣂈	U+23088	no accepted official reading
𣂋	U+2308B	no accepted official reading
𣂎	U+2308E	no accepted official reading
𣃕	U+230D5	no accepted official reading
𣃣	U+230E3	no accepted official reading
𣃤	U+230E4	no accepted official reading
𣃥	U+230E5	no accepted official reading
𣃱	U+230F1	no accepted official reading
𣄇	U+23107	no accepted official reading
𣄒	U+23112	no accepted official reading
𣄕	U+23115	no accepted official reading
𣄖	U+23116	no accepted official reading
𣄛	U+2311B	no accepted official reading
𣄣	U+23123	no accepted official reading
𣄥	U+23125	no accepted official reading
𣄬	U+2312C	no accepted official reading
𣄽	U+2313D	no accepted official reading
𣅅	U+23145	no accepted official reading
𣅏	U+2314F	no accepted official reading
𣅗	U+23157	no accepted official reading
𣅘	U+23158	no accepted official reading
𣅵	U+23175	no accepted official reading
𣅶	U+23176	no accepted official reading
𣅿	U+2317F	no accepted official reading
𣆂	U+23182	no accepted official reading
𣆌	U+2318C	no accepted official reading
𣆏	U+2318F	no accepted official reading
𣆢	U+231A2	no accepted official reading
𣆤	U+231A4	no accepted official reading
𣆭	U+231AD	no accepted official reading
𣆮	U+231AE	no accepted official reading
𣆯	U+231AF	no accepted official reading
𣆰	U+231B0	no accepted official reading
𣆱	U+231B1	no accepted official reading
𣇁	U+231C1	no accepted official reading
𣇂	U+231C2	no accepted official reading
𣇃	U+231C3	no accepted official reading
𣇄	U+231C4	no accepted official reading
𣇈	U+231C8	no accepted official reading
𣇉	U+231C9	no accepted official reading
𣇊	U+231CA	no accepted official reading
𣇘	U+231D8	no accepted official reading
𣇛	U+231DB	no accepted official reading
𣇝	U+231DD	no accepted official reading
𣇞	U+231DE	no accepted official reading
𣇟	U+231DF	no accepted official reading
𣇠	U+231E0	no accepted official reading
𣇡	U+231E1	no accepted official reading
𣇴	U+231F4	no accepted official reading
𣇷	U+231F7	no accepted official reading
𣇹	U+231F9	no accepted official reading
𣈋	U+2320B	no accepted official reading
𣈑	U+23211	no accepted official reading
𣈒	U+23212	no accepted official reading
𣈓	U+23213	no accepted official reading
𣈔	U+23214	no accepted official reading
𣈕	U+23215	no accepted official reading
𣈗	U+23217	no accepted official reading
𣈘	U+23218	no accepted official reading
𣈙	U+23219	no accepted official reading
𣈚	U+2321A	no accepted official reading
𣈛	U+2321B	no accepted official reading
𣈜	U+2321C	no accepted official reading
𣈝	U+2321D	no accepted official reading
𣈞	U+2321E	no accepted official reading
𣈬	U+2322C	no accepted official reading
𣈭	U+2322D	no accepted official reading
𣈰	U+23230	no accepted official reading
𣈱	U+23231	no accepted official reading
𣈲	U+23232	no accepted official reading
𣈴	U+23234	no accepted official reading
𣈿	U+2323F	no accepted official reading
𣉌	U+2324C	no accepted official reading
𣉍	U+2324D	no accepted official reading
𣉎	U+2324E	no accepted official reading
𣉏	U+2324F	no accepted official reading
𣉐	U+23250	no accepted official reading
𣉝	U+2325D	no accepted official reading
𣉟	U+2325F	no accepted official reading
𣉠	U+23260	no accepted official reading
𣉯	U+2326F	no accepted official reading
𣉲	U+23272	no accepted official reading
𣉳	U+23273	no accepted official reading
𣉴	U+23274	no accepted official reading
𣉵	U+23275	no accepted official reading
𣉶	U+23276	no accepted official reading
𣉷	U+23277	no accepted official reading
𣉸	U+23278	no accepted official reading
𣉹	U+23279	no accepted official reading
𣊇	U+23287	no accepted official reading
𣊈	U+23288	no accepted official reading
𣊉	U+23289	no accepted official reading
𣊊	U+2328A	no accepted official reading
𣊋	U+2328B	no accepted official reading
𣊌	U+2328C	no accepted official reading
𣊍	U+2328D	no accepted official reading
𣊎	U+2328E	no accepted official reading
𣊗	U+23297	no accepted official reading
𣊘	U+23298	no accepted official reading
𣊩	U+232A9	no accepted official reading
𣊫	U+232AB	no accepted official reading
𣊬	U+232AC	no accepted official reading
𣊭	U+232AD	no accepted official reading
𣊾	U+232BE	no accepted official reading
𣊿	U+232BF	no accepted official reading
𣋀	U+232C0	no accepted official reading
𣋂	U+232C2	no accepted official reading
𣋃	U+232C3	no accepted official reading
𣋆	U+232C6	no accepted official reading
𣋇	U+232C7	no accepted official reading
𣋎	U+232CE	no accepted official reading
𣋑	U+232D1	no accepted official reading
𣋒	U+232D2	no accepted official reading
𣋙	U+232D9	no accepted official reading
𣋚	U+232DA	no accepted official reading
𣋛	U+232DB	no accepted official reading
𣋜	U+232DC	no accepted official reading
𣋝	U+232DD	no accepted official reading
𣋠	U+232E0	no accepted official reading
𣋨	U+232E8	no accepted official reading
𣋩	U+232E9	no accepted official reading
𣋰	U+232F0	no accepted official reading
𣋻	U+232FB	no accepted official reading
𣋼	U+232FC	no accepted official reading
𣋽	U+232FD	no accepted official reading
𣋾	U+232FE	no accepted official reading
𣌁	U+23301	no accepted official reading
𣌂	U+23302	no accepted official reading
𣌆	U+23306	no accepted official reading
𣌉	U+23309	no accepted official reading
𣌊	U+2330A	no accepted official reading
𣌋	U+2330B	no accepted official reading
𣌌	U+2330C	no accepted official reading
𣌒	U+23312	no accepted official reading
𣌔	U+23314	no accepted official reading
𣌕	U+23315	no accepted official reading
𣌛	U+2331B	no accepted official reading
𣌝	U+2331D	no accepted official reading
𣌮	U+2332E	no accepted official reading
𣌴	U+23334	no accepted official reading
𣌵	U+23335	no accepted official reading
𣌶	U+23336	no accepted official reading
𣌹	U+23339	no accepted official reading
𣌺	U+2333A	no accepted official reading
𣌿	U+2333F	no accepted official reading
𣍀	U+23340	no accepted official reading
𣍁	U+23341	no accepted official reading
𣍂	U+23342	no accepted official reading
𣍅	U+23345	no accepted official reading
𣍊	U+2334A	no accepted official reading
𣍋	U+2334B	no accepted official reading
𣍍	U+2334D	no accepted official reading
𣍐	U+23350	no accepted official reading
𣍕	U+23355	no accepted official reading
𣍗	U+23357	no accepted official reading
𣍩	U+23369	no accepted official reading
𣍪	U+2336A	no accepted official reading
𣍱	U+23371	no accepted official reading
𣍲	U+23372	no accepted official reading
𣍻	U+2337B	no accepted official reading
𣍽	U+2337D	no accepted official reading
𣍾	U+2337E	no accepted official reading
𣍿	U+2337F	no accepted official reading
𣎀	U+23380	no accepted official reading
𣎃	U+23383	no accepted official reading
𣎈	U+23388	no accepted official reading
𣎏	U+2338F	no accepted official reading
𣎕	U+23395	no accepted official reading
𣎖	U+23396	no accepted official reading
𣎝	U+2339D	no accepted official reading
𣎞	U+2339E	no accepted official reading
𣎢	U+233A2	no accepted official reading
𣎧	U+233A7	no accepted official reading
𣎪	U+233AA	no accepted official reading
𣎫	U+233AB	no accepted official reading
𣎯	U+233AF	no accepted official reading
𣎰	U+233B0	no accepted official reading
𣎷	U+233B7	no accepted official reading
𣏏	U+233CF	no accepted official reading
𣏓	U+233D3	no accepted official reading
𣏣	U+233E3	no accepted official reading
𣏦	U+233E6	no accepted official reading
𣏿	U+233FF	no accepted official reading
𣐄	U+23404	no accepted official reading
𣐅	U+23405	no accepted official reading
𣐆	U+23406	no accepted official reading
𣐔	U+23414	no accepted official reading
𣐖	U+23416	no accepted official reading
𣐲	U+23432	no accepted official reading
𣐳	U+23433	no accepted official reading
𣐴	U+23434	no accepted official reading
𣑇	U+23447	no accepted official reading
𣑈	U+23448	no accepted official reading
𣑉	U+23449	no accepted official reading
𣑊	U+2344A	no accepted official reading
𣑋	U+2344B	no accepted official reading
𣑌	U+2344C	no accepted official reading
𣑎	U+2344E	no accepted official reading
𣑩	U+23469	no accepted official reading
𣑬	U+2346C	no accepted official reading
𣑳	U+23473	no accepted official reading
𣑴	U+23474	no accepted official reading
𣑵	U+23475	no accepted official reading
𣑶	U+23476	no accepted official reading
𣑷	U+23477	no accepted official reading
𣑺	U+2347A	no accepted official reading
𣑻	U+2347B	no accepted official reading
𣒍	U+2348D	no accepted official reading
𣒱	U+234B1	no accepted official reading
𣒲	U+234B2	no accepted official reading
𣒳	U+234B3	no accepted official reading
𣒴	U+234B4	no accepted official reading
𣒵	U+234B5	no accepted official reading
𣒾	U+234BE	no accepted official reading
𣓢	U+234E2	no accepted official reading
𣓤	U+234E4	no accepted official reading
𣓥	U+234E5	no accepted official reading
𣓦	U+234E6	no accepted official reading
𣔝	U+2351D	no accepted official reading
𣔞	U+2351E	no accepted official reading
𣔟	U+2351F	no accepted official reading
𣔠	U+23520	no accepted official reading
𣔡	U+23521	no accepted official reading
𣔢	U+23522	no accepted official reading
𣔣	U+23523	no accepted official reading
𣔤	U+23524	no accepted official reading
𣔥	U+23525	no accepted official reading
𣔦	U+23526	no accepted official reading
𣔧	U+23527	no accepted official reading
𣔨	U+23528	no accepted official reading
𣔩	U+23529	no accepted official reading
𣔰	U+23530	no accepted official reading
𣕔	U+23554	no accepted official reading
𣕕	U+23555	no accepted official reading
𣕖	U+23556	no accepted official reading
𣕘	U+23558	no accepted official reading
𣕚	U+2355A	no accepted official reading
𣖍	U+2358D	no accepted official reading
𣖔	U+23594	no accepted official reading
𣖖	U+23596	no accepted official reading
𣖗	U+23597	no accepted official reading
𣖘	U+23598	no accepted official reading
𣖙	U+23599	no accepted official reading
𣖚	U+2359A	no accepted official reading
𣖛	U+2359B	no accepted official reading
𣖝	U+2359D	no accepted official reading
𣖟	U+2359F	no accepted official reading
𣖠	U+235A0	no accepted official reading
𣖡	U+235A1	no accepted official reading
𣖢	U+235A2	no accepted official reading
𣖧	U+235A7	no accepted official reading
𣗄	U+235C4	no accepted official reading
𣗆	U+235C6	no accepted official reading
𣗇	U+235C7	no accepted official reading
𣗈	U+235C8	no accepted official reading
𣗉	U+235C9	no accepted official reading
𣗌	U+235CC	no accepted official reading
𣗍	U+235CD	no accepted official reading
𣗎	U+235CE	no accepted official reading
𣗏	U+235CF	no accepted official reading
𣗑	U+235D1	no accepted official reading
𣗒	U+235D2	no accepted official reading
𣗓	U+235D3	no accepted official reading
𣗱	U+235F1	no accepted official reading
𣗼	U+235FC	no accepted official reading
𣗾	U+235FE	no accepted official reading
𣗿	U+235FF	no accepted official reading
𣘁	U+23601	no accepted official reading
𣘂	U+23602	no accepted official reading
𣘃	U+23603	no accepted official reading
𣘄	U+23604	no accepted official reading
𣘈	U+23608	no accepted official reading
𣘊	U+2360A	no accepted official reading
𣘓	U+23613	no accepted official reading
𣘵	U+23635	no accepted official reading
𣘶	U+23636	no accepted official reading
𣘸	U+23638	no accepted official reading
𣘼	U+2363C	no accepted official reading
𣘽	U+2363D	no accepted official reading
𣘾	U+2363E	no accepted official reading
𣙀	U+23640	no accepted official reading
𣙠	U+23660	no accepted official reading
𣙦	U+23666	no accepted official reading
𣙧	U+23667	no accepted official reading
𣙩	U+23669	no accepted official reading
𣙪	U+2366A	no accepted official reading
𣙫	U+2366B	no accepted official reading
𣙬	U+2366C	no accepted official reading
𣙭	U+2366D	no accepted official reading
𣙮	U+2366E	no accepted official reading
𣙯	U+2366F	no accepted official reading
𣙸	U+23678	no accepted official reading
𣙹	U+23679	no accepted official reading
𣙺	U+2367A	no accepted official reading
𣚫	U+236AB	no accepted official reading
𣚬	U+236AC	no accepted official reading
𣚭	U+236AD	no accepted official reading
𣚮	U+236AE	no accepted official reading
𣛞	U+236DE	no accepted official reading
𣛠	U+236E0	no accepted official reading
𣛡	U+236E1	no accepted official reading
𣛣	U+236E3	no accepted official reading
𣛤	U+236E4	no accepted official reading
𣛥	U+236E5	no accepted official reading
𣛦	U+236E6	no accepted official reading
𣛧	U+236E7	no accepted official reading
𣛨	U+236E8	no accepted official reading
𣛩	U+236E9	no accepted official reading
𣛪	U+236EA	no accepted official reading
𣛭	U+236ED	no accepted official reading
𣛯	U+236EF	no accepted official reading
𣜉	U+23709	no accepted official reading
𣜊	U+2370A	no accepted official reading
𣜋	U+2370B	no accepted official reading
𣜌	U+2370C	no accepted official reading
𣜮	U+2372E	no accepted official reading
𣜱	U+23731	no accepted official reading
𣜲	U+23732	no accepted official reading
𣜳	U+23733	no accepted official reading
𣜴	U+23734	no accepted official reading
𣜵	U+23735	no accepted official reading
𣜶	U+23736	no accepted official reading
𣜷	U+23737	no accepted official reading
𣜸	U+23738	no accepted official reading
𣜻	U+2373B	no accepted official reading
𣜾	U+2373E	no accepted official reading
𣝀	U+23740	no accepted official reading
𣝟	U+2375F	no accepted official reading
𣝠	U+23760	no accepted official reading
𣝡	U+23761	no accepted official reading
𣝢	U+23762	no accepted official reading
𣝣	U+23763	no accepted official reading
𣝤	U+23764	no accepted official reading
𣝦	U+23766	no accepted official reading
𣞂	U+23782	no accepted official reading
𣞃	U+23783	no accepted official reading
𣞄	U+23784	no accepted official reading
𣞅	U+23785	no accepted official reading
𣞊	U+2378A	no accepted official reading
𣞍	U+2378D	no accepted official reading
𣞎	U+2378E	no accepted official reading
𣞠	U+237A0	no accepted official reading
𣞡	U+237A1	no accepted official reading
𣞢	U+237A2	no accepted official reading
𣞳	U+237B3	no accepted official reading
𣞽	U+237BD	no accepted official reading
𣞾	U+237BE	no accepted official reading
𣟃	U+237C3	no accepted official reading
𣟓	U+237D3	no accepted official reading
𣟔	U+237D4	no accepted official reading
𣟕	U+237D5	no accepted official reading
𣟖	U+237D6	no accepted official reading
𣟧	U+237E7	no accepted official reading
𣟩	U+237E9	no accepted official reading
𣟪	U+237EA	no accepted official reading
𣟫	U+237EB	no accepted official reading
𣟭	U+237ED	no accepted official reading
𣟮	U+237EE	no accepted official reading
𣟿	U+237FF	no accepted official reading
𣠑	U+23811	no accepted official reading
𣠒	U+23812	no accepted official reading
𣠓	U+23813	no accepted official reading
𣠕	U+23815	no accepted official reading
𣠖	U+23816	no accepted official reading
𣠗	U+23817	no accepted official reading
𣠘	U+23818	no accepted official reading
𣠢	U+23822	no accepted official reading
𣠣	U+23823	no accepted official reading
𣠤	U+23824	no accepted official reading
𣠰	U+23830	no accepted official reading
𣠱	U+23831	no accepted official reading
𣠲	U+23832	no accepted official reading
𣠳	U+23833	no accepted official reading
𣠴	U+23834	no accepted official reading
𣠶	U+23836	no accepted official reading
𣡂	U+23842	no accepted official reading
𣡙	U+23859	no accepted official reading
𣡚	U+2385A	no accepted official reading
𣡝	U+2385D	no accepted official reading
𣡤	U+23864	no accepted official reading
𣡬	U+2386C	no accepted official reading
𣡯	U+2386F	no accepted official reading
𣡹	U+23879	no accepted official reading
𣣔	U+238D4	no accepted official reading
𣣪	U+238EA	no accepted official reading
𣤆	U+23906	no accepted official reading
𣤓	U+23913	no accepted official reading
𣤛	U+2391B	no accepted official reading
𣥱	U+23971	no accepted official reading
𣦀	U+23980	no accepted official reading
𣦆	U+23986	no accepted official reading
𣦍	U+2398D	no accepted official reading
𣦎	U+2398E	no accepted official reading
𣦓	U+23993	no accepted official reading
𣦛	U+2399B	no accepted official reading
𣦮	U+239AE	no accepted official reading
𣦰	U+239B0	no accepted official reading
𣨕	U+23A15	no accepted official reading
𣨧	U+23A27	no accepted official reading
𣨭	U+23A2D	no accepted official reading
𣨮	U+23A2E	no accepted official reading
𣨰	U+23A30	no accepted official reading
𣩁	U+23A41	no accepted official reading
𣩂	U+23A42	no accepted official reading
𣩊	U+23A4A	no accepted official reading
𣩛	U+23A5B	no accepted official reading
𣩸	U+23A78	no accepted official reading
𣫕	U+23AD5	no accepted official reading
𣫮	U+23AEE	no accepted official reading
𣫲	U+23AF2	no accepted official reading
𣫵	U+23AF5	no accepted official reading
𣫶	U+23AF6	no accepted official reading
𣫷	U+23AF7	no accepted official reading
𣬝	U+23B1D	no accepted official reading
𣭃	U+23B43	no accepted official reading
𣭆	U+23B46	no accepted official reading
𣭛	U+23B5B	no accepted official reading
𣭰	U+23B70	no accepted official reading
𣮇	U+23B87	no accepted official reading
𣮖	U+23B96	no accepted official reading
𣮶	U+23BB6	no accepted official reading
𣯄	U+23BC4	no accepted official reading
𣯔	U+23BD4	no accepted official reading
𣯡	U+23BE1	no accepted official reading
𣰏	U+23C0F	no accepted official reading
𣰙	U+23C19	no accepted official reading
𣰳	U+23C33	no accepted official reading
𣰴	U+23C34	no accepted official reading
𣰵	U+23C35	no accepted official reading
𣱁	U+23C41	no accepted official reading
𣱆	U+23C46	no accepted official reading
𣱢	U+23C62	no accepted official reading
𣱨	U+23C68	no accepted official reading
𣱬	U+23C6C	no accepted official reading
𣱭	U+23C6D	no accepted official reading
𣱰	U+23C70	no accepted official reading
𣲍	U+23C8D	no accepted official reading
𣲚	U+23C9A	no accepted official reading
𣲛	U+23C9B	no accepted official reading
𣲤	U+23CA4	no accepted official reading
𣲦	U+23CA6	no accepted official reading
𣳈	U+23CC8	no accepted official reading
𣳉	U+23CC9	no accepted official reading
𣳢	U+23CE2	no accepted official reading
𣳸	U+23CF8	no accepted official reading
𣳺	U+23CFA	no accepted official reading
𣳻	U+23CFB	no accepted official reading
𣳾	U+23CFE	no accepted official reading
𣴘	U+23D18	no accepted official reading
𣴚	U+23D1A	no accepted official reading
𣴛	U+23D1B	no accepted official reading
𣴜	U+23D1C	no accepted official reading
𣴿	U+23D3F	no accepted official reading
𣵪	U+23D6A	no accepted official reading
𣵮	U+23D6E	no accepted official reading
𣵯	U+23D6F	no accepted official reading
𣵰	U+23D70	no accepted official reading
𣵲	U+23D72	no accepted official reading
𣵴	U+23D74	no accepted official reading
𣵵	U+23D75	no accepted official reading
𣵶	U+23D76	no accepted official reading
𣶧	U+23DA7	no accepted official reading
𣶨	U+23DA8	no accepted official reading
𣶪	U+23DAA	no accepted official reading
𣶬	U+23DAC	no accepted official reading
𣶭	U+23DAD	no accepted official reading
𣶯	U+23DAF	no accepted official reading
𣶰	U+23DB0	no accepted official reading
𣶱	U+23DB1	no accepted official reading
𣶲	U+23DB2	no accepted official reading
𣶳	U+23DB3	no accepted official reading
𣶴	U+23DB4	no accepted official reading
𣶶	U+23DB6	no accepted official reading
𣶷	U+23DB7	no accepted official reading
𣶸	U+23DB8	no accepted official reading
𣶹	U+23DB9	no accepted official reading
𣶺	U+23DBA	no accepted official reading
𣶻	U+23DBB	no accepted official reading
𣶼	U+23DBC	no accepted official reading
𣷞	U+23DDE	no accepted official reading
𣷣	U+23DE3	no accepted official reading
𣷭	U+23DED	no accepted official reading
𣷯	U+23DEF	no accepted official reading
𣷰	U+23DF0	no accepted official reading
𣷲	U+23DF2	no accepted official reading
𣷳	U+23DF3	no accepted official reading
𣷴	U+23DF4	no accepted official reading
𣷷	U+23DF7	no accepted official reading
𣷺	U+23DFA	no accepted official reading
𣸢	U+23E22	no accepted official reading
𣸥	U+23E25	no accepted official reading
𣸦	U+23E26	no accepted official reading
𣸧	U+23E27	no accepted official reading
𣸩	U+23E29	no accepted official reading
𣸬	U+23E2C	no accepted official reading
𣸭	U+23E2D	no accepted official reading
𣸮	U+23E2E	no accepted official reading
𣸱	U+23E31	no accepted official reading
𣹏	U+23E4F	no accepted official reading
𣹐	U+23E50	no accepted official reading
𣹑	U+23E51	no accepted official reading
𣹓	U+23E53	no accepted official reading
𣹔	U+23E54	no accepted official reading
𣹖	U+23E56	no accepted official reading
𣹙	U+23E59	no accepted official reading
𣺂	U+23E82	no accepted official reading
𣺄	U+23E84	no accepted official reading
𣺅	U+23E85	no accepted official reading
𣺆	U+23E86	no accepted official reading
𣺇	U+23E87	no accepted official reading
𣺈	U+23E88	no accepted official reading
𣺉	U+23E89	no accepted official reading
𣺊	U+23E8A	no accepted official reading
𣺋	U+23E8B	no accepted official reading
𣺹	U+23EB9	no accepted official reading
𣺺	U+23EBA	no accepted official reading
𣺻	U+23EBB	no accepted official reading
𣺾	U+23EBE	no accepted official reading
𣻁	U+23EC1	no accepted official reading
𣻂	U+23EC2	no accepted official reading
𣻃	U+23EC3	no accepted official reading
𣻄	U+23EC4	no accepted official reading
𣻅	U+23EC5	no accepted official reading
𣻆	U+23EC6	no accepted official reading
𣻈	U+23EC8	no accepted official reading
𣻋	U+23ECB	no accepted official reading
𣻳	U+23EF3	no accepted official reading
𣻷	U+23EF7	no accepted official reading
𣻸	U+23EF8	no accepted official reading
𣻹	U+23EF9	no accepted official reading
𣻺	U+23EFA	no accepted official reading
𣻼	U+23EFC	no accepted official reading
𣻽	U+23EFD	no accepted official reading
𣻾	U+23EFE	no accepted official reading
𣼨	U+23F28	no accepted official reading
𣼩	U+23F29	no accepted official reading
𣼪	U+23F2A	no accepted official reading
𣼫	U+23F2B	no accepted official reading
𣼭	U+23F2D	no accepted official reading
𣼮	U+23F2E	no accepted official reading
𣼯	U+23F2F	no accepted official reading
𣼱	U+23F31	no accepted official reading
𣼲	U+23F32	no accepted official reading
𣼳	U+23F33	no accepted official reading
𣼴	U+23F34	no accepted official reading
𣼶	U+23F36	no accepted official reading
𣼷	U+23F37	no accepted official reading
𣼸	U+23F38	no accepted official reading
𣼹	U+23F39	no accepted official reading
𣼺	U+23F3A	no accepted official reading
𣼼	U+23F3C	no accepted official reading
𣼽	U+23F3D	no accepted official reading
𣼾	U+23F3E	no accepted official reading
𣽀	U+23F40	no accepted official reading
𣽁	U+23F41	no accepted official reading
𣽸	U+23F78	no accepted official reading
𣽻	U+23F7B	no accepted official reading
𣽼	U+23F7C	no accepted official reading
𣽾	U+23F7E	no accepted official reading
𣽿	U+23F7F	no accepted official reading
𣾁	U+23F81	no accepted official reading
𣾂	U+23F82	no accepted official reading
𣾃	U+23F83	no accepted official reading
𣾱	U+23FB1	no accepted official reading
𣾲	U+23FB2	no accepted official reading
𣾳	U+23FB3	no accepted official reading
𣾴	U+23FB4	no accepted official reading
𣾵	U+23FB5	no accepted official reading
𣾶	U+23FB6	no accepted official reading
𣾸	U+23FB8	no accepted official reading
𣾹	U+23FB9	no accepted official reading
𣾺	U+23FBA	no accepted official reading
𣾻	U+23FBB	no accepted official reading
𣾼	U+23FBC	no accepted official reading
𣾽	U+23FBD	no accepted official reading
𣾾	U+23FBE	no accepted official reading
𣾿	U+23FBF	no accepted official reading
𣿀	U+23FC0	no accepted official reading
𣿃	U+23FC3	no accepted official reading
𣿄	U+23FC4	no accepted official reading
𣿥	U+23FE5	no accepted official reading
𣿦	U+23FE6	no accepted official reading
𣿧	U+23FE7	no accepted official reading
𣿨	U+23FE8	no accepted official reading
𣿩	U+23FE9	no accepted official reading
𣿪	U+23FEA	no accepted official reading
𣿫	U+23FEB	no accepted official reading
𣿬	U+23FEC	no accepted official reading
𣿭	U+23FED	no accepted official reading
𣿮	U+23FEE	no accepted official reading
𣿯	U+23FEF	no accepted official reading
𤀌	U+2400C	no accepted official reading
𤀍	U+2400D	no accepted official reading
𤀏	U+2400F	no accepted official reading
𤀐	U+24010	no accepted official reading
𤀒	U+24012	no accepted official reading
𤀓	U+24013	no accepted official reading
𤀔	U+24014	no accepted official reading
𤀕	U+24015	no accepted official reading
𤀖	U+24016	no accepted official reading
𤀗	U+24017	no accepted official reading
𤀘	U+24018	no accepted official reading
𤀙	U+24019	no accepted official reading
𤀚	U+2401A	no accepted official reading
𤀛	U+2401B	no accepted official reading
𤀜	U+2401C	no accepted official reading
𤀞	U+2401E	no accepted official reading
𤀸	U+24038	no accepted official reading
𤀺	U+2403A	no accepted official reading
𤀻	U+2403B	no accepted official reading
𤀼	U+2403C	no accepted official reading
𤀽	U+2403D	no accepted official reading
𤁏	U+2404F	no accepted official reading
𤁑	U+24051	no accepted official reading
𤁒	U+24052	no accepted official reading
𤁓	U+24053	no accepted official reading
𤁔	U+24054	no accepted official reading
𤁕	U+24055	no accepted official reading
𤁖	U+24056	no accepted official reading
𤁘	U+24058	no accepted official reading
𤁙	U+24059	no accepted official reading
𤁛	U+2405B	no accepted official reading
𤁠	U+24060	no accepted official reading
𤂉	U+24089	no accepted official reading
𤂋	U+2408B	no accepted official reading
𤂌	U+2408C	no accepted official reading
𤂍	U+2408D	no accepted official reading
𤂧	U+240A7	no accepted official reading
𤂨	U+240A8	no accepted official reading
𤂩	U+240A9	no accepted official reading
𤂪	U+240AA	no accepted official reading
𤂫	U+240AB	no accepted official reading
𤂬	U+240AC	no accepted official reading
𤂭	U+240AD	no accepted official reading
𤂮	U+240AE	no accepted official reading
𤃆	U+240C6	no accepted official reading
𤃇	U+240C7	no accepted official reading
𤃛	U+240DB	no accepted official reading
𤃜	U+240DC	no accepted official reading
𤃝	U+240DD	no accepted official reading
𤃞	U+240DE	no accepted official reading
𤃟	U+240DF	no accepted official reading
𤃠	U+240E0	no accepted official reading
𤃡	U+240E1	no accepted official reading
𤃢	U+240E2	no accepted official reading
𤃤	U+240E4	no accepted official reading
𤃥	U+240E5	no accepted official reading
𤃦	U+240E6	no accepted official reading
𤃧	U+240E7	no accepted official reading
𤃿	U+240FF	no accepted official reading
𤄀	U+24100	no accepted official reading
𤄂	U+24102	no accepted official reading
𤄄	U+24104	no accepted official reading
𤄋	U+2410B	no accepted official reading
𤄌	U+2410C	no accepted official reading
𤄍	U+2410D	no accepted official reading
𤄭	U+2412D	no accepted official reading
𤄯	U+2412F	no accepted official reading
𤄰	U+24130	no accepted official reading
𤄱	U+24131	no accepted official reading
𤄲	U+24132	no accepted official reading
𤄾	U+2413E	no accepted official reading
𤄿	U+2413F	no accepted official reading
𤅄	U+24144	no accepted official reading
𤅈	U+24148	no accepted official reading
𤅕	U+24155	no accepted official reading
𤅖	U+24156	no accepted official reading
𤅜	U+2415C	no accepted official reading
𤅞	U+2415E	no accepted official reading
𤅟	U+2415F	no accepted official reading
𤅧	U+24167	no accepted official reading
𤅵	U+24175	no accepted official reading
𤅶	U+24176	no accepted official reading
𤅺	U+2417A	no accepted official reading
𤆇	U+24187	no accepted official reading
𤆛	U+2419B	no accepted official reading
𤆠	U+241A0	no accepted official reading
𤆣	U+241A3	no accepted official reading
𤆥	U+241A5	no accepted official reading
𤆶	U+241B6	no accepted official reading
𤆷	U+241B7	no accepted official reading
𤆸	U+241B8	no accepted official reading
𤆹	U+241B9	no accepted official reading
𤆻	U+241BB	no accepted official reading
𤇂	U+241C2	no accepted official reading
𤇅	U+241C5	no accepted official reading
𤇤	U+241E4	no accepted official reading
𤇥	U+241E5	no accepted official reading
𤇦	U+241E6	no accepted official reading
𤇧	U+241E7	no accepted official reading
𤇨	U+241E8	no accepted official reading
𤇩	U+241E9	no accepted official reading
𤇮	U+241EE	no accepted official reading
𤇸	U+241F8	no accepted official reading
𤇻	U+241FB	no accepted official reading
𤇼	U+241FC	no accepted official reading
𤈜	U+2421C	no accepted official reading
𤈝	U+2421D	no accepted official reading
𤈞	U+2421E	no accepted official reading
𤈟	U+2421F	no accepted official reading
𤈡	U+24221	no accepted official reading
𤈤	U+24224	no accepted official reading
𤈳	U+24233	no accepted official reading
𤈴	U+24234	no accepted official reading
𤈵	U+24235	no accepted official reading
𤉒	U+24252	no accepted official reading
𤉓	U+24253	no accepted official reading
𤉔	U+24254	no accepted official reading
𤉕	U+24255	no accepted official reading
𤉖	U+24256	no accepted official reading
𤉗	U+24257	no accepted official reading
𤉘	U+24258	no accepted official reading
𤉚	U+2425A	no accepted official reading
𤉛	U+2425B	no accepted official reading
𤉜	U+2425C	no accepted official reading
𤉠	U+24260	no accepted official reading
𤉰	U+24270	no accepted official reading
𤉲	U+24272	no accepted official reading
𤉳	U+24273	no accepted official reading
𤉴	U+24274	no accepted official reading
𤉶	U+24276	no accepted official reading
𤉸	U+24278	no accepted official reading
𤊞	U+2429E	no accepted official reading
𤊟	U+2429F	no accepted official reading
𤊡	U+242A1	no accepted official reading
𤊢	U+242A2	no accepted official reading
𤊣	U+242A3	no accepted official reading
𤊤	U+242A4	no accepted official reading
𤊦	U+242A6	no accepted official reading
𤊧	U+242A7	no accepted official reading
𤊨	U+242A8	no accepted official reading
𤊩	U+242A9	no accepted official reading
𤊪	U+242AA	no accepted official reading
𤊫	U+242AB	no accepted official reading
𤊬	U+242AC	no accepted official reading
𤊭	U+242AD	no accepted official reading
𤊰	U+242B0	no accepted official reading
𤋈	U+242C8	no accepted official reading
𤋊	U+242CA	no accepted official reading
𤋵	U+242F5	no accepted official reading
𤋶	U+242F6	no accepted official reading
𤋷	U+242F7	no accepted official reading
𤋸	U+242F8	no accepted official reading
𤋹	U+242F9	no accepted official reading
𤋻	U+242FB	no accepted official reading
𤋼	U+242FC	no accepted official reading
𤋽	U+242FD	no accepted official reading
𤋾	U+242FE	no accepted official reading
𤋿	U+242FF	no accepted official reading
𤌀	U+24300	no accepted official reading
𤌄	U+24304	no accepted official reading
𤌅	U+24305	no accepted official reading
𤌆	U+24306	no accepted official reading
𤌘	U+24318	no accepted official reading
𤌚	U+2431A	no accepted official reading
𤍅	U+24345	no accepted official reading
𤍆	U+24346	no accepted official reading
𤍉	U+24349	no accepted official reading
𤍊	U+2434A	no accepted official reading
𤍋	U+2434B	no accepted official reading
𤍌	U+2434C	no accepted official reading
𤍞	U+2435E	no accepted official reading
𤍟	U+2435F	no accepted official reading
𤍣	U+24363	no accepted official reading
𤍥	U+24365	no accepted official reading
𤎍	U+2438D	no accepted official reading
𤎎	U+2438E	no accepted official reading
𤎏	U+2438F	no accepted official reading
𤎐	U+24390	no accepted official reading
𤎑	U+24391	no accepted official reading
𤎒	U+24392	no accepted official reading
𤎓	U+24393	no accepted official reading
𤎔	U+24394	no accepted official reading
𤎕	U+24395	no accepted official reading
𤎛	U+2439B	no accepted official reading
𤎜	U+2439C	no accepted official reading
𤎼	U+243BC	no accepted official reading
𤎽	U+243BD	no accepted official reading
𤏢	U+243E2	no accepted official reading
𤏣	U+243E3	no accepted official reading
𤏤	U+243E4	no accepted official reading
𤏥	U+243E5	no accepted official reading
𤏦	U+243E6	no accepted official reading
𤏧	U+243E7	no accepted official reading
𤏨	U+243E8	no accepted official reading
𤏪	U+243EA	no accepted official reading
𤏫	U+243EB	no accepted official reading
𤏬	U+243EC	no accepted official reading
𤏳	U+243F3	no accepted official reading
𤐁	U+24401	no accepted official reading
𤐃	U+24403	no accepted official reading
𤐓	U+24413	no accepted official reading
𤐖	U+24416	no accepted official reading
𤐚	U+2441A	no accepted official reading
𤐛	U+2441B	no accepted official reading
𤐜	U+2441C	no accepted official reading
𤐝	U+2441D	no accepted official reading
𤐠	U+24420	no accepted official reading
𤐡	U+24421	no accepted official reading
𤐴	U+24434	no accepted official reading
𤐵	U+24435	no accepted official reading
𤐶	U+24436	no accepted official reading
𤑈	U+24448	no accepted official reading
𤑉	U+24449	no accepted official reading
𤑌	U+2444C	no accepted official reading
𤑑	U+24451	no accepted official reading
𤑘	U+24458	no accepted official reading
𤑙	U+24459	no accepted official reading
𤑚	U+2445A	no accepted official reading
𤑛	U+2445B	no accepted official reading
𤑫	U+2446B	no accepted official reading
𤑬	U+2446C	no accepted official reading
𤑭	U+2446D	no accepted official reading
𤑮	U+2446E	no accepted official reading
𤑯	U+2446F	no accepted official reading
𤒃	U+24483	no accepted official reading
𤒄	U+24484	no accepted official reading
𤒇	U+24487	no accepted official reading
𤒘	U+24498	no accepted official reading
𤒙	U+24499	no accepted official reading
𤒚	U+2449A	no accepted official reading
𤒛	U+2449B	no accepted official reading
𤒟	U+2449F	no accepted official reading
𤒠	U+244A0	no accepted official reading
𤒨	U+244A8	no accepted official reading
𤒩	U+244A9	no accepted official reading
𤒪	U+244AA	no accepted official reading
𤒴	U+244B4	no accepted official reading
𤒹	U+244B9	no accepted official reading
𤓆	U+244C6	no accepted official reading
𤓇	U+244C7	no accepted official reading
𤓋	U+244CB	no accepted official reading
𤓌	U+244CC	no accepted official reading
𤓍	U+244CD	no accepted official reading
𤓎	U+244CE	no accepted official reading
𤓓	U+244D3	no accepted official reading
𤓘	U+244D8	no accepted official reading
𤓛	U+244DB	no accepted official reading
𤓢	U+244E2	no accepted official reading
𤓩	U+244E9	no accepted official reading
𤓹	U+244F9	no accepted official reading
𤓺	U+244FA	no accepted official reading
𤔛	U+2451B	no accepted official reading
𤔡	U+24521	no accepted official reading
𤔯	U+2452F	no accepted official reading
𤔷	U+24537	no accepted official reading
𤔺	U+2453A	no accepted official reading
𤔻	U+2453B	no accepted official reading
𤔽	U+2453D	no accepted official reading
𤔾	U+2453E	no accepted official reading
𤕁	U+24541	no accepted official reading
𤕆	U+24546	no accepted official reading
𤕔	U+24554	no accepted official reading
𤕸	U+24578	no accepted official reading
𤖟	U+2459F	no accepted official reading
𤖡	U+245A1	no accepted official reading
𤖶	U+245B6	no accepted official reading
𤖸	U+245B8	no accepted official reading
𤖹	U+245B9	no accepted official reading
𤗆	U+245C6	no accepted official reading
𤗖	U+245D6	no accepted official reading
𤗝	U+245DD	no accepted official reading
𤗤	U+245E4	no accepted official reading
𤗲	U+245F2	no accepted official reading
𤗹	U+245F9	no accepted official reading
𤘁	U+24601	no accepted official reading
𤘂	U+24602	no accepted official reading
𤘋	U+2460B	no accepted official reading
𤘒	U+24612	no accepted official reading
𤘓	U+24613	no accepted official reading
𤘨	U+24628	no accepted official reading
𤘩	U+24629	no accepted official reading
𤘪	U+2462A	no accepted official reading
𤙁	U+24641	no accepted official reading
𤙙	U+24659	no accepted official reading
𤙥	U+24665	no accepted official reading
𤙬	U+2466C	no accepted official reading
𤙮	U+2466E	no accepted official reading
𤙶	U+24676	no accepted official reading
𤚆	U+24686	no accepted official reading
𤚦	U+246A6	no accepted official reading
𤚧	U+246A7	no accepted official reading
𤚷	U+246B7	no accepted official reading
𤛇	U+246C7	no accepted official reading
𤛓	U+246D3	no accepted official reading
𤛔	U+246D4	no accepted official reading
𤛞	U+246DE	no accepted official reading
𤛠	U+246E0	no accepted official reading
𤛨	U+246E8	no accepted official reading
𤜆	U+24706	no accepted official reading
𤜎	U+2470E	no accepted official reading
𤜟	U+2471F	no accepted official reading
𤜠	U+24720	no accepted official reading
𤜥	U+24725	no accepted official reading
𤜪	U+2472A	no accepted official reading
𤜬	U+2472C	no accepted official reading
𤜭	U+2472D	no accepted official reading
𤜮	U+2472E	no accepted official reading
𤝋	U+2474B	no accepted official reading
𤝫	U+2476B	no accepted official reading
𤞐	U+24790	no accepted official reading
𤞑	U+24791	no accepted official reading
𤞒	U+24792	no accepted official reading
𤞓	U+24793	no accepted official reading
𤞔	U+24794	no accepted official reading
𤞕	U+24795	no accepted official reading
𤞖	U+24796	no accepted official reading
𤞦	U+247A6	no accepted official reading
𤞧	U+247A7	no accepted official reading
𤞩	U+247A9	no accepted official reading
𤞪	U+247AA	no accepted official reading
𤞫	U+247AB	no accepted official reading
𤞺	U+247BA	no accepted official reading
𤞻	U+247BB	no accepted official reading
𤞼	U+247BC	no accepted official reading
𤞽	U+247BD	no accepted official reading
𤟂	U+247C2	no accepted official reading
𤟛	U+247DB	no accepted official reading
𤟮	U+247EE	no accepted official reading
𤟯	U+247EF	no accepted official reading
𤟰	U+247F0	no accepted official reading
𤟱	U+247F1	no accepted official reading
𤠂	U+24802	no accepted official reading
𤠃	U+24803	no accepted official reading
𤠅	U+24805	no accepted official reading
𤠆	U+24806	no accepted official reading
𤠈	U+24808	no accepted official reading
𤠉	U+24809	no accepted official reading
𤠮	U+2482E	no accepted official reading
𤠰	U+24830	no accepted official reading
𤠱	U+24831	no accepted official reading
𤠲	U+24832	no accepted official reading
𤠴	U+24834	no accepted official reading
𤡈	U+24848	no accepted official reading
𤡉	U+24849	no accepted official reading
𤡊	U+2484A	no accepted official reading
𤡋	U+2484B	no accepted official reading
𤡚	U+2485A	no accepted official reading
𤡛	U+2485B	no accepted official reading
𤡷	U+24877	no accepted official reading
𤡸	U+24878	no accepted official reading
𤢇	U+24887	no accepted official reading
𤢈	U+24888	no accepted official reading
𤢛	U+2489B	no accepted official reading
𤢤	U+248A4	no accepted official reading
𤢥	U+248A5	no accepted official reading
𤢫	U+248AB	no accepted official reading
𤢬	U+248AC	no accepted official reading
𤢽	U+248BD	no accepted official reading
𤢾	U+248BE	no accepted official reading
𤢿	U+248BF	no accepted official reading
𤣂	U+248C2	no accepted official reading
𤣄	U+248C4	no accepted official reading
𤣕	U+248D5	no accepted official reading
𤣖	U+248D6	no accepted official reading
𤣚	U+248DA	no accepted official reading
𤣡	U+248E1	no accepted official reading
𤣳	U+248F3	no accepted official reading
𤣾	U+248FE	no accepted official reading
𤣿	U+248FF	no accepted official reading
𤤀	U+24900	no accepted official reading
𤤁	U+24901	no accepted official reading
𤤖	U+24916	no accepted official reading
𤤙	U+24919	no accepted official reading
𤤰	U+24930	no accepted official reading
𤤳	U+24933	no accepted official reading
𤤿	U+2493F	no accepted official reading
𤥀	U+24940	no accepted official reading
𤥁	U+24941	no accepted official reading
𤥂	U+24942	no accepted official reading
𤥐	U+24950	no accepted official reading
𤥑	U+24951	no accepted official reading
𤥝	U+2495D	no accepted official reading
𤥠	U+24960	no accepted official reading
𤥡	U+24961	no accepted official reading
𤥢	U+24962	no accepted official reading
𤥣	U+24963	no accepted official reading
𤦆	U+24986	no accepted official reading
𤦇	U+24987	no accepted official reading
𤦈	U+24988	no accepted official reading
𤦉	U+24989	no accepted official reading
𤦊	U+2498A	no accepted official reading
𤦋	U+2498B	no accepted official reading
𤦌	U+2498C	no accepted official reading
𤦎	U+2498E	no accepted official reading
𤦏	U+2498F	no accepted official reading
𤦧	U+249A7	no accepted official reading
𤦵	U+249B5	no accepted official reading
𤦶	U+249B6	no accepted official reading
𤦷	U+249B7	no accepted official reading
𤦸	U+249B8	no accepted official reading
𤦻	U+249BB	no accepted official reading
𤧀	U+249C0	no accepted official reading
𤧱	U+249F1	no accepted official reading
𤧳	U+249F3	no accepted official reading
𤧵	U+249F5	no accepted official reading
𤧶	U+249F6	no accepted official reading
𤧷	U+249F7	no accepted official reading
𤧸	U+249F8	no accepted official reading
𤨒	U+24A12	no accepted official reading
𤨞	U+24A1E	no accepted official reading
𤨟	U+24A1F	no accepted official reading
𤨠	U+24A20	no accepted official reading
𤨡	U+24A21	no accepted official reading
𤨢	U+24A22	no accepted official reading
𤨣	U+24A23	no accepted official reading
𤨤	U+24A24	no accepted official reading
𤨥	U+24A25	no accepted official reading
𤨦	U+24A26	no accepted official reading
𤨧	U+24A27	no accepted official reading
𤨩	U+24A29	no accepted official reading
𤨿	U+24A3F	no accepted official reading
𤩊	U+24A4A	no accepted official reading
𤩌	U+24A4C	no accepted official reading
𤩍	U+24A4D	no accepted official reading
𤩎	U+24A4E	no accepted official reading
𤩏	U+24A4F	no accepted official reading
𤩐	U+24A50	no accepted official reading
𤩑	U+24A51	no accepted official reading
𤩠	U+24A60	no accepted official reading
𤩢	U+24A62	no accepted official reading
𤩳	U+24A73	no accepted official reading
𤩶	U+24A76	no accepted official reading
𤩸	U+24A78	no accepted official reading
𤩹	U+24A79	no accepted official reading
𤩺	U+24A7A	no accepted official reading
𤪊	U+24A8A	no accepted official reading
𤪑	U+24A91	no accepted official reading
𤪔	U+24A94	no accepted official reading
𤪕	U+24A95	no accepted official reading
𤪧	U+24AA7	no accepted official reading
𤪯	U+24AAF	no accepted official reading
𤪲	U+24AB2	no accepted official reading
𤪳	U+24AB3	no accepted official reading
𤫇	U+24AC7	no accepted official reading
𤫋	U+24ACB	no accepted official reading
𤫏	U+24ACF	no accepted official reading
𤫑	U+24AD1	no accepted official reading
𤫙	U+24AD9	no accepted official reading
𤫠	U+24AE0	no accepted official reading
𤫡	U+24AE1	no accepted official reading
𤫢	U+24AE2	no accepted official reading
𤫿	U+24AFF	no accepted official reading
𤬀	U+24B00	no accepted official reading
𤬅	U+24B05	no accepted official reading
𤬲	U+24B32	no accepted official reading
𤬸	U+24B38	no accepted official reading
𤭇	U+24B47	no accepted official reading
𤭖	U+24B56	no accepted official reading
𤭚	U+24B5A	no accepted official reading
𤭤	U+24B64	no accepted official reading
𤭭	U+24B6D	no accepted official reading
𤭮	U+24B6E	no accepted official reading
𤭯	U+24B6F	no accepted official reading
𤭵	U+24B75	no accepted official reading
𤭶	U+24B76	no accepted official reading
𤭸	U+24B78	no accepted official reading
𤮃	U+24B83	no accepted official reading
𤮄	U+24B84	no accepted official reading
𤮑	U+24B91	no accepted official reading
𤮒	U+24B92	no accepted official reading
𤮗	U+24B97	no accepted official reading
𤮞	U+24B9E	no accepted official reading
𤮟	U+24B9F	no accepted official reading
𤮠	U+24BA0	no accepted official reading
𤮣	U+24BA3	no accepted official reading
𤮥	U+24BA5	no accepted official reading
𤮾	U+24BBE	no accepted official reading
𤮿	U+24BBF	no accepted official reading
𤯆	U+24BC6	no accepted official reading
𤯊	U+24BCA	no accepted official reading
𤯑	U+24BD1	no accepted official reading
𤯨	U+24BE8	no accepted official reading
𤯩	U+24BE9	no accepted official reading
𤯭	U+24BED	no accepted official reading
𤯰	U+24BF0	no accepted official reading
𤯱	U+24BF1	no accepted official reading
𤯵	U+24BF5	no accepted official reading
𤯺	U+24BFA	no accepted official reading
𤯿	U+24BFF	no accepted official reading
𤰁	U+24C01	no accepted official reading
𤰉	U+24C09	no accepted official reading
𤰷	U+24C37	no accepted official reading
𤱔	U+24C54	no accepted official reading
𤱢	U+24C62	no accepted official reading
𤱻	U+24C7B	no accepted official reading
𤲀	U+24C80	no accepted official reading
𤲁	U+24C81	no accepted official reading
𤲂	U+24C82	no accepted official reading
𤲌	U+24C8C	no accepted official reading
𤲞	U+24C9E	no accepted official reading
𤲟	U+24C9F	no accepted official reading
𤲪	U+24CAA	no accepted official reading
𤲼	U+24CBC	no accepted official reading
𤲾	U+24CBE	no accepted official reading
𤳄	U+24CC4	no accepted official reading
𤳆	U+24CC6	no accepted official reading
𤳇	U+24CC7	no accepted official reading
𤳢	U+24CE2	no accepted official reading
𤴆	U+24D06	no accepted official reading
𤵄	U+24D44	no accepted official reading
𤵉	U+24D49	no accepted official reading
𤼈	U+24F08	no accepted official reading
𥖁	U+25581	no accepted official reading
𥖖	U+25596	no accepted official reading
𥙐	U+25650	no accepted official reading
𥩘	U+25A58	no accepted official reading
𥩻	U+25A7B	no accepted official reading
𥪳	U+25AB3	no accepted official reading
𥲭	U+25CAD	no accepted official reading
𥸯	U+25E2F	no accepted official reading
𥹘	U+25E58	no accepted official reading
𥹰	U+25E70	no accepted official reading
𥻻	U+25EFB	no accepted official reading
𦊏	U+2628F	no accepted official reading
𦙌	U+2664C	no accepted official reading
𦚶	U+266B6	no accepted official reading
𦛈	U+266C8	no accepted official reading
𦟶	U+267F6	no accepted official reading
𦤱	U+26931	no accepted official reading
𦬢	U+26B22	no accepted official reading
𦿛	U+26FDB	no accepted official reading
𧏯	U+273EF	no accepted official reading
𧐠	U+27420	no accepted official reading
𧐢	U+27422	no accepted official reading
𧜳	U+27733	no accepted official reading
𧲽	U+27CBD	no accepted official reading
𨁪	U+2806A	no accepted official reading
𨁬	U+2806C	no accepted official reading
𨃽	U+280FD	no accepted official reading
𨄂	U+28102	no accepted official reading
𨖲	U+285B2	no accepted official reading
𨫍	U+28ACD	no accepted official reading
𨻮	U+28EEE	no accepted official reading
𩐃	U+29403	no accepted official reading
𩹓	U+29E53	no accepted official reading
𩹕	U+29E55	no accepted official reading
𩹝	U+29E5D	no accepted official reading
𩹡	U+29E61	no accepted official reading
𩹩	U+29E69	no accepted official reading
𩹪	U+29E6A	no accepted official reading
𩹫	U+29E6B	no accepted official reading
𩹬	U+29E6C	no accepted official reading
𩹭	U+29E6D	no accepted official reading
𩹮	U+29E6E	no accepted official reading
𩹯	U+29E6F	no accepted official reading
𩹰	U+29E70	no accepted official reading
𩺋	U+29E8B	no accepted official reading
𩺘	U+29E98	no accepted official reading
𩺡	U+29EA1	no accepted official reading
𩺢	U+29EA2	no accepted official reading
𩺣	U+29EA3	no accepted official reading
𩺤	U+29EA4	no accepted official reading
𩺥	U+29EA5	no accepted official reading
𩺦	U+29EA6	no accepted official reading
𩺨	U+29EA8	no accepted official reading
𩺩	U+29EA9	no accepted official reading
𩺪	U+29EAA	no accepted official reading
𩺬	U+29EAC	no accepted official reading
𩺿	U+29EBF	no accepted official reading
𩻀	U+29EC0	no accepted official reading
𩻁	U+29EC1	no accepted official reading
𩻂	U+29EC2	no accepted official reading
𩻃	U+29EC3	no accepted official reading
𩻄	U+29EC4	no accepted official reading
𩻏	U+29ECF	no accepted official reading
𩻑	U+29ED1	no accepted official reading
𩻒	U+29ED2	no accepted official reading
𩻓	U+29ED3	no accepted official reading
𩻔	U+29ED4	no accepted official reading
𩻕	U+29ED5	no accepted official reading
𩻩	U+29EE9	no accepted official reading
𩻬	U+29EEC	no accepted official reading
𩻭	U+29EED	no accepted official reading
𩻮	U+29EEE	no accepted official reading
𩻰	U+29EF0	no accepted official reading
𩻹	U+29EF9	no accepted official reading
𩻺	U+29EFA	no accepted official reading
𩻻	U+29EFB	no accepted official reading
𩻽	U+29EFD	no accepted official reading
𩻿	U+29EFF	no accepted official reading
𩼀	U+29F00	no accepted official reading
𩼁	U+29F01	no accepted official reading
𩼓	U+29F13	no accepted official reading
𩼔	U+29F14	no accepted official reading
𩼕	U+29F15	no accepted official reading
𩼛	U+29F1B	no accepted official reading
𩼢	U+29F22	no accepted official reading
𩼣	U+29F23	no accepted official reading
𩼤	U+29F24	no accepted official reading
𩼯	U+29F2F	no accepted official reading
𩼰	U+29F30	no accepted official reading
𩼶	U+29F36	no accepted official reading
𩼷	U+29F37	no accepted official reading
𩼸	U+29F38	no accepted official reading
𩼹	U+29F39	no accepted official reading
𩼺	U+29F3A	no accepted official reading
𩽅	U+29F45	no accepted official reading
𩽉	U+29F49	no accepted official reading
𩽊	U+29F4A	no accepted official reading
𩽋	U+29F4B	no accepted official reading
𩽒	U+29F52	no accepted official reading
𩽔	U+29F54	no accepted official reading
𩽖	U+29F56	no accepted official reading
𩽗	U+29F57	no accepted official reading
𩽙	U+29F59	no accepted official reading
𩽢	U+29F62	no accepted official reading
𩽤	U+29F64	no accepted official reading
𩽥	U+29F65	no accepted official reading
𩽲	U+29F72	no accepted official reading
𩽸	U+29F78	no accepted official reading
𩽿	U+29F7F	no accepted official reading
𩾨	U+29FA8	no accepted official reading
𩿍	U+29FCD	no accepted official reading
𩿎	U+29FCE	no accepted official reading
𩿘	U+29FD8	no accepted official reading
𩿙	U+29FD9	no accepted official reading
𩿚	U+29FDA	no accepted official reading
𩿯	U+29FEF	no accepted official reading
𩿰	U+29FF0	no accepted official reading
𩿻	U+29FFB	no accepted official reading
𪀄	U+2A004	no accepted official reading
𪀅	U+2A005	no accepted official reading
𪀆	U+2A006	no accepted official reading
𪀎	U+2A00E	no accepted official reading
𪀮	U+2A02E	no accepted official reading
𪀯	U+2A02F	no accepted official reading
𪀻	U+2A03B	no accepted official reading
𪁂	U+2A042	no accepted official reading
𪁃	U+2A043	no accepted official reading
𪁄	U+2A044	no accepted official reading
𪁅	U+2A045	no accepted official reading
𪁆	U+2A046	no accepted official reading
𪁳	U+2A073	no accepted official reading
𪁴	U+2A074	no accepted official reading
𪁵	U+2A075	no accepted official reading
𪁶	U+2A076	no accepted official reading
𪂖	U+2A096	no accepted official reading
𪂩	U+2A0A9	no accepted official reading
𪂫	U+2A0AB	no accepted official reading
𪂮	U+2A0AE	no accepted official reading
𪂯	U+2A0AF	no accepted official reading
𪂱	U+2A0B1	no accepted official reading
𪂲	U+2A0B2	no accepted official reading
𪂳	U+2A0B3	no accepted official reading
𪃞	U+2A0DE	no accepted official reading
𪃟	U+2A0DF	no accepted official reading
𪃡	U+2A0E1	no accepted official reading
𪃫	U+2A0EB	no accepted official reading
𪃮	U+2A0EE	no accepted official reading
𪃱	U+2A0F1	no accepted official reading
𪃲	U+2A0F2	no accepted official reading
𪃵	U+2A0F5	no accepted official reading
𪃷	U+2A0F7	no accepted official reading
𪃸	U+2A0F8	no accepted official reading
𪄚	U+2A11A	no accepted official reading
𪄡	U+2A121	no accepted official reading
𪄤	U+2A124	no accepted official reading
𪄥	U+2A125	no accepted official reading
𪄦	U+2A126	no accepted official reading
𪄧	U+2A127	no accepted official reading
𪄨	U+2A128	no accepted official reading
𪅐	U+2A150	no accepted official reading
𪅠	U+2A160	no accepted official reading
𪅣	U+2A163	no accepted official reading
𪅤	U+2A164	no accepted official reading
𪅦	U+2A166	no accepted official reading
𪅧	U+2A167	no accepted official reading
𪅨	U+2A168	no accepted official reading
𪅩	U+2A169	no accepted official reading
𪅪	U+2A16A	no accepted official reading
𪅫	U+2A16B	no accepted official reading
𪅭	U+2A16D	no accepted official reading
𪆎	U+2A18E	no accepted official reading
𪆐	U+2A190	no accepted official reading
𪆒	U+2A192	no accepted official reading
𪆓	U+2A193	no accepted official reading
𪆘	U+2A198	no accepted official reading
𪆣	U+2A1A3	no accepted official reading
𪆤	U+2A1A4	no accepted official reading
𪆥	U+2A1A5	no accepted official reading
𪆦	U+2A1A6	no accepted official reading
𪆧	U+2A1A7	no accepted official reading
𪇋	U+2A1CB	no accepted official reading
𪇌	U+2A1CC	no accepted official reading
𪇍	U+2A1CD	no accepted official reading
𪇎	U+2A1CE	no accepted official reading
𪇏	U+2A1CF	no accepted official reading
𪇐	U+2A1D0	no accepted official reading
𪇟	U+2A1DF	no accepted official reading
𪇤	U+2A1E4	no accepted official reading
𪇨	U+2A1E8	no accepted official reading
𪇩	U+2A1E9	no accepted official reading
𪇪	U+2A1EA	no accepted official reading
𪇫	U+2A1EB	no accepted official reading
𪈂	U+2A202	no accepted official reading
𪈠	U+2A220	no accepted official reading
𪈾	U+2A23E	no accepted official reading
𪉁	U+2A241	no accepted official reading
𪉇	U+2A247	no accepted official reading
𪉓	U+2A253	no accepted official reading
𪉥	U+2A265	no accepted official reading
𪉴	U+2A274	no accepted official reading
𪉽	U+2A27D	no accepted official reading
𪊅	U+2A285	no accepted official reading
𪊒	U+2A292	no accepted official reading
𪊝	U+2A29D	no accepted official reading
𪊟	U+2A29F	no accepted official reading
𪊣	U+2A2A3	no accepted official reading
𪊮	U+2A2AE	no accepted official reading
𪋟	U+2A2DF	no accepted official reading
𪍊	U+2A34A	no accepted official reading
𪎑	U+2A391	no accepted official reading
𪎙	U+2A399	no accepted official reading
𪎩	U+2A3A9	no accepted official reading
𪎱	U+2A3B1	no accepted official reading
𪎷	U+2A3B7	no accepted official reading
𪎼	U+2A3BC	no accepted official reading
𪎿	U+2A3BF	no accepted official reading
𪐐	U+2A410	no accepted official reading
𪐢	U+2A422	no accepted official reading
𪐵	U+2A435	no accepted official reading
𪐶	U+2A436	no accepted official reading
𪐷	U+2A437	no accepted official reading
𪐾	U+2A43E	no accepted official reading
𪑠	U+2A460	no accepted official reading
𪑵	U+2A475	no accepted official reading
𪒗	U+2A497	no accepted official reading
𪒤	U+2A4A4	no accepted official reading
𪒱	U+2A4B1	no accepted official reading
𪒳	U+2A4B3	no accepted official reading
𪒶	U+2A4B6	no accepted official reading
𪒷	U+2A4B7	no accepted official reading
𪒽	U+2A4BD	no accepted official reading
𪓇	U+2A4C7	no accepted official reading
𪓈	U+2A4C8	no accepted official reading
𪓠	U+2A4E0	no accepted official reading
𪓪	U+2A4EA	no accepted official reading
𪓫	U+2A4EB	no accepted official reading
𪓺	U+2A4FA	no accepted official reading
𪔇	U+2A507	no accepted official reading
𪔚	U+2A51A	no accepted official reading
𪔠	U+2A520	no accepted official reading
𪔡	U+2A521	no accepted official reading
𪔭	U+2A52D	no accepted official reading
𪔲	U+2A532	no accepted official reading
𪔴	U+2A534	no accepted official reading
𪕐	U+2A550	no accepted official reading
𪕕	U+2A555	no accepted official reading
𪕖	U+2A556	no accepted official reading
𪕠	U+2A560	no accepted official reading
𪕣	U+2A563	no accepted official reading
𪕲	U+2A572	no accepted official reading
𪖠	U+2A5A0	no accepted official reading
𪖫	U+2A5AB	no accepted official reading
𪖬	U+2A5AC	no accepted official reading
𪖭	U+2A5AD	no accepted official reading
𪖱	U+2A5B1	no accepted official reading
𪖸	U+2A5B8	no accepted official reading
𪖹	U+2A5B9	no accepted official reading
𪖺	U+2A5BA	no accepted official reading
𪖿	U+2A5BF	no accepted official reading
𪗀	U+2A5C0	no accepted official reading
𪗱	U+2A5F1	no accepted official reading
𪘂	U+2A602	no accepted official reading
𪘌	U+2A60C	no accepted official reading
𪘙	U+2A619	no accepted official reading
𪘚	U+2A61A	no accepted official reading
𪘵	U+2A635	no accepted official reading
𪙕	U+2A655	no accepted official reading
𪙠	U+2A660	no accepted official reading
𪚊	U+2A68A	no accepted official reading
𪚚	U+2A69A	no accepted official reading
𪚡	U+2A6A1	no accepted official reading
𪚣	U+2A6A3	no accepted official reading
𪚩	U+2A6A9	no accepted official reading
𪚲	U+2A6B2	no accepted official reading
𪛅	U+2A6C5	no accepted official reading
𪛇	U+2A6C7	no accepted official reading
𪛞	U+2A6DE	no accepted official reading
𪛟	U+2A6DF	no accepted official reading
𪝕	U+2A755	no accepted official reading
𪞤	U+2A7A4	no accepted official reading
𪟂	U+2A7C2	no accepted official reading
𪠮	U+2A82E	no accepted official reading
𪡜	U+2A85C	no accepted official reading
𪡣	U+2A863	no accepted official reading
𪢭	U+2A8AD	no accepted official reading
𪢶	U+2A8B6	no accepted official reading
𪢹	U+2A8B9	no accepted official reading
𪣪	U+2A8EA	no accepted official reading
𪣯	U+2A8EF	no accepted official reading
𪣷	U+2A8F7	no accepted official reading
𪤘	U+2A918	no accepted official reading
𪥓	U+2A953	no accepted official reading
𪥖	U+2A956	no accepted official reading
𪥲	U+2A972	no accepted official reading
𪧙	U+2A9D9	no accepted official reading
𪨑	U+2AA11	no accepted official reading
𪨨	U+2AA28	no accepted official reading
𪫅	U+2AAC5	no accepted official reading
𪫏	U+2AACF	no accepted official reading
𪫧	U+2AAE7	no accepted official reading
𪫬	U+2AAEC	no accepted official reading
𪬛	U+2AB1B	no accepted official reading
𪮍	U+2AB8D	no accepted official reading
𪯧	U+2ABE7	no accepted official reading
𪰒	U+2AC12	no accepted official reading
𪱳	U+2AC73	no accepted official reading
𪲒	U+2AC92	no accepted official reading
𪲚	U+2AC9A	no accepted official reading
𪲣	U+2ACA3	no accepted official reading
𪲨	U+2ACA8	no accepted official reading
𪲱	U+2ACB1	no accepted official reading
𪴥	U+2AD25	no accepted official reading
𪶍	U+2AD8D	no accepted official reading
𪷿	U+2ADFF	no accepted official reading
𪸝	U+2AE1D	no accepted official reading
𪸷	U+2AE37	no accepted official reading
𪹨	U+2AE68	no accepted official reading
𪹯	U+2AE6F	no accepted official reading
𪹾	U+2AE7E	no accepted official reading
𪻵	U+2AEF5	no accepted official reading
𪼆	U+2AF06	no accepted official reading
𪼓	U+2AF13	no accepted official reading
𪼙	U+2AF19	no accepted official reading
𪼩	U+2AF29	no accepted official reading
𪽓	U+2AF53	no accepted official reading
𫀔	U+2B014	no accepted official reading
𫁥	U+2B065	no accepted official reading
𫂋	U+2B08B	no accepted official reading
𫂚	U+2B09A	no accepted official reading
𫄼	U+2B13C	no accepted official reading
𫆚	U+2B19A	no accepted official reading
𫉀	U+2B240	no accepted official reading
𫉅	U+2B245	no accepted official reading
𫉡	U+2B261	no accepted official reading
𫊉	U+2B289	no accepted official reading
𫋈	U+2B2C8	no accepted official reading
𫋫	U+2B2EB	no accepted official reading
𫌉	U+2B309	no accepted official reading
𫌜	U+2B31C	no accepted official reading
𫍅	U+2B345	no accepted official reading
𫍘	U+2B358	no accepted official reading
𫏖	U+2B3D6	no accepted official reading
𫒩	U+2B4A9	no accepted official reading
𫓒	U+2B4D2	no accepted official reading
𫖠	U+2B5A0	no accepted official reading
𫙗	U+2B657	no accepted official reading
𫙙	U+2B659	no accepted official reading
𫚷	U+2B6B7	no accepted official reading
𫜶	U+2B736	no accepted official reading
𫜺	U+2B73A	no accepted official reading
𫜻	U+2B73B	no accepted official reading
𫜼	U+2B73C	no accepted official reading
𫜽	U+2B73D	no accepted official reading
𫝍	U+2B74D	no accepted official reading
𫝎	U+2B74E	no accepted official reading
𫝏	U+2B74F	no accepted official reading
𫝑	U+2B751	no accepted official reading
𫝗	U+2B757	no accepted official reading
𫝙	U+2B759	no accepted official reading
𫝛	U+2B75B	no accepted official reading
𫝞	U+2B75E	no accepted official reading
𫝰	U+2B770	no accepted official reading
𫝺	U+2B77A	no accepted official reading
𫝻	U+2B77B	no accepted official reading
𫝼	U+2B77C	no accepted official reading
𫝽	U+2B77D	no accepted official reading
𫝾	U+2B77E	no accepted official reading
𫞂	U+2B782	no accepted official reading
𫞄	U+2B784	no accepted official reading
𫞎	U+2B78E	no accepted official reading
𫞕	U+2B795	no accepted official reading
𫞟	U+2B79F	no accepted official reading
𫞫	U+2B7AB	no accepted official reading
𫞭	U+2B7AD	no accepted official reading
𫞯	U+2B7AF	no accepted official reading
𫞰	U+2B7B0	no accepted official reading
𫞲	U+2B7B2	no accepted official reading
𫞳	U+2B7B3	no accepted official reading
𫞻	U+2B7BB	no accepted official reading
𫞼	U+2B7BC	no accepted official reading
𫞽	U+2B7BD	no accepted official reading
𫟂	U+2B7C2	no accepted official reading
𫟊	U+2B7CA	no accepted official reading
𫟗	U+2B7D7	no accepted official reading
𫟙	U+2B7D9	no accepted official reading
𫟣	U+2B7E3	no accepted official reading
𫟧	U+2B7E7	no accepted official reading
𫟮	U+2B7EE	no accepted official reading
𫠄	U+2B804	no accepted official reading
𫠎	U+2B80E	no accepted official reading
𫠙	U+2B819	no accepted official reading
𫠛	U+2B81B	no accepted official reading
𫠝	U+2B81D	no accepted official reading
𫠡	U+2B821	no accepted official reading
𫠢	U+2B822	no accepted official reading
𫠧	U+2B827	no accepted official reading
𫠨	U+2B828	no accepted official reading
𫠩	U+2B829	no accepted official reading
𫠪	U+2B82A	no accepted official reading
𫠫	U+2B82B	no accepted official reading
𫠬	U+2B82C	no accepted official reading
𫠭	U+2B82D	no accepted official reading
𫠮	U+2B82E	no accepted official reading
𫠯	U+2B82F	no accepted official reading
𫠰	U+2B830	no accepted official reading
𫠱	U+2B831	no accepted official reading
𫠲	U+2B832	no accepted official reading
𫠳	U+2B833	no accepted official reading
𫠴	U+2B834	no accepted official reading
𫠵	U+2B835	no accepted official reading
𫠶	U+2B836	no accepted official reading
𫠷	U+2B837	no accepted official reading
𫠸	U+2B838	no accepted official reading
𫠹	U+2B839	no accepted official reading
𫠺	U+2B83A	no accepted official reading
𫠻	U+2B83B	no accepted official reading
𫠼	U+2B83C	no accepted official reading
𫠽	U+2B83D	no accepted official reading
𫠾	U+2B83E	no accepted official reading
𫠿	U+2B83F	no accepted official reading
𫡀	U+2B840	no accepted official reading
𫡁	U+2B841	no accepted official reading
𫡂	U+2B842	no accepted official reading
𫡃	U+2B843	no accepted official reading
𫡄	U+2B844	no accepted official reading
𫡇	U+2B847	no accepted official reading
𫡈	U+2B848	no accepted official reading
𫡉	U+2B849	no accepted official reading
𫡊	U+2B84A	no accepted official reading
𫡋	U+2B84B	no accepted official reading
𫡌	U+2B84C	no accepted official reading
𫡍	U+2B84D	no accepted official reading
𫡎	U+2B84E	no accepted official reading
𫡐	U+2B850	no accepted official reading
𫡔	U+2B854	no accepted official reading
𫡖	U+2B856	no accepted official reading
𫡗	U+2B857	no accepted official reading
𫡘	U+2B858	no accepted official reading
𫡚	U+2B85A	no accepted official reading
𫡛	U+2B85B	no accepted official reading
𫡜	U+2B85C	no accepted official reading
𫡝	U+2B85D	no accepted official reading
𫡞	U+2B85E	no accepted official reading
𫡟	U+2B85F	no accepted official reading
𫡠	U+2B860	no accepted official reading
𫡡	U+2B861	no accepted official reading
𫡢	U+2B862	no accepted official reading
𫡣	U+2B863	no accepted official reading
𫡤	U+2B864	no accepted official reading
𫡥	U+2B865	no accepted official reading
𫡦	U+2B866	no accepted official reading
𫡧	U+2B867	no accepted official reading
𫡨	U+2B868	no accepted official reading
𫡩	U+2B869	no accepted official reading
𫡪	U+2B86A	no accepted official reading
𫡫	U+2B86B	no accepted official reading
𫡭	U+2B86D	no accepted official reading
𫡮	U+2B86E	no accepted official reading
𫡯	U+2B86F	no accepted official reading
𫡱	U+2B871	no accepted official reading
𫡲	U+2B872	no accepted official reading
𫡳	U+2B873	no accepted official reading
𫡴	U+2B874	no accepted official reading
𫡵	U+2B875	no accepted official reading
𫡷	U+2B877	no accepted official reading
𫡸	U+2B878	no accepted official reading
𫡹	U+2B879	no accepted official reading
𫡺	U+2B87A	no accepted official reading
𫡻	U+2B87B	no accepted official reading
𫡽	U+2B87D	no accepted official reading
𫡾	U+2B87E	no accepted official reading
𫡿	U+2B87F	no accepted official reading
𫢀	U+2B880	no accepted official reading
𫢂	U+2B882	no accepted official reading
𫢃	U+2B883	no accepted official reading
𫢄	U+2B884	no accepted official reading
𫢅	U+2B885	no accepted official reading
𫢉	U+2B889	no accepted official reading
𫢊	U+2B88A	no accepted official reading
𫢋	U+2B88B	no accepted official reading
𫢍	U+2B88D	no accepted official reading
𫢏	U+2B88F	no accepted official reading
𫢐	U+2B890	no accepted official reading
𫢖	U+2B896	no accepted official reading
𫢗	U+2B897	no accepted official reading
𫢚	U+2B89A	no accepted official reading
𫢜	U+2B89C	no accepted official reading
𫢞	U+2B89E	no accepted official reading
𫢟	U+2B89F	no accepted official reading
𫢠	U+2B8A0	no accepted official reading
𫢡	U+2B8A1	no accepted official reading
𫢥	U+2B8A5	no accepted official reading
𫢧	U+2B8A7	no accepted official reading
𫢨	U+2B8A8	no accepted official reading
𫢩	U+2B8A9	no accepted official reading
𫢫	U+2B8AB	no accepted official reading
𫢱	U+2B8B1	no accepted official reading
𫢲	U+2B8B2	no accepted official reading
𫢵	U+2B8B5	no accepted official reading
𫢼	U+2B8BC	no accepted official reading
𫢾	U+2B8BE	no accepted official reading
𫢿	U+2B8BF	no accepted official reading
𫣀	U+2B8C0	no accepted official reading
𫣁	U+2B8C1	no accepted official reading
𫣂	U+2B8C2	no accepted official reading
𫣃	U+2B8C3	no accepted official reading
𫣇	U+2B8C7	no accepted official reading
𫣈	U+2B8C8	no accepted official reading
𫣋	U+2B8CB	no accepted official reading
𫣏	U+2B8CF	no accepted official reading
𫣐	U+2B8D0	no accepted official reading
𫣒	U+2B8D2	no accepted official reading
𫣓	U+2B8D3	no accepted official reading
𫣔	U+2B8D4	no accepted official reading
𫣕	U+2B8D5	no accepted official reading
𫣙	U+2B8D9	no accepted official reading
𫣚	U+2B8DA	no accepted official reading
𫣝	U+2B8DD	no accepted official reading
𫣞	U+2B8DE	no accepted official reading
𫣢	U+2B8E2	no accepted official reading
𫣣	U+2B8E3	no accepted official reading
𫣨	U+2B8E8	no accepted official reading
𫣪	U+2B8EA	no accepted official reading
𫣬	U+2B8EC	no accepted official reading
𫣮	U+2B8EE	no accepted official reading
𫣰	U+2B8F0	no accepted official reading
𫣱	U+2B8F1	no accepted official reading
𫣲	U+2B8F2	no accepted official reading
𫣴	U+2B8F4	no accepted official reading
𫣵	U+2B8F5	no accepted official reading
𫣶	U+2B8F6	no accepted official reading
𫣸	U+2B8F8	no accepted official reading
𫣹	U+2B8F9	no accepted official reading
𫤀	U+2B900	no accepted official reading
𫤁	U+2B901	no accepted official reading
𫤂	U+2B902	no accepted official reading
𫤄	U+2B904	no accepted official reading
𫤅	U+2B905	no accepted official reading
𫤆	U+2B906	no accepted official reading
𫤈	U+2B908	no accepted official reading
𫤉	U+2B909	no accepted official reading
𫤊	U+2B90A	no accepted official reading
𫤍	U+2B90D	no accepted official reading
𫤎	U+2B90E	no accepted official reading
𫤏	U+2B90F	no accepted official reading
𫤑	U+2B911	no accepted official reading
𫤒	U+2B912	no accepted official reading
𫤓	U+2B913	no accepted official reading
𫤕	U+2B915	no accepted official reading
𫤙	U+2B919	no accepted official reading
𫤚	U+2B91A	no accepted official reading
𫤛	U+2B91B	no accepted official reading
𫤜	U+2B91C	no accepted official reading
𫤝	U+2B91D	no accepted official reading
𫤞	U+2B91E	no accepted official reading
𫤟	U+2B91F	no accepted official reading
𫤠	U+2B920	no accepted official reading
𫤡	U+2B921	no accepted official reading
𫤢	U+2B922	no accepted official reading
𫤣	U+2B923	no accepted official reading
𫤤	U+2B924	no accepted official reading
𫤧	U+2B927	no accepted official reading
𫤩	U+2B929	no accepted official reading
𫤪	U+2B92A	no accepted official reading
𫤫	U+2B92B	no accepted official reading
𫤯	U+2B92F	no accepted official reading
𫤱	U+2B931	no accepted official reading
𫤲	U+2B932	no accepted official reading
𫤷	U+2B937	no accepted official reading
𫤺	U+2B93A	no accepted official reading
𫤼	U+2B93C	no accepted official reading
𫤾	U+2B93E	no accepted official reading
𫥅	U+2B945	no accepted official reading
𫥉	U+2B949	no accepted official reading
𫥊	U+2B94A	no accepted official reading
𫥋	U+2B94B	no accepted official reading
𫥌	U+2B94C	no accepted official reading
𫥏	U+2B94F	no accepted official reading
𫥐	U+2B950	no accepted official reading
𫥑	U+2B951	no accepted official reading
𫥔	U+2B954	no accepted official reading
𫥕	U+2B955	no accepted official reading
𫥖	U+2B956	no accepted official reading
𫥘	U+2B958	no accepted official reading
𫥛	U+2B95B	no accepted official reading
𫥜	U+2B95C	no accepted official reading
𫥠	U+2B960	no accepted official reading
𫥣	U+2B963	no accepted official reading
𫥥	U+2B965	no accepted official reading
𫥦	U+2B966	no accepted official reading
𫥧	U+2B967	no accepted official reading
𫥨	U+2B968	no accepted official reading
𫥩	U+2B969	no accepted official reading
𫥫	U+2B96B	no accepted official reading
𫥰	U+2B970	no accepted official reading
𫥱	U+2B971	no accepted official reading
𫥲	U+2B972	no accepted official reading
𫥴	U+2B974	no accepted official reading
𫥶	U+2B976	no accepted official reading
𫥷	U+2B977	no accepted official reading
𫥸	U+2B978	no accepted official reading
𫥹	U+2B979	no accepted official reading
𫥻	U+2B97B	no accepted official reading
𫥽	U+2B97D	no accepted official reading
𫥾	U+2B97E	no accepted official reading
𫥿	U+2B97F	no accepted official reading
𫦀	U+2B980	no accepted official reading
𫦂	U+2B982	no accepted official reading
𫦃	U+2B983	no accepted official reading
𫦄	U+2B984	no accepted official reading
𫦆	U+2B986	no accepted official reading
𫦇	U+2B987	no accepted official reading
𫦈	U+2B988	no accepted official reading
𫦊	U+2B98A	no accepted official reading
𫦋	U+2B98B	no accepted official reading
𫦎	U+2B98E	no accepted official reading
𫦏	U+2B98F	no accepted official reading
𫦑	U+2B991	no accepted official reading
𫦓	U+2B993	no accepted official reading
𫦔	U+2B994	no accepted official reading
𫦕	U+2B995	no accepted official reading
𫦖	U+2B996	no accepted official reading
𫦘	U+2B998	no accepted official reading
𫦙	U+2B999	no accepted official reading
𫦚	U+2B99A	no accepted official reading
𫦛	U+2B99B	no accepted official reading
𫦝	U+2B99D	no accepted official reading
𫦞	U+2B99E	no accepted official reading
𫦟	U+2B99F	no accepted official reading
𫦡	U+2B9A1	no accepted official reading
𫦢	U+2B9A2	no accepted official reading
𫦣	U+2B9A3	no accepted official reading
𫦤	U+2B9A4	no accepted official reading
𫦥	U+2B9A5	no accepted official reading
𫦦	U+2B9A6	no accepted official reading
𫦧	U+2B9A7	no accepted official reading
𫦨	U+2B9A8	no accepted official reading
𫦫	U+2B9AB	no accepted official reading
𫦬	U+2B9AC	no accepted official reading
𫦭	U+2B9AD	no accepted official reading
𫦯	U+2B9AF	no accepted official reading
𫦰	U+2B9B0	no accepted official reading
𫦵	U+2B9B5	no accepted official reading
𫦶	U+2B9B6	no accepted official reading
𫦸	U+2B9B8	no accepted official reading
𫦹	U+2B9B9	no accepted official reading
𫦻	U+2B9BB	no accepted official reading
𫦼	U+2B9BC	no accepted official reading
𫦽	U+2B9BD	no accepted official reading
𫦿	U+2B9BF	no accepted official reading
𫧀	U+2B9C0	no accepted official reading
𫧁	U+2B9C1	no accepted official reading
𫧂	U+2B9C2	no accepted official reading
𫧃	U+2B9C3	no accepted official reading
𫧄	U+2B9C4	no accepted official reading
𫧅	U+2B9C5	no accepted official reading
𫧆	U+2B9C6	no accepted official reading
𫧇	U+2B9C7	no accepted official reading
𫧈	U+2B9C8	no accepted official reading
𫧉	U+2B9C9	no accepted official reading
𫧊	U+2B9CA	no accepted official reading
𫧋	U+2B9CB	no accepted official reading
𫧌	U+2B9CC	no accepted official reading
𫧎	U+2B9CE	no accepted official reading
𫧏	U+2B9CF	no accepted official reading
𫧐	U+2B9D0	no accepted official reading
𫧑	U+2B9D1	no accepted official reading
𫧒	U+2B9D2	no accepted official reading
𫧓	U+2B9D3	no accepted official reading
𫧔	U+2B9D4	no accepted official reading
𫧕	U+2B9D5	no accepted official reading
𫧖	U+2B9D6	no accepted official reading
𫧗	U+2B9D7	no accepted official reading
𫧘	U+2B9D8	no accepted official reading
𫧙	U+2B9D9	no accepted official reading
𫧜	U+2B9DC	no accepted official reading
𫧝	U+2B9DD	no accepted official reading
𫧞	U+2B9DE	no accepted official reading
𫧟	U+2B9DF	no accepted official reading
𫧠	U+2B9E0	no accepted official reading
𫧡	U+2B9E1	no accepted official reading
𫧣	U+2B9E3	no accepted official reading
𫧦	U+2B9E6	no accepted official reading
𫧧	U+2B9E7	no accepted official reading
𫧨	U+2B9E8	no accepted official reading
𫧪	U+2B9EA	no accepted official reading
𫧫	U+2B9EB	no accepted official reading
𫧬	U+2B9EC	no accepted official reading
𫧭	U+2B9ED	no accepted official reading
𫧰	U+2B9F0	no accepted official reading
𫧱	U+2B9F1	no accepted official reading
𫧲	U+2B9F2	no accepted official reading
𫧳	U+2B9F3	no accepted official reading
𫧴	U+2B9F4	no accepted official reading
𫧵	U+2B9F5	no accepted official reading
𫧶	U+2B9F6	no accepted official reading
𫧸	U+2B9F8	no accepted official reading
𫧹	U+2B9F9	no accepted official reading
𫧺	U+2B9FA	no accepted official reading
𫧼	U+2B9FC	no accepted official reading
𫧾	U+2B9FE	no accepted official reading
𫨁	U+2BA01	no accepted official reading
𫨂	U+2BA02	no accepted official reading
𫨃	U+2BA03	no accepted official reading
𫨄	U+2BA04	no accepted official reading
𫨅	U+2BA05	no accepted official reading
𫨉	U+2BA09	no accepted official reading
𫨊	U+2BA0A	no accepted official reading
𫨌	U+2BA0C	no accepted official reading
𫨍	U+2BA0D	no accepted official reading
𫨎	U+2BA0E	no accepted official reading
𫨏	U+2BA0F	no accepted official reading
𫨐	U+2BA10	no accepted official reading
𫨑	U+2BA11	no accepted official reading
𫨒	U+2BA12	no accepted official reading
𫨕	U+2BA15	no accepted official reading
𫨖	U+2BA16	no accepted official reading
𫨗	U+2BA17	no accepted official reading
𫨙	U+2BA19	no accepted official reading
𫨛	U+2BA1B	no accepted official reading
𫨜	U+2BA1C	no accepted official reading
𫨝	U+2BA1D	no accepted official reading
𫨞	U+2BA1E	no accepted official reading
𫨟	U+2BA1F	no accepted official reading
𫨠	U+2BA20	no accepted official reading
𫨡	U+2BA21	no accepted official reading
𫨥	U+2BA25	no accepted official reading
𫨧	U+2BA27	no accepted official reading
𫨨	U+2BA28	no accepted official reading
𫨪	U+2BA2A	no accepted official reading
𫨫	U+2BA2B	no accepted official reading
𫨭	U+2BA2D	no accepted official reading
𫨮	U+2BA2E	no accepted official reading
𫨯	U+2BA2F	no accepted official reading
𫨰	U+2BA30	no accepted official reading
𫨱	U+2BA31	no accepted official reading
𫨲	U+2BA32	no accepted official reading
𫨳	U+2BA33	no accepted official reading
𫨴	U+2BA34	no accepted official reading
𫨵	U+2BA35	no accepted official reading
𫨶	U+2BA36	no accepted official reading
𫨷	U+2BA37	no accepted official reading
𫨸	U+2BA38	no accepted official reading
𫨹	U+2BA39	no accepted official reading
𫨺	U+2BA3A	no accepted official reading
𫨼	U+2BA3C	no accepted official reading
𫨽	U+2BA3D	no accepted official reading
𫨾	U+2BA3E	no accepted official reading
𫨿	U+2BA3F	no accepted official reading
𫩀	U+2BA40	no accepted official reading
𫩁	U+2BA41	no accepted official reading
𫩂	U+2BA42	no accepted official reading
𫩃	U+2BA43	no accepted official reading
𫩄	U+2BA44	no accepted official reading
𫩆	U+2BA46	no accepted official reading
𫩇	U+2BA47	no accepted official reading
𫩉	U+2BA49	no accepted official reading
𫩌	U+2BA4C	no accepted official reading
𫩍	U+2BA4D	no accepted official reading
𫩎	U+2BA4E	no accepted official reading
𫩑	U+2BA51	no accepted official reading
𫩓	U+2BA53	no accepted official reading
𫩔	U+2BA54	no accepted official reading
𫩖	U+2BA56	no accepted official reading
𫩗	U+2BA57	no accepted official reading
𫩘	U+2BA58	no accepted official reading
𫩙	U+2BA59	no accepted official reading
𫩜	U+2BA5C	no accepted official reading
𫩝	U+2BA5D	no accepted official reading
𫩞	U+2BA5E	no accepted official reading
𫩠	U+2BA60	no accepted official reading
𫩡	U+2BA61	no accepted official reading
𫩢	U+2BA62	no accepted official reading
𫩣	U+2BA63	no accepted official reading
𫩦	U+2BA66	no accepted official reading
𫩨	U+2BA68	no accepted official reading
𫩪	U+2BA6A	no accepted official reading
𫩬	U+2BA6C	no accepted official reading
𫩮	U+2BA6E	no accepted official reading
𫩱	U+2BA71	no accepted official reading
𫩲	U+2BA72	no accepted official reading
𫩳	U+2BA73	no accepted official reading
𫩴	U+2BA74	no accepted official reading
𫩵	U+2BA75	no accepted official reading
𫩶	U+2BA76	no accepted official reading
𫩷	U+2BA77	no accepted official reading
𫩸	U+2BA78	no accepted official reading
𫩻	U+2BA7B	no accepted official reading
𫩼	U+2BA7C	no accepted official reading
𫩽	U+2BA7D	no accepted official reading
𫩾	U+2BA7E	no accepted official reading
𫩿	U+2BA7F	no accepted official reading
𫪅	U+2BA85	no accepted official reading
𫪆	U+2BA86	no accepted official reading
𫪇	U+2BA87	no accepted official reading
𫪈	U+2BA88	no accepted official reading
𫪊	U+2BA8A	no accepted official reading
𫪋	U+2BA8B	no accepted official reading
𫪌	U+2BA8C	no accepted official reading
𫪍	U+2BA8D	no accepted official reading
𫪎	U+2BA8E	no accepted official reading
𫪏	U+2BA8F	no accepted official reading
𫪐	U+2BA90	no accepted official reading
𫪒	U+2BA92	no accepted official reading
𫪓	U+2BA93	no accepted official reading
𫪔	U+2BA94	no accepted official reading
𫪗	U+2BA97	no accepted official reading
𫪙	U+2BA99	no accepted official reading
𫪛	U+2BA9B	no accepted official reading
𫪞	U+2BA9E	no accepted official reading
𫪟	U+2BA9F	no accepted official reading
𫪠	U+2BAA0	no accepted official reading
𫪡	U+2BAA1	no accepted official reading
𫪢	U+2BAA2	no accepted official reading
𫪣	U+2BAA3	no accepted official reading
𫪤	U+2BAA4	no accepted official reading
𫪥	U+2BAA5	no accepted official reading
𫪨	U+2BAA8	no accepted official reading
𫪩	U+2BAA9	no accepted official reading
𫪫	U+2BAAB	no accepted official reading
𫪬	U+2BAAC	no accepted official reading
𫪭	U+2BAAD	no accepted official reading
𫪮	U+2BAAE	no accepted official reading
𫪰	U+2BAB0	no accepted official reading
𫪱	U+2BAB1	no accepted official reading
𫪲	U+2BAB2	no accepted official reading
𫪴	U+2BAB4	no accepted official reading
𫪵	U+2BAB5	no accepted official reading
𫪶	U+2BAB6	no accepted official reading
𫪸	U+2BAB8	no accepted official reading
𫪹	U+2BAB9	no accepted official reading
𫪻	U+2BABB	no accepted official reading
𫪼	U+2BABC	no accepted official reading
𫫀	U+2BAC0	no accepted official reading
𫫁	U+2BAC1	no accepted official reading
𫫂	U+2BAC2	no accepted official reading
𫫃	U+2BAC3	no accepted official reading
𫫄	U+2BAC4	no accepted official reading
𫫅	U+2BAC5	no accepted official reading
𫫈	U+2BAC8	no accepted official reading
𫫊	U+2BACA	no accepted official reading
𫫋	U+2BACB	no accepted official reading
𫫍	U+2BACD	no accepted official reading
𫫏	U+2BACF	no accepted official reading
𫫐	U+2BAD0	no accepted official reading
𫫑	U+2BAD1	no accepted official reading
𫫒	U+2BAD2	no accepted official reading
𫫓	U+2BAD3	no accepted official reading
𫫔	U+2BAD4	no accepted official reading
𫫗	U+2BAD7	no accepted official reading
𫫘	U+2BAD8	no accepted official reading
𫫙	U+2BAD9	no accepted official reading
𫫛	U+2BADB	no accepted official reading
𫫜	U+2BADC	no accepted official reading
𫫝	U+2BADD	no accepted official reading
𫫞	U+2BADE	no accepted official reading
𫫟	U+2BADF	no accepted official reading
𫫠	U+2BAE0	no accepted official reading
𫫡	U+2BAE1	no accepted official reading
𫫢	U+2BAE2	no accepted official reading
𫫤	U+2BAE4	no accepted official reading
𫫥	U+2BAE5	no accepted official reading
𫫨	U+2BAE8	no accepted official reading
𫫩	U+2BAE9	no accepted official reading
𫫬	U+2BAEC	no accepted official reading
𫫭	U+2BAED	no accepted official reading
𫫮	U+2BAEE	no accepted official reading
𫫯	U+2BAEF	no accepted official reading
𫫲	U+2BAF2	no accepted official reading
𫫴	U+2BAF4	no accepted official reading
𫫶	U+2BAF6	no accepted official reading
𫫷	U+2BAF7	no accepted official reading
𫫸	U+2BAF8	no accepted official reading
𫫹	U+2BAF9	no accepted official reading
𫫺	U+2BAFA	no accepted official reading
𫫼	U+2BAFC	no accepted official reading
𫫿	U+2BAFF	no accepted official reading
𫬀	U+2BB00	no accepted official reading
𫬁	U+2BB01	no accepted official reading
𫬂	U+2BB02	no accepted official reading
𫬃	U+2BB03	no accepted official reading
𫬅	U+2BB05	no accepted official reading
𫬆	U+2BB06	no accepted official reading
𫬇	U+2BB07	no accepted official reading
𫬈	U+2BB08	no accepted official reading
𫬉	U+2BB09	no accepted official reading
𫬊	U+2BB0A	no accepted official reading
𫬋	U+2BB0B	no accepted official reading
𫬌	U+2BB0C	no accepted official reading
𫬍	U+2BB0D	no accepted official reading
𫬎	U+2BB0E	no accepted official reading
𫬏	U+2BB0F	no accepted official reading
𫬑	U+2BB11	no accepted official reading
𫬒	U+2BB12	no accepted official reading
𫬓	U+2BB13	no accepted official reading
𫬕	U+2BB15	no accepted official reading
𫬖	U+2BB16	no accepted official reading
𫬗	U+2BB17	no accepted official reading
𫬘	U+2BB18	no accepted official reading
𫬚	U+2BB1A	no accepted official reading
𫬛	U+2BB1B	no accepted official reading
𫬜	U+2BB1C	no accepted official reading
𫬝	U+2BB1D	no accepted official reading
𫬞	U+2BB1E	no accepted official reading
𫬠	U+2BB20	no accepted official reading
𫬢	U+2BB22	no accepted official reading
𫬣	U+2BB23	no accepted official reading
𫬤	U+2BB24	no accepted official reading
𫬥	U+2BB25	no accepted official reading
𫬦	U+2BB26	no accepted official reading
𫬧	U+2BB27	no accepted official reading
𫬨	U+2BB28	no accepted official reading
𫬩	U+2BB29	no accepted official reading
𫬪	U+2BB2A	no accepted official reading
𫬫	U+2BB2B	no accepted official reading
𫬬	U+2BB2C	no accepted official reading
𫬮	U+2BB2E	no accepted official reading
𫬰	U+2BB30	no accepted official reading
𫬱	U+2BB31	no accepted official reading
𫬲	U+2BB32	no accepted official reading
𫬳	U+2BB33	no accepted official reading
𫬴	U+2BB34	no accepted official reading
𫬵	U+2BB35	no accepted official reading
𫬶	U+2BB36	no accepted official reading
𫬷	U+2BB37	no accepted official reading
𫬸	U+2BB38	no accepted official reading
𫬺	U+2BB3A	no accepted official reading
𫬻	U+2BB3B	no accepted official reading
𫬼	U+2BB3C	no accepted official reading
𫬽	U+2BB3D	no accepted official reading
𫬾	U+2BB3E	no accepted official reading
𫬿	U+2BB3F	no accepted official reading
𫭀	U+2BB40	no accepted official reading
𫭁	U+2BB41	no accepted official reading
𫭂	U+2BB42	no accepted official reading
𫭃	U+2BB43	no accepted official reading
𫭄	U+2BB44	no accepted official reading
𫭅	U+2BB45	no accepted official reading
𫭆	U+2BB46	no accepted official reading
𫭈	U+2BB48	no accepted official reading
𫭉	U+2BB49	no accepted official reading
𫭊	U+2BB4A	no accepted official reading
𫭌	U+2BB4C	no accepted official reading
𫭍	U+2BB4D	no accepted official reading
𫭎	U+2BB4E	no accepted official reading
𫭏	U+2BB4F	no accepted official reading
𫭐	U+2BB50	no accepted official reading
𫭑	U+2BB51	no accepted official reading
𫭓	U+2BB53	no accepted official reading
𫭔	U+2BB54	no accepted official reading
𫭕	U+2BB55	no accepted official reading
𫭖	U+2BB56	no accepted official reading
𫭗	U+2BB57	no accepted official reading
𫭘	U+2BB58	no accepted official reading
𫭙	U+2BB59	no accepted official reading
𫭚	U+2BB5A	no accepted official reading
𫭛	U+2BB5B	no accepted official reading
𫭝	U+2BB5D	no accepted official reading
𫭠	U+2BB60	no accepted official reading
𫭡	U+2BB61	no accepted official reading
𫭣	U+2BB63	no accepted official reading
𫭤	U+2BB64	no accepted official reading
𫭦	U+2BB66	no accepted official reading
𫭧	U+2BB67	no accepted official reading
𫭩	U+2BB69	no accepted official reading
𫭫	U+2BB6B	no accepted official reading
𫭭	U+2BB6D	no accepted official reading
𫭱	U+2BB71	no accepted official reading
𫭳	U+2BB73	no accepted official reading
𫭴	U+2BB74	no accepted official reading
𫭵	U+2BB75	no accepted official reading
𫭶	U+2BB76	no accepted official reading
𫭸	U+2BB78	no accepted official reading
𫭹	U+2BB79	no accepted official reading
𫭻	U+2BB7B	no accepted official reading
𫭽	U+2BB7D	no accepted official reading
𫮀	U+2BB80	no accepted official reading
𫮂	U+2BB82	no accepted official reading
𫮄	U+2BB84	no accepted official reading
𫮇	U+2BB87	no accepted official reading
𫮈	U+2BB88	no accepted official reading
𫮋	U+2BB8B	no accepted official reading
𫮌	U+2BB8C	no accepted official reading
𫮎	U+2BB8E	no accepted official reading
𫮏	U+2BB8F	no accepted official reading
𫮐	U+2BB90	no accepted official reading
𫮑	U+2BB91	no accepted official reading
𫮒	U+2BB92	no accepted official reading
𫮘	U+2BB98	no accepted official reading
𫮙	U+2BB99	no accepted official reading
𫮚	U+2BB9A	no accepted official reading
𫮠	U+2BBA0	no accepted official reading
𫮡	U+2BBA1	no accepted official reading
𫮢	U+2BBA2	no accepted official reading
𫮤	U+2BBA4	no accepted official reading
𫮥	U+2BBA5	no accepted official reading
𫮦	U+2BBA6	no accepted official reading
𫮨	U+2BBA8	no accepted official reading
𫮩	U+2BBA9	no accepted official reading
𫮪	U+2BBAA	no accepted official reading
𫮫	U+2BBAB	no accepted official reading
𫮭	U+2BBAD	no accepted official reading
𫮮	U+2BBAE	no accepted official reading
𫮯	U+2BBAF	no accepted official reading
𫮱	U+2BBB1	no accepted official reading
𫮲	U+2BBB2	no accepted official reading
𫮳	U+2BBB3	no accepted official reading
𫮷	U+2BBB7	no accepted official reading
𫮻	U+2BBBB	no accepted official reading
𫯀	U+2BBC0	no accepted official reading
𫯃	U+2BBC3	no accepted official reading
𫯄	U+2BBC4	no accepted official reading
𫯅	U+2BBC5	no accepted official reading
𫯇	U+2BBC7	no accepted official reading
𫯉	U+2BBC9	no accepted official reading
𫯊	U+2BBCA	no accepted official reading
𫯋	U+2BBCB	no accepted official reading
𫯍	U+2BBCD	no accepted official reading
𫯎	U+2BBCE	no accepted official reading
𫯏	U+2BBCF	no accepted official reading
𫯐	U+2BBD0	no accepted official reading
𫯓	U+2BBD3	no accepted official reading
𫯔	U+2BBD4	no accepted official reading
𫯕	U+2BBD5	no accepted official reading
𫯖	U+2BBD6	no accepted official reading
𫯘	U+2BBD8	no accepted official reading
𫯚	U+2BBDA	no accepted official reading
𫯛	U+2BBDB	no accepted official reading
𫯜	U+2BBDC	no accepted official reading
𫯝	U+2BBDD	no accepted official reading
𫯞	U+2BBDE	no accepted official reading
𫯡	U+2BBE1	no accepted official reading
𫯢	U+2BBE2	no accepted official reading
𫯣	U+2BBE3	no accepted official reading
𫯤	U+2BBE4	no accepted official reading
𫯦	U+2BBE6	no accepted official reading
𫯧	U+2BBE7	no accepted official reading
𫯨	U+2BBE8	no accepted official reading
𫯩	U+2BBE9	no accepted official reading
𫯪	U+2BBEA	no accepted official reading
𫯫	U+2BBEB	no accepted official reading
𫯬	U+2BBEC	no accepted official reading
𫯭	U+2BBED	no accepted official reading
𫯮	U+2BBEE	no accepted official reading
𫯰	U+2BBF0	no accepted official reading
𫯲	U+2BBF2	no accepted official reading
𫯳	U+2BBF3	no accepted official reading
𫯴	U+2BBF4	no accepted official reading
𫯵	U+2BBF5	no accepted official reading
𫯷	U+2BBF7	no accepted official reading
𫯸	U+2BBF8	no accepted official reading
𫯺	U+2BBFA	no accepted official reading
𫯻	U+2BBFB	no accepted official reading
𫯼	U+2BBFC	no accepted official reading
𫯽	U+2BBFD	no accepted official reading
𫯾	U+2BBFE	no accepted official reading
𫯿	U+2BBFF	no accepted official reading
𫰀	U+2BC00	no accepted official reading
𫰁	U+2BC01	no accepted official reading
𫰃	U+2BC03	no accepted official reading
𫰄	U+2BC04	no accepted official reading
𫰅	U+2BC05	no accepted official reading
𫰆	U+2BC06	no accepted official reading
𫰇	U+2BC07	no accepted official reading
𫰈	U+2BC08	no accepted official reading
𫰉	U+2BC09	no accepted official reading
𫰋	U+2BC0B	no accepted official reading
𫰎	U+2BC0E	no accepted official reading
𫰏	U+2BC0F	no accepted official reading
𫰓	U+2BC13	no accepted official reading
𫰔	U+2BC14	no accepted official reading
𫰕	U+2BC15	no accepted official reading
𫰖	U+2BC16	no accepted official reading
𫰠	U+2BC20	no accepted official reading
𫰣	U+2BC23	no accepted official reading
𫰧	U+2BC27	no accepted official reading
𫰩	U+2BC29	no accepted official reading
𫰪	U+2BC2A	no accepted official reading
𫰬	U+2BC2C	no accepted official reading
𫰭	U+2BC2D	no accepted official reading
𫰮	U+2BC2E	no accepted official reading
𫰱	U+2BC31	no accepted official reading
𫰴	U+2BC34	no accepted official reading
𫰸	U+2BC38	no accepted official reading
𫰺	U+2BC3A	no accepted official reading
𫱀	U+2BC40	no accepted official reading
𫱁	U+2BC41	no accepted official reading
𫱅	U+2BC45	no accepted official reading
𫱆	U+2BC46	no accepted official reading
𫱈	U+2BC48	no accepted official reading
𫱉	U+2BC49	no accepted official reading
𫱋	U+2BC4B	no accepted official reading
𫱏	U+2BC4F	no accepted official reading
𫱑	U+2BC51	no accepted official reading
𫱓	U+2BC53	no accepted official reading
𫱔	U+2BC54	no accepted official reading
𫱖	U+2BC56	no accepted official reading
𫱗	U+2BC57	no accepted official reading
𫱘	U+2BC58	no accepted official reading
𫱝	U+2BC5D	no accepted official reading
𫱞	U+2BC5E	no accepted official reading
𫱣	U+2BC63	no accepted official reading
𫱤	U+2BC64	no accepted official reading
𫱧	U+2BC67	no accepted official reading
𫱨	U+2BC68	no accepted official reading
𫱩	U+2BC69	no accepted official reading
𫱪	U+2BC6A	no accepted official reading
𫱫	U+2BC6B	no accepted official reading
𫱬	U+2BC6C	no accepted official reading
𫱯	U+2BC6F	no accepted official reading
𫱱	U+2BC71	no accepted official reading
𫱴	U+2BC74	no accepted official reading
𫱶	U+2BC76	no accepted official reading
𫱸	U+2BC78	no accepted official reading
𫱹	U+2BC79	no accepted official reading
𫱺	U+2BC7A	no accepted official reading
𫱻	U+2BC7B	no accepted official reading
𫲀	U+2BC80	no accepted official reading
𫲁	U+2BC81	no accepted official reading
𫲂	U+2BC82	no accepted official reading
𫲃	U+2BC83	no accepted official reading
𫲄	U+2BC84	no accepted official reading
𫲌	U+2BC8C	no accepted official reading
𫲍	U+2BC8D	no accepted official reading
𫲎	U+2BC8E	no accepted official reading
𫲐	U+2BC90	no accepted official reading
𫲑	U+2BC91	no accepted official reading
𫲕	U+2BC95	no accepted official reading
𫲖	U+2BC96	no accepted official reading
𫲙	U+2BC99	no accepted official reading
𫲚	U+2BC9A	no accepted official reading
𫲜	U+2BC9C	no accepted official reading
𫲞	U+2BC9E	no accepted official reading
𫲟	U+2BC9F	no accepted official reading
𫲡	U+2BCA1	no accepted official reading
𫲢	U+2BCA2	no accepted official reading
𫲤	U+2BCA4	no accepted official reading
𫲥	U+2BCA5	no accepted official reading
𫲧	U+2BCA7	no accepted official reading
𫲨	U+2BCA8	no accepted official reading
𫲩	U+2BCA9	no accepted official reading
𫲪	U+2BCAA	no accepted official reading
𫲫	U+2BCAB	no accepted official reading
𫲬	U+2BCAC	no accepted official reading
𫲭	U+2BCAD	no accepted official reading
𫲮	U+2BCAE	no accepted official reading
𫲯	U+2BCAF	no accepted official reading
𫲰	U+2BCB0	no accepted official reading
𫲱	U+2BCB1	no accepted official reading
𫲳	U+2BCB3	no accepted official reading
𫲴	U+2BCB4	no accepted official reading
𫲵	U+2BCB5	no accepted official reading
𫲶	U+2BCB6	no accepted official reading
𫲷	U+2BCB7	no accepted official reading
𫲹	U+2BCB9	no accepted official reading
𫲺	U+2BCBA	no accepted official reading
𫲻	U+2BCBB	no accepted official reading
𫲼	U+2BCBC	no accepted official reading
𫲿	U+2BCBF	no accepted official reading
𫳁	U+2BCC1	no accepted official reading
𫳄	U+2BCC4	no accepted official reading
𫳅	U+2BCC5	no accepted official reading
𫳆	U+2BCC6	no accepted official reading
𫳇	U+2BCC7	no accepted official reading
𫳌	U+2BCCC	no accepted official reading
𫳎	U+2BCCE	no accepted official reading
𫳏	U+2BCCF	no accepted official reading
𫳒	U+2BCD2	no accepted official reading
𫳓	U+2BCD3	no accepted official reading
𫳔	U+2BCD4	no accepted official reading
𫳕	U+2BCD5	no accepted official reading
𫳖	U+2BCD6	no accepted official reading
𫳗	U+2BCD7	no accepted official reading
𫳘	U+2BCD8	no accepted official reading
𫳜	U+2BCDC	no accepted official reading
𫳝	U+2BCDD	no accepted official reading
𫳞	U+2BCDE	no accepted official reading
𫳟	U+2BCDF	no accepted official reading
𫳡	U+2BCE1	no accepted official reading
𫳢	U+2BCE2	no accepted official reading
𫳣	U+2BCE3	no accepted official reading
𫳥	U+2BCE5	no accepted official reading
𫳦	U+2BCE6	no accepted official reading
𫳧	U+2BCE7	no accepted official reading
𫳨	U+2BCE8	no accepted official reading
𫳩	U+2BCE9	no accepted official reading
𫳪	U+2BCEA	no accepted official reading
𫳫	U+2BCEB	no accepted official reading
𫳭	U+2BCED	no accepted official reading
𫳮	U+2BCEE	no accepted official reading
𫳯	U+2BCEF	no accepted official reading
𫳰	U+2BCF0	no accepted official reading
𫳱	U+2BCF1	no accepted official reading
𫳵	U+2BCF5	no accepted official reading
𫳶	U+2BCF6	no accepted official reading
𫳸	U+2BCF8	no accepted official reading
𫳹	U+2BCF9	no accepted official reading
𫳾	U+2BCFE	no accepted official reading
𫳿	U+2BCFF	no accepted official reading
𫴀	U+2BD00	no accepted official reading
𫴁	U+2BD01	no accepted official reading
𫴂	U+2BD02	no accepted official reading
𫴃	U+2BD03	no accepted official reading
𫴄	U+2BD04	no accepted official reading
𫴇	U+2BD07	no accepted official reading
𫴉	U+2BD09	no accepted official reading
𫴊	U+2BD0A	no accepted official reading
𫴌	U+2BD0C	no accepted official reading
𫴍	U+2BD0D	no accepted official reading
𫴎	U+2BD0E	no accepted official reading
𫴏	U+2BD0F	no accepted official reading
𫴐	U+2BD10	no accepted official reading
𫴑	U+2BD11	no accepted official reading
𫴒	U+2BD12	no accepted official reading
𫴔	U+2BD14	no accepted official reading
𫴕	U+2BD15	no accepted official reading
𫴖	U+2BD16	no accepted official reading
𫴗	U+2BD17	no accepted official reading
𫴙	U+2BD19	no accepted official reading
𫴚	U+2BD1A	no accepted official reading
𫴛	U+2BD1B	no accepted official reading
𫴜	U+2BD1C	no accepted official reading
𫴝	U+2BD1D	no accepted official reading
𫴞	U+2BD1E	no accepted official reading
𫴟	U+2BD1F	no accepted official reading
𫴠	U+2BD20	no accepted official reading
𫴡	U+2BD21	no accepted official reading
𫴢	U+2BD22	no accepted official reading
𫴣	U+2BD23	no accepted official reading
𫴤	U+2BD24	no accepted official reading
𫴥	U+2BD25	no accepted official reading
𫴦	U+2BD26	no accepted official reading
𫴧	U+2BD27	no accepted official reading
𫴩	U+2BD29	no accepted official reading
𫴪	U+2BD2A	no accepted official reading
𫴬	U+2BD2C	no accepted official reading
𫴭	U+2BD2D	no accepted official reading
𫴮	U+2BD2E	no accepted official reading
𫴯	U+2BD2F	no accepted official reading
𫴱	U+2BD31	no accepted official reading
𫴲	U+2BD32	no accepted official reading
𫴳	U+2BD33	no accepted official reading
𫴴	U+2BD34	no accepted official reading
𫴵	U+2BD35	no accepted official reading
𫴶	U+2BD36	no accepted official reading
𫴷	U+2BD37	no accepted official reading
𫴸	U+2BD38	no accepted official reading
𫴹	U+2BD39	no accepted official reading
𫴺	U+2BD3A	no accepted official reading
𫴻	U+2BD3B	no accepted official reading
𫴼	U+2BD3C	no accepted official reading
𫴽	U+2BD3D	no accepted official reading
𫴾	U+2BD3E	no accepted official reading
𫴿	U+2BD3F	no accepted official reading
𫵀	U+2BD40	no accepted official reading
𫵁	U+2BD41	no accepted official reading
𫵂	U+2BD42	no accepted official reading
𫵃	U+2BD43	no accepted official reading
𫵄	U+2BD44	no accepted official reading
𫵆	U+2BD46	no accepted official reading
𫵇	U+2BD47	no accepted official reading
𫵈	U+2BD48	no accepted official reading
𫵉	U+2BD49	no accepted official reading
𫵊	U+2BD4A	no accepted official reading
𫵋	U+2BD4B	no accepted official reading
𫵌	U+2BD4C	no accepted official reading
𫵏	U+2BD4F	no accepted official reading
𫵐	U+2BD50	no accepted official reading
𫵑	U+2BD51	no accepted official reading
𫵓	U+2BD53	no accepted official reading
𫵔	U+2BD54	no accepted official reading
𫵕	U+2BD55	no accepted official reading
𫵖	U+2BD56	no accepted official reading
𫵗	U+2BD57	no accepted official reading
𫵙	U+2BD59	no accepted official reading
𫵛	U+2BD5B	no accepted official reading
𫵟	U+2BD5F	no accepted official reading
𫵡	U+2BD61	no accepted official reading
𫵢	U+2BD62	no accepted official reading
𫵤	U+2BD64	no accepted official reading
𫵥	U+2BD65	no accepted official reading
𫵦	U+2BD66	no accepted official reading
𫵧	U+2BD67	no accepted official reading
𫵨	U+2BD68	no accepted official reading
𫵪	U+2BD6A	no accepted official reading
𫵫	U+2BD6B	no accepted official reading
𫵬	U+2BD6C	no accepted official reading
𫵭	U+2BD6D	no accepted official reading
𫵯	U+2BD6F	no accepted official reading
𫵰	U+2BD70	no accepted official reading
𫵱	U+2BD71	no accepted official reading
𫵳	U+2BD73	no accepted official reading
𫵴	U+2BD74	no accepted official reading
𫵶	U+2BD76	no accepted official reading
𫵹	U+2BD79	no accepted official reading
𫵺	U+2BD7A	no accepted official reading
𫵼	U+2BD7C	no accepted official reading
𫵽	U+2BD7D	no accepted official reading
𫵾	U+2BD7E	no accepted official reading
𫶄	U+2BD84	no accepted official reading
𫶅	U+2BD85	no accepted official reading
𫶉	U+2BD89	no accepted official reading
𫶌	U+2BD8C	no accepted official reading
𫶐	U+2BD90	no accepted official reading
𫶑	U+2BD91	no accepted official reading
𫶒	U+2BD92	no accepted official reading
𫶔	U+2BD94	no accepted official reading
𫶖	U+2BD96	no accepted official reading
𫶘	U+2BD98	no accepted official reading
𫶙	U+2BD99	no accepted official reading
𫶚	U+2BD9A	no accepted official reading
𫶜	U+2BD9C	no accepted official reading
𫶞	U+2BD9E	no accepted official reading
𫶟	U+2BD9F	no accepted official reading
𫶦	U+2BDA6	no accepted official reading
𫶧	U+2BDA7	no accepted official reading
𫶩	U+2BDA9	no accepted official reading
𫶬	U+2BDAC	no accepted official reading
𫶭	U+2BDAD	no accepted official reading
𫶮	U+2BDAE	no accepted official reading
𫶯	U+2BDAF	no accepted official reading
𫶰	U+2BDB0	no accepted official reading
𫶱	U+2BDB1	no accepted official reading
𫶳	U+2BDB3	no accepted official reading
𫶴	U+2BDB4	no accepted official reading
𫶵	U+2BDB5	no accepted official reading
𫶶	U+2BDB6	no accepted official reading
𫶷	U+2BDB7	no accepted official reading
𫶸	U+2BDB8	no accepted official reading
𫶹	U+2BDB9	no accepted official reading
𫶺	U+2BDBA	no accepted official reading
𫶻	U+2BDBB	no accepted official reading
𫶼	U+2BDBC	no accepted official reading
𫶽	U+2BDBD	no accepted official reading
𫶾	U+2BDBE	no accepted official reading
𫷀	U+2BDC0	no accepted official reading
𫷁	U+2BDC1	no accepted official reading
𫷂	U+2BDC2	no accepted official reading
𫷃	U+2BDC3	no accepted official reading
𫷄	U+2BDC4	no accepted official reading
𫷆	U+2BDC6	no accepted official reading
𫷇	U+2BDC7	no accepted official reading
𫷍	U+2BDCD	no accepted official reading
𫷎	U+2BDCE	no accepted official reading
𫷏	U+2BDCF	no accepted official reading
𫷐	U+2BDD0	no accepted official reading
𫷑	U+2BDD1	no accepted official reading
𫷒	U+2BDD2	no accepted official reading
𫷓	U+2BDD3	no accepted official reading
𫷔	U+2BDD4	no accepted official reading
𫷕	U+2BDD5	no accepted official reading
𫷖	U+2BDD6	no accepted official reading
𫷗	U+2BDD7	no accepted official reading
𫷘	U+2BDD8	no accepted official reading
𫷙	U+2BDD9	no accepted official reading
𫷚	U+2BDDA	no accepted official reading
𫷜	U+2BDDC	no accepted official reading
𫷝	U+2BDDD	no accepted official reading
𫷞	U+2BDDE	no accepted official reading
𫷟	U+2BDDF	no accepted official reading
𫷠	U+2BDE0	no accepted official reading
𫷡	U+2BDE1	no accepted official reading
𫷢	U+2BDE2	no accepted official reading
𫷣	U+2BDE3	no accepted official reading
𫷤	U+2BDE4	no accepted official reading
𫷦	U+2BDE6	no accepted official reading
𫷨	U+2BDE8	no accepted official reading
𫷩	U+2BDE9	no accepted official reading
𫷪	U+2BDEA	no accepted official reading
𫷫	U+2BDEB	no accepted official reading
𫷭	U+2BDED	no accepted official reading
𫷰	U+2BDF0	no accepted official reading
𫷱	U+2BDF1	no accepted official reading
𫷲	U+2BDF2	no accepted official reading
𫷴	U+2BDF4	no accepted official reading
𫷵	U+2BDF5	no accepted official reading
𫷸	U+2BDF8	no accepted official reading
𫷺	U+2BDFA	no accepted official reading
𫷻	U+2BDFB	no accepted official reading
𫷼	U+2BDFC	no accepted official reading
𫷽	U+2BDFD	no accepted official reading
𫸁	U+2BE01	no accepted official reading
𫸂	U+2BE02	no accepted official reading
𫸃	U+2BE03	no accepted official reading
𫸄	U+2BE04	no accepted official reading
𫸆	U+2BE06	no accepted official reading
𫸈	U+2BE08	no accepted official reading
𫸉	U+2BE09	no accepted official reading
𫸊	U+2BE0A	no accepted official reading
𫸋	U+2BE0B	no accepted official reading
𫸌	U+2BE0C	no accepted official reading
𫸍	U+2BE0D	no accepted official reading
𫸎	U+2BE0E	no accepted official reading
𫸏	U+2BE0F	no accepted official reading
𫸐	U+2BE10	no accepted official reading
𫸕	U+2BE15	no accepted official reading
𫸗	U+2BE17	no accepted official reading
𫸙	U+2BE19	no accepted official reading
𫸚	U+2BE1A	no accepted official reading
𫸛	U+2BE1B	no accepted official reading
𫸜	U+2BE1C	no accepted official reading
𫸝	U+2BE1D	no accepted official reading
𫸟	U+2BE1F	no accepted official reading
𫸠	U+2BE20	no accepted official reading
𫸡	U+2BE21	no accepted official reading
𫸢	U+2BE22	no accepted official reading
𫸣	U+2BE23	no accepted official reading
𫸤	U+2BE24	no accepted official reading
𫸥	U+2BE25	no accepted official reading
𫸦	U+2BE26	no accepted official reading
𫸧	U+2BE27	no accepted official reading
𫸨	U+2BE28	no accepted official reading
𫸫	U+2BE2B	no accepted official reading
𫸬	U+2BE2C	no accepted official reading
𫸭	U+2BE2D	no accepted official reading
𫸮	U+2BE2E	no accepted official reading
𫸯	U+2BE2F	no accepted official reading
𫸰	U+2BE30	no accepted official reading
𫸱	U+2BE31	no accepted official reading
𫸲	U+2BE32	no accepted official reading
𫸳	U+2BE33	no accepted official reading
𫸴	U+2BE34	no accepted official reading
𫸶	U+2BE36	no accepted official reading
𫸷	U+2BE37	no accepted official reading
𫸸	U+2BE38	no accepted official reading
𫸹	U+2BE39	no accepted official reading
𫸺	U+2BE3A	no accepted official reading
𫸻	U+2BE3B	no accepted official reading
𫸽	U+2BE3D	no accepted official reading
𫸾	U+2BE3E	no accepted official reading
𫸿	U+2BE3F	no accepted official reading
𫹀	U+2BE40	no accepted official reading
𫹁	U+2BE41	no accepted official reading
𫹂	U+2BE42	no accepted official reading
𫹄	U+2BE44	no accepted official reading
𫹅	U+2BE45	no accepted official reading
𫹇	U+2BE47	no accepted official reading
𫹉	U+2BE49	no accepted official reading
𫹋	U+2BE4B	no accepted official reading
𫹌	U+2BE4C	no accepted official reading
𫹎	U+2BE4E	no accepted official reading
𫹏	U+2BE4F	no accepted official reading
𫹐	U+2BE50	no accepted official reading
𫹒	U+2BE52	no accepted official reading
𫹓	U+2BE53	no accepted official reading
𫹔	U+2BE54	no accepted official reading
𫹕	U+2BE55	no accepted official reading
𫹖	U+2BE56	no accepted official reading
𫹗	U+2BE57	no accepted official reading
𫹘	U+2BE58	no accepted official reading
𫹙	U+2BE59	no accepted official reading
𫹚	U+2BE5A	no accepted official reading
𫹛	U+2BE5B	no accepted official reading
𫹜	U+2BE5C	no accepted official reading
𫹝	U+2BE5D	no accepted official reading
𫹞	U+2BE5E	no accepted official reading
𫹟	U+2BE5F	no accepted official reading
𫹢	U+2BE62	no accepted official reading
𫹣	U+2BE63	no accepted official reading
𫹤	U+2BE64	no accepted official reading
𫹦	U+2BE66	no accepted official reading
𫹧	U+2BE67	no accepted official reading
𫹨	U+2BE68	no accepted official reading
𫹩	U+2BE69	no accepted official reading
𫹭	U+2BE6D	no accepted official reading
𫹯	U+2BE6F	no accepted official reading
𫹰	U+2BE70	no accepted official reading
𫹱	U+2BE71	no accepted official reading
𫹲	U+2BE72	no accepted official reading
𫹵	U+2BE75	no accepted official reading
𫹷	U+2BE77	no accepted official reading
𫹹	U+2BE79	no accepted official reading
𫹻	U+2BE7B	no accepted official reading
𫹾	U+2BE7E	no accepted official reading
𫹿	U+2BE7F	no accepted official reading
𫺅	U+2BE85	no accepted official reading
𫺈	U+2BE88	no accepted official reading
𫺉	U+2BE89	no accepted official reading
𫺋	U+2BE8B	no accepted official reading
𫺍	U+2BE8D	no accepted official reading
𫺎	U+2BE8E	no accepted official reading
𫺏	U+2BE8F	no accepted official reading
𫺐	U+2BE90	no accepted official reading
𫺒	U+2BE92	no accepted official reading
𫺕	U+2BE95	no accepted official reading
𫺗	U+2BE97	no accepted official reading
𫺚	U+2BE9A	no accepted official reading
𫺛	U+2BE9B	no accepted official reading
𫺜	U+2BE9C	no accepted official reading
𫺞	U+2BE9E	no accepted official reading
𫺟	U+2BE9F	no accepted official reading
𫺢	U+2BEA2	no accepted official reading
𫺥	U+2BEA5	no accepted official reading
𫺦	U+2BEA6	no accepted official reading
𫺨	U+2BEA8	no accepted official reading
𫺫	U+2BEAB	no accepted official reading
𫺭	U+2BEAD	no accepted official reading
𫺲	U+2BEB2	no accepted official reading
𫺴	U+2BEB4	no accepted official reading
𫺵	U+2BEB5	no accepted official reading
𫺶	U+2BEB6	no accepted official reading
𫺹	U+2BEB9	no accepted official reading
𫺾	U+2BEBE	no accepted official reading
𫻂	U+2BEC2	no accepted official reading
𫻅	U+2BEC5	no accepted official reading
𫻆	U+2BEC6	no accepted official reading
𫻇	U+2BEC7	no accepted official reading
𫻈	U+2BEC8	no accepted official reading
𫻉	U+2BEC9	no accepted official reading
𫻋	U+2BECB	no accepted official reading
𫻎	U+2BECE	no accepted official reading
𫻐	U+2BED0	no accepted official reading
𫻑	U+2BED1	no accepted official reading
𫻒	U+2BED2	no accepted official reading
𫻔	U+2BED4	no accepted official reading
𫻖	U+2BED6	no accepted official reading
𫻜	U+2BEDC	no accepted official reading
𫻝	U+2BEDD	no accepted official reading
𫻞	U+2BEDE	no accepted official reading
𫻠	U+2BEE0	no accepted official reading
𫻣	U+2BEE3	no accepted official reading
𫻤	U+2BEE4	no accepted official reading
𫻥	U+2BEE5	no accepted official reading
𫻦	U+2BEE6	no accepted official reading
𫻧	U+2BEE7	no accepted official reading
𫻨	U+2BEE8	no accepted official reading
𫻩	U+2BEE9	no accepted official reading
𫻫	U+2BEEB	no accepted official reading
𫻬	U+2BEEC	no accepted official reading
𫻭	U+2BEED	no accepted official reading
𫻮	U+2BEEE	no accepted official reading
𫻯	U+2BEEF	no accepted official reading
𫻰	U+2BEF0	no accepted official reading
𫻱	U+2BEF1	no accepted official reading
𫻲	U+2BEF2	no accepted official reading
𫻳	U+2BEF3	no accepted official reading
𫻴	U+2BEF4	no accepted official reading
𫻵	U+2BEF5	no accepted official reading
𫻶	U+2BEF6	no accepted official reading
𫻷	U+2BEF7	no accepted official reading
𫻸	U+2BEF8	no accepted official reading
𫻹	U+2BEF9	no accepted official reading
𫻺	U+2BEFA	no accepted official reading
𫻻	U+2BEFB	no accepted official reading
𫻼	U+2BEFC	no accepted official reading
𫻽	U+2BEFD	no accepted official reading
𫻾	U+2BEFE	no accepted official reading
𫻿	U+2BEFF	no accepted official reading
𫼀	U+2BF00	no accepted official reading
𫼁	U+2BF01	no accepted official reading
𫼄	U+2BF04	no accepted official reading
𫼅	U+2BF05	no accepted official reading
𫼆	U+2BF06	no accepted official reading
𫼇	U+2BF07	no accepted official reading
𫼉	U+2BF09	no accepted official reading
𫼋	U+2BF0B	no accepted official reading
𫼌	U+2BF0C	no accepted official reading
𫼍	U+2BF0D	no accepted official reading
𫼎	U+2BF0E	no accepted official reading
𫼏	U+2BF0F	no accepted official reading
𫼐	U+2BF10	no accepted official reading
𫼓	U+2BF13	no accepted official reading
𫼔	U+2BF14	no accepted official reading
𫼗	U+2BF17	no accepted official reading
𫼙	U+2BF19	no accepted official reading
𫼚	U+2BF1A	no accepted official reading
𫼜	U+2BF1C	no accepted official reading
𫼞	U+2BF1E	no accepted official reading
𫼟	U+2BF1F	no accepted official reading
𫼠	U+2BF20	no accepted official reading
𫼨	U+2BF28	no accepted official reading
𫼪	U+2BF2A	no accepted official reading
𫼬	U+2BF2C	no accepted official reading
𫼭	U+2BF2D	no accepted official reading
𫼯	U+2BF2F	no accepted official reading
𫼰	U+2BF30	no accepted official reading
𫼲	U+2BF32	no accepted official reading
𫼳	U+2BF33	no accepted official reading
𫼴	U+2BF34	no accepted official reading
𫼹	U+2BF39	no accepted official reading
𫼺	U+2BF3A	no accepted official reading
𫼻	U+2BF3B	no accepted official reading
𫼽	U+2BF3D	no accepted official reading
𫼾	U+2BF3E	no accepted official reading
𫼿	U+2BF3F	no accepted official reading
𫽂	U+2BF42	no accepted official reading
𫽅	U+2BF45	no accepted official reading
𫽆	U+2BF46	no accepted official reading
𫽌	U+2BF4C	no accepted official reading
𫽎	U+2BF4E	no accepted official reading
𫽏	U+2BF4F	no accepted official reading
𫽑	U+2BF51	no accepted official reading
𫽓	U+2BF53	no accepted official reading
𫽔	U+2BF54	no accepted official reading
𫽕	U+2BF55	no accepted official reading
𫽖	U+2BF56	no accepted official reading
𫽗	U+2BF57	no accepted official reading
𫽘	U+2BF58	no accepted official reading
𫽞	U+2BF5E	no accepted official reading
𫽟	U+2BF5F	no accepted official reading
𫽡	U+2BF61	no accepted official reading
𫽢	U+2BF62	no accepted official reading
𫽦	U+2BF66	no accepted official reading
𫽨	U+2BF68	no accepted official reading
𫽫	U+2BF6B	no accepted official reading
𫽬	U+2BF6C	no accepted official reading
𫽭	U+2BF6D	no accepted official reading
𫽯	U+2BF6F	no accepted official reading
𫽰	U+2BF70	no accepted official reading
𫽵	U+2BF75	no accepted official reading
𫽶	U+2BF76	no accepted official reading
𫽹	U+2BF79	no accepted official reading
𫽺	U+2BF7A	no accepted official reading
𫽼	U+2BF7C	no accepted official reading
𫽾	U+2BF7E	no accepted official reading
𫽿	U+2BF7F	no accepted official reading
𫾀	U+2BF80	no accepted official reading
𫾄	U+2BF84	no accepted official reading
𫾅	U+2BF85	no accepted official reading
𫾆	U+2BF86	no accepted official reading
𫾈	U+2BF88	no accepted official reading
𫾉	U+2BF89	no accepted official reading
𫾋	U+2BF8B	no accepted official reading
𫾌	U+2BF8C	no accepted official reading
𫾍	U+2BF8D	no accepted official reading
𫾏	U+2BF8F	no accepted official reading
𫾐	U+2BF90	no accepted official reading
𫾑	U+2BF91	no accepted official reading
𫾒	U+2BF92	no accepted official reading
𫾕	U+2BF95	no accepted official reading
𫾖	U+2BF96	no accepted official reading
𫾗	U+2BF97	no accepted official reading
𫾘	U+2BF98	no accepted official reading
𫾚	U+2BF9A	no accepted official reading
𫾝	U+2BF9D	no accepted official reading
𫾡	U+2BFA1	no accepted official reading
𫾥	U+2BFA5	no accepted official reading
𫾦	U+2BFA6	no accepted official reading
𫾧	U+2BFA7	no accepted official reading
𫾩	U+2BFA9	no accepted official reading
𫾪	U+2BFAA	no accepted official reading
𫾫	U+2BFAB	no accepted official reading
𫾬	U+2BFAC	no accepted official reading
𫾭	U+2BFAD	no accepted official reading
𫾯	U+2BFAF	no accepted official reading
𫾰	U+2BFB0	no accepted official reading
𫾱	U+2BFB1	no accepted official reading
𫾳	U+2BFB3	no accepted official reading
𫾴	U+2BFB4	no accepted official reading
𫾵	U+2BFB5	no accepted official reading
𫾶	U+2BFB6	no accepted official reading
𫾷	U+2BFB7	no accepted official reading
𫾸	U+2BFB8	no accepted official reading
𫾹	U+2BFB9	no accepted official reading
𫾻	U+2BFBB	no accepted official reading
𫾽	U+2BFBD	no accepted official reading
𫾿	U+2BFBF	no accepted official reading
𫿀	U+2BFC0	no accepted official reading
𫿁	U+2BFC1	no accepted official reading
𫿂	U+2BFC2	no accepted official reading
𫿃	U+2BFC3	no accepted official reading
𫿄	U+2BFC4	no accepted official reading
𫿅	U+2BFC5	no accepted official reading
𫿇	U+2BFC7	no accepted official reading
𫿉	U+2BFC9	no accepted official reading
𫿊	U+2BFCA	no accepted official reading
𫿋	U+2BFCB	no accepted official reading
𫿌	U+2BFCC	no accepted official reading
𫿍	U+2BFCD	no accepted official reading
𫿐	U+2BFD0	no accepted official reading
𫿒	U+2BFD2	no accepted official reading
𫿓	U+2BFD3	no accepted official reading
𫿔	U+2BFD4	no accepted official reading
𫿘	U+2BFD8	no accepted official reading
𫿙	U+2BFD9	no accepted official reading
𫿚	U+2BFDA	no accepted official reading
𫿛	U+2BFDB	no accepted official reading
𫿜	U+2BFDC	no accepted official reading
𫿡	U+2BFE1	no accepted official reading
𫿢	U+2BFE2	no accepted official reading
𫿤	U+2BFE4	no accepted official reading
𫿥	U+2BFE5	no accepted official reading
𫿦	U+2BFE6	no accepted official reading
𫿧	U+2BFE7	no accepted official reading
𫿩	U+2BFE9	no accepted official reading
𫿭	U+2BFED	no accepted official reading
𫿰	U+2BFF0	no accepted official reading
𫿳	U+2BFF3	no accepted official reading
𫿴	U+2BFF4	no accepted official reading
𫿵	U+2BFF5	no accepted official reading
𫿷	U+2BFF7	no accepted official reading
𫿸	U+2BFF8	no accepted official reading
𫿹	U+2BFF9	no accepted official reading
𫿼	U+2BFFC	no accepted official reading
𫿽	U+2BFFD	no accepted official reading
𫿾	U+2BFFE	no accepted official reading
𫿿	U+2BFFF	no accepted official reading
𬀀	U+2C000	no accepted official reading
𬀁	U+2C001	no accepted official reading
𬀃	U+2C003	no accepted official reading
𬀄	U+2C004	no accepted official reading
𬀅	U+2C005	no accepted official reading
𬀆	U+2C006	no accepted official reading
𬀇	U+2C007	no accepted official reading
𬀈	U+2C008	no accepted official reading
𬀉	U+2C009	no accepted official reading
𬀋	U+2C00B	no accepted official reading
𬀌	U+2C00C	no accepted official reading
𬀍	U+2C00D	no accepted official reading
𬀎	U+2C00E	no accepted official reading
𬀏	U+2C00F	no accepted official reading
𬀐	U+2C010	no accepted official reading
𬀑	U+2C011	no accepted official reading
𬀒	U+2C012	no accepted official reading
𬀔	U+2C014	no accepted official reading
𬀖	U+2C016	no accepted official reading
𬀗	U+2C017	no accepted official reading
𬀘	U+2C018	no accepted official reading
𬀙	U+2C019	no accepted official reading
𬀚	U+2C01A	no accepted official reading
𬀛	U+2C01B	no accepted official reading
𬀜	U+2C01C	no accepted official reading
𬀝	U+2C01D	no accepted official reading
𬀟	U+2C01F	no accepted official reading
𬀠	U+2C020	no accepted official reading
𬀡	U+2C021	no accepted official reading
𬀣	U+2C023	no accepted official reading
𬀤	U+2C024	no accepted official reading
𬀦	U+2C026	no accepted official reading
𬀧	U+2C027	no accepted official reading
𬀨	U+2C028	no accepted official reading
𬀫	U+2C02B	no accepted official reading
𬀬	U+2C02C	no accepted official reading
𬀭	U+2C02D	no accepted official reading
𬀰	U+2C030	no accepted official reading
𬀲	U+2C032	no accepted official reading
𬀵	U+2C035	no accepted official reading
𬀶	U+2C036	no accepted official reading
𬀺	U+2C03A	no accepted official reading
𬁀	U+2C040	no accepted official reading
𬁄	U+2C044	no accepted official reading
𬁅	U+2C045	no accepted official reading
𬁆	U+2C046	no accepted official reading
𬁈	U+2C048	no accepted official reading
𬁊	U+2C04A	no accepted official reading
𬁏	U+2C04F	no accepted official reading
𬁐	U+2C050	no accepted official reading
𬁑	U+2C051	no accepted official reading
𬁒	U+2C052	no accepted official reading
𬁖	U+2C056	no accepted official reading
𬁘	U+2C058	no accepted official reading
𬁚	U+2C05A	no accepted official reading
𬁜	U+2C05C	no accepted official reading
𬁟	U+2C05F	no accepted official reading
𬁡	U+2C061	no accepted official reading
𬁢	U+2C062	no accepted official reading
𬁣	U+2C063	no accepted official reading
𬁤	U+2C064	no accepted official reading
𬁥	U+2C065	no accepted official reading
𬁦	U+2C066	no accepted official reading
𬁨	U+2C068	no accepted official reading
𬁩	U+2C069	no accepted official reading
𬁪	U+2C06A	no accepted official reading
𬁫	U+2C06B	no accepted official reading
𬁬	U+2C06C	no accepted official reading
𬁭	U+2C06D	no accepted official reading
𬁮	U+2C06E	no accepted official reading
𬁯	U+2C06F	no accepted official reading
𬁰	U+2C070	no accepted official reading
𬁱	U+2C071	no accepted official reading
𬁲	U+2C072	no accepted official reading
𬁳	U+2C073	no accepted official reading
𬁴	U+2C074	no accepted official reading
𬁶	U+2C076	no accepted official reading
𬁷	U+2C077	no accepted official reading
𬁸	U+2C078	no accepted official reading
𬁹	U+2C079	no accepted official reading
𬁻	U+2C07B	no accepted official reading
𬁼	U+2C07C	no accepted official reading
𬁾	U+2C07E	no accepted official reading
𬁿	U+2C07F	no accepted official reading
𬂁	U+2C081	no accepted official reading
𬂃	U+2C083	no accepted official reading
𬂄	U+2C084	no accepted official reading
𬂆	U+2C086	no accepted official reading
𬂇	U+2C087	no accepted official reading
𬂈	U+2C088	no accepted official reading
𬂊	U+2C08A	no accepted official reading
𬂋	U+2C08B	no accepted official reading
𬂌	U+2C08C	no accepted official reading
𬂎	U+2C08E	no accepted official reading
𬂏	U+2C08F	no accepted official reading
𬂐	U+2C090	no accepted official reading
𬂑	U+2C091	no accepted official reading
𬂒	U+2C092	no accepted official reading
𬂕	U+2C095	no accepted official reading
𬂖	U+2C096	no accepted official reading
𬂗	U+2C097	no accepted official reading
𬂘	U+2C098	no accepted official reading
𬂙	U+2C099	no accepted official reading
𬂜	U+2C09C	no accepted official reading
𬂝	U+2C09D	no accepted official reading
𬂡	U+2C0A1	no accepted official reading
𬂤	U+2C0A4	no accepted official reading
𬂥	U+2C0A5	no accepted official reading
𬂦	U+2C0A6	no accepted official reading
𬂨	U+2C0A8	no accepted official reading
𬂬	U+2C0AC	no accepted official reading
𬂭	U+2C0AD	no accepted official reading
𬂯	U+2C0AF	no accepted official reading
𬂱	U+2C0B1	no accepted official reading
𬂳	U+2C0B3	no accepted official reading
𬂵	U+2C0B5	no accepted official reading
𬂶	U+2C0B6	no accepted official reading
𬂷	U+2C0B7	no accepted official reading
𬂸	U+2C0B8	no accepted official reading
𬂽	U+2C0BD	no accepted official reading
𬂿	U+2C0BF	no accepted official reading
𬃁	U+2C0C1	no accepted official reading
𬃂	U+2C0C2	no accepted official reading
𬃉	U+2C0C9	no accepted official reading
𬃏	U+2C0CF	no accepted official reading
𬃐	U+2C0D0	no accepted official reading
𬃑	U+2C0D1	no accepted official reading
𬃓	U+2C0D3	no accepted official reading
𬃗	U+2C0D7	no accepted official reading
𬃙	U+2C0D9	no accepted official reading
𬃚	U+2C0DA	no accepted official reading
𬃛	U+2C0DB	no accepted official reading
𬃢	U+2C0E2	no accepted official reading
𬃣	U+2C0E3	no accepted official reading
𬃤	U+2C0E4	no accepted official reading
𬃬	U+2C0EC	no accepted official reading
𬃭	U+2C0ED	no accepted official reading
𬃯	U+2C0EF	no accepted official reading
𬃰	U+2C0F0	no accepted official reading
𬃱	U+2C0F1	no accepted official reading
𬃴	U+2C0F4	no accepted official reading
𬃶	U+2C0F6	no accepted official reading
𬃺	U+2C0FA	no accepted official reading
𬃻	U+2C0FB	no accepted official reading
𬃼	U+2C0FC	no accepted official reading
𬃾	U+2C0FE	no accepted official reading
𬃿	U+2C0FF	no accepted official reading
𬄃	U+2C103	no accepted official reading
𬄄	U+2C104	no accepted official reading
𬄆	U+2C106	no accepted official reading
𬄉	U+2C109	no accepted official reading
𬄊	U+2C10A	no accepted official reading
𬄋	U+2C10B	no accepted official reading
𬄎	U+2C10E	no accepted official reading
𬄒	U+2C112	no accepted official reading
𬄓	U+2C113	no accepted official reading
𬄖	U+2C116	no accepted official reading
𬄗	U+2C117	no accepted official reading
𬄘	U+2C118	no accepted official reading
𬄚	U+2C11A	no accepted official reading
𬄛	U+2C11B	no accepted official reading
𬄜	U+2C11C	no accepted official reading
𬄝	U+2C11D	no accepted official reading
𬄞	U+2C11E	no accepted official reading
𬄟	U+2C11F	no accepted official reading
𬄠	U+2C120	no accepted official reading
𬄧	U+2C127	no accepted official reading
𬄪	U+2C12A	no accepted official reading
𬄫	U+2C12B	no accepted official reading
𬄮	U+2C12E	no accepted official reading
𬄯	U+2C12F	no accepted official reading
𬄰	U+2C130	no accepted official reading
𬄲	U+2C132	no accepted official reading
𬄵	U+2C135	no accepted official reading
𬄹	U+2C139	no accepted official reading
𬄺	U+2C13A	no accepted official reading
𬅀	U+2C140	no accepted official reading
𬅂	U+2C142	no accepted official reading
𬅃	U+2C143	no accepted official reading
𬅄	U+2C144	no accepted official reading
𬅅	U+2C145	no accepted official reading
𬅇	U+2C147	no accepted official reading
𬅊	U+2C14A	no accepted official reading
𬅋	U+2C14B	no accepted official reading
𬅎	U+2C14E	no accepted official reading
𬅐	U+2C150	no accepted official reading
𬅓	U+2C153	no accepted official reading
𬅗	U+2C157	no accepted official reading
𬅝	U+2C15D	no accepted official reading
𬅞	U+2C15E	no accepted official reading
𬅟	U+2C15F	no accepted official reading
𬅠	U+2C160	no accepted official reading
𬅡	U+2C161	no accepted official reading
𬅣	U+2C163	no accepted official reading
𬅦	U+2C166	no accepted official reading
𬅧	U+2C167	no accepted official reading
𬅩	U+2C169	no accepted official reading
𬅪	U+2C16A	no accepted official reading
𬅰	U+2C170	no accepted official reading
𬅱	U+2C171	no accepted official reading
𬅳	U+2C173	no accepted official reading
𬅵	U+2C175	no accepted official reading
𬅶	U+2C176	no accepted official reading
𬅷	U+2C177	no accepted official reading
𬅸	U+2C178	no accepted official reading
𬅹	U+2C179	no accepted official reading
𬅺	U+2C17A	no accepted official reading
𬅻	U+2C17B	no accepted official reading
𬅼	U+2C17C	no accepted official reading
𬅾	U+2C17E	no accepted official reading
𬅿	U+2C17F	no accepted official reading
𬆂	U+2C182	no accepted official reading
𬆃	U+2C183	no accepted official reading
𬆄	U+2C184	no accepted official reading
𬆅	U+2C185	no accepted official reading
𬆆	U+2C186	no accepted official reading
𬆇	U+2C187	no accepted official reading
𬆈	U+2C188	no accepted official reading
𬆉	U+2C189	no accepted official reading
𬆋	U+2C18B	no accepted official reading
𬆌	U+2C18C	no accepted official reading
𬆍	U+2C18D	no accepted official reading
𬆎	U+2C18E	no accepted official reading
𬆏	U+2C18F	no accepted official reading
𬆑	U+2C191	no accepted official reading
𬆒	U+2C192	no accepted official reading
𬆓	U+2C193	no accepted official reading
𬆔	U+2C194	no accepted official reading
𬆖	U+2C196	no accepted official reading
𬆗	U+2C197	no accepted official reading
𬆘	U+2C198	no accepted official reading
𬆙	U+2C199	no accepted official reading
𬆚	U+2C19A	no accepted official reading
𬆜	U+2C19C	no accepted official reading
𬆞	U+2C19E	no accepted official reading
𬆟	U+2C19F	no accepted official reading
𬆠	U+2C1A0	no accepted official reading
𬆡	U+2C1A1	no accepted official reading
𬆢	U+2C1A2	no accepted official reading
𬆤	U+2C1A4	no accepted official reading
𬆥	U+2C1A5	no accepted official reading
𬆧	U+2C1A7	no accepted official reading
𬆨	U+2C1A8	no accepted official reading
𬆩	U+2C1A9	no accepted official reading
𬆪	U+2C1AA	no accepted official reading
𬆬	U+2C1AC	no accepted official reading
𬆯	U+2C1AF	no accepted official reading
𬆱	U+2C1B1	no accepted official reading
𬆳	U+2C1B3	no accepted official reading
𬆵	U+2C1B5	no accepted official reading
𬆶	U+2C1B6	no accepted official reading
𬆸	U+2C1B8	no accepted official reading
𬆺	U+2C1BA	no accepted official reading
𬆼	U+2C1BC	no accepted official reading
𬆽	U+2C1BD	no accepted official reading
𬆿	U+2C1BF	no accepted official reading
𬇀	U+2C1C0	no accepted official reading
𬇁	U+2C1C1	no accepted official reading
𬇅	U+2C1C5	no accepted official reading
𬇆	U+2C1C6	no accepted official reading
𬇉	U+2C1C9	no accepted official reading
𬇊	U+2C1CA	no accepted official reading
𬇋	U+2C1CB	no accepted official reading
𬇌	U+2C1CC	no accepted official reading
𬇎	U+2C1CE	no accepted official reading
𬇏	U+2C1CF	no accepted official reading
𬇐	U+2C1D0	no accepted official reading
𬇑	U+2C1D1	no accepted official reading
𬇒	U+2C1D2	no accepted official reading
𬇓	U+2C1D3	no accepted official reading
𬇖	U+2C1D6	no accepted official reading
𬇗	U+2C1D7	no accepted official reading
𬇚	U+2C1DA	no accepted official reading
𬇜	U+2C1DC	no accepted official reading
𬇝	U+2C1DD	no accepted official reading
𬇞	U+2C1DE	no accepted official reading
𬇢	U+2C1E2	no accepted official reading
𬇥	U+2C1E5	no accepted official reading
𬇧	U+2C1E7	no accepted official reading
𬇫	U+2C1EB	no accepted official reading
𬇬	U+2C1EC	no accepted official reading
𬇭	U+2C1ED	no accepted official reading
𬇮	U+2C1EE	no accepted official reading
𬇱	U+2C1F1	no accepted official reading
𬇳	U+2C1F3	no accepted official reading
𬇴	U+2C1F4	no accepted official reading
𬇵	U+2C1F5	no accepted official reading
𬇶	U+2C1F6	no accepted official reading
𬇸	U+2C1F8	no accepted official reading
𬇺	U+2C1FA	no accepted official reading
𬇻	U+2C1FB	no accepted official reading
𬇼	U+2C1FC	no accepted official reading
𬇾	U+2C1FE	no accepted official reading
𬈅	U+2C205	no accepted official reading
𬈇	U+2C207	no accepted official reading
𬈈	U+2C208	no accepted official reading
𬈉	U+2C209	no accepted official reading
𬈌	U+2C20C	no accepted official reading
𬈎	U+2C20E	no accepted official reading
𬈏	U+2C20F	no accepted official reading
𬈐	U+2C210	no accepted official reading
𬈒	U+2C212	no accepted official reading
𬈓	U+2C213	no accepted official reading
𬈔	U+2C214	no accepted official reading
𬈗	U+2C217	no accepted official reading
𬈚	U+2C21A	no accepted official reading
𬈞	U+2C21E	no accepted official reading
𬈢	U+2C222	no accepted official reading
𬈣	U+2C223	no accepted official reading
𬈤	U+2C224	no accepted official reading
𬈪	U+2C22A	no accepted official reading
𬈫	U+2C22B	no accepted official reading
𬈭	U+2C22D	no accepted official reading
𬈰	U+2C230	no accepted official reading
𬈴	U+2C234	no accepted official reading
𬈵	U+2C235	no accepted official reading
𬈹	U+2C239	no accepted official reading
𬈺	U+2C23A	no accepted official reading
𬈼	U+2C23C	no accepted official reading
𬈽	U+2C23D	no accepted official reading
𬈿	U+2C23F	no accepted official reading
𬉁	U+2C241	no accepted official reading
𬉃	U+2C243	no accepted official reading
𬉅	U+2C245	no accepted official reading
𬉆	U+2C246	no accepted official reading
𬉊	U+2C24A	no accepted official reading
𬉌	U+2C24C	no accepted official reading
𬉎	U+2C24E	no accepted official reading
𬉏	U+2C24F	no accepted official reading
𬉐	U+2C250	no accepted official reading
𬉔	U+2C254	no accepted official reading
𬉖	U+2C256	no accepted official reading
𬉘	U+2C258	no accepted official reading
𬉙	U+2C259	no accepted official reading
𬉚	U+2C25A	no accepted official reading
𬉛	U+2C25B	no accepted official reading
𬉜	U+2C25C	no accepted official reading
𬉝	U+2C25D	no accepted official reading
𬉟	U+2C25F	no accepted official reading
𬉡	U+2C261	no accepted official reading
𬉣	U+2C263	no accepted official reading
𬉤	U+2C264	no accepted official reading
𬉨	U+2C268	no accepted official reading
𬉪	U+2C26A	no accepted official reading
𬉬	U+2C26C	no accepted official reading
𬉯	U+2C26F	no accepted official reading
𬉰	U+2C270	no accepted official reading
𬉱	U+2C271	no accepted official reading
𬉵	U+2C275	no accepted official reading
𬉶	U+2C276	no accepted official reading
𬉷	U+2C277	no accepted official reading
𬉺	U+2C27A	no accepted official reading
𬉽	U+2C27D	no accepted official reading
𬊁	U+2C281	no accepted official reading
𬊃	U+2C283	no accepted official reading
𬊅	U+2C285	no accepted official reading
𬊇	U+2C287	no accepted official reading
𬊊	U+2C28A	no accepted official reading
𬊐	U+2C290	no accepted official reading
𬊕	U+2C295	no accepted official reading
𬊛	U+2C29B	no accepted official reading
𬊜	U+2C29C	no accepted official reading
𬊠	U+2C2A0	no accepted official reading
𬊡	U+2C2A1	no accepted official reading
𬊢	U+2C2A2	no accepted official reading
𬊥	U+2C2A5	no accepted official reading
𬊧	U+2C2A7	no accepted official reading
𬊨	U+2C2A8	no accepted official reading
𬊩	U+2C2A9	no accepted official reading
𬊪	U+2C2AA	no accepted official reading
𬊬	U+2C2AC	no accepted official reading
𬊭	U+2C2AD	no accepted official reading
𬊯	U+2C2AF	no accepted official reading
𬊴	U+2C2B4	no accepted official reading
𬊻	U+2C2BB	no accepted official reading
𬊼	U+2C2BC	no accepted official reading
𬊽	U+2C2BD	no accepted official reading
𬋂	U+2C2C2	no accepted official reading
𬋆	U+2C2C6	no accepted official reading
𬋇	U+2C2C7	no accepted official reading
𬋉	U+2C2C9	no accepted official reading
𬋋	U+2C2CB	no accepted official reading
𬋌	U+2C2CC	no accepted official reading
𬋎	U+2C2CE	no accepted official reading
𬋏	U+2C2CF	no accepted official reading
𬋐	U+2C2D0	no accepted official reading
𬋔	U+2C2D4	no accepted official reading
𬋖	U+2C2D6	no accepted official reading
𬋗	U+2C2D7	no accepted official reading
𬋙	U+2C2D9	no accepted official reading
𬋚	U+2C2DA	no accepted official reading
𬋝	U+2C2DD	no accepted official reading
𬋠	U+2C2E0	no accepted official reading
𬋣	U+2C2E3	no accepted official reading
𬋥	U+2C2E5	no accepted official reading
𬋧	U+2C2E7	no accepted official reading
𬋨	U+2C2E8	no accepted official reading
𬋫	U+2C2EB	no accepted official reading
𬋬	U+2C2EC	no accepted official reading
𬋮	U+2C2EE	no accepted official reading
𬋰	U+2C2F0	no accepted official reading
𬋱	U+2C2F1	no accepted official reading
𬋲	U+2C2F2	no accepted official reading
𬋳	U+2C2F3	no accepted official reading
𬋴	U+2C2F4	no accepted official reading
𬋵	U+2C2F5	no accepted official reading
𬋶	U+2C2F6	no accepted official reading
𬋸	U+2C2F8	no accepted official reading
𬋺	U+2C2FA	no accepted official reading
𬋻	U+2C2FB	no accepted official reading
𬋼	U+2C2FC	no accepted official reading
𬋽	U+2C2FD	no accepted official reading
𬋿	U+2C2FF	no accepted official reading
𬌀	U+2C300	no accepted official reading
𬌁	U+2C301	no accepted official reading
𬌂	U+2C302	no accepted official reading
𬌄	U+2C304	no accepted official reading
𬌅	U+2C305	no accepted official reading
𬌈	U+2C308	no accepted official reading
𬌉	U+2C309	no accepted official reading
𬌊	U+2C30A	no accepted official reading
𬌌	U+2C30C	no accepted official reading
𬌍	U+2C30D	no accepted official reading
𬌎	U+2C30E	no accepted official reading
𬌐	U+2C310	no accepted official reading
𬌑	U+2C311	no accepted official reading
𬌒	U+2C312	no accepted official reading
𬌓	U+2C313	no accepted official reading
𬌔	U+2C314	no accepted official reading
𬌕	U+2C315	no accepted official reading
𬌖	U+2C316	no accepted official reading
𬌘	U+2C318	no accepted official reading
𬌙	U+2C319	no accepted official reading
𬌚	U+2C31A	no accepted official reading
𬌜	U+2C31C	no accepted official reading
𬌞	U+2C31E	no accepted official reading
𬌠	U+2C320	no accepted official reading
𬌡	U+2C321	no accepted official reading
𬌢	U+2C322	no accepted official reading
𬌣	U+2C323	no accepted official reading
𬌥	U+2C325	no accepted official reading
𬌦	U+2C326	no accepted official reading
𬌧	U+2C327	no accepted official reading
𬌨	U+2C328	no accepted official reading
𬌩	U+2C329	no accepted official reading
𬌪	U+2C32A	no accepted official reading
𬌫	U+2C32B	no accepted official reading
𬌬	U+2C32C	no accepted official reading
𬌭	U+2C32D	no accepted official reading
𬌯	U+2C32F	no accepted official reading
𬌰	U+2C330	no accepted official reading
𬌱	U+2C331	no accepted official reading
𬌳	U+2C333	no accepted official reading
𬌴	U+2C334	no accepted official reading
𬌵	U+2C335	no accepted official reading
𬌶	U+2C336	no accepted official reading
𬌹	U+2C339	no accepted official reading
𬌺	U+2C33A	no accepted official reading
𬌼	U+2C33C	no accepted official reading
𬌽	U+2C33D	no accepted official reading
𬌾	U+2C33E	no accepted official reading
𬌿	U+2C33F	no accepted official reading
𬍁	U+2C341	no accepted official reading
𬍂	U+2C342	no accepted official reading
𬍄	U+2C344	no accepted official reading
𬍅	U+2C345	no accepted official reading
𬍆	U+2C346	no accepted official reading
𬍇	U+2C347	no accepted official reading
𬍈	U+2C348	no accepted official reading
𬍊	U+2C34A	no accepted official reading
𬍋	U+2C34B	no accepted official reading
𬍌	U+2C34C	no accepted official reading
𬍍	U+2C34D	no accepted official reading
𬍎	U+2C34E	no accepted official reading
𬍏	U+2C34F	no accepted official reading
𬍔	U+2C354	no accepted official reading
𬍕	U+2C355	no accepted official reading
𬍖	U+2C356	no accepted official reading
𬍜	U+2C35C	no accepted official reading
𬍢	U+2C362	no accepted official reading
𬍨	U+2C368	no accepted official reading
𬍭	U+2C36D	no accepted official reading
𬍯	U+2C36F	no accepted official reading
𬍰	U+2C370	no accepted official reading
𬍳	U+2C373	no accepted official reading
𬍵	U+2C375	no accepted official reading
𬍹	U+2C379	no accepted official reading
𬎁	U+2C381	no accepted official reading
𬎄	U+2C384	no accepted official reading
𬎒	U+2C392	no accepted official reading
𬎕	U+2C395	no accepted official reading
𬎗	U+2C397	no accepted official reading
𬎣	U+2C3A3	no accepted official reading
𬎤	U+2C3A4	no accepted official reading
𬎥	U+2C3A5	no accepted official reading
𬎦	U+2C3A6	no accepted official reading
𬎨	U+2C3A8	no accepted official reading
𬎫	U+2C3AB	no accepted official reading
𬎬	U+2C3AC	no accepted official reading
𬎭	U+2C3AD	no accepted official reading
𬎮	U+2C3AE	no accepted official reading
𬎯	U+2C3AF	no accepted official reading
𬎰	U+2C3B0	no accepted official reading
𬎲	U+2C3B2	no accepted official reading
𬎳	U+2C3B3	no accepted official reading
𬎴	U+2C3B4	no accepted official reading
𬎵	U+2C3B5	no accepted official reading
𬎶	U+2C3B6	no accepted official reading
𬎷	U+2C3B7	no accepted official reading
𬎸	U+2C3B8	no accepted official reading
𬎹	U+2C3B9	no accepted official reading
𬎻	U+2C3BB	no accepted official reading
𬎽	U+2C3BD	no accepted official reading
𬎿	U+2C3BF	no accepted official reading
𬏂	U+2C3C2	no accepted official reading
𬏄	U+2C3C4	no accepted official reading
𬏅	U+2C3C5	no accepted official reading
𬏆	U+2C3C6	no accepted official reading
𬏇	U+2C3C7	no accepted official reading
𬏈	U+2C3C8	no accepted official reading
𬏊	U+2C3CA	no accepted official reading
𬏌	U+2C3CC	no accepted official reading
𬏎	U+2C3CE	no accepted official reading
𬏏	U+2C3CF	no accepted official reading
𬏐	U+2C3D0	no accepted official reading
𬏑	U+2C3D1	no accepted official reading
𬏒	U+2C3D2	no accepted official reading
𬏓	U+2C3D3	no accepted official reading
𬏖	U+2C3D6	no accepted official reading
𬏗	U+2C3D7	no accepted official reading
𬏘	U+2C3D8	no accepted official reading
𬏙	U+2C3D9	no accepted official reading
𬏚	U+2C3DA	no accepted official reading
𬏛	U+2C3DB	no accepted official reading
𬏞	U+2C3DE	no accepted official reading
𬏠	U+2C3E0	no accepted official reading
𬏡	U+2C3E1	no accepted official reading
𬏢	U+2C3E2	no accepted official reading
𬏣	U+2C3E3	no accepted official reading
𬏤	U+2C3E4	no accepted official reading
𬏥	U+2C3E5	no accepted official reading
𬏧	U+2C3E7	no accepted official reading
𬏨	U+2C3E8	no accepted official reading
𬏩	U+2C3E9	no accepted official reading
𬏪	U+2C3EA	no accepted official reading
𬏬	U+2C3EC	no accepted official reading
𬏭	U+2C3ED	no accepted official reading
𬏯	U+2C3EF	no accepted official reading
𬏰	U+2C3F0	no accepted official reading
𬏱	U+2C3F1	no accepted official reading
𬏲	U+2C3F2	no accepted official reading
𬏳	U+2C3F3	no accepted official reading
𬏴	U+2C3F4	no accepted official reading
𬏵	U+2C3F5	no accepted official reading
𬏶	U+2C3F6	no accepted official reading
𬏸	U+2C3F8	no accepted official reading
𬏹	U+2C3F9	no accepted official reading
𬏺	U+2C3FA	no accepted official reading
𬏻	U+2C3FB	no accepted official reading
𬏼	U+2C3FC	no accepted official reading
𬏽	U+2C3FD	no accepted official reading
𬏾	U+2C3FE	no accepted official reading
𬐁	U+2C401	no accepted official reading
𬐂	U+2C402	no accepted official reading
𬐃	U+2C403	no accepted official reading
𬐆	U+2C406	no accepted official reading
𬐇	U+2C407	no accepted official reading
𬐈	U+2C408	no accepted official reading
𬐉	U+2C409	no accepted official reading
𬐌	U+2C40C	no accepted official reading
𬐍	U+2C40D	no accepted official reading
𬐎	U+2C40E	no accepted official reading
𬐒	U+2C412	no accepted official reading
𬐓	U+2C413	no accepted official reading
𬐔	U+2C414	no accepted official reading
𬐕	U+2C415	no accepted official reading
𬐖	U+2C416	no accepted official reading
𬐗	U+2C417	no accepted official reading
𬐘	U+2C418	no accepted official reading
𬐙	U+2C419	no accepted official reading
𬐝	U+2C41D	no accepted official reading
𬐞	U+2C41E	no accepted official reading
𬐟	U+2C41F	no accepted official reading
𬐡	U+2C421	no accepted official reading
𬐢	U+2C422	no accepted official reading
𬐣	U+2C423	no accepted official reading
𬐤	U+2C424	no accepted official reading
𬐥	U+2C425	no accepted official reading
𬐦	U+2C426	no accepted official reading
𬐨	U+2C428	no accepted official reading
𬐩	U+2C429	no accepted official reading
𬐬	U+2C42C	no accepted official reading
𬐭	U+2C42D	no accepted official reading
𬐯	U+2C42F	no accepted official reading
𬐰	U+2C430	no accepted official reading
𬐲	U+2C432	no accepted official reading
𬐳	U+2C433	no accepted official reading
𬐴	U+2C434	no accepted official reading
𬐵	U+2C435	no accepted official reading
𬐶	U+2C436	no accepted official reading
𬐷	U+2C437	no accepted official reading
𬐸	U+2C438	no accepted official reading
𬐺	U+2C43A	no accepted official reading
𬐻	U+2C43B	no accepted official reading
𬐼	U+2C43C	no accepted official reading
𬐽	U+2C43D	no accepted official reading
𬐾	U+2C43E	no accepted official reading
𬐿	U+2C43F	no accepted official reading
𬑀	U+2C440	no accepted official reading
𬑁	U+2C441	no accepted official reading
𬑂	U+2C442	no accepted official reading
𬑃	U+2C443	no accepted official reading
𬑄	U+2C444	no accepted official reading
𬑅	U+2C445	no accepted official reading
𬑈	U+2C448	no accepted official reading
𬑉	U+2C449	no accepted official reading
𬑊	U+2C44A	no accepted official reading
𬑋	U+2C44B	no accepted official reading
𬑎	U+2C44E	no accepted official reading
𬑐	U+2C450	no accepted official reading
𬑑	U+2C451	no accepted official reading
𬑖	U+2C456	no accepted official reading
𬑘	U+2C458	no accepted official reading
𬑚	U+2C45A	no accepted official reading
𬑛	U+2C45B	no accepted official reading
𬑜	U+2C45C	no accepted official reading
𬑝	U+2C45D	no accepted official reading
𬑞	U+2C45E	no accepted official reading
𬑟	U+2C45F	no accepted official reading
𬑠	U+2C460	no accepted official reading
𬑢	U+2C462	no accepted official reading
𬑣	U+2C463	no accepted official reading
𬑥	U+2C465	no accepted official reading
𬑦	U+2C466	no accepted official reading
𬑨	U+2C468	no accepted official reading
𬑩	U+2C469	no accepted official reading
𬑪	U+2C46A	no accepted official reading
𬑫	U+2C46B	no accepted official reading
𬑬	U+2C46C	no accepted official reading
𬑭	U+2C46D	no accepted official reading
𬑯	U+2C46F	no accepted official reading
𬑰	U+2C470	no accepted official reading
𬑱	U+2C471	no accepted official reading
𬑳	U+2C473	no accepted official reading
𬑴	U+2C474	no accepted official reading
𬑵	U+2C475	no accepted official reading
𬑶	U+2C476	no accepted official reading
𬑷	U+2C477	no accepted official reading
𬑸	U+2C478	no accepted official reading
𬑹	U+2C479	no accepted official reading
𬑺	U+2C47A	no accepted official reading
𬑻	U+2C47B	no accepted official reading
𬑼	U+2C47C	no accepted official reading
𬑽	U+2C47D	no accepted official reading
𬑾	U+2C47E	no accepted official reading
𬒀	U+2C480	no accepted official reading
𬒁	U+2C481	no accepted official reading
𬒂	U+2C482	no accepted official reading
𬒃	U+2C483	no accepted official reading
𬒄	U+2C484	no accepted official reading
𬒅	U+2C485	no accepted official reading
𬒊	U+2C48A	no accepted official reading
𬒋	U+2C48B	no accepted official reading
𬒌	U+2C48C	no accepted official reading
𬒏	U+2C48F	no accepted official reading
𬒒	U+2C492	no accepted official reading
𬒓	U+2C493	no accepted official reading
𬒝	U+2C49D	no accepted official reading
𬒞	U+2C49E	no accepted official reading
𬒡	U+2C4A1	no accepted official reading
𬒣	U+2C4A3	no accepted official reading
𬒤	U+2C4A4	no accepted official reading
𬒧	U+2C4A7	no accepted official reading
𬒨	U+2C4A8	no accepted official reading
𬒩	U+2C4A9	no accepted official reading
𬒪	U+2C4AA	no accepted official reading
𬒬	U+2C4AC	no accepted official reading
𬒭	U+2C4AD	no accepted official reading
𬒯	U+2C4AF	no accepted official reading
𬒰	U+2C4B0	no accepted official reading
𬒴	U+2C4B4	no accepted official reading
𬒵	U+2C4B5	no accepted official reading
𬒷	U+2C4B7	no accepted official reading
𬒸	U+2C4B8	no accepted official reading
𬒼	U+2C4BC	no accepted official reading
𬓁	U+2C4C1	no accepted official reading
𬓂	U+2C4C2	no accepted official reading
𬓇	U+2C4C7	no accepted official reading
𬓊	U+2C4CA	no accepted official reading
𬓌	U+2C4CC	no accepted official reading
𬓏	U+2C4CF	no accepted official reading
𬓐	U+2C4D0	no accepted official reading
𬓒	U+2C4D2	no accepted official reading
𬓓	U+2C4D3	no accepted official reading
𬓖	U+2C4D6	no accepted official reading
𬓗	U+2C4D7	no accepted official reading
𬓚	U+2C4DA	no accepted official reading
𬓛	U+2C4DB	no accepted official reading
𬓞	U+2C4DE	no accepted official reading
𬓟	U+2C4DF	no accepted official reading
𬓡	U+2C4E1	no accepted official reading
𬓣	U+2C4E3	no accepted official reading
𬓤	U+2C4E4	no accepted official reading
𬓦	U+2C4E6	no accepted official reading
𬓧	U+2C4E7	no accepted official reading
𬓰	U+2C4F0	no accepted official reading
𬓳	U+2C4F3	no accepted official reading
𬓵	U+2C4F5	no accepted official reading
𬓶	U+2C4F6	no accepted official reading
𬓷	U+2C4F7	no accepted official reading
𬓹	U+2C4F9	no accepted official reading
𬓺	U+2C4FA	no accepted official reading
𬔀	U+2C500	no accepted official reading
𬔂	U+2C502	no accepted official reading
𬔅	U+2C505	no accepted official reading
𬔆	U+2C506	no accepted official reading
𬔇	U+2C507	no accepted official reading
𬔈	U+2C508	no accepted official reading
𬔉	U+2C509	no accepted official reading
𬔊	U+2C50A	no accepted official reading
𬔋	U+2C50B	no accepted official reading
𬔌	U+2C50C	no accepted official reading
𬔍	U+2C50D	no accepted official reading
𬔎	U+2C50E	no accepted official reading
𬔏	U+2C50F	no accepted official reading
𬔐	U+2C510	no accepted official reading
𬔑	U+2C511	no accepted official reading
𬔒	U+2C512	no accepted official reading
𬔓	U+2C513	no accepted official reading
𬔔	U+2C514	no accepted official reading
𬔕	U+2C515	no accepted official reading
𬔗	U+2C517	no accepted official reading
𬔚	U+2C51A	no accepted official reading
𬔛	U+2C51B	no accepted official reading
𬔜	U+2C51C	no accepted official reading
𬔝	U+2C51D	no accepted official reading
𬔡	U+2C521	no accepted official reading
𬔣	U+2C523	no accepted official reading
𬔤	U+2C524	no accepted official reading
𬔥	U+2C525	no accepted official reading
𬔧	U+2C527	no accepted official reading
𬔩	U+2C529	no accepted official reading
𬔪	U+2C52A	no accepted official reading
𬔫	U+2C52B	no accepted official reading
𬔬	U+2C52C	no accepted official reading
𬔭	U+2C52D	no accepted official reading
𬔮	U+2C52E	no accepted official reading
𬔰	U+2C530	no accepted official reading
𬔲	U+2C532	no accepted official reading
𬔶	U+2C536	no accepted official reading
𬔷	U+2C537	no accepted official reading
𬔸	U+2C538	no accepted official reading
𬔹	U+2C539	no accepted official reading
𬔺	U+2C53A	no accepted official reading
𬔻	U+2C53B	no accepted official reading
𬕁	U+2C541	no accepted official reading
𬕃	U+2C543	no accepted official reading
𬕇	U+2C547	no accepted official reading
𬕈	U+2C548	no accepted official reading
𬕉	U+2C549	no accepted official reading
𬕋	U+2C54B	no accepted official reading
𬕌	U+2C54C	no accepted official reading
𬕍	U+2C54D	no accepted official reading
𬕎	U+2C54E	no accepted official reading
𬕏	U+2C54F	no accepted official reading
𬕓	U+2C553	no accepted official reading
𬕔	U+2C554	no accepted official reading
𬕠	U+2C560	no accepted official reading
𬕧	U+2C567	no accepted official reading
𬕨	U+2C568	no accepted official reading
𬕩	U+2C569	no accepted official reading
𬕫	U+2C56B	no accepted official reading
𬕲	U+2C572	no accepted official reading
𬕳	U+2C573	no accepted official reading
𬕴	U+2C574	no accepted official reading
𬕶	U+2C576	no accepted official reading
𬕷	U+2C577	no accepted official reading
𬕹	U+2C579	no accepted official reading
𬕺	U+2C57A	no accepted official reading
𬕾	U+2C57E	no accepted official reading
𬕿	U+2C57F	no accepted official reading
𬖀	U+2C580	no accepted official reading
𬖅	U+2C585	no accepted official reading
𬖆	U+2C586	no accepted official reading
𬖇	U+2C587	no accepted official reading
𬖈	U+2C588	no accepted official reading
𬖉	U+2C589	no accepted official reading
𬖋	U+2C58B	no accepted official reading
𬖍	U+2C58D	no accepted official reading
𬖎	U+2C58E	no accepted official reading
𬖏	U+2C58F	no accepted official reading
𬖐	U+2C590	no accepted official reading
𬖒	U+2C592	no accepted official reading
𬖓	U+2C593	no accepted official reading
𬖔	U+2C594	no accepted official reading
𬖗	U+2C597	no accepted official reading
𬖙	U+2C599	no accepted official reading
𬖚	U+2C59A	no accepted official reading
𬖛	U+2C59B	no accepted official reading
𬖞	U+2C59E	no accepted official reading
𬖟	U+2C59F	no accepted official reading
𬖡	U+2C5A1	no accepted official reading
𬖢	U+2C5A2	no accepted official reading
𬖣	U+2C5A3	no accepted official reading
𬖥	U+2C5A5	no accepted official reading
𬖦	U+2C5A6	no accepted official reading
𬖨	U+2C5A8	no accepted official reading
𬖩	U+2C5A9	no accepted official reading
𬖪	U+2C5AA	no accepted official reading
𬖫	U+2C5AB	no accepted official reading
𬖭	U+2C5AD	no accepted official reading
𬖯	U+2C5AF	no accepted official reading
𬖱	U+2C5B1	no accepted official reading
𬖲	U+2C5B2	no accepted official reading
𬖳	U+2C5B3	no accepted official reading
𬖵	U+2C5B5	no accepted official reading
𬖷	U+2C5B7	no accepted official reading
𬖸	U+2C5B8	no accepted official reading
𬖹	U+2C5B9	no accepted official reading
𬖺	U+2C5BA	no accepted official reading
𬖻	U+2C5BB	no accepted official reading
𬖽	U+2C5BD	no accepted official reading
𬖾	U+2C5BE	no accepted official reading
𬖿	U+2C5BF	no accepted official reading
𬗀	U+2C5C0	no accepted official reading
𬗁	U+2C5C1	no accepted official reading
𬗂	U+2C5C2	no accepted official reading
𬗅	U+2C5C5	no accepted official reading
𬗆	U+2C5C6	no accepted official reading
𬗍	U+2C5CD	no accepted official reading
𬗎	U+2C5CE	no accepted official reading
𬗏	U+2C5CF	no accepted official reading
𬗔	U+2C5D4	no accepted official reading
𬗖	U+2C5D6	no accepted official reading
𬗗	U+2C5D7	no accepted official reading
𬗙	U+2C5D9	no accepted official reading
𬗝	U+2C5DD	no accepted official reading
𬗞	U+2C5DE	no accepted official reading
𬗢	U+2C5E2	no accepted official reading
𬗤	U+2C5E4	no accepted official reading
𬗥	U+2C5E5	no accepted official reading
𬗧	U+2C5E7	no accepted official reading
𬗩	U+2C5E9	no accepted official reading
𬗪	U+2C5EA	no accepted official reading
𬗫	U+2C5EB	no accepted official reading
𬗬	U+2C5EC	no accepted official reading
𬗰	U+2C5F0	no accepted official reading
𬗱	U+2C5F1	no accepted official reading
𬗲	U+2C5F2	no accepted official reading
𬗵	U+2C5F5	no accepted official reading
𬗶	U+2C5F6	no accepted official reading
𬗸	U+2C5F8	no accepted official reading
𬗺	U+2C5FA	no accepted official reading
𬗼	U+2C5FC	no accepted official reading
𬗽	U+2C5FD	no accepted official reading
𬗾	U+2C5FE	no accepted official reading
𬗿	U+2C5FF	no accepted official reading
𬘀	U+2C600	no accepted official reading
𬘂	U+2C602	no accepted official reading
𬘃	U+2C603	no accepted official reading
𬘄	U+2C604	no accepted official reading
𬘅	U+2C605	no accepted official reading
𬘈	U+2C608	no accepted official reading
𬘊	U+2C60A	no accepted official reading
𬘋	U+2C60B	no accepted official reading
𬘍	U+2C60D	no accepted official reading
𬘏	U+2C60F	no accepted official reading
𬘑	U+2C611	no accepted official reading
𬘗	U+2C617	no accepted official reading
𬘣	U+2C623	no accepted official reading
𬘴	U+2C634	no accepted official reading
𬘹	U+2C639	no accepted official reading
𬘿	U+2C63F	no accepted official reading
𬙀	U+2C640	no accepted official reading
𬙄	U+2C644	no accepted official reading
𬙌	U+2C64C	no accepted official reading
𬙍	U+2C64D	no accepted official reading
𬙏	U+2C64F	no accepted official reading
𬙐	U+2C650	no accepted official reading
𬙑	U+2C651	no accepted official reading
𬙒	U+2C652	no accepted official reading
𬙔	U+2C654	no accepted official reading
𬙕	U+2C655	no accepted official reading
𬙖	U+2C656	no accepted official reading
𬙙	U+2C659	no accepted official reading
𬙚	U+2C65A	no accepted official reading
𬙛	U+2C65B	no accepted official reading
𬙜	U+2C65C	no accepted official reading
𬙞	U+2C65E	no accepted official reading
𬙟	U+2C65F	no accepted official reading
𬙠	U+2C660	no accepted official reading
𬙡	U+2C661	no accepted official reading
𬙢	U+2C662	no accepted official reading
𬙤	U+2C664	no accepted official reading
𬙥	U+2C665	no accepted official reading
𬙦	U+2C666	no accepted official reading
𬙧	U+2C667	no accepted official reading
𬙨	U+2C668	no accepted official reading
𬙩	U+2C669	no accepted official reading
𬙪	U+2C66A	no accepted official reading
𬙫	U+2C66B	no accepted official reading
𬙮	U+2C66E	no accepted official reading
𬙯	U+2C66F	no accepted official reading
𬙰	U+2C670	no accepted official reading
𬙳	U+2C673	no accepted official reading
𬙴	U+2C674	no accepted official reading
𬙵	U+2C675	no accepted official reading
𬙶	U+2C676	no accepted official reading
𬙷	U+2C677	no accepted official reading
𬙼	U+2C67C	no accepted official reading
𬙽	U+2C67D	no accepted official reading
𬙾	U+2C67E	no accepted official reading
𬙿	U+2C67F	no accepted official reading
𬚀	U+2C680	no accepted official reading
𬚁	U+2C681	no accepted official reading
𬚂	U+2C682	no accepted official reading
𬚃	U+2C683	no accepted official reading
𬚅	U+2C685	no accepted official reading
𬚆	U+2C686	no accepted official reading
𬚇	U+2C687	no accepted official reading
𬚈	U+2C688	no accepted official reading
𬚉	U+2C689	no accepted official reading
𬚊	U+2C68A	no accepted official reading
𬚋	U+2C68B	no accepted official reading
𬚌	U+2C68C	no accepted official reading
𬚍	U+2C68D	no accepted official reading
𬚎	U+2C68E	no accepted official reading
𬚏	U+2C68F	no accepted official reading
𬚓	U+2C693	no accepted official reading
𬚝	U+2C69D	no accepted official reading
𬚞	U+2C69E	no accepted official reading
𬚩	U+2C6A9	no accepted official reading
𬚫	U+2C6AB	no accepted official reading
𬚬	U+2C6AC	no accepted official reading
𬚯	U+2C6AF	no accepted official reading
𬚱	U+2C6B1	no accepted official reading
𬚲	U+2C6B2	no accepted official reading
𬚴	U+2C6B4	no accepted official reading
𬚶	U+2C6B6	no accepted official reading
𬚸	U+2C6B8	no accepted official reading
𬚹	U+2C6B9	no accepted official reading
𬚺	U+2C6BA	no accepted official reading
𬚻	U+2C6BB	no accepted official reading
𬚼	U+2C6BC	no accepted official reading
𬚿	U+2C6BF	no accepted official reading
𬛀	U+2C6C0	no accepted official reading
𬛁	U+2C6C1	no accepted official reading
𬛂	U+2C6C2	no accepted official reading
𬛃	U+2C6C3	no accepted official reading
𬛆	U+2C6C6	no accepted official reading
𬛇	U+2C6C7	no accepted official reading
𬛈	U+2C6C8	no accepted official reading
𬛉	U+2C6C9	no accepted official reading
𬛌	U+2C6CC	no accepted official reading
𬛎	U+2C6CE	no accepted official reading
𬛏	U+2C6CF	no accepted official reading
𬛑	U+2C6D1	no accepted official reading
𬛒	U+2C6D2	no accepted official reading
𬛓	U+2C6D3	no accepted official reading
𬛕	U+2C6D5	no accepted official reading
𬛗	U+2C6D7	no accepted official reading
𬛘	U+2C6D8	no accepted official reading
𬛙	U+2C6D9	no accepted official reading
𬛛	U+2C6DB	no accepted official reading
𬛝	U+2C6DD	no accepted official reading
𬛟	U+2C6DF	no accepted official reading
𬛠	U+2C6E0	no accepted official reading
𬛡	U+2C6E1	no accepted official reading
𬛢	U+2C6E2	no accepted official reading
𬛣	U+2C6E3	no accepted official reading
𬛤	U+2C6E4	no accepted official reading
𬛥	U+2C6E5	no accepted official reading
𬛦	U+2C6E6	no accepted official reading
𬛨	U+2C6E8	no accepted official reading
𬛩	U+2C6E9	no accepted official reading
𬛪	U+2C6EA	no accepted official reading
𬛭	U+2C6ED	no accepted official reading
𬛯	U+2C6EF	no accepted official reading
𬛱	U+2C6F1	no accepted official reading
𬛲	U+2C6F2	no accepted official reading
𬛳	U+2C6F3	no accepted official reading
𬛶	U+2C6F6	no accepted official reading
𬛷	U+2C6F7	no accepted official reading
𬛺	U+2C6FA	no accepted official reading
𬛻	U+2C6FB	no accepted official reading
𬛾	U+2C6FE	no accepted official reading
𬜁	U+2C701	no accepted official reading
𬜂	U+2C702	no accepted official reading
𬜃	U+2C703	no accepted official reading
𬜄	U+2C704	no accepted official reading
𬜆	U+2C706	no accepted official reading
𬜇	U+2C707	no accepted official reading
𬜉	U+2C709	no accepted official reading
𬜊	U+2C70A	no accepted official reading
𬜋	U+2C70B	no accepted official reading
𬜌	U+2C70C	no accepted official reading
𬜍	U+2C70D	no accepted official reading
𬜎	U+2C70E	no accepted official reading
𬜐	U+2C710	no accepted official reading
𬜑	U+2C711	no accepted official reading
𬜒	U+2C712	no accepted official reading
𬜓	U+2C713	no accepted official reading
𬜕	U+2C715	no accepted official reading
𬜖	U+2C716	no accepted official reading
𬜗	U+2C717	no accepted official reading
𬜙	U+2C719	no accepted official reading
𬜚	U+2C71A	no accepted official reading
𬜜	U+2C71C	no accepted official reading
𬜝	U+2C71D	no accepted official reading
𬜞	U+2C71E	no accepted official reading
𬜠	U+2C720	no accepted official reading
𬜣	U+2C723	no accepted official reading
𬜩	U+2C729	no accepted official reading
𬜪	U+2C72A	no accepted official reading
𬜫	U+2C72B	no accepted official reading
𬜭	U+2C72D	no accepted official reading
𬜮	U+2C72E	no accepted official reading
𬜰	U+2C730	no accepted official reading
𬜱	U+2C731	no accepted official reading
𬜲	U+2C732	no accepted official reading
𬜷	U+2C737	no accepted official reading
𬜺	U+2C73A	no accepted official reading
𬜼	U+2C73C	no accepted official reading
𬝇	U+2C747	no accepted official reading
𬝉	U+2C749	no accepted official reading
𬝍	U+2C74D	no accepted official reading
𬝐	U+2C750	no accepted official reading
𬝔	U+2C754	no accepted official reading
𬝖	U+2C756	no accepted official reading
𬝗	U+2C757	no accepted official reading
𬝙	U+2C759	no accepted official reading
𬝝	U+2C75D	no accepted official reading
𬝡	U+2C761	no accepted official reading
𬝥	U+2C765	no accepted official reading
𬝦	U+2C766	no accepted official reading
𬝧	U+2C767	no accepted official reading
𬝩	U+2C769	no accepted official reading
𬝭	U+2C76D	no accepted official reading
𬝮	U+2C76E	no accepted official reading
𬝰	U+2C770	no accepted official reading
𬝱	U+2C771	no accepted official reading
𬝵	U+2C775	no accepted official reading
𬝻	U+2C77B	no accepted official reading
𬝼	U+2C77C	no accepted official reading
𬝿	U+2C77F	no accepted official reading
𬞀	U+2C780	no accepted official reading
𬞁	U+2C781	no accepted official reading
𬞄	U+2C784	no accepted official reading
𬞅	U+2C785	no accepted official reading
𬞆	U+2C786	no accepted official reading
𬞉	U+2C789	no accepted official reading
𬞊	U+2C78A	no accepted official reading
𬞎	U+2C78E	no accepted official reading
𬞐	U+2C790	no accepted official reading
𬞑	U+2C791	no accepted official reading
𬞒	U+2C792	no accepted official reading
𬞓	U+2C793	no accepted official reading
𬞔	U+2C794	no accepted official reading
𬞗	U+2C797	no accepted official reading
𬞚	U+2C79A	no accepted official reading
𬞠	U+2C7A0	no accepted official reading
𬞡	U+2C7A1	no accepted official reading
𬞤	U+2C7A4	no accepted official reading
𬞨	U+2C7A8	no accepted official reading
𬞩	U+2C7A9	no accepted official reading
𬞪	U+2C7AA	no accepted official reading
𬞮	U+2C7AE	no accepted official reading
𬞱	U+2C7B1	no accepted official reading
𬞷	U+2C7B7	no accepted official reading
𬟀	U+2C7C0	no accepted official reading
𬟂	U+2C7C2	no accepted official reading
𬟋	U+2C7CB	no accepted official reading
𬟎	U+2C7CE	no accepted official reading
𬟐	U+2C7D0	no accepted official reading
𬟒	U+2C7D2	no accepted official reading
𬟕	U+2C7D5	no accepted official reading
𬟖	U+2C7D6	no accepted official reading
𬟜	U+2C7DC	no accepted official reading
𬟞	U+2C7DE	no accepted official reading
𬟟	U+2C7DF	no accepted official reading
𬟠	U+2C7E0	no accepted official reading
𬟢	U+2C7E2	no accepted official reading
𬟣	U+2C7E3	no accepted official reading
𬟥	U+2C7E5	no accepted official reading
𬟦	U+2C7E6	no accepted official reading
𬟧	U+2C7E7	no accepted official reading
𬟨	U+2C7E8	no accepted official reading
𬟩	U+2C7E9	no accepted official reading
𬟫	U+2C7EB	no accepted official reading
𬟬	U+2C7EC	no accepted official reading
𬟭	U+2C7ED	no accepted official reading
𬟯	U+2C7EF	no accepted official reading
𬟰	U+2C7F0	no accepted official reading
𬟱	U+2C7F1	no accepted official reading
𬟲	U+2C7F2	no accepted official reading
𬟳	U+2C7F3	no accepted official reading
𬟴	U+2C7F4	no accepted official reading
𬟵	U+2C7F5	no accepted official reading
𬟶	U+2C7F6	no accepted official reading
𬟷	U+2C7F7	no accepted official reading
𬟸	U+2C7F8	no accepted official reading
𬟹	U+2C7F9	no accepted official reading
𬟻	U+2C7FB	no accepted official reading
𬟼	U+2C7FC	no accepted official reading
𬟿	U+2C7FF	no accepted official reading
𬠀	U+2C800	no accepted official reading
𬠁	U+2C801	no accepted official reading
𬠂	U+2C802	no accepted official reading
𬠆	U+2C806	no accepted official reading
𬠇	U+2C807	no accepted official reading
𬠉	U+2C809	no accepted official reading
𬠊	U+2C80A	no accepted official reading
𬠋	U+2C80B	no accepted official reading
𬠌	U+2C80C	no accepted official reading
𬠍	U+2C80D	no accepted official reading
𬠎	U+2C80E	no accepted official reading
𬠏	U+2C80F	no accepted official reading
𬠒	U+2C812	no accepted official reading
𬠓	U+2C813	no accepted official reading
𬠕	U+2C815	no accepted official reading
𬠖	U+2C816	no accepted official reading
𬠘	U+2C818	no accepted official reading
𬠙	U+2C819	no accepted official reading
𬠚	U+2C81A	no accepted official reading
𬠜	U+2C81C	no accepted official reading
𬠝	U+2C81D	no accepted official reading
𬠞	U+2C81E	no accepted official reading
𬠡	U+2C821	no accepted official reading
𬠢	U+2C822	no accepted official reading
𬠤	U+2C824	no accepted official reading
𬠦	U+2C826	no accepted official reading
𬠧	U+2C827	no accepted official reading
𬠩	U+2C829	no accepted official reading
𬠫	U+2C82B	no accepted official reading
𬠭	U+2C82D	no accepted official reading
𬠮	U+2C82E	no accepted official reading
𬠯	U+2C82F	no accepted official reading
𬠱	U+2C831	no accepted official reading
𬠳	U+2C833	no accepted official reading
𬠴	U+2C834	no accepted official reading
𬠶	U+2C836	no accepted official reading
𬠹	U+2C839	no accepted official reading
𬠺	U+2C83A	no accepted official reading
𬠻	U+2C83B	no accepted official reading
𬠼	U+2C83C	no accepted official reading
𬠾	U+2C83E	no accepted official reading
𬠿	U+2C83F	no accepted official reading
𬡁	U+2C841	no accepted official reading
𬡂	U+2C842	no accepted official reading
𬡃	U+2C843	no accepted official reading
𬡈	U+2C848	no accepted official reading
𬡉	U+2C849	no accepted official reading
𬡊	U+2C84A	no accepted official reading
𬡋	U+2C84B	no accepted official reading
𬡏	U+2C84F	no accepted official reading
𬡐	U+2C850	no accepted official reading
𬡑	U+2C851	no accepted official reading
𬡗	U+2C857	no accepted official reading
𬡙	U+2C859	no accepted official reading
𬡚	U+2C85A	no accepted official reading
𬡛	U+2C85B	no accepted official reading
𬡜	U+2C85C	no accepted official reading
𬡝	U+2C85D	no accepted official reading
𬡞	U+2C85E	no accepted official reading
𬡟	U+2C85F	no accepted official reading
𬡡	U+2C861	no accepted official reading
𬡣	U+2C863	no accepted official reading
𬡤	U+2C864	no accepted official reading
𬡦	U+2C866	no accepted official reading
𬡨	U+2C868	no accepted official reading
𬡩	U+2C869	no accepted official reading
𬡪	U+2C86A	no accepted official reading
𬡬	U+2C86C	no accepted official reading
𬡮	U+2C86E	no accepted official reading
𬡯	U+2C86F	no accepted official reading
𬡰	U+2C870	no accepted official reading
𬡱	U+2C871	no accepted official reading
𬡴	U+2C874	no accepted official reading
𬡵	U+2C875	no accepted official reading
𬡹	U+2C879	no accepted official reading
𬡼	U+2C87C	no accepted official reading
𬡽	U+2C87D	no accepted official reading
𬡾	U+2C87E	no accepted official reading
𬡿	U+2C87F	no accepted official reading
𬢀	U+2C880	no accepted official reading
𬢂	U+2C882	no accepted official reading
𬢃	U+2C883	no accepted official reading
𬢄	U+2C884	no accepted official reading
𬢅	U+2C885	no accepted official reading
𬢍	U+2C88D	no accepted official reading
𬢓	U+2C893	no accepted official reading
𬢕	U+2C895	no accepted official reading
𬢖	U+2C896	no accepted official reading
𬢗	U+2C897	no accepted official reading
𬢚	U+2C89A	no accepted official reading
𬢛	U+2C89B	no accepted official reading
𬢜	U+2C89C	no accepted official reading
𬢝	U+2C89D	no accepted official reading
𬢞	U+2C89E	no accepted official reading
𬢟	U+2C89F	no accepted official reading
𬢠	U+2C8A0	no accepted official reading
𬢡	U+2C8A1	no accepted official reading
𬢢	U+2C8A2	no accepted official reading
𬢧	U+2C8A7	no accepted official reading
𬢩	U+2C8A9	no accepted official reading
𬢬	U+2C8AC	no accepted official reading
𬢭	U+2C8AD	no accepted official reading
𬢷	U+2C8B7	no accepted official reading
𬢸	U+2C8B8	no accepted official reading
𬢹	U+2C8B9	no accepted official reading
𬢺	U+2C8BA	no accepted official reading
𬢽	U+2C8BD	no accepted official reading
𬢾	U+2C8BE	no accepted official reading
𬢿	U+2C8BF	no accepted official reading
𬣃	U+2C8C3	no accepted official reading
𬣄	U+2C8C4	no accepted official reading
𬣆	U+2C8C6	no accepted official reading
𬣈	U+2C8C8	no accepted official reading
𬣉	U+2C8C9	no accepted official reading
𬣋	U+2C8CB	no accepted official reading
𬣌	U+2C8CC	no accepted official reading
𬣍	U+2C8CD	no accepted official reading
𬣎	U+2C8CE	no accepted official reading
𬣏	U+2C8CF	no accepted official reading
𬣐	U+2C8D0	no accepted official reading
𬣓	U+2C8D3	no accepted official reading
𬣔	U+2C8D4	no accepted official reading
𬣕	U+2C8D5	no accepted official reading
𬣖	U+2C8D6	no accepted official reading
𬣗	U+2C8D7	no accepted official reading
𬣘	U+2C8D8	no accepted official reading
𬣫	U+2C8EB	no accepted official reading
𬣴	U+2C8F4	no accepted official reading
𬣵	U+2C8F5	no accepted official reading
𬣺	U+2C8FA	no accepted official reading
𬤃	U+2C903	no accepted official reading
𬤈	U+2C908	no accepted official reading
𬤔	U+2C914	no accepted official reading
𬤗	U+2C917	no accepted official reading
𬤲	U+2C932	no accepted official reading
𬤳	U+2C933	no accepted official reading
𬤴	U+2C934	no accepted official reading
𬤶	U+2C936	no accepted official reading
𬤷	U+2C937	no accepted official reading
𬤸	U+2C938	no accepted official reading
𬤹	U+2C939	no accepted official reading
𬤻	U+2C93B	no accepted official reading
𬤼	U+2C93C	no accepted official reading
𬤽	U+2C93D	no accepted official reading
𬤿	U+2C93F	no accepted official reading
𬥀	U+2C940	no accepted official reading
𬥂	U+2C942	no accepted official reading
𬥃	U+2C943	no accepted official reading
𬥅	U+2C945	no accepted official reading
𬥆	U+2C946	no accepted official reading
𬥇	U+2C947	no accepted official reading
𬥊	U+2C94A	no accepted official reading
𬥋	U+2C94B	no accepted official reading
𬥍	U+2C94D	no accepted official reading
𬥐	U+2C950	no accepted official reading
𬥑	U+2C951	no accepted official reading
𬥒	U+2C952	no accepted official reading
𬥓	U+2C953	no accepted official reading
𬥔	U+2C954	no accepted official reading
𬥘	U+2C958	no accepted official reading
𬥙	U+2C959	no accepted official reading
𬥚	U+2C95A	no accepted official reading
𬥝	U+2C95D	no accepted official reading
𬥠	U+2C960	no accepted official reading
𬥡	U+2C961	no accepted official reading
𬥢	U+2C962	no accepted official reading
𬥣	U+2C963	no accepted official reading
𬥥	U+2C965	no accepted official reading
𬥦	U+2C966	no accepted official reading
𬥧	U+2C967	no accepted official reading
𬥨	U+2C968	no accepted official reading
𬥩	U+2C969	no accepted official reading
𬥪	U+2C96A	no accepted official reading
𬥫	U+2C96B	no accepted official reading
𬥬	U+2C96C	no accepted official reading
𬥮	U+2C96E	no accepted official reading
𬥯	U+2C96F	no accepted official reading
𬥰	U+2C970	no accepted official reading
𬥱	U+2C971	no accepted official reading
𬥲	U+2C972	no accepted official reading
𬥹	U+2C979	no accepted official reading
𬦀	U+2C980	no accepted official reading
𬦁	U+2C981	no accepted official reading
𬦄	U+2C984	no accepted official reading
𬦇	U+2C987	no accepted official reading
𬦉	U+2C989	no accepted official reading
𬦊	U+2C98A	no accepted official reading
𬦋	U+2C98B	no accepted official reading
𬦎	U+2C98E	no accepted official reading
𬦐	U+2C990	no accepted official reading
𬦒	U+2C992	no accepted official reading
𬦔	U+2C994	no accepted official reading
𬦕	U+2C995	no accepted official reading
𬦖	U+2C996	no accepted official reading
𬦗	U+2C997	no accepted official reading
𬦘	U+2C998	no accepted official reading
𬦙	U+2C999	no accepted official reading
𬦛	U+2C99B	no accepted official reading
𬦜	U+2C99C	no accepted official reading
𬦞	U+2C99E	no accepted official reading
𬦟	U+2C99F	no accepted official reading
𬦠	U+2C9A0	no accepted official reading
𬦡	U+2C9A1	no accepted official reading
𬦢	U+2C9A2	no accepted official reading
𬦤	U+2C9A4	no accepted official reading
𬦦	U+2C9A6	no accepted official reading
𬦨	U+2C9A8	no accepted official reading
𬦪	U+2C9AA	no accepted official reading
𬦬	U+2C9AC	no accepted official reading
𬦭	U+2C9AD	no accepted official reading
𬦮	U+2C9AE	no accepted official reading
𬦰	U+2C9B0	no accepted official reading
𬦱	U+2C9B1	no accepted official reading
𬦲	U+2C9B2	no accepted official reading
𬦳	U+2C9B3	no accepted official reading
𬦶	U+2C9B6	no accepted official reading
𬦷	U+2C9B7	no accepted official reading
𬦸	U+2C9B8	no accepted official reading
𬦹	U+2C9B9	no accepted official reading
𬦺	U+2C9BA	no accepted official reading
𬦽	U+2C9BD	no accepted official reading
𬦾	U+2C9BE	no accepted official reading
𬦿	U+2C9BF	no accepted official reading
𬧁	U+2C9C1	no accepted official reading
𬧂	U+2C9C2	no accepted official reading
𬧄	U+2C9C4	no accepted official reading
𬧅	U+2C9C5	no accepted official reading
𬧆	U+2C9C6	no accepted official reading
𬧇	U+2C9C7	no accepted official reading
𬧈	U+2C9C8	no accepted official reading
𬧉	U+2C9C9	no accepted official reading
𬧊	U+2C9CA	no accepted official reading
𬧌	U+2C9CC	no accepted official reading
𬧍	U+2C9CD	no accepted official reading
𬧎	U+2C9CE	no accepted official reading
𬧏	U+2C9CF	no accepted official reading
𬧐	U+2C9D0	no accepted official reading
𬧒	U+2C9D2	no accepted official reading
𬧓	U+2C9D3	no accepted official reading
𬧔	U+2C9D4	no accepted official reading
𬧕	U+2C9D5	no accepted official reading
𬧖	U+2C9D6	no accepted official reading
𬧗	U+2C9D7	no accepted official reading
𬧘	U+2C9D8	no accepted official reading
𬧙	U+2C9D9	no accepted official reading
𬧜	U+2C9DC	no accepted official reading
𬧝	U+2C9DD	no accepted official reading
𬧞	U+2C9DE	no accepted official reading
𬧟	U+2C9DF	no accepted official reading
𬧠	U+2C9E0	no accepted official reading
𬧡	U+2C9E1	no accepted official reading
𬧣	U+2C9E3	no accepted official reading
𬧥	U+2C9E5	no accepted official reading
𬧦	U+2C9E6	no accepted official reading
𬧧	U+2C9E7	no accepted official reading
𬧫	U+2C9EB	no accepted official reading
𬧬	U+2C9EC	no accepted official reading
𬧭	U+2C9ED	no accepted official reading
𬧮	U+2C9EE	no accepted official reading
𬧯	U+2C9EF	no accepted official reading
𬧱	U+2C9F1	no accepted official reading
𬧲	U+2C9F2	no accepted official reading
𬧳	U+2C9F3	no accepted official reading
𬧴	U+2C9F4	no accepted official reading
𬧹	U+2C9F9	no accepted official reading
𬧺	U+2C9FA	no accepted official reading
𬧻	U+2C9FB	no accepted official reading
𬧼	U+2C9FC	no accepted official reading
𬧾	U+2C9FE	no accepted official reading
𬧿	U+2C9FF	no accepted official reading
𬨀	U+2CA00	no accepted official reading
𬨃	U+2CA03	no accepted official reading
𬨊	U+2CA0A	no accepted official reading
𬨖	U+2CA16	no accepted official reading
𬨗	U+2CA17	no accepted official reading
𬨘	U+2CA18	no accepted official reading
𬨙	U+2CA19	no accepted official reading
𬨚	U+2CA1A	no accepted official reading
𬨜	U+2CA1C	no accepted official reading
𬨝	U+2CA1D	no accepted official reading
𬨞	U+2CA1E	no accepted official reading
𬨟	U+2CA1F	no accepted official reading
𬨠	U+2CA20	no accepted official reading
𬨡	U+2CA21	no accepted official reading
𬨢	U+2CA22	no accepted official reading
𬨣	U+2CA23	no accepted official reading
𬨤	U+2CA24	no accepted official reading
𬨥	U+2CA25	no accepted official reading
𬨦	U+2CA26	no accepted official reading
𬨪	U+2CA2A	no accepted official reading
𬨬	U+2CA2C	no accepted official reading
𬨭	U+2CA2D	no accepted official reading
𬨮	U+2CA2E	no accepted official reading
𬨯	U+2CA2F	no accepted official reading
𬨰	U+2CA30	no accepted official reading
𬨱	U+2CA31	no accepted official reading
𬨲	U+2CA32	no accepted official reading
𬨳	U+2CA33	no accepted official reading
𬨴	U+2CA34	no accepted official reading
𬨵	U+2CA35	no accepted official reading
𬨷	U+2CA37	no accepted official reading
𬨸	U+2CA38	no accepted official reading
𬨺	U+2CA3A	no accepted official reading
𬨻	U+2CA3B	no accepted official reading
𬨽	U+2CA3D	no accepted official reading
𬨾	U+2CA3E	no accepted official reading
𬩀	U+2CA40	no accepted official reading
𬩁	U+2CA41	no accepted official reading
𬩂	U+2CA42	no accepted official reading
𬩄	U+2CA44	no accepted official reading
𬩅	U+2CA45	no accepted official reading
𬩆	U+2CA46	no accepted official reading
𬩇	U+2CA47	no accepted official reading
𬩉	U+2CA49	no accepted official reading
𬩋	U+2CA4B	no accepted official reading
𬩍	U+2CA4D	no accepted official reading
𬩏	U+2CA4F	no accepted official reading
𬩐	U+2CA50	no accepted official reading
𬩑	U+2CA51	no accepted official reading
𬩒	U+2CA52	no accepted official reading
𬩔	U+2CA54	no accepted official reading
𬩕	U+2CA55	no accepted official reading
𬩖	U+2CA56	no accepted official reading
𬩗	U+2CA57	no accepted official reading
𬩘	U+2CA58	no accepted official reading
𬩙	U+2CA59	no accepted official reading
𬩚	U+2CA5A	no accepted official reading
𬩛	U+2CA5B	no accepted official reading
𬩜	U+2CA5C	no accepted official reading
𬩝	U+2CA5D	no accepted official reading
𬩟	U+2CA5F	no accepted official reading
𬩠	U+2CA60	no accepted official reading
𬩢	U+2CA62	no accepted official reading
𬩣	U+2CA63	no accepted official reading
𬩥	U+2CA65	no accepted official reading
𬩧	U+2CA67	no accepted official reading
𬩨	U+2CA68	no accepted official reading
𬩩	U+2CA69	no accepted official reading
𬩫	U+2CA6B	no accepted official reading
𬩭	U+2CA6D	no accepted official reading
𬩯	U+2CA6F	no accepted official reading
𬩰	U+2CA70	no accepted official reading
𬩱	U+2CA71	no accepted official reading
𬩲	U+2CA72	no accepted official reading
𬩳	U+2CA73	no accepted official reading
𬩴	U+2CA74	no accepted official reading
𬩵	U+2CA75	no accepted official reading
𬩸	U+2CA78	no accepted official reading
𬩹	U+2CA79	no accepted official reading
𬩺	U+2CA7A	no accepted official reading
𬩻	U+2CA7B	no accepted official reading
𬩼	U+2CA7C	no accepted official reading
𬪀	U+2CA80	no accepted official reading
𬪁	U+2CA81	no accepted official reading
𬪂	U+2CA82	no accepted official reading
𬪃	U+2CA83	no accepted official reading
𬪄	U+2CA84	no accepted official reading
𬪅	U+2CA85	no accepted official reading
𬪆	U+2CA86	no accepted official reading
𬪇	U+2CA87	no accepted official reading
𬪈	U+2CA88	no accepted official reading
𬪉	U+2CA89	no accepted official reading
𬪋	U+2CA8B	no accepted official reading
𬪌	U+2CA8C	no accepted official reading
𬪏	U+2CA8F	no accepted official reading
𬪐	U+2CA90	no accepted official reading
𬪓	U+2CA93	no accepted official reading
𬪔	U+2CA94	no accepted official reading
𬪕	U+2CA95	no accepted official reading
𬪖	U+2CA96	no accepted official reading
𬪗	U+2CA97	no accepted official reading
𬪘	U+2CA98	no accepted official reading
𬪙	U+2CA99	no accepted official reading
𬪚	U+2CA9A	no accepted official reading
𬪛	U+2CA9B	no accepted official reading
𬪜	U+2CA9C	no accepted official reading
𬪝	U+2CA9D	no accepted official reading
𬪟	U+2CA9F	no accepted official reading
𬪠	U+2CAA0	no accepted official reading
𬪢	U+2CAA2	no accepted official reading
𬪤	U+2CAA4	no accepted official reading
𬪥	U+2CAA5	no accepted official reading
𬪦	U+2CAA6	no accepted official reading
𬪪	U+2CAAA	no accepted official reading
𬪫	U+2CAAB	no accepted official reading
𬪬	U+2CAAC	no accepted official reading
𬪭	U+2CAAD	no accepted official reading
𬪮	U+2CAAE	no accepted official reading
𬪯	U+2CAAF	no accepted official reading
𬪰	U+2CAB0	no accepted official reading
𬪱	U+2CAB1	no accepted official reading
𬪴	U+2CAB4	no accepted official reading
𬪵	U+2CAB5	no accepted official reading
𬪶	U+2CAB6	no accepted official reading
𬪷	U+2CAB7	no accepted official reading
𬪻	U+2CABB	no accepted official reading
𬪼	U+2CABC	no accepted official reading
𬪽	U+2CABD	no accepted official reading
𬪾	U+2CABE	no accepted official reading
𬪿	U+2CABF	no accepted official reading
𬫀	U+2CAC0	no accepted official reading
𬫂	U+2CAC2	no accepted official reading
𬫃	U+2CAC3	no accepted official reading
𬫄	U+2CAC4	no accepted official reading
𬫅	U+2CAC5	no accepted official reading
𬫈	U+2CAC8	no accepted official reading
𬫐	U+2CAD0	no accepted official reading
𬫑	U+2CAD1	no accepted official reading
𬫒	U+2CAD2	no accepted official reading
𬫖	U+2CAD6	no accepted official reading
𬫗	U+2CAD7	no accepted official reading
𬫚	U+2CADA	no accepted official reading
𬫜	U+2CADC	no accepted official reading
𬫞	U+2CADE	no accepted official reading
𬫠	U+2CAE0	no accepted official reading
𬫢	U+2CAE2	no accepted official reading
𬫥	U+2CAE5	no accepted official reading
𬫦	U+2CAE6	no accepted official reading
𬫫	U+2CAEB	no accepted official reading
𬫬	U+2CAEC	no accepted official reading
𬫭	U+2CAED	no accepted official reading
𬫰	U+2CAF0	no accepted official reading
𬫱	U+2CAF1	no accepted official reading
𬫶	U+2CAF6	no accepted official reading
𬫷	U+2CAF7	no accepted official reading
𬫻	U+2CAFB	no accepted official reading
𬫽	U+2CAFD	no accepted official reading
𬫿	U+2CAFF	no accepted official reading
𬬂	U+2CB02	no accepted official reading
𬬃	U+2CB03	no accepted official reading
𬬈	U+2CB08	no accepted official reading
𬬊	U+2CB0A	no accepted official reading
𬬌	U+2CB0C	no accepted official reading
𬬍	U+2CB0D	no accepted official reading
𬬏	U+2CB0F	no accepted official reading
𬬐	U+2CB10	no accepted official reading
𬬑	U+2CB11	no accepted official reading
𬬗	U+2CB17	no accepted official reading
𬬚	U+2CB1A	no accepted official reading
𬬟	U+2CB1F	no accepted official reading
𬬣	U+2CB23	no accepted official reading
𬬤	U+2CB24	no accepted official reading
𬬴	U+2CB34	no accepted official reading
𬬶	U+2CB36	no accepted official reading
𬬼	U+2CB3C	no accepted official reading
𬭄	U+2CB44	no accepted official reading
𬭋	U+2CB4B	no accepted official reading
𬭐	U+2CB50	no accepted official reading
𬭘	U+2CB58	no accepted official reading
𬭙	U+2CB59	no accepted official reading
𬭧	U+2CB67	no accepted official reading
𬭮	U+2CB6E	no accepted official reading
𬭱	U+2CB71	no accepted official reading
𬭵	U+2CB75	no accepted official reading
𬭾	U+2CB7E	no accepted official reading
𬮀	U+2CB80	no accepted official reading
𬮂	U+2CB82	no accepted official reading
𬮅	U+2CB85	no accepted official reading
𬮆	U+2CB86	no accepted official reading
𬮊	U+2CB8A	no accepted official reading
𬮋	U+2CB8B	no accepted official reading
𬮌	U+2CB8C	no accepted official reading
𬮍	U+2CB8D	no accepted official reading
𬮎	U+2CB8E	no accepted official reading
𬮏	U+2CB8F	no accepted official reading
𬮐	U+2CB90	no accepted official reading
𬮑	U+2CB91	no accepted official reading
𬮓	U+2CB93	no accepted official reading
𬮖	U+2CB96	no accepted official reading
𬮗	U+2CB97	no accepted official reading
𬮙	U+2CB99	no accepted official reading
𬮚	U+2CB9A	no accepted official reading
𬮛	U+2CB9B	no accepted official reading
𬮜	U+2CB9C	no accepted official reading
𬮝	U+2CB9D	no accepted official reading
𬮞	U+2CB9E	no accepted official reading
𬮧	U+2CBA7	no accepted official reading
𬮬	U+2CBAC	no accepted official reading
𬮮	U+2CBAE	no accepted official reading
𬮸	U+2CBB8	no accepted official reading
𬮼	U+2CBBC	no accepted official reading
𬯁	U+2CBC1	no accepted official reading
𬯂	U+2CBC2	no accepted official reading
𬯃	U+2CBC3	no accepted official reading
𬯄	U+2CBC4	no accepted official reading
𬯉	U+2CBC9	no accepted official reading
𬯊	U+2CBCA	no accepted official reading
𬯋	U+2CBCB	no accepted official reading
𬯌	U+2CBCC	no accepted official reading
𬯐	U+2CBD0	no accepted official reading
𬯔	U+2CBD4	no accepted official reading
𬯕	U+2CBD5	no accepted official reading
𬯖	U+2CBD6	no accepted official reading
𬯗	U+2CBD7	no accepted official reading
𬯘	U+2CBD8	no accepted official reading
𬯙	U+2CBD9	no accepted official reading
𬯚	U+2CBDA	no accepted official reading
𬯛	U+2CBDB	no accepted official reading
𬯜	U+2CBDC	no accepted official reading
𬯞	U+2CBDE	no accepted official reading
𬯟	U+2CBDF	no accepted official reading
𬯣	U+2CBE3	no accepted official reading
𬯤	U+2CBE4	no accepted official reading
𬯥	U+2CBE5	no accepted official reading
𬯧	U+2CBE7	no accepted official reading
𬯨	U+2CBE8	no accepted official reading
𬯩	U+2CBE9	no accepted official reading
𬯪	U+2CBEA	no accepted official reading
𬯫	U+2CBEB	no accepted official reading
𬯭	U+2CBED	no accepted official reading
𬯯	U+2CBEF	no accepted official reading
𬯰	U+2CBF0	no accepted official reading
𬯲	U+2CBF2	no accepted official reading
𬯳	U+2CBF3	no accepted official reading
𬯴	U+2CBF4	no accepted official reading
𬯶	U+2CBF6	no accepted official reading
𬯷	U+2CBF7	no accepted official reading
𬯸	U+2CBF8	no accepted official reading
𬯹	U+2CBF9	no accepted official reading
𬰄	U+2CC04	no accepted official reading
𬰅	U+2CC05	no accepted official reading
𬰆	U+2CC06	no accepted official reading
𬰇	U+2CC07	no accepted official reading
𬰈	U+2CC08	no accepted official reading
𬰉	U+2CC09	no accepted official reading
𬰊	U+2CC0A	no accepted official reading
𬰌	U+2CC0C	no accepted official reading
𬰎	U+2CC0E	no accepted official reading
𬰑	U+2CC11	no accepted official reading
𬰓	U+2CC13	no accepted official reading
𬰖	U+2CC16	no accepted official reading
𬰗	U+2CC17	no accepted official reading
𬰘	U+2CC18	no accepted official reading
𬰚	U+2CC1A	no accepted official reading
𬰝	U+2CC1D	no accepted official reading
𬰟	U+2CC1F	no accepted official reading
𬰠	U+2CC20	no accepted official reading
𬰢	U+2CC22	no accepted official reading
𬰦	U+2CC26	no accepted official reading
𬰧	U+2CC27	no accepted official reading
𬰨	U+2CC28	no accepted official reading
𬰪	U+2CC2A	no accepted official reading
𬰫	U+2CC2B	no accepted official reading
𬰭	U+2CC2D	no accepted official reading
𬰯	U+2CC2F	no accepted official reading
𬰰	U+2CC30	no accepted official reading
𬰲	U+2CC32	no accepted official reading
𬰴	U+2CC34	no accepted official reading
𬰵	U+2CC35	no accepted official reading
𬰹	U+2CC39	no accepted official reading
𬰻	U+2CC3B	no accepted official reading
𬰽	U+2CC3D	no accepted official reading
𬰾	U+2CC3E	no accepted official reading
𬰿	U+2CC3F	no accepted official reading
𬱂	U+2CC42	no accepted official reading
𬱃	U+2CC43	no accepted official reading
𬱆	U+2CC46	no accepted official reading
𬱇	U+2CC47	no accepted official reading
𬱈	U+2CC48	no accepted official reading
𬱉	U+2CC49	no accepted official reading
𬱊	U+2CC4A	no accepted official reading
𬱋	U+2CC4B	no accepted official reading
𬱌	U+2CC4C	no accepted official reading
𬱍	U+2CC4D	no accepted official reading
𬱎	U+2CC4E	no accepted official reading
𬱏	U+2CC4F	no accepted official reading
𬱐	U+2CC50	no accepted official reading
𬱑	U+2CC51	no accepted official reading
𬱒	U+2CC52	no accepted official reading
𬱘	U+2CC58	no accepted official reading
𬱚	U+2CC5A	no accepted official reading
𬱞	U+2CC5E	no accepted official reading
𬱡	U+2CC61	no accepted official reading
𬱤	U+2CC64	no accepted official reading
𬱨	U+2CC68	no accepted official reading
𬱩	U+2CC69	no accepted official reading
𬱲	U+2CC72	no accepted official reading
𬱴	U+2CC74	no accepted official reading
𬱺	U+2CC7A	no accepted official reading
𬱾	U+2CC7E	no accepted official reading
𬲉	U+2CC89	no accepted official reading
𬲋	U+2CC8B	no accepted official reading
𬲌	U+2CC8C	no accepted official reading
𬲎	U+2CC8E	no accepted official reading
𬲏	U+2CC8F	no accepted official reading
𬲐	U+2CC90	no accepted official reading
𬲑	U+2CC91	no accepted official reading
𬲒	U+2CC92	no accepted official reading
𬲓	U+2CC93	no accepted official reading
𬲔	U+2CC94	no accepted official reading
𬲚	U+2CC9A	no accepted official reading
𬲛	U+2CC9B	no accepted official reading
𬲞	U+2CC9E	no accepted official reading
𬲠	U+2CCA0	no accepted official reading
𬲡	U+2CCA1	no accepted official reading
𬲣	U+2CCA3	no accepted official reading
𬲤	U+2CCA4	no accepted official reading
𬲥	U+2CCA5	no accepted official reading
𬲧	U+2CCA7	no accepted official reading
𬲨	U+2CCA8	no accepted official reading
𬲩	U+2CCA9	no accepted official reading
𬲬	U+2CCAC	no accepted official reading
𬲱	U+2CCB1	no accepted official reading
𬲵	U+2CCB5	no accepted official reading
𬲽	U+2CCBD	no accepted official reading
𬲿	U+2CCBF	no accepted official reading
𬳄	U+2CCC4	no accepted official reading
𬳇	U+2CCC7	no accepted official reading
𬳈	U+2CCC8	no accepted official reading
𬳎	U+2CCCE	no accepted official reading
𬳏	U+2CCCF	no accepted official reading
𬳕	U+2CCD5	no accepted official reading
𬳗	U+2CCD7	no accepted official reading
𬳘	U+2CCD8	no accepted official reading
𬳙	U+2CCD9	no accepted official reading
𬳚	U+2CCDA	no accepted official reading
𬳛	U+2CCDB	no accepted official reading
𬳜	U+2CCDC	no accepted official reading
𬳝	U+2CCDD	no accepted official reading
𬳠	U+2CCE0	no accepted official reading
𬳤	U+2CCE4	no accepted official reading
𬳦	U+2CCE6	no accepted official reading
𬳨	U+2CCE8	no accepted official reading
𬳩	U+2CCE9	no accepted official reading
𬳪	U+2CCEA	no accepted official reading
𬳫	U+2CCEB	no accepted official reading
𬳬	U+2CCEC	no accepted official reading
𬳭	U+2CCED	no accepted official reading
𬳮	U+2CCEE	no accepted official reading
𬳰	U+2CCF0	no accepted official reading
𬳹	U+2CCF9	no accepted official reading
𬳺	U+2CCFA	no accepted official reading
𬳼	U+2CCFC	no accepted official reading
𬴄	U+2CD04	no accepted official reading
𬴈	U+2CD08	no accepted official reading
𬴉	U+2CD09	no accepted official reading
𬴑	U+2CD11	no accepted official reading
𬴒	U+2CD12	no accepted official reading
𬴓	U+2CD13	no accepted official reading
𬴕	U+2CD15	no accepted official reading
𬴖	U+2CD16	no accepted official reading
𬴗	U+2CD17	no accepted official reading
𬴚	U+2CD1A	no accepted official reading
𬴝	U+2CD1D	no accepted official reading
𬴞	U+2CD1E	no accepted official reading
𬴟	U+2CD1F	no accepted official reading
𬴧	U+2CD27	no accepted official reading
𬴫	U+2CD2B	no accepted official reading
𬴬	U+2CD2C	no accepted official reading
𬴭	U+2CD2D	no accepted official reading
𬴯	U+2CD2F	no accepted official reading
𬴰	U+2CD30	no accepted official reading
𬴱	U+2CD31	no accepted official reading
𬴲	U+2CD32	no accepted official reading
𬴵	U+2CD35	no accepted official reading
𬴶	U+2CD36	no accepted official reading
𬴷	U+2CD37	no accepted official reading
𬴸	U+2CD38	no accepted official reading
𬴹	U+2CD39	no accepted official reading
𬴺	U+2CD3A	no accepted official reading
𬴻	U+2CD3B	no accepted official reading
𬴼	U+2CD3C	no accepted official reading
𬴽	U+2CD3D	no accepted official reading
𬴾	U+2CD3E	no accepted official reading
𬴿	U+2CD3F	no accepted official reading
𬵁	U+2CD41	no accepted official reading
𬵂	U+2CD42	no accepted official reading
𬵃	U+2CD43	no accepted official reading
𬵄	U+2CD44	no accepted official reading
𬵅	U+2CD45	no accepted official reading
𬵆	U+2CD46	no accepted official reading
𬵇	U+2CD47	no accepted official reading
𬵈	U+2CD48	no accepted official reading
𬵉	U+2CD49	no accepted official reading
𬵋	U+2CD4B	no accepted official reading
𬵌	U+2CD4C	no accepted official reading
𬵍	U+2CD4D	no accepted official reading
𬵏	U+2CD4F	no accepted official reading
𬵐	U+2CD50	no accepted official reading
𬵑	U+2CD51	no accepted official reading
𬵒	U+2CD52	no accepted official reading
𬵔	U+2CD54	no accepted official reading
𬵕	U+2CD55	no accepted official reading
𬵖	U+2CD56	no accepted official reading
𬵗	U+2CD57	no accepted official reading
𬵚	U+2CD5A	no accepted official reading
𬵜	U+2CD5C	no accepted official reading
𬵝	U+2CD5D	no accepted official reading
𬵟	U+2CD5F	no accepted official reading
𬵠	U+2CD60	no accepted official reading
𬵡	U+2CD61	no accepted official reading
𬵢	U+2CD62	no accepted official reading
𬵤	U+2CD64	no accepted official reading
𬵦	U+2CD66	no accepted official reading
𬵧	U+2CD67	no accepted official reading
𬵩	U+2CD69	no accepted official reading
𬵪	U+2CD6A	no accepted official reading
𬵫	U+2CD6B	no accepted official reading
𬵬	U+2CD6C	no accepted official reading
𬵭	U+2CD6D	no accepted official reading
𬵮	U+2CD6E	no accepted official reading
𬵰	U+2CD70	no accepted official reading
𬵱	U+2CD71	no accepted official reading
𬵲	U+2CD72	no accepted official reading
𬵳	U+2CD73	no accepted official reading
𬵴	U+2CD74	no accepted official reading
𬵵	U+2CD75	no accepted official reading
𬵶	U+2CD76	no accepted official reading
𬵷	U+2CD77	no accepted official reading
𬵹	U+2CD79	no accepted official reading
𬵻	U+2CD7B	no accepted official reading
𬵼	U+2CD7C	no accepted official reading
𬵽	U+2CD7D	no accepted official reading
𬵾	U+2CD7E	no accepted official reading
𬵿	U+2CD7F	no accepted official reading
𬶃	U+2CD83	no accepted official reading
𬶅	U+2CD85	no accepted official reading
𬶈	U+2CD88	no accepted official reading
𬶑	U+2CD91	no accepted official reading
𬶒	U+2CD92	no accepted official reading
𬶖	U+2CD96	no accepted official reading
𬶘	U+2CD98	no accepted official reading
𬶙	U+2CD99	no accepted official reading
𬶚	U+2CD9A	no accepted official reading
𬶜	U+2CD9C	no accepted official reading
𬶝	U+2CD9D	no accepted official reading
𬶡	U+2CDA1	no accepted official reading
𬶥	U+2CDA5	no accepted official reading
𬶩	U+2CDA9	no accepted official reading
𬶰	U+2CDB0	no accepted official reading
𬶳	U+2CDB3	no accepted official reading
𬶶	U+2CDB6	no accepted official reading
𬶷	U+2CDB7	no accepted official reading
𬶸	U+2CDB8	no accepted official reading
𬶹	U+2CDB9	no accepted official reading
𬶼	U+2CDBC	no accepted official reading
𬶽	U+2CDBD	no accepted official reading
𬶾	U+2CDBE	no accepted official reading
𬶿	U+2CDBF	no accepted official reading
𬷀	U+2CDC0	no accepted official reading
𬷁	U+2CDC1	no accepted official reading
𬷄	U+2CDC4	no accepted official reading
𬷆	U+2CDC6	no accepted official reading
𬷇	U+2CDC7	no accepted official reading
𬷉	U+2CDC9	no accepted official reading
𬷊	U+2CDCA	no accepted official reading
𬷋	U+2CDCB	no accepted official reading
𬷌	U+2CDCC	no accepted official reading
𬷍	U+2CDCD	no accepted official reading
𬷎	U+2CDCE	no accepted official reading
𬷐	U+2CDD0	no accepted official reading
𬷑	U+2CDD1	no accepted official reading
𬷒	U+2CDD2	no accepted official reading
𬷓	U+2CDD3	no accepted official reading
𬷔	U+2CDD4	no accepted official reading
𬷗	U+2CDD7	no accepted official reading
𬷘	U+2CDD8	no accepted official reading
𬷙	U+2CDD9	no accepted official reading
𬷝	U+2CDDD	no accepted official reading
𬷞	U+2CDDE	no accepted official reading
𬷟	U+2CDDF	no accepted official reading
𬷡	U+2CDE1	no accepted official reading
𬷢	U+2CDE2	no accepted official reading
𬷥	U+2CDE5	no accepted official reading
𬷦	U+2CDE6	no accepted official reading
𬷧	U+2CDE7	no accepted official reading
𬷨	U+2CDE8	no accepted official reading
𬷩	U+2CDE9	no accepted official reading
𬷫	U+2CDEB	no accepted official reading
𬷬	U+2CDEC	no accepted official reading
𬷯	U+2CDEF	no accepted official reading
𬷰	U+2CDF0	no accepted official reading
𬷱	U+2CDF1	no accepted official reading
𬷲	U+2CDF2	no accepted official reading
𬷳	U+2CDF3	no accepted official reading
𬷴	U+2CDF4	no accepted official reading
𬷵	U+2CDF5	no accepted official reading
𬷶	U+2CDF6	no accepted official reading
𬷷	U+2CDF7	no accepted official reading
𬷸	U+2CDF8	no accepted official reading
𬷺	U+2CDFA	no accepted official reading
𬷻	U+2CDFB	no accepted official reading
𬷿	U+2CDFF	no accepted official reading
𬸃	U+2CE03	no accepted official reading
𬸄	U+2CE04	no accepted official reading
𬸇	U+2CE07	no accepted official reading
𬸋	U+2CE0B	no accepted official reading
𬸓	U+2CE13	no accepted official reading
𬸔	U+2CE14	no accepted official reading
𬸗	U+2CE17	no accepted official reading
𬸟	U+2CE1F	no accepted official reading
𬸫	U+2CE2B	no accepted official reading
𬸲	U+2CE32	no accepted official reading
𬸳	U+2CE33	no accepted official reading
𬸴	U+2CE34	no accepted official reading
𬸺	U+2CE3A	no accepted official reading
𬸼	U+2CE3C	no accepted official reading
𬸽	U+2CE3D	no accepted official reading
𬸿	U+2CE3F	no accepted official reading
𬹀	U+2CE40	no accepted official reading
𬹂	U+2CE42	no accepted official reading
𬹆	U+2CE46	no accepted official reading
𬹈	U+2CE48	no accepted official reading
𬹊	U+2CE4A	no accepted official reading
𬹏	U+2CE4F	no accepted official reading
𬹒	U+2CE52	no accepted official reading
𬹓	U+2CE53	no accepted official reading
𬹙	U+2CE59	no accepted official reading
𬹛	U+2CE5B	no accepted official reading
𬹜	U+2CE5C	no accepted official reading
𬹞	U+2CE5E	no accepted official reading
𬹟	U+2CE5F	no accepted official reading
𬹠	U+2CE60	no accepted official reading
𬹡	U+2CE61	no accepted official reading
𬹢	U+2CE62	no accepted official reading
𬹤	U+2CE64	no accepted official reading
𬹥	U+2CE65	no accepted official reading
𬹦	U+2CE66	no accepted official reading
𬹧	U+2CE67	no accepted official reading
𬹨	U+2CE68	no accepted official reading
𬹩	U+2CE69	no accepted official reading
𬹪	U+2CE6A	no accepted official reading
𬹬	U+2CE6C	no accepted official reading
𬹭	U+2CE6D	no accepted official reading
𬹮	U+2CE6E	no accepted official reading
𬹯	U+2CE6F	no accepted official reading
𬹰	U+2CE70	no accepted official reading
𬹲	U+2CE72	no accepted official reading
𬹳	U+2CE73	no accepted official reading
𬹵	U+2CE75	no accepted official reading
𬹶	U+2CE76	no accepted official reading
𬹷	U+2CE77	no accepted official reading
𬹸	U+2CE78	no accepted official reading
𬹾	U+2CE7E	no accepted official reading
𬹿	U+2CE7F	no accepted official reading
𬺆	U+2CE86	no accepted official reading
𬺐	U+2CE90	no accepted official reading
𬺑	U+2CE91	no accepted official reading
𬺗	U+2CE97	no accepted official reading
𬺘	U+2CE98	no accepted official reading
𬺙	U+2CE99	no accepted official reading
𬺚	U+2CE9A	no accepted official reading
𬺛	U+2CE9B	no accepted official reading
𬺝	U+2CE9D	no accepted official reading
𬺠	U+2CEA0	no accepted official reading
𬺡	U+2CEA1	no accepted official reading
𬺢	U+2CEA2	no accepted official reading
𬺣	U+2CEA3	no accepted official reading
𬺤	U+2CEA4	no accepted official reading
𬺥	U+2CEA5	no accepted official reading
𬺦	U+2CEA6	no accepted official reading
𬺧	U+2CEA7	no accepted official reading
𬺨	U+2CEA8	no accepted official reading
𬺩	U+2CEA9	no accepted official reading
𬺪	U+2CEAA	no accepted official reading
𬺫	U+2CEAB	no accepted official reading
𬺬	U+2CEAC	no accepted official reading
𬺭	U+2CEAD	no accepted official reading
𬺰	U+2CEB0	no accepted official reading
𬺱	U+2CEB1	no accepted official reading
𬺲	U+2CEB2	no accepted official reading
𬺳	U+2CEB3	no accepted official reading
𬺴	U+2CEB4	no accepted official reading
𬺵	U+2CEB5	no accepted official reading
𬺸	U+2CEB8	no accepted official reading
𬺺	U+2CEBA	no accepted official reading
𬺼	U+2CEBC	no accepted official reading
𬺽	U+2CEBD	no accepted official reading
𬺾	U+2CEBE	no accepted official reading
𬺿	U+2CEBF	no accepted official reading
𬻁	U+2CEC1	no accepted official reading
𬻃	U+2CEC3	no accepted official reading
𬻄	U+2CEC4	no accepted official reading
𬻅	U+2CEC5	no accepted official reading
𬻉	U+2CEC9	no accepted official reading
𬻊	U+2CECA	no accepted official reading
𬻌	U+2CECC	no accepted official reading
𬻍	U+2CECD	no accepted official reading
𬻎	U+2CECE	no accepted official reading
𬻏	U+2CECF	no accepted official reading
𬻓	U+2CED3	no accepted official reading
𬻕	U+2CED5	no accepted official reading
𬻗	U+2CED7	no accepted official reading
𬻙	U+2CED9	no accepted official reading
𬻚	U+2CEDA	no accepted official reading
𬻛	U+2CEDB	no accepted official reading
𬻜	U+2CEDC	no accepted official reading
𬻝	U+2CEDD	no accepted official reading
𬻠	U+2CEE0	no accepted official reading
𬻡	U+2CEE1	no accepted official reading
𬻢	U+2CEE2	no accepted official reading
𬻣	U+2CEE3	no accepted official reading
𬻤	U+2CEE4	no accepted official reading
𬻦	U+2CEE6	no accepted official reading
𬻧	U+2CEE7	no accepted official reading
𬻨	U+2CEE8	no accepted official reading
𬻩	U+2CEE9	no accepted official reading
𬻪	U+2CEEA	no accepted official reading
𬻭	U+2CEED	no accepted official reading
𬻮	U+2CEEE	no accepted official reading
𬻯	U+2CEEF	no accepted official reading
𬻰	U+2CEF0	no accepted official reading
𬻲	U+2CEF2	no accepted official reading
𬻳	U+2CEF3	no accepted official reading
𬻶	U+2CEF6	no accepted official reading
𬻸	U+2CEF8	no accepted official reading
𬻹	U+2CEF9	no accepted official reading
𬻺	U+2CEFA	no accepted official reading
𬻻	U+2CEFB	no accepted official reading
𬻽	U+2CEFD	no accepted official reading
𬻾	U+2CEFE	no accepted official reading
𬼀	U+2CF00	no accepted official reading
𬼃	U+2CF03	no accepted official reading
𬼅	U+2CF05	no accepted official reading
𬼆	U+2CF06	no accepted official reading
𬼇	U+2CF07	no accepted official reading
𬼈	U+2CF08	no accepted official reading
𬼍	U+2CF0D	no accepted official reading
𬼎	U+2CF0E	no accepted official reading
𬼏	U+2CF0F	no accepted official reading
𬼐	U+2CF10	no accepted official reading
𬼑	U+2CF11	no accepted official reading
𬼒	U+2CF12	no accepted official reading
𬼓	U+2CF13	no accepted official reading
𬼔	U+2CF14	no accepted official reading
𬼖	U+2CF16	no accepted official reading
𬼙	U+2CF19	no accepted official reading
𬼚	U+2CF1A	no accepted official reading
𬼛	U+2CF1B	no accepted official reading
𬼜	U+2CF1C	no accepted official reading
𬼝	U+2CF1D	no accepted official reading
𬼟	U+2CF1F	no accepted official reading
𬼠	U+2CF20	no accepted official reading
𬼡	U+2CF21	no accepted official reading
𬼢	U+2CF22	no accepted official reading
𬼣	U+2CF23	no accepted official reading
𬼤	U+2CF24	no accepted official reading
𬼥	U+2CF25	no accepted official reading
𬼦	U+2CF26	no accepted official reading
𬼧	U+2CF27	no accepted official reading
𬼨	U+2CF28	no accepted official reading
𬼩	U+2CF29	no accepted official reading
𬼪	U+2CF2A	no accepted official reading
𬼫	U+2CF2B	no accepted official reading
𬼬	U+2CF2C	no accepted official reading
𬼭	U+2CF2D	no accepted official reading
𬼯	U+2CF2F	no accepted official reading
𬼰	U+2CF30	no accepted official reading
𬼱	U+2CF31	no accepted official reading
𬼲	U+2CF32	no accepted official reading
𬼳	U+2CF33	no accepted official reading
𬼴	U+2CF34	no accepted official reading
𬼵	U+2CF35	no accepted official reading
𬼶	U+2CF36	no accepted official reading
𬼷	U+2CF37	no accepted official reading
𬼸	U+2CF38	no accepted official reading
𬼹	U+2CF39	no accepted official reading
𬼻	U+2CF3B	no accepted official reading
𬼼	U+2CF3C	no accepted official reading
𬼽	U+2CF3D	no accepted official reading
𬼾	U+2CF3E	no accepted official reading
𬽀	U+2CF40	no accepted official reading
𬽁	U+2CF41	no accepted official reading
𬽂	U+2CF42	no accepted official reading
𬽄	U+2CF44	no accepted official reading
𬽅	U+2CF45	no accepted official reading
𬽈	U+2CF48	no accepted official reading
𬽉	U+2CF49	no accepted official reading
𬽊	U+2CF4A	no accepted official reading
𬽋	U+2CF4B	no accepted official reading
𬽌	U+2CF4C	no accepted official reading
𬽍	U+2CF4D	no accepted official reading
𬽎	U+2CF4E	no accepted official reading
𬽏	U+2CF4F	no accepted official reading
𬽐	U+2CF50	no accepted official reading
𬽑	U+2CF51	no accepted official reading
𬽓	U+2CF53	no accepted official reading
𬽕	U+2CF55	no accepted official reading
𬽖	U+2CF56	no accepted official reading
𬽗	U+2CF57	no accepted official reading
𬽘	U+2CF58	no accepted official reading
𬽙	U+2CF59	no accepted official reading
𬽚	U+2CF5A	no accepted official reading
𬽛	U+2CF5B	no accepted official reading
𬽜	U+2CF5C	no accepted official reading
𬽝	U+2CF5D	no accepted official reading
𬽞	U+2CF5E	no accepted official reading
𬽟	U+2CF5F	no accepted official reading
𬽢	U+2CF62	no accepted official reading
𬽣	U+2CF63	no accepted official reading
𬽥	U+2CF65	no accepted official reading
𬽧	U+2CF67	no accepted official reading
𬽨	U+2CF68	no accepted official reading
𬽪	U+2CF6A	no accepted official reading
𬽫	U+2CF6B	no accepted official reading
𬽬	U+2CF6C	no accepted official reading
𬽭	U+2CF6D	no accepted official reading
𬽮	U+2CF6E	no accepted official reading
𬽯	U+2CF6F	no accepted official reading
𬽰	U+2CF70	no accepted official reading
𬽱	U+2CF71	no accepted official reading
𬽲	U+2CF72	no accepted official reading
𬽳	U+2CF73	no accepted official reading
𬽴	U+2CF74	no accepted official reading
𬽵	U+2CF75	no accepted official reading
𬽶	U+2CF76	no accepted official reading
𬽷	U+2CF77	no accepted official reading
𬽸	U+2CF78	no accepted official reading
𬽹	U+2CF79	no accepted official reading
𬽺	U+2CF7A	no accepted official reading
𬽻	U+2CF7B	no accepted official reading
𬽼	U+2CF7C	no accepted official reading
𬽽	U+2CF7D	no accepted official reading
𬽾	U+2CF7E	no accepted official reading
𬾀	U+2CF80	no accepted official reading
𬾂	U+2CF82	no accepted official reading
𬾃	U+2CF83	no accepted official reading
𬾄	U+2CF84	no accepted official reading
𬾅	U+2CF85	no accepted official reading
𬾆	U+2CF86	no accepted official reading
𬾇	U+2CF87	no accepted official reading
𬾈	U+2CF88	no accepted official reading
𬾉	U+2CF89	no accepted official reading
𬾊	U+2CF8A	no accepted official reading
𬾋	U+2CF8B	no accepted official reading
𬾌	U+2CF8C	no accepted official reading
𬾍	U+2CF8D	no accepted official reading
𬾏	U+2CF8F	no accepted official reading
𬾐	U+2CF90	no accepted official reading
𬾑	U+2CF91	no accepted official reading
𬾒	U+2CF92	no accepted official reading
𬾓	U+2CF93	no accepted official reading
𬾔	U+2CF94	no accepted official reading
𬾕	U+2CF95	no accepted official reading
𬾖	U+2CF96	no accepted official reading
𬾗	U+2CF97	no accepted official reading
𬾙	U+2CF99	no accepted official reading
𬾚	U+2CF9A	no accepted official reading
𬾛	U+2CF9B	no accepted official reading
𬾜	U+2CF9C	no accepted official reading
𬾝	U+2CF9D	no accepted official reading
𬾞	U+2CF9E	no accepted official reading
𬾟	U+2CF9F	no accepted official reading
𬾠	U+2CFA0	no accepted official reading
𬾡	U+2CFA1	no accepted official reading
𬾢	U+2CFA2	no accepted official reading
𬾣	U+2CFA3	no accepted official reading
𬾥	U+2CFA5	no accepted official reading
𬾦	U+2CFA6	no accepted official reading
𬾧	U+2CFA7	no accepted official reading
𬾨	U+2CFA8	no accepted official reading
𬾩	U+2CFA9	no accepted official reading
𬾪	U+2CFAA	no accepted official reading
𬾫	U+2CFAB	no accepted official reading
𬾬	U+2CFAC	no accepted official reading
𬾭	U+2CFAD	no accepted official reading
𬾮	U+2CFAE	no accepted official reading
𬾯	U+2CFAF	no accepted official reading
𬾰	U+2CFB0	no accepted official reading
𬾳	U+2CFB3	no accepted official reading
𬾴	U+2CFB4	no accepted official reading
𬾵	U+2CFB5	no accepted official reading
𬾷	U+2CFB7	no accepted official reading
𬾸	U+2CFB8	no accepted official reading
𬾺	U+2CFBA	no accepted official reading
𬾻	U+2CFBB	no accepted official reading
𬾼	U+2CFBC	no accepted official reading
𬾽	U+2CFBD	no accepted official reading
𬾾	U+2CFBE	no accepted official reading
𬿀	U+2CFC0	no accepted official reading
𬿁	U+2CFC1	no accepted official reading
𬿂	U+2CFC2	no accepted official reading
𬿅	U+2CFC5	no accepted official reading
𬿆	U+2CFC6	no accepted official reading
𬿇	U+2CFC7	no accepted official reading
𬿈	U+2CFC8	no accepted official reading
𬿊	U+2CFCA	no accepted official reading
𬿋	U+2CFCB	no accepted official reading
𬿎	U+2CFCE	no accepted official reading
𬿐	U+2CFD0	no accepted official reading
𬿓	U+2CFD3	no accepted official reading
𬿕	U+2CFD5	no accepted official reading
𬿖	U+2CFD6	no accepted official reading
𬿘	U+2CFD8	no accepted official reading
𬿙	U+2CFD9	no accepted official reading
𬿚	U+2CFDA	no accepted official reading
𬿛	U+2CFDB	no accepted official reading
𬿜	U+2CFDC	no accepted official reading
𬿞	U+2CFDE	no accepted official reading
𬿟	U+2CFDF	no accepted official reading
𬿠	U+2CFE0	no accepted official reading
𬿡	U+2CFE1	no accepted official reading
𬿢	U+2CFE2	no accepted official reading
𬿣	U+2CFE3	no accepted official reading
𬿤	U+2CFE4	no accepted official reading
𬿥	U+2CFE5	no accepted official reading
𬿦	U+2CFE6	no accepted official reading
𬿧	U+2CFE7	no accepted official reading
𬿨	U+2CFE8	no accepted official reading
𬿩	U+2CFE9	no accepted official reading
𬿪	U+2CFEA	no accepted official reading
𬿫	U+2CFEB	no accepted official reading
𬿯	U+2CFEF	no accepted official reading
𬿰	U+2CFF0	no accepted official reading
𬿱	U+2CFF1	no accepted official reading
𬿳	U+2CFF3	no accepted official reading
𬿴	U+2CFF4	no accepted official reading
𬿶	U+2CFF6	no accepted official reading
𬿷	U+2CFF7	no accepted official reading
𬿺	U+2CFFA	no accepted official reading
𬿻	U+2CFFB	no accepted official reading
𬿿	U+2CFFF	no accepted official reading
𭀀	U+2D000	no accepted official reading
𭀁	U+2D001	no accepted official reading
𭀂	U+2D002	no accepted official reading
𭀅	U+2D005	no accepted official reading
𭀆	U+2D006	no accepted official reading
𭀇	U+2D007	no accepted official reading
𭀈	U+2D008	no accepted official reading
𭀊	U+2D00A	no accepted official reading
𭀋	U+2D00B	no accepted official reading
𭀌	U+2D00C	no accepted official reading
𭀍	U+2D00D	no accepted official reading
𭀎	U+2D00E	no accepted official reading
𭀐	U+2D010	no accepted official reading
𭀑	U+2D011	no accepted official reading
𭀒	U+2D012	no accepted official reading
𭀓	U+2D013	no accepted official reading
𭀔	U+2D014	no accepted official reading
𭀕	U+2D015	no accepted official reading
𭀛	U+2D01B	no accepted official reading
𭀞	U+2D01E	no accepted official reading
𭀢	U+2D022	no accepted official reading
𭀤	U+2D024	no accepted official reading
𭀦	U+2D026	no accepted official reading
𭀧	U+2D027	no accepted official reading
𭀨	U+2D028	no accepted official reading
𭀩	U+2D029	no accepted official reading
𭀪	U+2D02A	no accepted official reading
𭀫	U+2D02B	no accepted official reading
𭀬	U+2D02C	no accepted official reading
𭀮	U+2D02E	no accepted official reading
𭀯	U+2D02F	no accepted official reading
𭀰	U+2D030	no accepted official reading
𭀲	U+2D032	no accepted official reading
𭀳	U+2D033	no accepted official reading
𭀴	U+2D034	no accepted official reading
𭀵	U+2D035	no accepted official reading
𭀶	U+2D036	no accepted official reading
𭀷	U+2D037	no accepted official reading
𭀹	U+2D039	no accepted official reading
𭀻	U+2D03B	no accepted official reading
𭀼	U+2D03C	no accepted official reading
𭀽	U+2D03D	no accepted official reading
𭀾	U+2D03E	no accepted official reading
𭀿	U+2D03F	no accepted official reading
𭁀	U+2D040	no accepted official reading
𭁄	U+2D044	no accepted official reading
𭁅	U+2D045	no accepted official reading
𭁋	U+2D04B	no accepted official reading
𭁌	U+2D04C	no accepted official reading
𭁍	U+2D04D	no accepted official reading
𭁎	U+2D04E	no accepted official reading
𭁑	U+2D051	no accepted official reading
𭁒	U+2D052	no accepted official reading
𭁓	U+2D053	no accepted official reading
𭁔	U+2D054	no accepted official reading
𭁖	U+2D056	no accepted official reading
𭁗	U+2D057	no accepted official reading
𭁘	U+2D058	no accepted official reading
𭁙	U+2D059	no accepted official reading
𭁚	U+2D05A	no accepted official reading
𭁛	U+2D05B	no accepted official reading
𭁜	U+2D05C	no accepted official reading
𭁝	U+2D05D	no accepted official reading
𭁞	U+2D05E	no accepted official reading
𭁠	U+2D060	no accepted official reading
𭁡	U+2D061	no accepted official reading
𭁢	U+2D062	no accepted official reading
𭁣	U+2D063	no accepted official reading
𭁤	U+2D064	no accepted official reading
𭁥	U+2D065	no accepted official reading
𭁦	U+2D066	no accepted official reading
𭁧	U+2D067	no accepted official reading
𭁨	U+2D068	no accepted official reading
𭁩	U+2D069	no accepted official reading
𭁫	U+2D06B	no accepted official reading
𭁬	U+2D06C	no accepted official reading
𭁭	U+2D06D	no accepted official reading
𭁮	U+2D06E	no accepted official reading
𭁰	U+2D070	no accepted official reading
𭁱	U+2D071	no accepted official reading
𭁳	U+2D073	no accepted official reading
𭁴	U+2D074	no accepted official reading
𭁵	U+2D075	no accepted official reading
𭁷	U+2D077	no accepted official reading
𭁸	U+2D078	no accepted official reading
𭁹	U+2D079	no accepted official reading
𭁻	U+2D07B	no accepted official reading
𭁼	U+2D07C	no accepted official reading
𭁽	U+2D07D	no accepted official reading
𭁾	U+2D07E	no accepted official reading
𭁿	U+2D07F	no accepted official reading
𭂀	U+2D080	no accepted official reading
𭂁	U+2D081	no accepted official reading
𭂂	U+2D082	no accepted official reading
𭂃	U+2D083	no accepted official reading
𭂄	U+2D084	no accepted official reading
𭂅	U+2D085	no accepted official reading
𭂆	U+2D086	no accepted official reading
𭂇	U+2D087	no accepted official reading
𭂈	U+2D088	no accepted official reading
𭂉	U+2D089	no accepted official reading
𭂊	U+2D08A	no accepted official reading
𭂋	U+2D08B	no accepted official reading
𭂌	U+2D08C	no accepted official reading
𭂍	U+2D08D	no accepted official reading
𭂎	U+2D08E	no accepted official reading
𭂏	U+2D08F	no accepted official reading
𭂐	U+2D090	no accepted official reading
𭂑	U+2D091	no accepted official reading
𭂒	U+2D092	no accepted official reading
𭂓	U+2D093	no accepted official reading
𭂔	U+2D094	no accepted official reading
𭂕	U+2D095	no accepted official reading
𭂖	U+2D096	no accepted official reading
𭂗	U+2D097	no accepted official reading
𭂘	U+2D098	no accepted official reading
𭂙	U+2D099	no accepted official reading
𭂚	U+2D09A	no accepted official reading
𭂛	U+2D09B	no accepted official reading
𭂜	U+2D09C	no accepted official reading
𭂝	U+2D09D	no accepted official reading
𭂞	U+2D09E	no accepted official reading
𭂟	U+2D09F	no accepted official reading
𭂠	U+2D0A0	no accepted official reading
𭂡	U+2D0A1	no accepted official reading
𭂢	U+2D0A2	no accepted official reading
𭂣	U+2D0A3	no accepted official reading
𭂤	U+2D0A4	no accepted official reading
𭂥	U+2D0A5	no accepted official reading
𭂦	U+2D0A6	no accepted official reading
𭂧	U+2D0A7	no accepted official reading
𭂨	U+2D0A8	no accepted official reading
𭂩	U+2D0A9	no accepted official reading
𭂫	U+2D0AB	no accepted official reading
𭂭	U+2D0AD	no accepted official reading
𭂮	U+2D0AE	no accepted official reading
𭂯	U+2D0AF	no accepted official reading
𭂰	U+2D0B0	no accepted official reading
𭂱	U+2D0B1	no accepted official reading
𭂳	U+2D0B3	no accepted official reading
𭂴	U+2D0B4	no accepted official reading
𭂵	U+2D0B5	no accepted official reading
𭂶	U+2D0B6	no accepted official reading
𭂷	U+2D0B7	no accepted official reading
𭂹	U+2D0B9	no accepted official reading
𭂺	U+2D0BA	no accepted official reading
𭂽	U+2D0BD	no accepted official reading
𭂾	U+2D0BE	no accepted official reading
𭂿	U+2D0BF	no accepted official reading
𭃀	U+2D0C0	no accepted official reading
𭃁	U+2D0C1	no accepted official reading
𭃂	U+2D0C2	no accepted official reading
𭃃	U+2D0C3	no accepted official reading
𭃄	U+2D0C4	no accepted official reading
𭃅	U+2D0C5	no accepted official reading
𭃆	U+2D0C6	no accepted official reading
𭃇	U+2D0C7	no accepted official reading
𭃈	U+2D0C8	no accepted official reading
𭃉	U+2D0C9	no accepted official reading
𭃊	U+2D0CA	no accepted official reading
𭃋	U+2D0CB	no accepted official reading
𭃌	U+2D0CC	no accepted official reading
𭃎	U+2D0CE	no accepted official reading
𭃏	U+2D0CF	no accepted official reading
𭃐	U+2D0D0	no accepted official reading
𭃑	U+2D0D1	no accepted official reading
𭃒	U+2D0D2	no accepted official reading
𭃓	U+2D0D3	no accepted official reading
𭃔	U+2D0D4	no accepted official reading
𭃕	U+2D0D5	no accepted official reading
𭃖	U+2D0D6	no accepted official reading
𭃗	U+2D0D7	no accepted official reading
𭃘	U+2D0D8	no accepted official reading
𭃙	U+2D0D9	no accepted official reading
𭃚	U+2D0DA	no accepted official reading
𭃛	U+2D0DB	no accepted official reading
𭃜	U+2D0DC	no accepted official reading
𭃝	U+2D0DD	no accepted official reading
𭃞	U+2D0DE	no accepted official reading
𭃟	U+2D0DF	no accepted official reading
𭃠	U+2D0E0	no accepted official reading
𭃡	U+2D0E1	no accepted official reading
𭃢	U+2D0E2	no accepted official reading
𭃣	U+2D0E3	no accepted official reading
𭃤	U+2D0E4	no accepted official reading
𭃦	U+2D0E6	no accepted official reading
𭃧	U+2D0E7	no accepted official reading
𭃨	U+2D0E8	no accepted official reading
𭃩	U+2D0E9	no accepted official reading
𭃪	U+2D0EA	no accepted official reading
𭃫	U+2D0EB	no accepted official reading
𭃬	U+2D0EC	no accepted official reading
𭃮	U+2D0EE	no accepted official reading
𭃯	U+2D0EF	no accepted official reading
𭃳	U+2D0F3	no accepted official reading
𭃴	U+2D0F4	no accepted official reading
𭃵	U+2D0F5	no accepted official reading
𭃶	U+2D0F6	no accepted official reading
𭃸	U+2D0F8	no accepted official reading
𭃹	U+2D0F9	no accepted official reading
𭃺	U+2D0FA	no accepted official reading
𭃻	U+2D0FB	no accepted official reading
𭃼	U+2D0FC	no accepted official reading
𭃽	U+2D0FD	no accepted official reading
𭃾	U+2D0FE	no accepted official reading
𭃿	U+2D0FF	no accepted official reading
𭄀	U+2D100	no accepted official reading
𭄁	U+2D101	no accepted official reading
𭄂	U+2D102	no accepted official reading
𭄃	U+2D103	no accepted official reading
𭄄	U+2D104	no accepted official reading
𭄅	U+2D105	no accepted official reading
𭄆	U+2D106	no accepted official reading
𭄇	U+2D107	no accepted official reading
𭄈	U+2D108	no accepted official reading
𭄉	U+2D109	no accepted official reading
𭄊	U+2D10A	no accepted official reading
𭄋	U+2D10B	no accepted official reading
𭄌	U+2D10C	no accepted official reading
𭄍	U+2D10D	no accepted official reading
𭄐	U+2D110	no accepted official reading
𭄑	U+2D111	no accepted official reading
𭄒	U+2D112	no accepted official reading
𭄓	U+2D113	no accepted official reading
𭄕	U+2D115	no accepted official reading
𭄖	U+2D116	no accepted official reading
𭄗	U+2D117	no accepted official reading
𭄘	U+2D118	no accepted official reading
𭄙	U+2D119	no accepted official reading
𭄚	U+2D11A	no accepted official reading
𭄜	U+2D11C	no accepted official reading
𭄝	U+2D11D	no accepted official reading
𭄞	U+2D11E	no accepted official reading
𭄟	U+2D11F	no accepted official reading
𭄡	U+2D121	no accepted official reading
𭄢	U+2D122	no accepted official reading
𭄣	U+2D123	no accepted official reading
𭄤	U+2D124	no accepted official reading
𭄨	U+2D128	no accepted official reading
𭄪	U+2D12A	no accepted official reading
𭄫	U+2D12B	no accepted official reading
𭄬	U+2D12C	no accepted official reading
𭄭	U+2D12D	no accepted official reading
𭄮	U+2D12E	no accepted official reading
𭄯	U+2D12F	no accepted official reading
𭄰	U+2D130	no accepted official reading
𭄱	U+2D131	no accepted official reading
𭄲	U+2D132	no accepted official reading
𭄳	U+2D133	no accepted official reading
𭄵	U+2D135	no accepted official reading
𭄶	U+2D136	no accepted official reading
𭄷	U+2D137	no accepted official reading
𭄸	U+2D138	no accepted official reading
𭄹	U+2D139	no accepted official reading
𭄺	U+2D13A	no accepted official reading
𭄻	U+2D13B	no accepted official reading
𭄽	U+2D13D	no accepted official reading
𭄾	U+2D13E	no accepted official reading
𭄿	U+2D13F	no accepted official reading
𭅀	U+2D140	no accepted official reading
𭅁	U+2D141	no accepted official reading
𭅂	U+2D142	no accepted official reading
𭅄	U+2D144	no accepted official reading
𭅅	U+2D145	no accepted official reading
𭅆	U+2D146	no accepted official reading
𭅇	U+2D147	no accepted official reading
𭅈	U+2D148	no accepted official reading
𭅉	U+2D149	no accepted official reading
𭅊	U+2D14A	no accepted official reading
𭅋	U+2D14B	no accepted official reading
𭅌	U+2D14C	no accepted official reading
𭅎	U+2D14E	no accepted official reading
𭅏	U+2D14F	no accepted official reading
𭅑	U+2D151	no accepted official reading
𭅒	U+2D152	no accepted official reading
𭅓	U+2D153	no accepted official reading
𭅔	U+2D154	no accepted official reading
𭅕	U+2D155	no accepted official reading
𭅖	U+2D156	no accepted official reading
𭅗	U+2D157	no accepted official reading
𭅘	U+2D158	no accepted official reading
𭅙	U+2D159	no accepted official reading
𭅚	U+2D15A	no accepted official reading
𭅛	U+2D15B	no accepted official reading
𭅜	U+2D15C	no accepted official reading
𭅝	U+2D15D	no accepted official reading
𭅞	U+2D15E	no accepted official reading
𭅟	U+2D15F	no accepted official reading
𭅠	U+2D160	no accepted official reading
𭅢	U+2D162	no accepted official reading
𭅣	U+2D163	no accepted official reading
𭅤	U+2D164	no accepted official reading
𭅥	U+2D165	no accepted official reading
𭅦	U+2D166	no accepted official reading
𭅧	U+2D167	no accepted official reading
𭅩	U+2D169	no accepted official reading
𭅫	U+2D16B	no accepted official reading
𭅭	U+2D16D	no accepted official reading
𭅮	U+2D16E	no accepted official reading
𭅯	U+2D16F	no accepted official reading
𭅱	U+2D171	no accepted official reading
𭅲	U+2D172	no accepted official reading
𭅳	U+2D173	no accepted official reading
𭅵	U+2D175	no accepted official reading
𭅶	U+2D176	no accepted official reading
𭅹	U+2D179	no accepted official reading
𭅺	U+2D17A	no accepted official reading
𭅻	U+2D17B	no accepted official reading
𭅼	U+2D17C	no accepted official reading
𭅽	U+2D17D	no accepted official reading
𭆀	U+2D180	no accepted official reading
𭆁	U+2D181	no accepted official reading
𭆂	U+2D182	no accepted official reading
𭆃	U+2D183	no accepted official reading
𭆄	U+2D184	no accepted official reading
𭆅	U+2D185	no accepted official reading
𭆆	U+2D186	no accepted official reading
𭆇	U+2D187	no accepted official reading
𭆈	U+2D188	no accepted official reading
𭆊	U+2D18A	no accepted official reading
𭆌	U+2D18C	no accepted official reading
𭆍	U+2D18D	no accepted official reading
𭆐	U+2D190	no accepted official reading
𭆓	U+2D193	no accepted official reading
𭆔	U+2D194	no accepted official reading
𭆖	U+2D196	no accepted official reading
𭆗	U+2D197	no accepted official reading
𭆘	U+2D198	no accepted official reading
𭆙	U+2D199	no accepted official reading
𭆚	U+2D19A	no accepted official reading
𭆛	U+2D19B	no accepted official reading
𭆜	U+2D19C	no accepted official reading
𭆝	U+2D19D	no accepted official reading
𭆞	U+2D19E	no accepted official reading
𭆟	U+2D19F	no accepted official reading
𭆡	U+2D1A1	no accepted official reading
𭆢	U+2D1A2	no accepted official reading
𭆦	U+2D1A6	no accepted official reading
𭆧	U+2D1A7	no accepted official reading
𭆨	U+2D1A8	no accepted official reading
𭆩	U+2D1A9	no accepted official reading
𭆪	U+2D1AA	no accepted official reading
𭆫	U+2D1AB	no accepted official reading
𭆭	U+2D1AD	no accepted official reading
𭆮	U+2D1AE	no accepted official reading
𭆯	U+2D1AF	no accepted official reading
𭆰	U+2D1B0	no accepted official reading
𭆲	U+2D1B2	no accepted official reading
𭆳	U+2D1B3	no accepted official reading
𭆶	U+2D1B6	no accepted official reading
𭆷	U+2D1B7	no accepted official reading
𭆸	U+2D1B8	no accepted official reading
𭆹	U+2D1B9	no accepted official reading
𭆺	U+2D1BA	no accepted official reading
𭆻	U+2D1BB	no accepted official reading
𭆼	U+2D1BC	no accepted official reading
𭆽	U+2D1BD	no accepted official reading
𭆾	U+2D1BE	no accepted official reading
𭆿	U+2D1BF	no accepted official reading
𭇀	U+2D1C0	no accepted official reading
𭇂	U+2D1C2	no accepted official reading
𭇄	U+2D1C4	no accepted official reading
𭇅	U+2D1C5	no accepted official reading
𭇇	U+2D1C7	no accepted official reading
𭇈	U+2D1C8	no accepted official reading
𭇉	U+2D1C9	no accepted official reading
𭇊	U+2D1CA	no accepted official reading
𭇋	U+2D1CB	no accepted official reading
𭇌	U+2D1CC	no accepted official reading
𭇍	U+2D1CD	no accepted official reading
𭇎	U+2D1CE	no accepted official reading
𭇏	U+2D1CF	no accepted official reading
𭇐	U+2D1D0	no accepted official reading
𭇑	U+2D1D1	no accepted official reading
𭇓	U+2D1D3	no accepted official reading
𭇔	U+2D1D4	no accepted official reading
𭇕	U+2D1D5	no accepted official reading
𭇖	U+2D1D6	no accepted official reading
𭇗	U+2D1D7	no accepted official reading
𭇙	U+2D1D9	no accepted official reading
𭇚	U+2D1DA	no accepted official reading
𭇛	U+2D1DB	no accepted official reading
𭇝	U+2D1DD	no accepted official reading
𭇞	U+2D1DE	no accepted official reading
𭇟	U+2D1DF	no accepted official reading
𭇠	U+2D1E0	no accepted official reading
𭇡	U+2D1E1	no accepted official reading
𭇣	U+2D1E3	no accepted official reading
𭇤	U+2D1E4	no accepted official reading
𭇥	U+2D1E5	no accepted official reading
𭇦	U+2D1E6	no accepted official reading
𭇪	U+2D1EA	no accepted official reading
𭇫	U+2D1EB	no accepted official reading
𭇬	U+2D1EC	no accepted official reading
𭇭	U+2D1ED	no accepted official reading
𭇮	U+2D1EE	no accepted official reading
𭇰	U+2D1F0	no accepted official reading
𭇱	U+2D1F1	no accepted official reading
𭇲	U+2D1F2	no accepted official reading
𭇳	U+2D1F3	no accepted official reading
𭇴	U+2D1F4	no accepted official reading
𭇵	U+2D1F5	no accepted official reading
𭇶	U+2D1F6	no accepted official reading
𭇷	U+2D1F7	no accepted official reading
𭇸	U+2D1F8	no accepted official reading
𭇹	U+2D1F9	no accepted official reading
𭇺	U+2D1FA	no accepted official reading
𭇽	U+2D1FD	no accepted official reading
𭇾	U+2D1FE	no accepted official reading
𭇿	U+2D1FF	no accepted official reading
𭈀	U+2D200	no accepted official reading
𭈁	U+2D201	no accepted official reading
𭈂	U+2D202	no accepted official reading
𭈃	U+2D203	no accepted official reading
𭈄	U+2D204	no accepted official reading
𭈅	U+2D205	no accepted official reading
𭈆	U+2D206	no accepted official reading
𭈋	U+2D20B	no accepted official reading
𭈌	U+2D20C	no accepted official reading
𭈍	U+2D20D	no accepted official reading
𭈎	U+2D20E	no accepted official reading
𭈏	U+2D20F	no accepted official reading
𭈐	U+2D210	no accepted official reading
𭈑	U+2D211	no accepted official reading
𭈒	U+2D212	no accepted official reading
𭈓	U+2D213	no accepted official reading
𭈔	U+2D214	no accepted official reading
𭈕	U+2D215	no accepted official reading
𭈖	U+2D216	no accepted official reading
𭈗	U+2D217	no accepted official reading
𭈘	U+2D218	no accepted official reading
𭈙	U+2D219	no accepted official reading
𭈛	U+2D21B	no accepted official reading
𭈜	U+2D21C	no accepted official reading
𭈝	U+2D21D	no accepted official reading
𭈞	U+2D21E	no accepted official reading
𭈟	U+2D21F	no accepted official reading
𭈠	U+2D220	no accepted official reading
𭈡	U+2D221	no accepted official reading
𭈢	U+2D222	no accepted official reading
𭈣	U+2D223	no accepted official reading
𭈤	U+2D224	no accepted official reading
𭈥	U+2D225	no accepted official reading
𭈦	U+2D226	no accepted official reading
𭈧	U+2D227	no accepted official reading
𭈨	U+2D228	no accepted official reading
𭈪	U+2D22A	no accepted official reading
𭈫	U+2D22B	no accepted official reading
𭈭	U+2D22D	no accepted official reading
𭈯	U+2D22F	no accepted official reading
𭈱	U+2D231	no accepted official reading
𭈲	U+2D232	no accepted official reading
𭈳	U+2D233	no accepted official reading
𭈴	U+2D234	no accepted official reading
𭈵	U+2D235	no accepted official reading
𭈶	U+2D236	no accepted official reading
𭈷	U+2D237	no accepted official reading
𭈸	U+2D238	no accepted official reading
𭈹	U+2D239	no accepted official reading
𭈺	U+2D23A	no accepted official reading
𭈻	U+2D23B	no accepted official reading
𭈼	U+2D23C	no accepted official reading
𭈽	U+2D23D	no accepted official reading
𭈾	U+2D23E	no accepted official reading
𭈿	U+2D23F	no accepted official reading
𭉀	U+2D240	no accepted official reading
𭉁	U+2D241	no accepted official reading
𭉂	U+2D242	no accepted official reading
𭉃	U+2D243	no accepted official reading
𭉅	U+2D245	no accepted official reading
𭉆	U+2D246	no accepted official reading
𭉇	U+2D247	no accepted official reading
𭉉	U+2D249	no accepted official reading
𭉊	U+2D24A	no accepted official reading
𭉌	U+2D24C	no accepted official reading
𭉎	U+2D24E	no accepted official reading
𭉏	U+2D24F	no accepted official reading
𭉐	U+2D250	no accepted official reading
𭉑	U+2D251	no accepted official reading
𭉒	U+2D252	no accepted official reading
𭉓	U+2D253	no accepted official reading
𭉕	U+2D255	no accepted official reading
𭉖	U+2D256	no accepted official reading
𭉗	U+2D257	no accepted official reading
𭉘	U+2D258	no accepted official reading
𭉙	U+2D259	no accepted official reading
𭉚	U+2D25A	no accepted official reading
𭉜	U+2D25C	no accepted official reading
𭉝	U+2D25D	no accepted official reading
𭉞	U+2D25E	no accepted official reading
𭉟	U+2D25F	no accepted official reading
𭉠	U+2D260	no accepted official reading
𭉡	U+2D261	no accepted official reading
𭉢	U+2D262	no accepted official reading
𭉥	U+2D265	no accepted official reading
𭉦	U+2D266	no accepted official reading
𭉧	U+2D267	no accepted official reading
𭉩	U+2D269	no accepted official reading
𭉪	U+2D26A	no accepted official reading
𭉫	U+2D26B	no accepted official reading
𭉬	U+2D26C	no accepted official reading
𭉭	U+2D26D	no accepted official reading
𭉮	U+2D26E	no accepted official reading
𭉰	U+2D270	no accepted official reading
𭉱	U+2D271	no accepted official reading
𭉲	U+2D272	no accepted official reading
𭉳	U+2D273	no accepted official reading
𭉷	U+2D277	no accepted official reading
𭉸	U+2D278	no accepted official reading
𭉹	U+2D279	no accepted official reading
𭉺	U+2D27A	no accepted official reading
𭉻	U+2D27B	no accepted official reading
𭉼	U+2D27C	no accepted official reading
𭉽	U+2D27D	no accepted official reading
𭉾	U+2D27E	no accepted official reading
𭊀	U+2D280	no accepted official reading
𭊁	U+2D281	no accepted official reading
𭊂	U+2D282	no accepted official reading
𭊃	U+2D283	no accepted official reading
𭊅	U+2D285	no accepted official reading
𭊆	U+2D286	no accepted official reading
𭊈	U+2D288	no accepted official reading
𭊉	U+2D289	no accepted official reading
𭊊	U+2D28A	no accepted official reading
𭊌	U+2D28C	no accepted official reading
𭊍	U+2D28D	no accepted official reading
𭊎	U+2D28E	no accepted official reading
𭊐	U+2D290	no accepted official reading
𭊑	U+2D291	no accepted official reading
𭊒	U+2D292	no accepted official reading
𭊔	U+2D294	no accepted official reading
𭊕	U+2D295	no accepted official reading
𭊖	U+2D296	no accepted official reading
𭊗	U+2D297	no accepted official reading
𭊘	U+2D298	no accepted official reading
𭊙	U+2D299	no accepted official reading
𭊚	U+2D29A	no accepted official reading
𭊛	U+2D29B	no accepted official reading
𭊜	U+2D29C	no accepted official reading
𭊝	U+2D29D	no accepted official reading
𭊟	U+2D29F	no accepted official reading
𭊠	U+2D2A0	no accepted official reading
𭊢	U+2D2A2	no accepted official reading
𭊣	U+2D2A3	no accepted official reading
𭊤	U+2D2A4	no accepted official reading
𭊥	U+2D2A5	no accepted official reading
𭊦	U+2D2A6	no accepted official reading
𭊧	U+2D2A7	no accepted official reading
𭊨	U+2D2A8	no accepted official reading
𭊩	U+2D2A9	no accepted official reading
𭊪	U+2D2AA	no accepted official reading
𭊫	U+2D2AB	no accepted official reading
𭊭	U+2D2AD	no accepted official reading
𭊯	U+2D2AF	no accepted official reading
𭊱	U+2D2B1	no accepted official reading
𭊲	U+2D2B2	no accepted official reading
𭊳	U+2D2B3	no accepted official reading
𭊴	U+2D2B4	no accepted official reading
𭊵	U+2D2B5	no accepted official reading
𭊶	U+2D2B6	no accepted official reading
𭊷	U+2D2B7	no accepted official reading
𭊺	U+2D2BA	no accepted official reading
𭊻	U+2D2BB	no accepted official reading
𭊼	U+2D2BC	no accepted official reading
𭊽	U+2D2BD	no accepted official reading
𭊾	U+2D2BE	no accepted official reading
𭊿	U+2D2BF	no accepted official reading
𭋀	U+2D2C0	no accepted official reading
𭋁	U+2D2C1	no accepted official reading
𭋂	U+2D2C2	no accepted official reading
𭋄	U+2D2C4	no accepted official reading
𭋅	U+2D2C5	no accepted official reading
𭋈	U+2D2C8	no accepted official reading
𭋉	U+2D2C9	no accepted official reading
𭋊	U+2D2CA	no accepted official reading
𭋋	U+2D2CB	no accepted official reading
𭋌	U+2D2CC	no accepted official reading
𭋎	U+2D2CE	no accepted official reading
𭋏	U+2D2CF	no accepted official reading
𭋐	U+2D2D0	no accepted official reading
𭋑	U+2D2D1	no accepted official reading
𭋒	U+2D2D2	no accepted official reading
𭋓	U+2D2D3	no accepted official reading
𭋔	U+2D2D4	no accepted official reading
𭋕	U+2D2D5	no accepted official reading
𭋖	U+2D2D6	no accepted official reading
𭋗	U+2D2D7	no accepted official reading
𭋘	U+2D2D8	no accepted official reading
𭋙	U+2D2D9	no accepted official reading
𭋚	U+2D2DA	no accepted official reading
𭋛	U+2D2DB	no accepted official reading
𭋜	U+2D2DC	no accepted official reading
𭋝	U+2D2DD	no accepted official reading
𭋞	U+2D2DE	no accepted official reading
𭋟	U+2D2DF	no accepted official reading
𭋠	U+2D2E0	no accepted official reading
𭋡	U+2D2E1	no accepted official reading
𭋣	U+2D2E3	no accepted official reading
𭋤	U+2D2E4	no accepted official reading
𭋦	U+2D2E6	no accepted official reading
𭋩	U+2D2E9	no accepted official reading
𭋪	U+2D2EA	no accepted official reading
𭋫	U+2D2EB	no accepted official reading
𭋬	U+2D2EC	no accepted official reading
𭋭	U+2D2ED	no accepted official reading
𭋮	U+2D2EE	no accepted official reading
𭋯	U+2D2EF	no accepted official reading
𭋰	U+2D2F0	no accepted official reading
𭋲	U+2D2F2	no accepted official reading
𭋳	U+2D2F3	no accepted official reading
𭋴	U+2D2F4	no accepted official reading
𭋵	U+2D2F5	no accepted official reading
𭋶	U+2D2F6	no accepted official reading
𭋷	U+2D2F7	no accepted official reading
𭋸	U+2D2F8	no accepted official reading
𭋺	U+2D2FA	no accepted official reading
𭋼	U+2D2FC	no accepted official reading
𭋽	U+2D2FD	no accepted official reading
𭋾	U+2D2FE	no accepted official reading
𭌀	U+2D300	no accepted official reading
𭌁	U+2D301	no accepted official reading
𭌂	U+2D302	no accepted official reading
𭌄	U+2D304	no accepted official reading
𭌅	U+2D305	no accepted official reading
𭌆	U+2D306	no accepted official reading
𭌇	U+2D307	no accepted official reading
𭌈	U+2D308	no accepted official reading
𭌉	U+2D309	no accepted official reading
𭌊	U+2D30A	no accepted official reading
𭌋	U+2D30B	no accepted official reading
𭌌	U+2D30C	no accepted official reading
𭌍	U+2D30D	no accepted official reading
𭌎	U+2D30E	no accepted official reading
𭌐	U+2D310	no accepted official reading
𭌑	U+2D311	no accepted official reading
𭌒	U+2D312	no accepted official reading
𭌓	U+2D313	no accepted official reading
𭌔	U+2D314	no accepted official reading
𭌕	U+2D315	no accepted official reading
𭌖	U+2D316	no accepted official reading
𭌘	U+2D318	no accepted official reading
𭌙	U+2D319	no accepted official reading
𭌛	U+2D31B	no accepted official reading
𭌜	U+2D31C	no accepted official reading
𭌝	U+2D31D	no accepted official reading
𭌞	U+2D31E	no accepted official reading
𭌟	U+2D31F	no accepted official reading
𭌡	U+2D321	no accepted official reading
𭌢	U+2D322	no accepted official reading
𭌣	U+2D323	no accepted official reading
𭌤	U+2D324	no accepted official reading
𭌥	U+2D325	no accepted official reading
𭌦	U+2D326	no accepted official reading
𭌧	U+2D327	no accepted official reading
𭌨	U+2D328	no accepted official reading
𭌩	U+2D329	no accepted official reading
𭌪	U+2D32A	no accepted official reading
𭌬	U+2D32C	no accepted official reading
𭌭	U+2D32D	no accepted official reading
𭌯	U+2D32F	no accepted official reading
𭌱	U+2D331	no accepted official reading
𭌶	U+2D336	no accepted official reading
𭌷	U+2D337	no accepted official reading
𭌸	U+2D338	no accepted official reading
𭌹	U+2D339	no accepted official reading
𭌺	U+2D33A	no accepted official reading
𭌻	U+2D33B	no accepted official reading
𭌼	U+2D33C	no accepted official reading
𭌽	U+2D33D	no accepted official reading
𭌾	U+2D33E	no accepted official reading
𭌿	U+2D33F	no accepted official reading
𭍀	U+2D340	no accepted official reading
𭍁	U+2D341	no accepted official reading
𭍂	U+2D342	no accepted official reading
𭍃	U+2D343	no accepted official reading
𭍄	U+2D344	no accepted official reading
𭍅	U+2D345	no accepted official reading
𭍆	U+2D346	no accepted official reading
𭍇	U+2D347	no accepted official reading
𭍈	U+2D348	no accepted official reading
𭍋	U+2D34B	no accepted official reading
𭍌	U+2D34C	no accepted official reading
𭍍	U+2D34D	no accepted official reading
𭍎	U+2D34E	no accepted official reading
𭍏	U+2D34F	no accepted official reading
𭍐	U+2D350	no accepted official reading
𭍑	U+2D351	no accepted official reading
𭍔	U+2D354	no accepted official reading
𭍕	U+2D355	no accepted official reading
𭍗	U+2D357	no accepted official reading
𭍘	U+2D358	no accepted official reading
𭍚	U+2D35A	no accepted official reading
𭍛	U+2D35B	no accepted official reading
𭍜	U+2D35C	no accepted official reading
𭍝	U+2D35D	no accepted official reading
𭍞	U+2D35E	no accepted official reading
𭍟	U+2D35F	no accepted official reading
𭍠	U+2D360	no accepted official reading
𭍡	U+2D361	no accepted official reading
𭍢	U+2D362	no accepted official reading
𭍣	U+2D363	no accepted official reading
𭍤	U+2D364	no accepted official reading
𭍥	U+2D365	no accepted official reading
𭍦	U+2D366	no accepted official reading
𭍧	U+2D367	no accepted official reading
𭍨	U+2D368	no accepted official reading
𭍩	U+2D369	no accepted official reading
𭍪	U+2D36A	no accepted official reading
𭍫	U+2D36B	no accepted official reading
𭍬	U+2D36C	no accepted official reading
𭍭	U+2D36D	no accepted official reading
𭍮	U+2D36E	no accepted official reading
𭍯	U+2D36F	no accepted official reading
𭍰	U+2D370	no accepted official reading
𭍱	U+2D371	no accepted official reading
𭍲	U+2D372	no accepted official reading
𭍳	U+2D373	no accepted official reading
𭍴	U+2D374	no accepted official reading
𭍵	U+2D375	no accepted official reading
𭍶	U+2D376	no accepted official reading
𭍷	U+2D377	no accepted official reading
𭍹	U+2D379	no accepted official reading
𭍺	U+2D37A	no accepted official reading
𭍼	U+2D37C	no accepted official reading
𭍽	U+2D37D	no accepted official reading
𭍾	U+2D37E	no accepted official reading
𭍿	U+2D37F	no accepted official reading
𭎀	U+2D380	no accepted official reading
𭎁	U+2D381	no accepted official reading
𭎃	U+2D383	no accepted official reading
𭎄	U+2D384	no accepted official reading
𭎅	U+2D385	no accepted official reading
𭎆	U+2D386	no accepted official reading
𭎉	U+2D389	no accepted official reading
𭎊	U+2D38A	no accepted official reading
𭎌	U+2D38C	no accepted official reading
𭎍	U+2D38D	no accepted official reading
𭎎	U+2D38E	no accepted official reading
𭎏	U+2D38F	no accepted official reading
𭎐	U+2D390	no accepted official reading
𭎑	U+2D391	no accepted official reading
𭎒	U+2D392	no accepted official reading
𭎓	U+2D393	no accepted official reading
𭎔	U+2D394	no accepted official reading
𭎖	U+2D396	no accepted official reading
𭎗	U+2D397	no accepted official reading
𭎘	U+2D398	no accepted official reading
𭎙	U+2D399	no accepted official reading
𭎚	U+2D39A	no accepted official reading
𭎛	U+2D39B	no accepted official reading
𭎝	U+2D39D	no accepted official reading
𭎞	U+2D39E	no accepted official reading
𭎟	U+2D39F	no accepted official reading
𭎣	U+2D3A3	no accepted official reading
𭎤	U+2D3A4	no accepted official reading
𭎥	U+2D3A5	no accepted official reading
𭎦	U+2D3A6	no accepted official reading
𭎧	U+2D3A7	no accepted official reading
𭎨	U+2D3A8	no accepted official reading
𭎩	U+2D3A9	no accepted official reading
𭎫	U+2D3AB	no accepted official reading
𭎬	U+2D3AC	no accepted official reading
𭎭	U+2D3AD	no accepted official reading
𭎮	U+2D3AE	no accepted official reading
𭎯	U+2D3AF	no accepted official reading
𭎰	U+2D3B0	no accepted official reading
𭎱	U+2D3B1	no accepted official reading
𭎲	U+2D3B2	no accepted official reading
𭎴	U+2D3B4	no accepted official reading
𭎵	U+2D3B5	no accepted official reading
𭎶	U+2D3B6	no accepted official reading
𭎷	U+2D3B7	no accepted official reading
𭎸	U+2D3B8	no accepted official reading
𭎹	U+2D3B9	no accepted official reading
𭎺	U+2D3BA	no accepted official reading
𭎻	U+2D3BB	no accepted official reading
𭎼	U+2D3BC	no accepted official reading
𭎽	U+2D3BD	no accepted official reading
𭎾	U+2D3BE	no accepted official reading
𭎿	U+2D3BF	no accepted official reading
𭏀	U+2D3C0	no accepted official reading
𭏂	U+2D3C2	no accepted official reading
𭏃	U+2D3C3	no accepted official reading
𭏄	U+2D3C4	no accepted official reading
𭏅	U+2D3C5	no accepted official reading
𭏆	U+2D3C6	no accepted official reading
𭏇	U+2D3C7	no accepted official reading
𭏈	U+2D3C8	no accepted official reading
𭏉	U+2D3C9	no accepted official reading
𭏋	U+2D3CB	no accepted official reading
𭏎	U+2D3CE	no accepted official reading
𭏏	U+2D3CF	no accepted official reading
𭏐	U+2D3D0	no accepted official reading
𭏑	U+2D3D1	no accepted official reading
𭏒	U+2D3D2	no accepted official reading
𭏔	U+2D3D4	no accepted official reading
𭏕	U+2D3D5	no accepted official reading
𭏖	U+2D3D6	no accepted official reading
𭏗	U+2D3D7	no accepted official reading
𭏘	U+2D3D8	no accepted official reading
𭏙	U+2D3D9	no accepted official reading
𭏚	U+2D3DA	no accepted official reading
𭏝	U+2D3DD	no accepted official reading
𭏞	U+2D3DE	no accepted official reading
𭏟	U+2D3DF	no accepted official reading
𭏠	U+2D3E0	no accepted official reading
𭏡	U+2D3E1	no accepted official reading
𭏢	U+2D3E2	no accepted official reading
𭏣	U+2D3E3	no accepted official reading
𭏤	U+2D3E4	no accepted official reading
𭏥	U+2D3E5	no accepted official reading
𭏧	U+2D3E7	no accepted official reading
𭏨	U+2D3E8	no accepted official reading
𭏪	U+2D3EA	no accepted official reading
𭏫	U+2D3EB	no accepted official reading
𭏭	U+2D3ED	no accepted official reading
𭏮	U+2D3EE	no accepted official reading
𭏯	U+2D3EF	no accepted official reading
𭏰	U+2D3F0	no accepted official reading
𭏱	U+2D3F1	no accepted official reading
𭏲	U+2D3F2	no accepted official reading
𭏵	U+2D3F5	no accepted official reading
𭏹	U+2D3F9	no accepted official reading
𭏺	U+2D3FA	no accepted official reading
𭏻	U+2D3FB	no accepted official reading
𭏾	U+2D3FE	no accepted official reading
𭏿	U+2D3FF	no accepted official reading
𭐀	U+2D400	no accepted official reading
𭐁	U+2D401	no accepted official reading
𭐂	U+2D402	no accepted official reading
𭐃	U+2D403	no accepted official reading
𭐄	U+2D404	no accepted official reading
𭐅	U+2D405	no accepted official reading
𭐆	U+2D406	no accepted official reading
𭐇	U+2D407	no accepted official reading
𭐈	U+2D408	no accepted official reading
𭐊	U+2D40A	no accepted official reading
𭐋	U+2D40B	no accepted official reading
𭐌	U+2D40C	no accepted official reading
𭐍	U+2D40D	no accepted official reading
𭐏	U+2D40F	no accepted official reading
𭐐	U+2D410	no accepted official reading
𭐑	U+2D411	no accepted official reading
𭐒	U+2D412	no accepted official reading
𭐔	U+2D414	no accepted official reading
𭐕	U+2D415	no accepted official reading
𭐖	U+2D416	no accepted official reading
𭐙	U+2D419	no accepted official reading
𭐚	U+2D41A	no accepted official reading
𭐛	U+2D41B	no accepted official reading
𭐜	U+2D41C	no accepted official reading
𭐝	U+2D41D	no accepted official reading
𭐞	U+2D41E	no accepted official reading
𭐟	U+2D41F	no accepted official reading
𭐠	U+2D420	no accepted official reading
𭐡	U+2D421	no accepted official reading
𭐤	U+2D424	no accepted official reading
𭐦	U+2D426	no accepted official reading
𭐧	U+2D427	no accepted official reading
𭐨	U+2D428	no accepted official reading
𭐩	U+2D429	no accepted official reading
𭐪	U+2D42A	no accepted official reading
𭐫	U+2D42B	no accepted official reading
𭐭	U+2D42D	no accepted official reading
𭐯	U+2D42F	no accepted official reading
𭐰	U+2D430	no accepted official reading
𭐱	U+2D431	no accepted official reading
𭐲	U+2D432	no accepted official reading
𭐵	U+2D435	no accepted official reading
𭐶	U+2D436	no accepted official reading
𭐷	U+2D437	no accepted official reading
𭐹	U+2D439	no accepted official reading
𭐺	U+2D43A	no accepted official reading
𭐻	U+2D43B	no accepted official reading
𭐼	U+2D43C	no accepted official reading
𭐽	U+2D43D	no accepted official reading
𭐾	U+2D43E	no accepted official reading
𭐿	U+2D43F	no accepted official reading
𭑀	U+2D440	no accepted official reading
𭑁	U+2D441	no accepted official reading
𭑂	U+2D442	no accepted official reading
𭑃	U+2D443	no accepted official reading
𭑄	U+2D444	no accepted official reading
𭑆	U+2D446	no accepted official reading
𭑇	U+2D447	no accepted official reading
𭑈	U+2D448	no accepted official reading
𭑉	U+2D449	no accepted official reading
𭑋	U+2D44B	no accepted official reading
𭑌	U+2D44C	no accepted official reading
𭑍	U+2D44D	no accepted official reading
𭑎	U+2D44E	no accepted official reading
𭑐	U+2D450	no accepted official reading
𭑑	U+2D451	no accepted official reading
𭑒	U+2D452	no accepted official reading
𭑓	U+2D453	no accepted official reading
𭑔	U+2D454	no accepted official reading
𭑖	U+2D456	no accepted official reading
𭑗	U+2D457	no accepted official reading
𭑘	U+2D458	no accepted official reading
𭑙	U+2D459	no accepted official reading
𭑚	U+2D45A	no accepted official reading
𭑛	U+2D45B	no accepted official reading
𭑝	U+2D45D	no accepted official reading
𭑠	U+2D460	no accepted official reading
𭑡	U+2D461	no accepted official reading
𭑢	U+2D462	no accepted official reading
𭑣	U+2D463	no accepted official reading
𭑤	U+2D464	no accepted official reading
𭑧	U+2D467	no accepted official reading
𭑨	U+2D468	no accepted official reading
𭑩	U+2D469	no accepted official reading
𭑪	U+2D46A	no accepted official reading
𭑬	U+2D46C	no accepted official reading
𭑭	U+2D46D	no accepted official reading
𭑮	U+2D46E	no accepted official reading
𭑯	U+2D46F	no accepted official reading
𭑰	U+2D470	no accepted official reading
𭑱	U+2D471	no accepted official reading
𭑲	U+2D472	no accepted official reading
𭑳	U+2D473	no accepted official reading
𭑴	U+2D474	no accepted official reading
𭑵	U+2D475	no accepted official reading
𭑶	U+2D476	no accepted official reading
𭑷	U+2D477	no accepted official reading
𭑸	U+2D478	no accepted official reading
𭑹	U+2D479	no accepted official reading
𭑺	U+2D47A	no accepted official reading
𭑻	U+2D47B	no accepted official reading
𭑼	U+2D47C	no accepted official reading
𭑽	U+2D47D	no accepted official reading
𭒀	U+2D480	no accepted official reading
𭒁	U+2D481	no accepted official reading
𭒂	U+2D482	no accepted official reading
𭒃	U+2D483	no accepted official reading
𭒄	U+2D484	no accepted official reading
𭒅	U+2D485	no accepted official reading
𭒆	U+2D486	no accepted official reading
𭒇	U+2D487	no accepted official reading
𭒈	U+2D488	no accepted official reading
𭒉	U+2D489	no accepted official reading
𭒊	U+2D48A	no accepted official reading
𭒋	U+2D48B	no accepted official reading
𭒌	U+2D48C	no accepted official reading
𭒍	U+2D48D	no accepted official reading
𭒎	U+2D48E	no accepted official reading
𭒏	U+2D48F	no accepted official reading
𭒑	U+2D491	no accepted official reading
𭒒	U+2D492	no accepted official reading
𭒓	U+2D493	no accepted official reading
𭒔	U+2D494	no accepted official reading
𭒕	U+2D495	no accepted official reading
𭒗	U+2D497	no accepted official reading
𭒙	U+2D499	no accepted official reading
𭒚	U+2D49A	no accepted official reading
𭒛	U+2D49B	no accepted official reading
𭒜	U+2D49C	no accepted official reading
𭒝	U+2D49D	no accepted official reading
𭒞	U+2D49E	no accepted official reading
𭒟	U+2D49F	no accepted official reading
𭒠	U+2D4A0	no accepted official reading
𭒢	U+2D4A2	no accepted official reading
𭒣	U+2D4A3	no accepted official reading
𭒥	U+2D4A5	no accepted official reading
𭒦	U+2D4A6	no accepted official reading
𭒧	U+2D4A7	no accepted official reading
𭒨	U+2D4A8	no accepted official reading
𭒩	U+2D4A9	no accepted official reading
𭒪	U+2D4AA	no accepted official reading
𭒫	U+2D4AB	no accepted official reading
𭒬	U+2D4AC	no accepted official reading
𭒭	U+2D4AD	no accepted official reading
𭒮	U+2D4AE	no accepted official reading
𭒯	U+2D4AF	no accepted official reading
𭒰	U+2D4B0	no accepted official reading
𭒱	U+2D4B1	no accepted official reading
𭒲	U+2D4B2	no accepted official reading
𭒴	U+2D4B4	no accepted official reading
𭒶	U+2D4B6	no accepted official reading
𭒷	U+2D4B7	no accepted official reading
𭒸	U+2D4B8	no accepted official reading
𭒹	U+2D4B9	no accepted official reading
𭒺	U+2D4BA	no accepted official reading
𭒻	U+2D4BB	no accepted official reading
𭒼	U+2D4BC	no accepted official reading
𭒽	U+2D4BD	no accepted official reading
𭒾	U+2D4BE	no accepted official reading
𭒿	U+2D4BF	no accepted official reading
𭓀	U+2D4C0	no accepted official reading
𭓁	U+2D4C1	no accepted official reading
𭓂	U+2D4C2	no accepted official reading
𭓃	U+2D4C3	no accepted official reading
𭓄	U+2D4C4	no accepted official reading
𭓅	U+2D4C5	no accepted official reading
𭓆	U+2D4C6	no accepted official reading
𭓈	U+2D4C8	no accepted official reading
𭓉	U+2D4C9	no accepted official reading
𭓊	U+2D4CA	no accepted official reading
𭓌	U+2D4CC	no accepted official reading
𭓍	U+2D4CD	no accepted official reading
𭓎	U+2D4CE	no accepted official reading
𭓏	U+2D4CF	no accepted official reading
𭓐	U+2D4D0	no accepted official reading
𭓑	U+2D4D1	no accepted official reading
𭓒	U+2D4D2	no accepted official reading
𭓓	U+2D4D3	no accepted official reading
𭓖	U+2D4D6	no accepted official reading
𭓗	U+2D4D7	no accepted official reading
𭓙	U+2D4D9	no accepted official reading
𭓚	U+2D4DA	no accepted official reading
𭓛	U+2D4DB	no accepted official reading
𭓜	U+2D4DC	no accepted official reading
𭓝	U+2D4DD	no accepted official reading
𭓞	U+2D4DE	no accepted official reading
𭓟	U+2D4DF	no accepted official reading
𭓠	U+2D4E0	no accepted official reading
𭓡	U+2D4E1	no accepted official reading
𭓣	U+2D4E3	no accepted official reading
𭓤	U+2D4E4	no accepted official reading
𭓥	U+2D4E5	no accepted official reading
𭓦	U+2D4E6	no accepted official reading
𭓧	U+2D4E7	no accepted official reading
𭓨	U+2D4E8	no accepted official reading
𭓪	U+2D4EA	no accepted official reading
𭓫	U+2D4EB	no accepted official reading
𭓬	U+2D4EC	no accepted official reading
𭓭	U+2D4ED	no accepted official reading
𭓮	U+2D4EE	no accepted official reading
𭓯	U+2D4EF	no accepted official reading
𭓰	U+2D4F0	no accepted official reading
𭓱	U+2D4F1	no accepted official reading
𭓲	U+2D4F2	no accepted official reading
𭓳	U+2D4F3	no accepted official reading
𭓴	U+2D4F4	no accepted official reading
𭓵	U+2D4F5	no accepted official reading
𭓶	U+2D4F6	no accepted official reading
𭓷	U+2D4F7	no accepted official reading
𭓸	U+2D4F8	no accepted official reading
𭓹	U+2D4F9	no accepted official reading
𭓺	U+2D4FA	no accepted official reading
𭓻	U+2D4FB	no accepted official reading
𭓼	U+2D4FC	no accepted official reading
𭓾	U+2D4FE	no accepted official reading
𭓿	U+2D4FF	no accepted official reading
𭔁	U+2D501	no accepted official reading
𭔂	U+2D502	no accepted official reading
𭔃	U+2D503	no accepted official reading
𭔄	U+2D504	no accepted official reading
𭔅	U+2D505	no accepted official reading
𭔆	U+2D506	no accepted official reading
𭔇	U+2D507	no accepted official reading
𭔈	U+2D508	no accepted official reading
𭔉	U+2D509	no accepted official reading
𭔊	U+2D50A	no accepted official reading
𭔋	U+2D50B	no accepted official reading
𭔎	U+2D50E	no accepted official reading
𭔏	U+2D50F	no accepted official reading
𭔐	U+2D510	no accepted official reading
𭔑	U+2D511	no accepted official reading
𭔒	U+2D512	no accepted official reading
𭔓	U+2D513	no accepted official reading
𭔕	U+2D515	no accepted official reading
𭔖	U+2D516	no accepted official reading
𭔗	U+2D517	no accepted official reading
𭔘	U+2D518	no accepted official reading
𭔚	U+2D51A	no accepted official reading
𭔛	U+2D51B	no accepted official reading
𭔜	U+2D51C	no accepted official reading
𭔝	U+2D51D	no accepted official reading
𭔟	U+2D51F	no accepted official reading
𭔠	U+2D520	no accepted official reading
𭔢	U+2D522	no accepted official reading
𭔩	U+2D529	no accepted official reading
𭔪	U+2D52A	no accepted official reading
𭔫	U+2D52B	no accepted official reading
𭔭	U+2D52D	no accepted official reading
𭔯	U+2D52F	no accepted official reading
𭔰	U+2D530	no accepted official reading
𭔲	U+2D532	no accepted official reading
𭔳	U+2D533	no accepted official reading
𭔴	U+2D534	no accepted official reading
𭔶	U+2D536	no accepted official reading
𭔷	U+2D537	no accepted official reading
𭔹	U+2D539	no accepted official reading
𭔺	U+2D53A	no accepted official reading
𭔻	U+2D53B	no accepted official reading
𭔼	U+2D53C	no accepted official reading
𭔾	U+2D53E	no accepted official reading
𭕀	U+2D540	no accepted official reading
𭕁	U+2D541	no accepted official reading
𭕂	U+2D542	no accepted official reading
𭕃	U+2D543	no accepted official reading
𭕅	U+2D545	no accepted official reading
𭕇	U+2D547	no accepted official reading
𭕈	U+2D548	no accepted official reading
𭕉	U+2D549	no accepted official reading
𭕊	U+2D54A	no accepted official reading
𭕌	U+2D54C	no accepted official reading
𭕍	U+2D54D	no accepted official reading
𭕎	U+2D54E	no accepted official reading
𭕏	U+2D54F	no accepted official reading
𭕐	U+2D550	no accepted official reading
𭕑	U+2D551	no accepted official reading
𭕒	U+2D552	no accepted official reading
𭕓	U+2D553	no accepted official reading
𭕔	U+2D554	no accepted official reading
𭕕	U+2D555	no accepted official reading
𭕖	U+2D556	no accepted official reading
𭕗	U+2D557	no accepted official reading
𭕘	U+2D558	no accepted official reading
𭕙	U+2D559	no accepted official reading
𭕚	U+2D55A	no accepted official reading
𭕛	U+2D55B	no accepted official reading
𭕜	U+2D55C	no accepted official reading
𭕝	U+2D55D	no accepted official reading
𭕟	U+2D55F	no accepted official reading
𭕠	U+2D560	no accepted official reading
𭕡	U+2D561	no accepted official reading
𭕢	U+2D562	no accepted official reading
𭕣	U+2D563	no accepted official reading
𭕤	U+2D564	no accepted official reading
𭕥	U+2D565	no accepted official reading
𭕦	U+2D566	no accepted official reading
𭕧	U+2D567	no accepted official reading
𭕨	U+2D568	no accepted official reading
𭕩	U+2D569	no accepted official reading
𭕪	U+2D56A	no accepted official reading
𭕫	U+2D56B	no accepted official reading
𭕬	U+2D56C	no accepted official reading
𭕭	U+2D56D	no accepted official reading
𭕮	U+2D56E	no accepted official reading
𭕯	U+2D56F	no accepted official reading
𭕱	U+2D571	no accepted official reading
𭕲	U+2D572	no accepted official reading
𭕳	U+2D573	no accepted official reading
𭕴	U+2D574	no accepted official reading
𭕵	U+2D575	no accepted official reading
𭕷	U+2D577	no accepted official reading
𭕸	U+2D578	no accepted official reading
𭕹	U+2D579	no accepted official reading
𭕺	U+2D57A	no accepted official reading
𭕻	U+2D57B	no accepted official reading
𭕼	U+2D57C	no accepted official reading
𭕽	U+2D57D	no accepted official reading
𭖁	U+2D581	no accepted official reading
𭖂	U+2D582	no accepted official reading
𭖃	U+2D583	no accepted official reading
𭖄	U+2D584	no accepted official reading
𭖅	U+2D585	no accepted official reading
𭖆	U+2D586	no accepted official reading
𭖇	U+2D587	no accepted official reading
𭖈	U+2D588	no accepted official reading
𭖉	U+2D589	no accepted official reading
𭖊	U+2D58A	no accepted official reading
𭖋	U+2D58B	no accepted official reading
𭖌	U+2D58C	no accepted official reading
𭖍	U+2D58D	no accepted official reading
𭖎	U+2D58E	no accepted official reading
𭖏	U+2D58F	no accepted official reading
𭖐	U+2D590	no accepted official reading
𭖑	U+2D591	no accepted official reading
𭖒	U+2D592	no accepted official reading
𭖓	U+2D593	no accepted official reading
𭖔	U+2D594	no accepted official reading
𭖕	U+2D595	no accepted official reading
𭖖	U+2D596	no accepted official reading
𭖗	U+2D597	no accepted official reading
𭖘	U+2D598	no accepted official reading
𭖙	U+2D599	no accepted official reading
𭖚	U+2D59A	no accepted official reading
𭖛	U+2D59B	no accepted official reading
𭖜	U+2D59C	no accepted official reading
𭖝	U+2D59D	no accepted official reading
𭖞	U+2D59E	no accepted official reading
𭖟	U+2D59F	no accepted official reading
𭖡	U+2D5A1	no accepted official reading
𭖢	U+2D5A2	no accepted official reading
𭖣	U+2D5A3	no accepted official reading
𭖤	U+2D5A4	no accepted official reading
𭖦	U+2D5A6	no accepted official reading
𭖧	U+2D5A7	no accepted official reading
𭖨	U+2D5A8	no accepted official reading
𭖩	U+2D5A9	no accepted official reading
𭖪	U+2D5AA	no accepted official reading
𭖬	U+2D5AC	no accepted official reading
𭖭	U+2D5AD	no accepted official reading
𭖯	U+2D5AF	no accepted official reading
𭖰	U+2D5B0	no accepted official reading
𭖱	U+2D5B1	no accepted official reading
𭖳	U+2D5B3	no accepted official reading
𭖵	U+2D5B5	no accepted official reading
𭖶	U+2D5B6	no accepted official reading
𭖷	U+2D5B7	no accepted official reading
𭖸	U+2D5B8	no accepted official reading
𭖹	U+2D5B9	no accepted official reading
𭖻	U+2D5BB	no accepted official reading
𭖽	U+2D5BD	no accepted official reading
𭖿	U+2D5BF	no accepted official reading
𭗀	U+2D5C0	no accepted official reading
𭗁	U+2D5C1	no accepted official reading
𭗂	U+2D5C2	no accepted official reading
𭗃	U+2D5C3	no accepted official reading
𭗄	U+2D5C4	no accepted official reading
𭗅	U+2D5C5	no accepted official reading
𭗆	U+2D5C6	no accepted official reading
𭗇	U+2D5C7	no accepted official reading
𭗉	U+2D5C9	no accepted official reading
𭗋	U+2D5CB	no accepted official reading
𭗍	U+2D5CD	no accepted official reading
𭗎	U+2D5CE	no accepted official reading
𭗏	U+2D5CF	no accepted official reading
𭗐	U+2D5D0	no accepted official reading
𭗑	U+2D5D1	no accepted official reading
𭗓	U+2D5D3	no accepted official reading
𭗔	U+2D5D4	no accepted official reading
𭗕	U+2D5D5	no accepted official reading
𭗖	U+2D5D6	no accepted official reading
𭗗	U+2D5D7	no accepted official reading
𭗘	U+2D5D8	no accepted official reading
𭗙	U+2D5D9	no accepted official reading
𭗜	U+2D5DC	no accepted official reading
𭗝	U+2D5DD	no accepted official reading
𭗞	U+2D5DE	no accepted official reading
𭗠	U+2D5E0	no accepted official reading
𭗢	U+2D5E2	no accepted official reading
𭗣	U+2D5E3	no accepted official reading
𭗤	U+2D5E4	no accepted official reading
𭗥	U+2D5E5	no accepted official reading
𭗦	U+2D5E6	no accepted official reading
𭗧	U+2D5E7	no accepted official reading
𭗨	U+2D5E8	no accepted official reading
𭗩	U+2D5E9	no accepted official reading
𭗫	U+2D5EB	no accepted official reading
𭗬	U+2D5EC	no accepted official reading
𭗭	U+2D5ED	no accepted official reading
𭗮	U+2D5EE	no accepted official reading
𭗯	U+2D5EF	no accepted official reading
𭗰	U+2D5F0	no accepted official reading
𭗲	U+2D5F2	no accepted official reading
𭗴	U+2D5F4	no accepted official reading
𭗵	U+2D5F5	no accepted official reading
𭗶	U+2D5F6	no accepted official reading
𭗷	U+2D5F7	no accepted official reading
𭗹	U+2D5F9	no accepted official reading
𭗺	U+2D5FA	no accepted official reading
𭗼	U+2D5FC	no accepted official reading
𭗽	U+2D5FD	no accepted official reading
𭗾	U+2D5FE	no accepted official reading
𭗿	U+2D5FF	no accepted official reading
𭘀	U+2D600	no accepted official reading
𭘁	U+2D601	no accepted official reading
𭘂	U+2D602	no accepted official reading
𭘃	U+2D603	no accepted official reading
𭘄	U+2D604	no accepted official reading
𭘅	U+2D605	no accepted official reading
𭘆	U+2D606	no accepted official reading
𭘇	U+2D607	no accepted official reading
𭘈	U+2D608	no accepted official reading
𭘉	U+2D609	no accepted official reading
𭘊	U+2D60A	no accepted official reading
𭘋	U+2D60B	no accepted official reading
𭘌	U+2D60C	no accepted official reading
𭘍	U+2D60D	no accepted official reading
𭘎	U+2D60E	no accepted official reading
𭘏	U+2D60F	no accepted official reading
𭘐	U+2D610	no accepted official reading
𭘒	U+2D612	no accepted official reading
𭘔	U+2D614	no accepted official reading
𭘕	U+2D615	no accepted official reading
𭘖	U+2D616	no accepted official reading
𭘗	U+2D617	no accepted official reading
𭘘	U+2D618	no accepted official reading
𭘙	U+2D619	no accepted official reading
𭘚	U+2D61A	no accepted official reading
𭘛	U+2D61B	no accepted official reading
𭘜	U+2D61C	no accepted official reading
𭘝	U+2D61D	no accepted official reading
𭘞	U+2D61E	no accepted official reading
𭘟	U+2D61F	no accepted official reading
𭘠	U+2D620	no accepted official reading
𭘢	U+2D622	no accepted official reading
𭘣	U+2D623	no accepted official reading
𭘤	U+2D624	no accepted official reading
𭘥	U+2D625	no accepted official reading
𭘦	U+2D626	no accepted official reading
𭘧	U+2D627	no accepted official reading
𭘨	U+2D628	no accepted official reading
𭘩	U+2D629	no accepted official reading
𭘪	U+2D62A	no accepted official reading
𭘫	U+2D62B	no accepted official reading
𭘬	U+2D62C	no accepted official reading
𭘭	U+2D62D	no accepted official reading
𭘯	U+2D62F	no accepted official reading
𭘰	U+2D630	no accepted official reading
𭘱	U+2D631	no accepted official reading
𭘲	U+2D632	no accepted official reading
𭘳	U+2D633	no accepted official reading
𭘴	U+2D634	no accepted official reading
𭘵	U+2D635	no accepted official reading
𭘶	U+2D636	no accepted official reading
𭘸	U+2D638	no accepted official reading
𭘹	U+2D639	no accepted official reading
𭘺	U+2D63A	no accepted official reading
𭘻	U+2D63B	no accepted official reading
𭘼	U+2D63C	no accepted official reading
𭘽	U+2D63D	no accepted official reading
𭘾	U+2D63E	no accepted official reading
𭘿	U+2D63F	no accepted official reading
𭙀	U+2D640	no accepted official reading
𭙂	U+2D642	no accepted official reading
𭙃	U+2D643	no accepted official reading
𭙄	U+2D644	no accepted official reading
𭙅	U+2D645	no accepted official reading
𭙆	U+2D646	no accepted official reading
𭙇	U+2D647	no accepted official reading
𭙈	U+2D648	no accepted official reading
𭙉	U+2D649	no accepted official reading
𭙊	U+2D64A	no accepted official reading
𭙍	U+2D64D	no accepted official reading
𭙎	U+2D64E	no accepted official reading
𭙏	U+2D64F	no accepted official reading
𭙐	U+2D650	no accepted official reading
𭙒	U+2D652	no accepted official reading
𭙓	U+2D653	no accepted official reading
𭙔	U+2D654	no accepted official reading
𭙕	U+2D655	no accepted official reading
𭙖	U+2D656	no accepted official reading
𭙗	U+2D657	no accepted official reading
𭙘	U+2D658	no accepted official reading
𭙚	U+2D65A	no accepted official reading
𭙛	U+2D65B	no accepted official reading
𭙜	U+2D65C	no accepted official reading
𭙝	U+2D65D	no accepted official reading
𭙞	U+2D65E	no accepted official reading
𭙟	U+2D65F	no accepted official reading
𭙠	U+2D660	no accepted official reading
𭙡	U+2D661	no accepted official reading
𭙢	U+2D662	no accepted official reading
𭙣	U+2D663	no accepted official reading
𭙤	U+2D664	no accepted official reading
𭙥	U+2D665	no accepted official reading
𭙦	U+2D666	no accepted official reading
𭙨	U+2D668	no accepted official reading
𭙩	U+2D669	no accepted official reading
𭙪	U+2D66A	no accepted official reading
𭙬	U+2D66C	no accepted official reading
𭙭	U+2D66D	no accepted official reading
𭙮	U+2D66E	no accepted official reading
𭙰	U+2D670	no accepted official reading
𭙲	U+2D672	no accepted official reading
𭙳	U+2D673	no accepted official reading
𭙴	U+2D674	no accepted official reading
𭙵	U+2D675	no accepted official reading
𭙶	U+2D676	no accepted official reading
𭙷	U+2D677	no accepted official reading
𭙸	U+2D678	no accepted official reading
𭙹	U+2D679	no accepted official reading
𭙻	U+2D67B	no accepted official reading
𭙼	U+2D67C	no accepted official reading
𭙽	U+2D67D	no accepted official reading
𭚆	U+2D686	no accepted official reading
𭚈	U+2D688	no accepted official reading
𭚉	U+2D689	no accepted official reading
𭚊	U+2D68A	no accepted official reading
𭚌	U+2D68C	no accepted official reading
𭚏	U+2D68F	no accepted official reading
𭚐	U+2D690	no accepted official reading
𭚑	U+2D691	no accepted official reading
𭚒	U+2D692	no accepted official reading
𭚓	U+2D693	no accepted official reading
𭚔	U+2D694	no accepted official reading
𭚕	U+2D695	no accepted official reading
𭚖	U+2D696	no accepted official reading
𭚘	U+2D698	no accepted official reading
𭚙	U+2D699	no accepted official reading
𭚚	U+2D69A	no accepted official reading
𭚛	U+2D69B	no accepted official reading
𭚜	U+2D69C	no accepted official reading
𭚝	U+2D69D	no accepted official reading
𭚟	U+2D69F	no accepted official reading
𭚠	U+2D6A0	no accepted official reading
𭚢	U+2D6A2	no accepted official reading
𭚣	U+2D6A3	no accepted official reading
𭚧	U+2D6A7	no accepted official reading
𭚩	U+2D6A9	no accepted official reading
𭚪	U+2D6AA	no accepted official reading
𭚫	U+2D6AB	no accepted official reading
𭚬	U+2D6AC	no accepted official reading
𭚭	U+2D6AD	no accepted official reading
𭚮	U+2D6AE	no accepted official reading
𭚯	U+2D6AF	no accepted official reading
𭚰	U+2D6B0	no accepted official reading
𭚲	U+2D6B2	no accepted official reading
𭚳	U+2D6B3	no accepted official reading
𭚴	U+2D6B4	no accepted official reading
𭚵	U+2D6B5	no accepted official reading
𭚶	U+2D6B6	no accepted official reading
𭚸	U+2D6B8	no accepted official reading
𭚹	U+2D6B9	no accepted official reading
𭚺	U+2D6BA	no accepted official reading
𭚻	U+2D6BB	no accepted official reading
𭚼	U+2D6BC	no accepted official reading
𭚽	U+2D6BD	no accepted official reading
𭚾	U+2D6BE	no accepted official reading
𭚿	U+2D6BF	no accepted official reading
𭛀	U+2D6C0	no accepted official reading
𭛂	U+2D6C2	no accepted official reading
𭛃	U+2D6C3	no accepted official reading
𭛅	U+2D6C5	no accepted official reading
𭛆	U+2D6C6	no accepted official reading
𭛇	U+2D6C7	no accepted official reading
𭛈	U+2D6C8	no accepted official reading
𭛉	U+2D6C9	no accepted official reading
𭛊	U+2D6CA	no accepted official reading
𭛋	U+2D6CB	no accepted official reading
𭛌	U+2D6CC	no accepted official reading
𭛍	U+2D6CD	no accepted official reading
𭛎	U+2D6CE	no accepted official reading
𭛏	U+2D6CF	no accepted official reading
𭛐	U+2D6D0	no accepted official reading
𭛑	U+2D6D1	no accepted official reading
𭛒	U+2D6D2	no accepted official reading
𭛓	U+2D6D3	no accepted official reading
𭛔	U+2D6D4	no accepted official reading
𭛕	U+2D6D5	no accepted official reading
𭛖	U+2D6D6	no accepted official reading
𭛗	U+2D6D7	no accepted official reading
𭛘	U+2D6D8	no accepted official reading
𭛙	U+2D6D9	no accepted official reading
𭛚	U+2D6DA	no accepted official reading
𭛜	U+2D6DC	no accepted official reading
𭛞	U+2D6DE	no accepted official reading
𭛟	U+2D6DF	no accepted official reading
𭛠	U+2D6E0	no accepted official reading
𭛡	U+2D6E1	no accepted official reading
𭛢	U+2D6E2	no accepted official reading
𭛤	U+2D6E4	no accepted official reading
𭛥	U+2D6E5	no accepted official reading
𭛦	U+2D6E6	no accepted official reading
𭛧	U+2D6E7	no accepted official reading
𭛪	U+2D6EA	no accepted official reading
𭛫	U+2D6EB	no accepted official reading
𭛬	U+2D6EC	no accepted official reading
𭛭	U+2D6ED	no accepted official reading
𭛮	U+2D6EE	no accepted official reading
𭛯	U+2D6EF	no accepted official reading
𭛰	U+2D6F0	no accepted official reading
𭛱	U+2D6F1	no accepted official reading
𭛳	U+2D6F3	no accepted official reading
𭛴	U+2D6F4	no accepted official reading
𭛵	U+2D6F5	no accepted official reading
𭛶	U+2D6F6	no accepted official reading
𭛷	U+2D6F7	no accepted official reading
𭛹	U+2D6F9	no accepted official reading
𭛺	U+2D6FA	no accepted official reading
𭛻	U+2D6FB	no accepted official reading
𭛼	U+2D6FC	no accepted official reading
𭛽	U+2D6FD	no accepted official reading
𭛾	U+2D6FE	no accepted official reading
𭜀	U+2D700	no accepted official reading
𭜁	U+2D701	no accepted official reading
𭜂	U+2D702	no accepted official reading
𭜃	U+2D703	no accepted official reading
𭜄	U+2D704	no accepted official reading
𭜅	U+2D705	no accepted official reading
𭜆	U+2D706	no accepted official reading
𭜈	U+2D708	no accepted official reading
𭜉	U+2D709	no accepted official reading
𭜊	U+2D70A	no accepted official reading
𭜋	U+2D70B	no accepted official reading
𭜌	U+2D70C	no accepted official reading
𭜍	U+2D70D	no accepted official reading
𭜐	U+2D710	no accepted official reading
𭜑	U+2D711	no accepted official reading
𭜒	U+2D712	no accepted official reading
𭜓	U+2D713	no accepted official reading
𭜔	U+2D714	no accepted official reading
𭜕	U+2D715	no accepted official reading
𭜖	U+2D716	no accepted official reading
𭜗	U+2D717	no accepted official reading
𭜘	U+2D718	no accepted official reading
𭜙	U+2D719	no accepted official reading
𭜚	U+2D71A	no accepted official reading
𭜛	U+2D71B	no accepted official reading
𭜜	U+2D71C	no accepted official reading
𭜝	U+2D71D	no accepted official reading
𭜞	U+2D71E	no accepted official reading
𭜟	U+2D71F	no accepted official reading
𭜠	U+2D720	no accepted official reading
𭜡	U+2D721	no accepted official reading
𭜢	U+2D722	no accepted official reading
𭜣	U+2D723	no accepted official reading
𭜦	U+2D726	no accepted official reading
𭜧	U+2D727	no accepted official reading
𭜨	U+2D728	no accepted official reading
𭜩	U+2D729	no accepted official reading
𭜪	U+2D72A	no accepted official reading
𭜫	U+2D72B	no accepted official reading
𭜬	U+2D72C	no accepted official reading
𭜭	U+2D72D	no accepted official reading
𭜮	U+2D72E	no accepted official reading
𭜯	U+2D72F	no accepted official reading
𭜰	U+2D730	no accepted official reading
𭜱	U+2D731	no accepted official reading
𭜲	U+2D732	no accepted official reading
𭜴	U+2D734	no accepted official reading
𭜵	U+2D735	no accepted official reading
𭜶	U+2D736	no accepted official reading
𭜸	U+2D738	no accepted official reading
𭜹	U+2D739	no accepted official reading
𭜺	U+2D73A	no accepted official reading
𭜻	U+2D73B	no accepted official reading
𭜼	U+2D73C	no accepted official reading
𭜽	U+2D73D	no accepted official reading
𭜾	U+2D73E	no accepted official reading
𭜿	U+2D73F	no accepted official reading
𭝀	U+2D740	no accepted official reading
𭝁	U+2D741	no accepted official reading
𭝂	U+2D742	no accepted official reading
𭝃	U+2D743	no accepted official reading
𭝄	U+2D744	no accepted official reading
𭝅	U+2D745	no accepted official reading
𭝈	U+2D748	no accepted official reading
𭝉	U+2D749	no accepted official reading
𭝌	U+2D74C	no accepted official reading
𭝍	U+2D74D	no accepted official reading
𭝎	U+2D74E	no accepted official reading
𭝐	U+2D750	no accepted official reading
𭝑	U+2D751	no accepted official reading
𭝒	U+2D752	no accepted official reading
𭝓	U+2D753	no accepted official reading
𭝔	U+2D754	no accepted official reading
𭝕	U+2D755	no accepted official reading
𭝖	U+2D756	no accepted official reading
𭝗	U+2D757	no accepted official reading
𭝘	U+2D758	no accepted official reading
𭝙	U+2D759	no accepted official reading
𭝚	U+2D75A	no accepted official reading
𭝛	U+2D75B	no accepted official reading
𭝝	U+2D75D	no accepted official reading
𭝞	U+2D75E	no accepted official reading
𭝟	U+2D75F	no accepted official reading
𭝠	U+2D760	no accepted official reading
𭝡	U+2D761	no accepted official reading
𭝢	U+2D762	no accepted official reading
𭝣	U+2D763	no accepted official reading
𭝤	U+2D764	no accepted official reading
𭝥	U+2D765	no accepted official reading
𭝦	U+2D766	no accepted official reading
𭝧	U+2D767	no accepted official reading
𭝨	U+2D768	no accepted official reading
𭝫	U+2D76B	no accepted official reading
𭝬	U+2D76C	no accepted official reading
𭝭	U+2D76D	no accepted official reading
𭝮	U+2D76E	no accepted official reading
𭝯	U+2D76F	no accepted official reading
𭝰	U+2D770	no accepted official reading
𭝱	U+2D771	no accepted official reading
𭝴	U+2D774	no accepted official reading
𭝵	U+2D775	no accepted official reading
𭝷	U+2D777	no accepted official reading
𭝹	U+2D779	no accepted official reading
𭝻	U+2D77B	no accepted official reading
𭝼	U+2D77C	no accepted official reading
𭝽	U+2D77D	no accepted official reading
𭝾	U+2D77E	no accepted official reading
𭝿	U+2D77F	no accepted official reading
𭞀	U+2D780	no accepted official reading
𭞁	U+2D781	no accepted official reading
𭞂	U+2D782	no accepted official reading
𭞃	U+2D783	no accepted official reading
𭞅	U+2D785	no accepted official reading
𭞆	U+2D786	no accepted official reading
𭞇	U+2D787	no accepted official reading
𭞈	U+2D788	no accepted official reading
𭞊	U+2D78A	no accepted official reading
𭞌	U+2D78C	no accepted official reading
𭞍	U+2D78D	no accepted official reading
𭞎	U+2D78E	no accepted official reading
𭞏	U+2D78F	no accepted official reading
𭞒	U+2D792	no accepted official reading
𭞓	U+2D793	no accepted official reading
𭞔	U+2D794	no accepted official reading
𭞕	U+2D795	no accepted official reading
𭞖	U+2D796	no accepted official reading
𭞙	U+2D799	no accepted official reading
𭞚	U+2D79A	no accepted official reading
𭞛	U+2D79B	no accepted official reading
𭞝	U+2D79D	no accepted official reading
𭞟	U+2D79F	no accepted official reading
𭞡	U+2D7A1	no accepted official reading
𭞣	U+2D7A3	no accepted official reading
𭞤	U+2D7A4	no accepted official reading
𭞦	U+2D7A6	no accepted official reading
𭞧	U+2D7A7	no accepted official reading
𭞨	U+2D7A8	no accepted official reading
𭞪	U+2D7AA	no accepted official reading
𭞭	U+2D7AD	no accepted official reading
𭞮	U+2D7AE	no accepted official reading
𭞯	U+2D7AF	no accepted official reading
𭞰	U+2D7B0	no accepted official reading
𭞱	U+2D7B1	no accepted official reading
𭞲	U+2D7B2	no accepted official reading
𭞳	U+2D7B3	no accepted official reading
𭞴	U+2D7B4	no accepted official reading
𭞵	U+2D7B5	no accepted official reading
𭞶	U+2D7B6	no accepted official reading
𭞷	U+2D7B7	no accepted official reading
𭞸	U+2D7B8	no accepted official reading
𭞹	U+2D7B9	no accepted official reading
𭞻	U+2D7BB	no accepted official reading
𭞼	U+2D7BC	no accepted official reading
𭞽	U+2D7BD	no accepted official reading
𭞿	U+2D7BF	no accepted official reading
𭟁	U+2D7C1	no accepted official reading
𭟂	U+2D7C2	no accepted official reading
𭟄	U+2D7C4	no accepted official reading
𭟇	U+2D7C7	no accepted official reading
𭟈	U+2D7C8	no accepted official reading
𭟉	U+2D7C9	no accepted official reading
𭟊	U+2D7CA	no accepted official reading
𭟌	U+2D7CC	no accepted official reading
𭟍	U+2D7CD	no accepted official reading
𭟎	U+2D7CE	no accepted official reading
𭟏	U+2D7CF	no accepted official reading
𭟐	U+2D7D0	no accepted official reading
𭟑	U+2D7D1	no accepted official reading
𭟒	U+2D7D2	no accepted official reading
𭟓	U+2D7D3	no accepted official reading
𭟕	U+2D7D5	no accepted official reading
𭟖	U+2D7D6	no accepted official reading
𭟗	U+2D7D7	no accepted official reading
𭟙	U+2D7D9	no accepted official reading
𭟛	U+2D7DB	no accepted official reading
𭟜	U+2D7DC	no accepted official reading
𭟞	U+2D7DE	no accepted official reading
𭟟	U+2D7DF	no accepted official reading
𭟠	U+2D7E0	no accepted official reading
𭟡	U+2D7E1	no accepted official reading
𭟣	U+2D7E3	no accepted official reading
𭟤	U+2D7E4	no accepted official reading
𭟥	U+2D7E5	no accepted official reading
𭟦	U+2D7E6	no accepted official reading
𭟧	U+2D7E7	no accepted official reading
𭟨	U+2D7E8	no accepted official reading
𭟪	U+2D7EA	no accepted official reading
𭟫	U+2D7EB	no accepted official reading
𭟬	U+2D7EC	no accepted official reading
𭟭	U+2D7ED	no accepted official reading
𭟮	U+2D7EE	no accepted official reading
𭟯	U+2D7EF	no accepted official reading
𭟰	U+2D7F0	no accepted official reading
𭟱	U+2D7F1	no accepted official reading
𭟲	U+2D7F2	no accepted official reading
𭟳	U+2D7F3	no accepted official reading
𭟵	U+2D7F5	no accepted official reading
𭟼	U+2D7FC	no accepted official reading
𭟿	U+2D7FF	no accepted official reading
𭠀	U+2D800	no accepted official reading
𭠁	U+2D801	no accepted official reading
𭠂	U+2D802	no accepted official reading
𭠃	U+2D803	no accepted official reading
𭠄	U+2D804	no accepted official reading
𭠅	U+2D805	no accepted official reading
𭠆	U+2D806	no accepted official reading
𭠇	U+2D807	no accepted official reading
𭠈	U+2D808	no accepted official reading
𭠉	U+2D809	no accepted official reading
𭠊	U+2D80A	no accepted official reading
𭠋	U+2D80B	no accepted official reading
𭠌	U+2D80C	no accepted official reading
𭠎	U+2D80E	no accepted official reading
𭠏	U+2D80F	no accepted official reading
𭠒	U+2D812	no accepted official reading
𭠓	U+2D813	no accepted official reading
𭠔	U+2D814	no accepted official reading
𭠕	U+2D815	no accepted official reading
𭠖	U+2D816	no accepted official reading
𭠗	U+2D817	no accepted official reading
𭠘	U+2D818	no accepted official reading
𭠚	U+2D81A	no accepted official reading
𭠜	U+2D81C	no accepted official reading
𭠝	U+2D81D	no accepted official reading
𭠞	U+2D81E	no accepted official reading
𭠟	U+2D81F	no accepted official reading
𭠢	U+2D822	no accepted official reading
𭠣	U+2D823	no accepted official reading
𭠤	U+2D824	no accepted official reading
𭠥	U+2D825	no accepted official reading
𭠦	U+2D826	no accepted official reading
𭠧	U+2D827	no accepted official reading
𭠨	U+2D828	no accepted official reading
𭠩	U+2D829	no accepted official reading
𭠪	U+2D82A	no accepted official reading
𭠫	U+2D82B	no accepted official reading
𭠬	U+2D82C	no accepted official reading
𭠭	U+2D82D	no accepted official reading
𭠮	U+2D82E	no accepted official reading
𭠯	U+2D82F	no accepted official reading
𭠰	U+2D830	no accepted official reading
𭠱	U+2D831	no accepted official reading
𭠲	U+2D832	no accepted official reading
𭠳	U+2D833	no accepted official reading
𭠴	U+2D834	no accepted official reading
𭠶	U+2D836	no accepted official reading
𭠷	U+2D837	no accepted official reading
𭠸	U+2D838	no accepted official reading
𭠹	U+2D839	no accepted official reading
𭠺	U+2D83A	no accepted official reading
𭠻	U+2D83B	no accepted official reading
𭠼	U+2D83C	no accepted official reading
𭠽	U+2D83D	no accepted official reading
𭠿	U+2D83F	no accepted official reading
𭡀	U+2D840	no accepted official reading
𭡁	U+2D841	no accepted official reading
𭡂	U+2D842	no accepted official reading
𭡃	U+2D843	no accepted official reading
𭡄	U+2D844	no accepted official reading
𭡅	U+2D845	no accepted official reading
𭡆	U+2D846	no accepted official reading
𭡇	U+2D847	no accepted official reading
𭡈	U+2D848	no accepted official reading
𭡉	U+2D849	no accepted official reading
𭡋	U+2D84B	no accepted official reading
𭡍	U+2D84D	no accepted official reading
𭡎	U+2D84E	no accepted official reading
𭡏	U+2D84F	no accepted official reading
𭡐	U+2D850	no accepted official reading
𭡒	U+2D852	no accepted official reading
𭡔	U+2D854	no accepted official reading
𭡕	U+2D855	no accepted official reading
𭡘	U+2D858	no accepted official reading
𭡙	U+2D859	no accepted official reading
𭡚	U+2D85A	no accepted official reading
𭡝	U+2D85D	no accepted official reading
𭡞	U+2D85E	no accepted official reading
𭡠	U+2D860	no accepted official reading
𭡡	U+2D861	no accepted official reading
𭡢	U+2D862	no accepted official reading
𭡤	U+2D864	no accepted official reading
𭡦	U+2D866	no accepted official reading
𭡧	U+2D867	no accepted official reading
𭡨	U+2D868	no accepted official reading
𭡩	U+2D869	no accepted official reading
𭡪	U+2D86A	no accepted official reading
𭡫	U+2D86B	no accepted official reading
𭡬	U+2D86C	no accepted official reading
𭡭	U+2D86D	no accepted official reading
𭡯	U+2D86F	no accepted official reading
𭡰	U+2D870	no accepted official reading
𭡲	U+2D872	no accepted official reading
𭡳	U+2D873	no accepted official reading
𭡴	U+2D874	no accepted official reading
𭡵	U+2D875	no accepted official reading
𭡶	U+2D876	no accepted official reading
𭡷	U+2D877	no accepted official reading
𭡸	U+2D878	no accepted official reading
𭡹	U+2D879	no accepted official reading
𭡺	U+2D87A	no accepted official reading
𭡻	U+2D87B	no accepted official reading
𭡼	U+2D87C	no accepted official reading
𭡽	U+2D87D	no accepted official reading
𭡾	U+2D87E	no accepted official reading
𭡿	U+2D87F	no accepted official reading
𭢀	U+2D880	no accepted official reading
𭢂	U+2D882	no accepted official reading
𭢄	U+2D884	no accepted official reading
𭢇	U+2D887	no accepted official reading
𭢈	U+2D888	no accepted official reading
𭢉	U+2D889	no accepted official reading
𭢊	U+2D88A	no accepted official reading
𭢋	U+2D88B	no accepted official reading
𭢌	U+2D88C	no accepted official reading
𭢍	U+2D88D	no accepted official reading
𭢎	U+2D88E	no accepted official reading
𭢏	U+2D88F	no accepted official reading
𭢐	U+2D890	no accepted official reading
𭢑	U+2D891	no accepted official reading
𭢒	U+2D892	no accepted official reading
𭢓	U+2D893	no accepted official reading
𭢔	U+2D894	no accepted official reading
𭢕	U+2D895	no accepted official reading
𭢗	U+2D897	no accepted official reading
𭢘	U+2D898	no accepted official reading
𭢚	U+2D89A	no accepted official reading
𭢛	U+2D89B	no accepted official reading
𭢜	U+2D89C	no accepted official reading
𭢝	U+2D89D	no accepted official reading
𭢞	U+2D89E	no accepted official reading
𭢟	U+2D89F	no accepted official reading
𭢠	U+2D8A0	no accepted official reading
𭢡	U+2D8A1	no accepted official reading
𭢣	U+2D8A3	no accepted official reading
𭢤	U+2D8A4	no accepted official reading
𭢥	U+2D8A5	no accepted official reading
𭢦	U+2D8A6	no accepted official reading
𭢧	U+2D8A7	no accepted official reading
𭢨	U+2D8A8	no accepted official reading
𭢩	U+2D8A9	no accepted official reading
𭢪	U+2D8AA	no accepted official reading
𭢫	U+2D8AB	no accepted official reading
𭢬	U+2D8AC	no accepted official reading
𭢭	U+2D8AD	no accepted official reading
𭢮	U+2D8AE	no accepted official reading
𭢯	U+2D8AF	no accepted official reading
𭢰	U+2D8B0	no accepted official reading
𭢱	U+2D8B1	no accepted official reading
𭢲	U+2D8B2	no accepted official reading
𭢳	U+2D8B3	no accepted official reading
𭢴	U+2D8B4	no accepted official reading
𭢵	U+2D8B5	no accepted official reading
𭢶	U+2D8B6	no accepted official reading
𭢸	U+2D8B8	no accepted official reading
𭢹	U+2D8B9	no accepted official reading
𭢺	U+2D8BA	no accepted official reading
𭢻	U+2D8BB	no accepted official reading
𭢼	U+2D8BC	no accepted official reading
𭢽	U+2D8BD	no accepted official reading
𭢿	U+2D8BF	no accepted official reading
𭣀	U+2D8C0	no accepted official reading
𭣁	U+2D8C1	no accepted official reading
𭣂	U+2D8C2	no accepted official reading
𭣃	U+2D8C3	no accepted official reading
𭣄	U+2D8C4	no accepted official reading
𭣅	U+2D8C5	no accepted official reading
𭣆	U+2D8C6	no accepted official reading
𭣉	U+2D8C9	no accepted official reading
𭣋	U+2D8CB	no accepted official reading
𭣍	U+2D8CD	no accepted official reading
𭣎	U+2D8CE	no accepted official reading
𭣏	U+2D8CF	no accepted official reading
𭣐	U+2D8D0	no accepted official reading
𭣑	U+2D8D1	no accepted official reading
𭣒	U+2D8D2	no accepted official reading
𭣓	U+2D8D3	no accepted official reading
𭣕	U+2D8D5	no accepted official reading
𭣖	U+2D8D6	no accepted official reading
𭣗	U+2D8D7	no accepted official reading
𭣘	U+2D8D8	no accepted official reading
𭣙	U+2D8D9	no accepted official reading
𭣛	U+2D8DB	no accepted official reading
𭣜	U+2D8DC	no accepted official reading
𭣝	U+2D8DD	no accepted official reading
𭣟	U+2D8DF	no accepted official reading
𭣠	U+2D8E0	no accepted official reading
𭣡	U+2D8E1	no accepted official reading
𭣣	U+2D8E3	no accepted official reading
𭣤	U+2D8E4	no accepted official reading
𭣥	U+2D8E5	no accepted official reading
𭣦	U+2D8E6	no accepted official reading
𭣨	U+2D8E8	no accepted official reading
𭣩	U+2D8E9	no accepted official reading
𭣫	U+2D8EB	no accepted official reading
𭣬	U+2D8EC	no accepted official reading
𭣭	U+2D8ED	no accepted official reading
𭣮	U+2D8EE	no accepted official reading
𭣯	U+2D8EF	no accepted official reading
𭣰	U+2D8F0	no accepted official reading
𭣱	U+2D8F1	no accepted official reading
𭣳	U+2D8F3	no accepted official reading
𭣴	U+2D8F4	no accepted official reading
𭣶	U+2D8F6	no accepted official reading
𭣷	U+2D8F7	no accepted official reading
𭣸	U+2D8F8	no accepted official reading
𭣺	U+2D8FA	no accepted official reading
𭣻	U+2D8FB	no accepted official reading
𭣼	U+2D8FC	no accepted official reading
𭣽	U+2D8FD	no accepted official reading
𭣿	U+2D8FF	no accepted official reading
𭤀	U+2D900	no accepted official reading
𭤂	U+2D902	no accepted official reading
𭤃	U+2D903	no accepted official reading
𭤄	U+2D904	no accepted official reading
𭤅	U+2D905	no accepted official reading
𭤆	U+2D906	no accepted official reading
𭤇	U+2D907	no accepted official reading
𭤈	U+2D908	no accepted official reading
𭤉	U+2D909	no accepted official reading
𭤊	U+2D90A	no accepted official reading
𭤌	U+2D90C	no accepted official reading
𭤍	U+2D90D	no accepted official reading
𭤑	U+2D911	no accepted official reading
𭤒	U+2D912	no accepted official reading
𭤔	U+2D914	no accepted official reading
𭤕	U+2D915	no accepted official reading
𭤖	U+2D916	no accepted official reading
𭤗	U+2D917	no accepted official reading
𭤘	U+2D918	no accepted official reading
𭤙	U+2D919	no accepted official reading
𭤚	U+2D91A	no accepted official reading
𭤛	U+2D91B	no accepted official reading
𭤜	U+2D91C	no accepted official reading
𭤝	U+2D91D	no accepted official reading
𭤞	U+2D91E	no accepted official reading
𭤠	U+2D920	no accepted official reading
𭤡	U+2D921	no accepted official reading
𭤢	U+2D922	no accepted official reading
𭤤	U+2D924	no accepted official reading
𭤦	U+2D926	no accepted official reading
𭤧	U+2D927	no accepted official reading
𭤨	U+2D928	no accepted official reading
𭤩	U+2D929	no accepted official reading
𭤫	U+2D92B	no accepted official reading
𭤬	U+2D92C	no accepted official reading
𭤭	U+2D92D	no accepted official reading
𭤮	U+2D92E	no accepted official reading
𭤯	U+2D92F	no accepted official reading
𭤱	U+2D931	no accepted official reading
𭤲	U+2D932	no accepted official reading
𭤳	U+2D933	no accepted official reading
𭤴	U+2D934	no accepted official reading
𭤵	U+2D935	no accepted official reading
𭤶	U+2D936	no accepted official reading
𭤷	U+2D937	no accepted official reading
𭤸	U+2D938	no accepted official reading
𭤹	U+2D939	no accepted official reading
𭤺	U+2D93A	no accepted official reading
𭤼	U+2D93C	no accepted official reading
𭤽	U+2D93D	no accepted official reading
𭤾	U+2D93E	no accepted official reading
𭤿	U+2D93F	no accepted official reading
𭥀	U+2D940	no accepted official reading
𭥁	U+2D941	no accepted official reading
𭥂	U+2D942	no accepted official reading
𭥃	U+2D943	no accepted official reading
𭥄	U+2D944	no accepted official reading
𭥅	U+2D945	no accepted official reading
𭥆	U+2D946	no accepted official reading
𭥇	U+2D947	no accepted official reading
𭥈	U+2D948	no accepted official reading
𭥉	U+2D949	no accepted official reading
𭥊	U+2D94A	no accepted official reading
𭥋	U+2D94B	no accepted official reading
𭥌	U+2D94C	no accepted official reading
𭥍	U+2D94D	no accepted official reading
𭥎	U+2D94E	no accepted official reading
𭥏	U+2D94F	no accepted official reading
𭥐	U+2D950	no accepted official reading
𭥑	U+2D951	no accepted official reading
𭥒	U+2D952	no accepted official reading
𭥓	U+2D953	no accepted official reading
𭥔	U+2D954	no accepted official reading
𭥕	U+2D955	no accepted official reading
𭥖	U+2D956	no accepted official reading
𭥗	U+2D957	no accepted official reading
𭥘	U+2D958	no accepted official reading
𭥙	U+2D959	no accepted official reading
𭥚	U+2D95A	no accepted official reading
𭥛	U+2D95B	no accepted official reading
𭥜	U+2D95C	no accepted official reading
𭥝	U+2D95D	no accepted official reading
𭥞	U+2D95E	no accepted official reading
𭥠	U+2D960	no accepted official reading
𭥡	U+2D961	no accepted official reading
𭥣	U+2D963	no accepted official reading
𭥤	U+2D964	no accepted official reading
𭥥	U+2D965	no accepted official reading
𭥦	U+2D966	no accepted official reading
𭥨	U+2D968	no accepted official reading
𭥩	U+2D969	no accepted official reading
𭥪	U+2D96A	no accepted official reading
𭥫	U+2D96B	no accepted official reading
𭥬	U+2D96C	no accepted official reading
𭥮	U+2D96E	no accepted official reading
𭥯	U+2D96F	no accepted official reading
𭥰	U+2D970	no accepted official reading
𭥱	U+2D971	no accepted official reading
𭥲	U+2D972	no accepted official reading
𭥳	U+2D973	no accepted official reading
𭥴	U+2D974	no accepted official reading
𭥵	U+2D975	no accepted official reading
𭥶	U+2D976	no accepted official reading
𭥸	U+2D978	no accepted official reading
𭥹	U+2D979	no accepted official reading
𭥺	U+2D97A	no accepted official reading
𭥻	U+2D97B	no accepted official reading
𭥼	U+2D97C	no accepted official reading
𭥽	U+2D97D	no accepted official reading
𭥾	U+2D97E	no accepted official reading
𭥿	U+2D97F	no accepted official reading
𭦀	U+2D980	no accepted official reading
𭦂	U+2D982	no accepted official reading
𭦄	U+2D984	no accepted official reading
𭦅	U+2D985	no accepted official reading
𭦆	U+2D986	no accepted official reading
𭦇	U+2D987	no accepted official reading
𭦈	U+2D988	no accepted official reading
𭦉	U+2D989	no accepted official reading
𭦊	U+2D98A	no accepted official reading
𭦎	U+2D98E	no accepted official reading
𭦏	U+2D98F	no accepted official reading
𭦐	U+2D990	no accepted official reading
𭦑	U+2D991	no accepted official reading
𭦒	U+2D992	no accepted official reading
𭦓	U+2D993	no accepted official reading
𭦔	U+2D994	no accepted official reading
𭦕	U+2D995	no accepted official reading
𭦖	U+2D996	no accepted official reading
𭦘	U+2D998	no accepted official reading
𭦙	U+2D999	no accepted official reading
𭦚	U+2D99A	no accepted official reading
𭦛	U+2D99B	no accepted official reading
𭦝	U+2D99D	no accepted official reading
𭦞	U+2D99E	no accepted official reading
𭦟	U+2D99F	no accepted official reading
𭦠	U+2D9A0	no accepted official reading
𭦡	U+2D9A1	no accepted official reading
𭦣	U+2D9A3	no accepted official reading
𭦤	U+2D9A4	no accepted official reading
𭦥	U+2D9A5	no accepted official reading
𭦧	U+2D9A7	no accepted official reading
𭦨	U+2D9A8	no accepted official reading
𭦩	U+2D9A9	no accepted official reading
𭦫	U+2D9AB	no accepted official reading
𭦬	U+2D9AC	no accepted official reading
𭦭	U+2D9AD	no accepted official reading
𭦮	U+2D9AE	no accepted official reading
𭦯	U+2D9AF	no accepted official reading
𭦰	U+2D9B0	no accepted official reading
𭦱	U+2D9B1	no accepted official reading
𭦵	U+2D9B5	no accepted official reading
𭦶	U+2D9B6	no accepted official reading
𭦷	U+2D9B7	no accepted official reading
𭦹	U+2D9B9	no accepted official reading
𭦺	U+2D9BA	no accepted official reading
𭦻	U+2D9BB	no accepted official reading
𭦼	U+2D9BC	no accepted official reading
𭦽	U+2D9BD	no accepted official reading
𭦾	U+2D9BE	no accepted official reading
𭦿	U+2D9BF	no accepted official reading
𭧀	U+2D9C0	no accepted official reading
𭧁	U+2D9C1	no accepted official reading
𭧂	U+2D9C2	no accepted official reading
𭧃	U+2D9C3	no accepted official reading
𭧄	U+2D9C4	no accepted official reading
𭧅	U+2D9C5	no accepted official reading
𭧇	U+2D9C7	no accepted official reading
𭧈	U+2D9C8	no accepted official reading
𭧌	U+2D9CC	no accepted official reading
𭧍	U+2D9CD	no accepted official reading
𭧎	U+2D9CE	no accepted official reading
𭧏	U+2D9CF	no accepted official reading
𭧑	U+2D9D1	no accepted official reading
𭧒	U+2D9D2	no accepted official reading
𭧓	U+2D9D3	no accepted official reading
𭧔	U+2D9D4	no accepted official reading
𭧖	U+2D9D6	no accepted official reading
𭧗	U+2D9D7	no accepted official reading
𭧘	U+2D9D8	no accepted official reading
𭧙	U+2D9D9	no accepted official reading
𭧚	U+2D9DA	no accepted official reading
𭧛	U+2D9DB	no accepted official reading
𭧜	U+2D9DC	no accepted official reading
𭧝	U+2D9DD	no accepted official reading
𭧞	U+2D9DE	no accepted official reading
𭧟	U+2D9DF	no accepted official reading
𭧠	U+2D9E0	no accepted official reading
𭧡	U+2D9E1	no accepted official reading
𭧢	U+2D9E2	no accepted official reading
𭧥	U+2D9E5	no accepted official reading
𭧦	U+2D9E6	no accepted official reading
𭧧	U+2D9E7	no accepted official reading
𭧨	U+2D9E8	no accepted official reading
𭧩	U+2D9E9	no accepted official reading
𭧪	U+2D9EA	no accepted official reading
𭧫	U+2D9EB	no accepted official reading
𭧭	U+2D9ED	no accepted official reading
𭧮	U+2D9EE	no accepted official reading
𭧯	U+2D9EF	no accepted official reading
𭧰	U+2D9F0	no accepted official reading
𭧱	U+2D9F1	no accepted official reading
𭧲	U+2D9F2	no accepted official reading
𭧴	U+2D9F4	no accepted official reading
𭧵	U+2D9F5	no accepted official reading
𭧶	U+2D9F6	no accepted official reading
𭧸	U+2D9F8	no accepted official reading
𭧺	U+2D9FA	no accepted official reading
𭧻	U+2D9FB	no accepted official reading
𭧼	U+2D9FC	no accepted official reading
𭧽	U+2D9FD	no accepted official reading
𭧿	U+2D9FF	no accepted official reading
𭨀	U+2DA00	no accepted official reading
𭨁	U+2DA01	no accepted official reading
𭨂	U+2DA02	no accepted official reading
𭨄	U+2DA04	no accepted official reading
𭨅	U+2DA05	no accepted official reading
𭨆	U+2DA06	no accepted official reading
𭨇	U+2DA07	no accepted official reading
𭨈	U+2DA08	no accepted official reading
𭨉	U+2DA09	no accepted official reading
𭨊	U+2DA0A	no accepted official reading
𭨋	U+2DA0B	no accepted official reading
𭨌	U+2DA0C	no accepted official reading
𭨍	U+2DA0D	no accepted official reading
𭨎	U+2DA0E	no accepted official reading
𭨏	U+2DA0F	no accepted official reading
𭨐	U+2DA10	no accepted official reading
𭨑	U+2DA11	no accepted official reading
𭨒	U+2DA12	no accepted official reading
𭨓	U+2DA13	no accepted official reading
𭨕	U+2DA15	no accepted official reading
𭨖	U+2DA16	no accepted official reading
𭨙	U+2DA19	no accepted official reading
𭨚	U+2DA1A	no accepted official reading
𭨛	U+2DA1B	no accepted official reading
𭨜	U+2DA1C	no accepted official reading
𭨞	U+2DA1E	no accepted official reading
𭨟	U+2DA1F	no accepted official reading
𭨠	U+2DA20	no accepted official reading
𭨡	U+2DA21	no accepted official reading
𭨣	U+2DA23	no accepted official reading
𭨤	U+2DA24	no accepted official reading
𭨥	U+2DA25	no accepted official reading
𭨦	U+2DA26	no accepted official reading
𭨧	U+2DA27	no accepted official reading
𭨨	U+2DA28	no accepted official reading
𭨩	U+2DA29	no accepted official reading
𭨪	U+2DA2A	no accepted official reading
𭨫	U+2DA2B	no accepted official reading
𭨬	U+2DA2C	no accepted official reading
𭨭	U+2DA2D	no accepted official reading
𭨮	U+2DA2E	no accepted official reading
𭨯	U+2DA2F	no accepted official reading
𭨱	U+2DA31	no accepted official reading
𭨲	U+2DA32	no accepted official reading
𭨳	U+2DA33	no accepted official reading
𭨴	U+2DA34	no accepted official reading
𭨵	U+2DA35	no accepted official reading
𭨶	U+2DA36	no accepted official reading
𭨷	U+2DA37	no accepted official reading
𭨸	U+2DA38	no accepted official reading
𭨹	U+2DA39	no accepted official reading
𭨺	U+2DA3A	no accepted official reading
𭨻	U+2DA3B	no accepted official reading
𭨼	U+2DA3C	no accepted official reading
𭨽	U+2DA3D	no accepted official reading
𭨿	U+2DA3F	no accepted official reading
𭩀	U+2DA40	no accepted official reading
𭩁	U+2DA41	no accepted official reading
𭩂	U+2DA42	no accepted official reading
𭩃	U+2DA43	no accepted official reading
𭩄	U+2DA44	no accepted official reading
𭩅	U+2DA45	no accepted official reading
𭩆	U+2DA46	no accepted official reading
𭩇	U+2DA47	no accepted official reading
𭩈	U+2DA48	no accepted official reading
𭩉	U+2DA49	no accepted official reading
𭩊	U+2DA4A	no accepted official reading
𭩍	U+2DA4D	no accepted official reading
𭩏	U+2DA4F	no accepted official reading
𭩐	U+2DA50	no accepted official reading
𭩑	U+2DA51	no accepted official reading
𭩒	U+2DA52	no accepted official reading
𭩓	U+2DA53	no accepted official reading
𭩗	U+2DA57	no accepted official reading
𭩘	U+2DA58	no accepted official reading
𭩙	U+2DA59	no accepted official reading
𭩜	U+2DA5C	no accepted official reading
𭩞	U+2DA5E	no accepted official reading
𭩟	U+2DA5F	no accepted official reading
𭩠	U+2DA60	no accepted official reading
𭩡	U+2DA61	no accepted official reading
𭩢	U+2DA62	no accepted official reading
𭩣	U+2DA63	no accepted official reading
𭩤	U+2DA64	no accepted official reading
𭩥	U+2DA65	no accepted official reading
𭩦	U+2DA66	no accepted official reading
𭩨	U+2DA68	no accepted official reading
𭩪	U+2DA6A	no accepted official reading
𭩫	U+2DA6B	no accepted official reading
𭩬	U+2DA6C	no accepted official reading
𭩭	U+2DA6D	no accepted official reading
𭩮	U+2DA6E	no accepted official reading
𭩯	U+2DA6F	no accepted official reading
𭩴	U+2DA74	no accepted official reading
𭩵	U+2DA75	no accepted official reading
𭩶	U+2DA76	no accepted official reading
𭩷	U+2DA77	no accepted official reading
𭩸	U+2DA78	no accepted official reading
𭩹	U+2DA79	no accepted official reading
𭩺	U+2DA7A	no accepted official reading
𭩻	U+2DA7B	no accepted official reading
𭩼	U+2DA7C	no accepted official reading
𭩽	U+2DA7D	no accepted official reading
𭩾	U+2DA7E	no accepted official reading
𭩿	U+2DA7F	no accepted official reading
𭪀	U+2DA80	no accepted official reading
𭪁	U+2DA81	no accepted official reading
𭪃	U+2DA83	no accepted official reading
𭪄	U+2DA84	no accepted official reading
𭪇	U+2DA87	no accepted official reading
𭪈	U+2DA88	no accepted official reading
𭪉	U+2DA89	no accepted official reading
𭪋	U+2DA8B	no accepted official reading
𭪌	U+2DA8C	no accepted official reading
𭪍	U+2DA8D	no accepted official reading
𭪎	U+2DA8E	no accepted official reading
𭪏	U+2DA8F	no accepted official reading
𭪐	U+2DA90	no accepted official reading
𭪑	U+2DA91	no accepted official reading
𭪒	U+2DA92	no accepted official reading
𭪓	U+2DA93	no accepted official reading
𭪔	U+2DA94	no accepted official reading
𭪕	U+2DA95	no accepted official reading
𭪘	U+2DA98	no accepted official reading
𭪜	U+2DA9C	no accepted official reading
𭪝	U+2DA9D	no accepted official reading
𭪞	U+2DA9E	no accepted official reading
𭪟	U+2DA9F	no accepted official reading
𭪠	U+2DAA0	no accepted official reading
𭪡	U+2DAA1	no accepted official reading
𭪣	U+2DAA3	no accepted official reading
𭪤	U+2DAA4	no accepted official reading
𭪥	U+2DAA5	no accepted official reading
𭪦	U+2DAA6	no accepted official reading
𭪧	U+2DAA7	no accepted official reading
𭪨	U+2DAA8	no accepted official reading
𭪩	U+2DAA9	no accepted official reading
𭪪	U+2DAAA	no accepted official reading
𭪫	U+2DAAB	no accepted official reading
𭪬	U+2DAAC	no accepted official reading
𭪭	U+2DAAD	no accepted official reading
𭪯	U+2DAAF	no accepted official reading
𭪰	U+2DAB0	no accepted official reading
𭪲	U+2DAB2	no accepted official reading
𭪳	U+2DAB3	no accepted official reading
𭪴	U+2DAB4	no accepted official reading
𭪵	U+2DAB5	no accepted official reading
𭪶	U+2DAB6	no accepted official reading
𭪷	U+2DAB7	no accepted official reading
𭪸	U+2DAB8	no accepted official reading
𭪹	U+2DAB9	no accepted official reading
𭪺	U+2DABA	no accepted official reading
𭪻	U+2DABB	no accepted official reading
𭪼	U+2DABC	no accepted official reading
𭪾	U+2DABE	no accepted official reading
𭪿	U+2DABF	no accepted official reading
𭫁	U+2DAC1	no accepted official reading
𭫃	U+2DAC3	no accepted official reading
𭫄	U+2DAC4	no accepted official reading
𭫅	U+2DAC5	no accepted official reading
𭫆	U+2DAC6	no accepted official reading
𭫇	U+2DAC7	no accepted official reading
𭫈	U+2DAC8	no accepted official reading
𭫉	U+2DAC9	no accepted official reading
𭫊	U+2DACA	no accepted official reading
𭫌	U+2DACC	no accepted official reading
𭫎	U+2DACE	no accepted official reading
𭫏	U+2DACF	no accepted official reading
𭫐	U+2DAD0	no accepted official reading
𭫓	U+2DAD3	no accepted official reading
𭫔	U+2DAD4	no accepted official reading
𭫕	U+2DAD5	no accepted official reading
𭫖	U+2DAD6	no accepted official reading
𭫘	U+2DAD8	no accepted official reading
𭫚	U+2DADA	no accepted official reading
𭫛	U+2DADB	no accepted official reading
𭫝	U+2DADD	no accepted official reading
𭫞	U+2DADE	no accepted official reading
𭫟	U+2DADF	no accepted official reading
𭫢	U+2DAE2	no accepted official reading
𭫣	U+2DAE3	no accepted official reading
𭫤	U+2DAE4	no accepted official reading
𭫥	U+2DAE5	no accepted official reading
𭫦	U+2DAE6	no accepted official reading
𭫧	U+2DAE7	no accepted official reading
𭫨	U+2DAE8	no accepted official reading
𭫪	U+2DAEA	no accepted official reading
𭫫	U+2DAEB	no accepted official reading
𭫬	U+2DAEC	no accepted official reading
𭫭	U+2DAED	no accepted official reading
𭫮	U+2DAEE	no accepted official reading
𭫯	U+2DAEF	no accepted official reading
𭫰	U+2DAF0	no accepted official reading
𭫱	U+2DAF1	no accepted official reading
𭫳	U+2DAF3	no accepted official reading
𭫴	U+2DAF4	no accepted official reading
𭫵	U+2DAF5	no accepted official reading
𭫶	U+2DAF6	no accepted official reading
𭫸	U+2DAF8	no accepted official reading
𭫹	U+2DAF9	no accepted official reading
𭫻	U+2DAFB	no accepted official reading
𭫼	U+2DAFC	no accepted official reading
𭫽	U+2DAFD	no accepted official reading
𭫾	U+2DAFE	no accepted official reading
𭬀	U+2DB00	no accepted official reading
𭬁	U+2DB01	no accepted official reading
𭬂	U+2DB02	no accepted official reading
𭬄	U+2DB04	no accepted official reading
𭬅	U+2DB05	no accepted official reading
𭬆	U+2DB06	no accepted official reading
𭬇	U+2DB07	no accepted official reading
𭬈	U+2DB08	no accepted official reading
𭬋	U+2DB0B	no accepted official reading
𭬌	U+2DB0C	no accepted official reading
𭬎	U+2DB0E	no accepted official reading
𭬏	U+2DB0F	no accepted official reading
𭬐	U+2DB10	no accepted official reading
𭬑	U+2DB11	no accepted official reading
𭬒	U+2DB12	no accepted official reading
𭬔	U+2DB14	no accepted official reading
𭬕	U+2DB15	no accepted official reading
𭬖	U+2DB16	no accepted official reading
𭬗	U+2DB17	no accepted official reading
𭬘	U+2DB18	no accepted official reading
𭬙	U+2DB19	no accepted official reading
𭬛	U+2DB1B	no accepted official reading
𭬝	U+2DB1D	no accepted official reading
𭬠	U+2DB20	no accepted official reading
𭬡	U+2DB21	no accepted official reading
𭬣	U+2DB23	no accepted official reading
𭬤	U+2DB24	no accepted official reading
𭬩	U+2DB29	no accepted official reading
𭬪	U+2DB2A	no accepted official reading
𭬫	U+2DB2B	no accepted official reading
𭬯	U+2DB2F	no accepted official reading
𭬰	U+2DB30	no accepted official reading
𭬲	U+2DB32	no accepted official reading
𭬴	U+2DB34	no accepted official reading
𭬵	U+2DB35	no accepted official reading
𭬶	U+2DB36	no accepted official reading
𭬷	U+2DB37	no accepted official reading
𭬸	U+2DB38	no accepted official reading
𭬹	U+2DB39	no accepted official reading
𭬻	U+2DB3B	no accepted official reading
𭬼	U+2DB3C	no accepted official reading
𭬽	U+2DB3D	no accepted official reading
𭬾	U+2DB3E	no accepted official reading
𭬿	U+2DB3F	no accepted official reading
𭭀	U+2DB40	no accepted official reading
𭭂	U+2DB42	no accepted official reading
𭭄	U+2DB44	no accepted official reading
𭭅	U+2DB45	no accepted official reading
𭭆	U+2DB46	no accepted official reading
𭭇	U+2DB47	no accepted official reading
𭭉	U+2DB49	no accepted official reading
𭭊	U+2DB4A	no accepted official reading
𭭋	U+2DB4B	no accepted official reading
𭭌	U+2DB4C	no accepted official reading
𭭍	U+2DB4D	no accepted official reading
𭭎	U+2DB4E	no accepted official reading
𭭐	U+2DB50	no accepted official reading
𭭑	U+2DB51	no accepted official reading
𭭒	U+2DB52	no accepted official reading
𭭔	U+2DB54	no accepted official reading
𭭕	U+2DB55	no accepted official reading
𭭗	U+2DB57	no accepted official reading
𭭙	U+2DB59	no accepted official reading
𭭛	U+2DB5B	no accepted official reading
𭭜	U+2DB5C	no accepted official reading
𭭝	U+2DB5D	no accepted official reading
𭭞	U+2DB5E	no accepted official reading
𭭟	U+2DB5F	no accepted official reading
𭭠	U+2DB60	no accepted official reading
𭭢	U+2DB62	no accepted official reading
𭭣	U+2DB63	no accepted official reading
𭭤	U+2DB64	no accepted official reading
𭭥	U+2DB65	no accepted official reading
𭭦	U+2DB66	no accepted official reading
𭭨	U+2DB68	no accepted official reading
𭭫	U+2DB6B	no accepted official reading
𭭬	U+2DB6C	no accepted official reading
𭭮	U+2DB6E	no accepted official reading
𭭯	U+2DB6F	no accepted official reading
𭭰	U+2DB70	no accepted official reading
𭭱	U+2DB71	no accepted official reading
𭭲	U+2DB72	no accepted official reading
𭭵	U+2DB75	no accepted official reading
𭭶	U+2DB76	no accepted official reading
𭭷	U+2DB77	no accepted official reading
𭭸	U+2DB78	no accepted official reading
𭭹	U+2DB79	no accepted official reading
𭭺	U+2DB7A	no accepted official reading
𭭻	U+2DB7B	no accepted official reading
𭭼	U+2DB7C	no accepted official reading
𭭽	U+2DB7D	no accepted official reading
𭭾	U+2DB7E	no accepted official reading
𭭿	U+2DB7F	no accepted official reading
𭮀	U+2DB80	no accepted official reading
𭮁	U+2DB81	no accepted official reading
𭮂	U+2DB82	no accepted official reading
𭮃	U+2DB83	no accepted official reading
𭮄	U+2DB84	no accepted official reading
𭮅	U+2DB85	no accepted official reading
𭮆	U+2DB86	no accepted official reading
𭮇	U+2DB87	no accepted official reading
𭮈	U+2DB88	no accepted official reading
𭮉	U+2DB89	no accepted official reading
𭮊	U+2DB8A	no accepted official reading
𭮋	U+2DB8B	no accepted official reading
𭮌	U+2DB8C	no accepted official reading
𭮍	U+2DB8D	no accepted official reading
𭮎	U+2DB8E	no accepted official reading
𭮏	U+2DB8F	no accepted official reading
𭮐	U+2DB90	no accepted official reading
𭮑	U+2DB91	no accepted official reading
𭮒	U+2DB92	no accepted official reading
𭮓	U+2DB93	no accepted official reading
𭮔	U+2DB94	no accepted official reading
𭮕	U+2DB95	no accepted official reading
𭮗	U+2DB97	no accepted official reading
𭮘	U+2DB98	no accepted official reading
𭮙	U+2DB99	no accepted official reading
𭮚	U+2DB9A	no accepted official reading
𭮜	U+2DB9C	no accepted official reading
𭮝	U+2DB9D	no accepted official reading
𭮞	U+2DB9E	no accepted official reading
𭮠	U+2DBA0	no accepted official reading
𭮡	U+2DBA1	no accepted official reading
𭮣	U+2DBA3	no accepted official reading
𭮤	U+2DBA4	no accepted official reading
𭮥	U+2DBA5	no accepted official reading
𭮦	U+2DBA6	no accepted official reading
𭮧	U+2DBA7	no accepted official reading
𭮨	U+2DBA8	no accepted official reading
𭮩	U+2DBA9	no accepted official reading
𭮪	U+2DBAA	no accepted official reading
𭮫	U+2DBAB	no accepted official reading
𭮬	U+2DBAC	no accepted official reading
𭮭	U+2DBAD	no accepted official reading
𭮮	U+2DBAE	no accepted official reading
𭮯	U+2DBAF	no accepted official reading
𭮰	U+2DBB0	no accepted official reading
𭮱	U+2DBB1	no accepted official reading
𭮲	U+2DBB2	no accepted official reading
𭮳	U+2DBB3	no accepted official reading
𭮶	U+2DBB6	no accepted official reading
𭮷	U+2DBB7	no accepted official reading
𭮸	U+2DBB8	no accepted official reading
𭮹	U+2DBB9	no accepted official reading
𭮻	U+2DBBB	no accepted official reading
𭮼	U+2DBBC	no accepted official reading
𭮽	U+2DBBD	no accepted official reading
𭮾	U+2DBBE	no accepted official reading
𭮿	U+2DBBF	no accepted official reading
𭯀	U+2DBC0	no accepted official reading
𭯁	U+2DBC1	no accepted official reading
𭯂	U+2DBC2	no accepted official reading
𭯃	U+2DBC3	no accepted official reading
𭯄	U+2DBC4	no accepted official reading
𭯅	U+2DBC5	no accepted official reading
𭯆	U+2DBC6	no accepted official reading
𭯇	U+2DBC7	no accepted official reading
𭯈	U+2DBC8	no accepted official reading
𭯉	U+2DBC9	no accepted official reading
𭯊	U+2DBCA	no accepted official reading
𭯋	U+2DBCB	no accepted official reading
𭯌	U+2DBCC	no accepted official reading
𭯏	U+2DBCF	no accepted official reading
𭯐	U+2DBD0	no accepted official reading
𭯑	U+2DBD1	no accepted official reading
𭯒	U+2DBD2	no accepted official reading
𭯓	U+2DBD3	no accepted official reading
𭯕	U+2DBD5	no accepted official reading
𭯖	U+2DBD6	no accepted official reading
𭯗	U+2DBD7	no accepted official reading
𭯘	U+2DBD8	no accepted official reading
𭯙	U+2DBD9	no accepted official reading
𭯚	U+2DBDA	no accepted official reading
𭯛	U+2DBDB	no accepted official reading
𭯜	U+2DBDC	no accepted official reading
𭯝	U+2DBDD	no accepted official reading
𭯞	U+2DBDE	no accepted official reading
𭯠	U+2DBE0	no accepted official reading
𭯡	U+2DBE1	no accepted official reading
𭯢	U+2DBE2	no accepted official reading
𭯣	U+2DBE3	no accepted official reading
𭯤	U+2DBE4	no accepted official reading
𭯥	U+2DBE5	no accepted official reading
𭯦	U+2DBE6	no accepted official reading
𭯧	U+2DBE7	no accepted official reading
𭯨	U+2DBE8	no accepted official reading
𭯩	U+2DBE9	no accepted official reading
𭯪	U+2DBEA	no accepted official reading
𭯫	U+2DBEB	no accepted official reading
𭯬	U+2DBEC	no accepted official reading
𭯭	U+2DBED	no accepted official reading
𭯮	U+2DBEE	no accepted official reading
𭯯	U+2DBEF	no accepted official reading
𭯰	U+2DBF0	no accepted official reading
𭯱	U+2DBF1	no accepted official reading
𭯲	U+2DBF2	no accepted official reading
𭯳	U+2DBF3	no accepted official reading
𭯴	U+2DBF4	no accepted official reading
𭯵	U+2DBF5	no accepted official reading
𭯶	U+2DBF6	no accepted official reading
𭯷	U+2DBF7	no accepted official reading
𭯹	U+2DBF9	no accepted official reading
𭯺	U+2DBFA	no accepted official reading
𭯻	U+2DBFB	no accepted official reading
𭯼	U+2DBFC	no accepted official reading
𭯽	U+2DBFD	no accepted official reading
𭯾	U+2DBFE	no accepted official reading
𭯿	U+2DBFF	no accepted official reading
𭰀	U+2DC00	no accepted official reading
𭰁	U+2DC01	no accepted official reading
𭰃	U+2DC03	no accepted official reading
𭰄	U+2DC04	no accepted official reading
𭰅	U+2DC05	no accepted official reading
𭰆	U+2DC06	no accepted official reading
𭰇	U+2DC07	no accepted official reading
𭰈	U+2DC08	no accepted official reading
𭰊	U+2DC0A	no accepted official reading
𭰋	U+2DC0B	no accepted official reading
𭰍	U+2DC0D	no accepted official reading
𭰏	U+2DC0F	no accepted official reading
𭰑	U+2DC11	no accepted official reading
𭰓	U+2DC13	no accepted official reading
𭰔	U+2DC14	no accepted official reading
𭰕	U+2DC15	no accepted official reading
𭰗	U+2DC17	no accepted official reading
𭰘	U+2DC18	no accepted official reading
𭰙	U+2DC19	no accepted official reading
𭰚	U+2DC1A	no accepted official reading
𭰛	U+2DC1B	no accepted official reading
𭰜	U+2DC1C	no accepted official reading
𭰞	U+2DC1E	no accepted official reading
𭰟	U+2DC1F	no accepted official reading
𭰠	U+2DC20	no accepted official reading
𭰡	U+2DC21	no accepted official reading
𭰢	U+2DC22	no accepted official reading
𭰤	U+2DC24	no accepted official reading
𭰥	U+2DC25	no accepted official reading
𭰨	U+2DC28	no accepted official reading
𭰩	U+2DC29	no accepted official reading
𭰪	U+2DC2A	no accepted official reading
𭰫	U+2DC2B	no accepted official reading
𭰬	U+2DC2C	no accepted official reading
𭰭	U+2DC2D	no accepted official reading
𭰮	U+2DC2E	no accepted official reading
𭰯	U+2DC2F	no accepted official reading
𭰰	U+2DC30	no accepted official reading
𭰱	U+2DC31	no accepted official reading
𭰲	U+2DC32	no accepted official reading
𭰳	U+2DC33	no accepted official reading
𭰵	U+2DC35	no accepted official reading
𭰶	U+2DC36	no accepted official reading
𭰷	U+2DC37	no accepted official reading
𭰸	U+2DC38	no accepted official reading
𭰹	U+2DC39	no accepted official reading
𭰺	U+2DC3A	no accepted official reading
𭰿	U+2DC3F	no accepted official reading
𭱀	U+2DC40	no accepted official reading
𭱁	U+2DC41	no accepted official reading
𭱂	U+2DC42	no accepted official reading
𭱄	U+2DC44	no accepted official reading
𭱅	U+2DC45	no accepted official reading
𭱇	U+2DC47	no accepted official reading
𭱈	U+2DC48	no accepted official reading
𭱉	U+2DC49	no accepted official reading
𭱋	U+2DC4B	no accepted official reading
𭱌	U+2DC4C	no accepted official reading
𭱍	U+2DC4D	no accepted official reading
𭱏	U+2DC4F	no accepted official reading
𭱑	U+2DC51	no accepted official reading
𭱒	U+2DC52	no accepted official reading
𭱓	U+2DC53	no accepted official reading
𭱔	U+2DC54	no accepted official reading
𭱕	U+2DC55	no accepted official reading
𭱖	U+2DC56	no accepted official reading
𭱘	U+2DC58	no accepted official reading
𭱚	U+2DC5A	no accepted official reading
𭱜	U+2DC5C	no accepted official reading
𭱝	U+2DC5D	no accepted official reading
𭱞	U+2DC5E	no accepted official reading
𭱟	U+2DC5F	no accepted official reading
𭱠	U+2DC60	no accepted official reading
𭱡	U+2DC61	no accepted official reading
𭱢	U+2DC62	no accepted official reading
𭱣	U+2DC63	no accepted official reading
𭱦	U+2DC66	no accepted official reading
𭱨	U+2DC68	no accepted official reading
𭱫	U+2DC6B	no accepted official reading
𭱭	U+2DC6D	no accepted official reading
𭱯	U+2DC6F	no accepted official reading
𭱳	U+2DC73	no accepted official reading
𭱴	U+2DC74	no accepted official reading
𭱵	U+2DC75	no accepted official reading
𭱶	U+2DC76	no accepted official reading
𭱸	U+2DC78	no accepted official reading
𭱺	U+2DC7A	no accepted official reading
𭱻	U+2DC7B	no accepted official reading
𭱼	U+2DC7C	no accepted official reading
𭱾	U+2DC7E	no accepted official reading
𭲁	U+2DC81	no accepted official reading
𭲂	U+2DC82	no accepted official reading
𭲃	U+2DC83	no accepted official reading
𭲄	U+2DC84	no accepted official reading
𭲆	U+2DC86	no accepted official reading
𭲇	U+2DC87	no accepted official reading
𭲈	U+2DC88	no accepted official reading
𭲉	U+2DC89	no accepted official reading
𭲊	U+2DC8A	no accepted official reading
𭲋	U+2DC8B	no accepted official reading
𭲌	U+2DC8C	no accepted official reading
𭲍	U+2DC8D	no accepted official reading
𭲎	U+2DC8E	no accepted official reading
𭲏	U+2DC8F	no accepted official reading
𭲐	U+2DC90	no accepted official reading
𭲑	U+2DC91	no accepted official reading
𭲒	U+2DC92	no accepted official reading
𭲓	U+2DC93	no accepted official reading
𭲔	U+2DC94	no accepted official reading
𭲕	U+2DC95	no accepted official reading
𭲗	U+2DC97	no accepted official reading
𭲘	U+2DC98	no accepted official reading
𭲙	U+2DC99	no accepted official reading
𭲚	U+2DC9A	no accepted official reading
𭲛	U+2DC9B	no accepted official reading
𭲝	U+2DC9D	no accepted official reading
𭲞	U+2DC9E	no accepted official reading
𭲟	U+2DC9F	no accepted official reading
𭲠	U+2DCA0	no accepted official reading
𭲢	U+2DCA2	no accepted official reading
𭲥	U+2DCA5	no accepted official reading
𭲦	U+2DCA6	no accepted official reading
𭲧	U+2DCA7	no accepted official reading
𭲪	U+2DCAA	no accepted official reading
𭲬	U+2DCAC	no accepted official reading
𭲭	U+2DCAD	no accepted official reading
𭲮	U+2DCAE	no accepted official reading
𭲯	U+2DCAF	no accepted official reading
𭲰	U+2DCB0	no accepted official reading
𭲳	U+2DCB3	no accepted official reading
𭲷	U+2DCB7	no accepted official reading
𭲹	U+2DCB9	no accepted official reading
𭲺	U+2DCBA	no accepted official reading
𭲽	U+2DCBD	no accepted official reading
𭳀	U+2DCC0	no accepted official reading
𭳁	U+2DCC1	no accepted official reading
𭳂	U+2DCC2	no accepted official reading
𭳅	U+2DCC5	no accepted official reading
𭳆	U+2DCC6	no accepted official reading
𭳇	U+2DCC7	no accepted official reading
𭳈	U+2DCC8	no accepted official reading
𭳉	U+2DCC9	no accepted official reading
𭳊	U+2DCCA	no accepted official reading
𭳋	U+2DCCB	no accepted official reading
𭳌	U+2DCCC	no accepted official reading
𭳎	U+2DCCE	no accepted official reading
𭳏	U+2DCCF	no accepted official reading
𭳐	U+2DCD0	no accepted official reading
𭳒	U+2DCD2	no accepted official reading
𭳔	U+2DCD4	no accepted official reading
𭳕	U+2DCD5	no accepted official reading
𭳖	U+2DCD6	no accepted official reading
𭳙	U+2DCD9	no accepted official reading
𭳚	U+2DCDA	no accepted official reading
𭳜	U+2DCDC	no accepted official reading
𭳝	U+2DCDD	no accepted official reading
𭳞	U+2DCDE	no accepted official reading
𭳟	U+2DCDF	no accepted official reading
𭳠	U+2DCE0	no accepted official reading
𭳡	U+2DCE1	no accepted official reading
𭳢	U+2DCE2	no accepted official reading
𭳤	U+2DCE4	no accepted official reading
𭳥	U+2DCE5	no accepted official reading
𭳧	U+2DCE7	no accepted official reading
𭳩	U+2DCE9	no accepted official reading
𭳪	U+2DCEA	no accepted official reading
𭳫	U+2DCEB	no accepted official reading
𭳬	U+2DCEC	no accepted official reading
𭳭	U+2DCED	no accepted official reading
𭳯	U+2DCEF	no accepted official reading
𭳱	U+2DCF1	no accepted official reading
𭳳	U+2DCF3	no accepted official reading
𭳴	U+2DCF4	no accepted official reading
𭳵	U+2DCF5	no accepted official reading
𭳶	U+2DCF6	no accepted official reading
𭳷	U+2DCF7	no accepted official reading
𭳻	U+2DCFB	no accepted official reading
𭳼	U+2DCFC	no accepted official reading
𭳽	U+2DCFD	no accepted official reading
𭳾	U+2DCFE	no accepted official reading
𭳿	U+2DCFF	no accepted official reading
𭴀	U+2DD00	no accepted official reading
𭴁	U+2DD01	no accepted official reading
𭴃	U+2DD03	no accepted official reading
𭴄	U+2DD04	no accepted official reading
𭴅	U+2DD05	no accepted official reading
𭴆	U+2DD06	no accepted official reading
𭴇	U+2DD07	no accepted official reading
𭴈	U+2DD08	no accepted official reading
𭴉	U+2DD09	no accepted official reading
𭴋	U+2DD0B	no accepted official reading
𭴌	U+2DD0C	no accepted official reading
𭴍	U+2DD0D	no accepted official reading
𭴎	U+2DD0E	no accepted official reading
𭴏	U+2DD0F	no accepted official reading
𭴐	U+2DD10	no accepted official reading
𭴒	U+2DD12	no accepted official reading
𭴓	U+2DD13	no accepted official reading
𭴔	U+2DD14	no accepted official reading
𭴕	U+2DD15	no accepted official reading
𭴖	U+2DD16	no accepted official reading
𭴗	U+2DD17	no accepted official reading
𭴙	U+2DD19	no accepted official reading
𭴛	U+2DD1B	no accepted official reading
𭴜	U+2DD1C	no accepted official reading
𭴝	U+2DD1D	no accepted official reading
𭴞	U+2DD1E	no accepted official reading
𭴟	U+2DD1F	no accepted official reading
𭴠	U+2DD20	no accepted official reading
𭴡	U+2DD21	no accepted official reading
𭴢	U+2DD22	no accepted official reading
𭴣	U+2DD23	no accepted official reading
𭴦	U+2DD26	no accepted official reading
𭴧	U+2DD27	no accepted official reading
𭴨	U+2DD28	no accepted official reading
𭴩	U+2DD29	no accepted official reading
𭴪	U+2DD2A	no accepted official reading
𭴫	U+2DD2B	no accepted official reading
𭴬	U+2DD2C	no accepted official reading
𭴭	U+2DD2D	no accepted official reading
𭴮	U+2DD2E	no accepted official reading
𭴯	U+2DD2F	no accepted official reading
𭴰	U+2DD30	no accepted official reading
𭴱	U+2DD31	no accepted official reading
𭴲	U+2DD32	no accepted official reading
𭴳	U+2DD33	no accepted official reading
𭴴	U+2DD34	no accepted official reading
𭴵	U+2DD35	no accepted official reading
𭴶	U+2DD36	no accepted official reading
𭴷	U+2DD37	no accepted official reading
𭴸	U+2DD38	no accepted official reading
𭴹	U+2DD39	no accepted official reading
𭴻	U+2DD3B	no accepted official reading
𭴼	U+2DD3C	no accepted official reading
𭴽	U+2DD3D	no accepted official reading
𭴾	U+2DD3E	no accepted official reading
𭴿	U+2DD3F	no accepted official reading
𭵀	U+2DD40	no accepted official reading
𭵁	U+2DD41	no accepted official reading
𭵂	U+2DD42	no accepted official reading
𭵃	U+2DD43	no accepted official reading
𭵅	U+2DD45	no accepted official reading
𭵆	U+2DD46	no accepted official reading
𭵉	U+2DD49	no accepted official reading
𭵊	U+2DD4A	no accepted official reading
𭵎	U+2DD4E	no accepted official reading
𭵏	U+2DD4F	no accepted official reading
𭵐	U+2DD50	no accepted official reading
𭵓	U+2DD53	no accepted official reading
𭵔	U+2DD54	no accepted official reading
𭵕	U+2DD55	no accepted official reading
𭵖	U+2DD56	no accepted official reading
𭵗	U+2DD57	no accepted official reading
𭵘	U+2DD58	no accepted official reading
𭵙	U+2DD59	no accepted official reading
𭵚	U+2DD5A	no accepted official reading
𭵛	U+2DD5B	no accepted official reading
𭵝	U+2DD5D	no accepted official reading
𭵞	U+2DD5E	no accepted official reading
𭵟	U+2DD5F	no accepted official reading
𭵡	U+2DD61	no accepted official reading
𭵢	U+2DD62	no accepted official reading
𭵣	U+2DD63	no accepted official reading
𭵤	U+2DD64	no accepted official reading
𭵦	U+2DD66	no accepted official reading
𭵧	U+2DD67	no accepted official reading
𭵨	U+2DD68	no accepted official reading
𭵩	U+2DD69	no accepted official reading
𭵪	U+2DD6A	no accepted official reading
𭵬	U+2DD6C	no accepted official reading
𭵭	U+2DD6D	no accepted official reading
𭵮	U+2DD6E	no accepted official reading
𭵯	U+2DD6F	no accepted official reading
𭵰	U+2DD70	no accepted official reading
𭵱	U+2DD71	no accepted official reading
𭵲	U+2DD72	no accepted official reading
𭵳	U+2DD73	no accepted official reading
𭵴	U+2DD74	no accepted official reading
𭵶	U+2DD76	no accepted official reading
𭵸	U+2DD78	no accepted official reading
𭵹	U+2DD79	no accepted official reading
𭵺	U+2DD7A	no accepted official reading
𭵻	U+2DD7B	no accepted official reading
𭵼	U+2DD7C	no accepted official reading
𭵽	U+2DD7D	no accepted official reading
𭵾	U+2DD7E	no accepted official reading
𭵿	U+2DD7F	no accepted official reading
𭶀	U+2DD80	no accepted official reading
𭶁	U+2DD81	no accepted official reading
𭶃	U+2DD83	no accepted official reading
𭶄	U+2DD84	no accepted official reading
𭶅	U+2DD85	no accepted official reading
𭶆	U+2DD86	no accepted official reading
𭶇	U+2DD87	no accepted official reading
𭶈	U+2DD88	no accepted official reading
𭶊	U+2DD8A	no accepted official reading
𭶋	U+2DD8B	no accepted official reading
𭶎	U+2DD8E	no accepted official reading
𭶏	U+2DD8F	no accepted official reading
𭶐	U+2DD90	no accepted official reading
𭶑	U+2DD91	no accepted official reading
𭶒	U+2DD92	no accepted official reading
𭶓	U+2DD93	no accepted official reading
𭶔	U+2DD94	no accepted official reading
𭶕	U+2DD95	no accepted official reading
𭶖	U+2DD96	no accepted official reading
𭶗	U+2DD97	no accepted official reading
𭶘	U+2DD98	no accepted official reading
𭶙	U+2DD99	no accepted official reading
𭶛	U+2DD9B	no accepted official reading
𭶜	U+2DD9C	no accepted official reading
𭶝	U+2DD9D	no accepted official reading
𭶞	U+2DD9E	no accepted official reading
𭶟	U+2DD9F	no accepted official reading
𭶡	U+2DDA1	no accepted official reading
𭶢	U+2DDA2	no accepted official reading
𭶣	U+2DDA3	no accepted official reading
𭶤	U+2DDA4	no accepted official reading
𭶥	U+2DDA5	no accepted official reading
𭶦	U+2DDA6	no accepted official reading
𭶧	U+2DDA7	no accepted official reading
𭶨	U+2DDA8	no accepted official reading
𭶩	U+2DDA9	no accepted official reading
𭶪	U+2DDAA	no accepted official reading
𭶫	U+2DDAB	no accepted official reading
𭶬	U+2DDAC	no accepted official reading
𭶭	U+2DDAD	no accepted official reading
𭶮	U+2DDAE	no accepted official reading
𭶯	U+2DDAF	no accepted official reading
𭶰	U+2DDB0	no accepted official reading
𭶱	U+2DDB1	no accepted official reading
𭶲	U+2DDB2	no accepted official reading
𭶳	U+2DDB3	no accepted official reading
𭶵	U+2DDB5	no accepted official reading
𭶶	U+2DDB6	no accepted official reading
𭶷	U+2DDB7	no accepted official reading
𭶸	U+2DDB8	no accepted official reading
𭶺	U+2DDBA	no accepted official reading
𭶻	U+2DDBB	no accepted official reading
𭶼	U+2DDBC	no accepted official reading
𭶽	U+2DDBD	no accepted official reading
𭶾	U+2DDBE	no accepted official reading
𭶿	U+2DDBF	no accepted official reading
𭷀	U+2DDC0	no accepted official reading
𭷁	U+2DDC1	no accepted official reading
𭷂	U+2DDC2	no accepted official reading
𭷃	U+2DDC3	no accepted official reading
𭷄	U+2DDC4	no accepted official reading
𭷅	U+2DDC5	no accepted official reading
𭷆	U+2DDC6	no accepted official reading
𭷇	U+2DDC7	no accepted official reading
𭷈	U+2DDC8	no accepted official reading
𭷉	U+2DDC9	no accepted official reading
𭷊	U+2DDCA	no accepted official reading
𭷋	U+2DDCB	no accepted official reading
𭷌	U+2DDCC	no accepted official reading
𭷍	U+2DDCD	no accepted official reading
𭷎	U+2DDCE	no accepted official reading
𭷏	U+2DDCF	no accepted official reading
𭷐	U+2DDD0	no accepted official reading
𭷑	U+2DDD1	no accepted official reading
𭷒	U+2DDD2	no accepted official reading
𭷓	U+2DDD3	no accepted official reading
𭷔	U+2DDD4	no accepted official reading
𭷕	U+2DDD5	no accepted official reading
𭷖	U+2DDD6	no accepted official reading
𭷗	U+2DDD7	no accepted official reading
𭷘	U+2DDD8	no accepted official reading
𭷙	U+2DDD9	no accepted official reading
𭷚	U+2DDDA	no accepted official reading
𭷛	U+2DDDB	no accepted official reading
𭷜	U+2DDDC	no accepted official reading
𭷝	U+2DDDD	no accepted official reading
𭷞	U+2DDDE	no accepted official reading
𭷟	U+2DDDF	no accepted official reading
𭷠	U+2DDE0	no accepted official reading
𭷡	U+2DDE1	no accepted official reading
𭷢	U+2DDE2	no accepted official reading
𭷣	U+2DDE3	no accepted official reading
𭷤	U+2DDE4	no accepted official reading
𭷥	U+2DDE5	no accepted official reading
𭷦	U+2DDE6	no accepted official reading
𭷧	U+2DDE7	no accepted official reading
𭷨	U+2DDE8	no accepted official reading
𭷩	U+2DDE9	no accepted official reading
𭷪	U+2DDEA	no accepted official reading
𭷫	U+2DDEB	no accepted official reading
𭷬	U+2DDEC	no accepted official reading
𭷭	U+2DDED	no accepted official reading
𭷯	U+2DDEF	no accepted official reading
𭷰	U+2DDF0	no accepted official reading
𭷱	U+2DDF1	no accepted official reading
𭷲	U+2DDF2	no accepted official reading
𭷳	U+2DDF3	no accepted official reading
𭷴	U+2DDF4	no accepted official reading
𭷵	U+2DDF5	no accepted official reading
𭷶	U+2DDF6	no accepted official reading
𭷷	U+2DDF7	no accepted official reading
𭷸	U+2DDF8	no accepted official reading
𭷹	U+2DDF9	no accepted official reading
𭷺	U+2DDFA	no accepted official reading
𭷻	U+2DDFB	no accepted official reading
𭷼	U+2DDFC	no accepted official reading
𭷽	U+2DDFD	no accepted official reading
𭷾	U+2DDFE	no accepted official reading
𭷿	U+2DDFF	no accepted official reading
𭸀	U+2DE00	no accepted official reading
𭸁	U+2DE01	no accepted official reading
𭸂	U+2DE02	no accepted official reading
𭸃	U+2DE03	no accepted official reading
𭸄	U+2DE04	no accepted official reading
𭸅	U+2DE05	no accepted official reading
𭸆	U+2DE06	no accepted official reading
𭸇	U+2DE07	no accepted official reading
𭸈	U+2DE08	no accepted official reading
𭸉	U+2DE09	no accepted official reading
𭸊	U+2DE0A	no accepted official reading
𭸋	U+2DE0B	no accepted official reading
𭸌	U+2DE0C	no accepted official reading
𭸍	U+2DE0D	no accepted official reading
𭸎	U+2DE0E	no accepted official reading
𭸏	U+2DE0F	no accepted official reading
𭸐	U+2DE10	no accepted official reading
𭸑	U+2DE11	no accepted official reading
𭸓	U+2DE13	no accepted official reading
𭸕	U+2DE15	no accepted official reading
𭸖	U+2DE16	no accepted official reading
𭸗	U+2DE17	no accepted official reading
𭸘	U+2DE18	no accepted official reading
𭸙	U+2DE19	no accepted official reading
𭸚	U+2DE1A	no accepted official reading
𭸝	U+2DE1D	no accepted official reading
𭸞	U+2DE1E	no accepted official reading
𭸟	U+2DE1F	no accepted official reading
𭸠	U+2DE20	no accepted official reading
𭸡	U+2DE21	no accepted official reading
𭸢	U+2DE22	no accepted official reading
𭸤	U+2DE24	no accepted official reading
𭸦	U+2DE26	no accepted official reading
𭸧	U+2DE27	no accepted official reading
𭸨	U+2DE28	no accepted official reading
𭸩	U+2DE29	no accepted official reading
𭸪	U+2DE2A	no accepted official reading
𭸫	U+2DE2B	no accepted official reading
𭸬	U+2DE2C	no accepted official reading
𭸭	U+2DE2D	no accepted official reading
𭸯	U+2DE2F	no accepted official reading
𭸰	U+2DE30	no accepted official reading
𭸱	U+2DE31	no accepted official reading
𭸲	U+2DE32	no accepted official reading
𭸳	U+2DE33	no accepted official reading
𭸴	U+2DE34	no accepted official reading
𭸵	U+2DE35	no accepted official reading
𭸶	U+2DE36	no accepted official reading
𭸷	U+2DE37	no accepted official reading
𭸸	U+2DE38	no accepted official reading
𭸹	U+2DE39	no accepted official reading
𭸺	U+2DE3A	no accepted official reading
𭸻	U+2DE3B	no accepted official reading
𭸼	U+2DE3C	no accepted official reading
𭸽	U+2DE3D	no accepted official reading
𭸾	U+2DE3E	no accepted official reading
𭸿	U+2DE3F	no accepted official reading
𭹀	U+2DE40	no accepted official reading
𭹁	U+2DE41	no accepted official reading
𭹂	U+2DE42	no accepted official reading
𭹃	U+2DE43	no accepted official reading
𭹄	U+2DE44	no accepted official reading
𭹆	U+2DE46	no accepted official reading
𭹇	U+2DE47	no accepted official reading
𭹈	U+2DE48	no accepted official reading
𭹉	U+2DE49	no accepted official reading
𭹊	U+2DE4A	no accepted official reading
𭹋	U+2DE4B	no accepted official reading
𭹌	U+2DE4C	no accepted official reading
𭹍	U+2DE4D	no accepted official reading
𭹎	U+2DE4E	no accepted official reading
𭹏	U+2DE4F	no accepted official reading
𭹐	U+2DE50	no accepted official reading
𭹒	U+2DE52	no accepted official reading
𭹓	U+2DE53	no accepted official reading
𭹔	U+2DE54	no accepted official reading
𭹖	U+2DE56	no accepted official reading
𭹗	U+2DE57	no accepted official reading
𭹘	U+2DE58	no accepted official reading
𭹙	U+2DE59	no accepted official reading
𭹚	U+2DE5A	no accepted official reading
𭹛	U+2DE5B	no accepted official reading
𭹝	U+2DE5D	no accepted official reading
𭹞	U+2DE5E	no accepted official reading
𭹟	U+2DE5F	no accepted official reading
𭹠	U+2DE60	no accepted official reading
𭹡	U+2DE61	no accepted official reading
𭹢	U+2DE62	no accepted official reading
𭹣	U+2DE63	no accepted official reading
𭹤	U+2DE64	no accepted official reading
𭹥	U+2DE65	no accepted official reading
𭹦	U+2DE66	no accepted official reading
𭹨	U+2DE68	no accepted official reading
𭹩	U+2DE69	no accepted official reading
𭹪	U+2DE6A	no accepted official reading
𭹫	U+2DE6B	no accepted official reading
𭹬	U+2DE6C	no accepted official reading
𭹭	U+2DE6D	no accepted official reading
𭹮	U+2DE6E	no accepted official reading
𭹯	U+2DE6F	no accepted official reading
𭹰	U+2DE70	no accepted official reading
𭹱	U+2DE71	no accepted official reading
𭹲	U+2DE72	no accepted official reading
𭹳	U+2DE73	no accepted official reading
𭹴	U+2DE74	no accepted official reading
𭹶	U+2DE76	no accepted official reading
𭹸	U+2DE78	no accepted official reading
𭹹	U+2DE79	no accepted official reading
𭹺	U+2DE7A	no accepted official reading
𭹼	U+2DE7C	no accepted official reading
𭹽	U+2DE7D	no accepted official reading
𭹾	U+2DE7E	no accepted official reading
𭹿	U+2DE7F	no accepted official reading
𭺀	U+2DE80	no accepted official reading
𭺁	U+2DE81	no accepted official reading
𭺂	U+2DE82	no accepted official reading
𭺃	U+2DE83	no accepted official reading
𭺄	U+2DE84	no accepted official reading
𭺅	U+2DE85	no accepted official reading
𭺈	U+2DE88	no accepted official reading
𭺉	U+2DE89	no accepted official reading
𭺊	U+2DE8A	no accepted official reading
𭺋	U+2DE8B	no accepted official reading
𭺌	U+2DE8C	no accepted official reading
𭺍	U+2DE8D	no accepted official reading
𭺎	U+2DE8E	no accepted official reading
𭺐	U+2DE90	no accepted official reading
𭺑	U+2DE91	no accepted official reading
𭺒	U+2DE92	no accepted official reading
𭺓	U+2DE93	no accepted official reading
𭺔	U+2DE94	no accepted official reading
𭺕	U+2DE95	no accepted official reading
𭺗	U+2DE97	no accepted official reading
𭺘	U+2DE98	no accepted official reading
𭺙	U+2DE99	no accepted official reading
𭺚	U+2DE9A	no accepted official reading
𭺜	U+2DE9C	no accepted official reading
𭺝	U+2DE9D	no accepted official reading
𭺞	U+2DE9E	no accepted official reading
𭺟	U+2DE9F	no accepted official reading
𭺠	U+2DEA0	no accepted official reading
𭺡	U+2DEA1	no accepted official reading
𭺢	U+2DEA2	no accepted official reading
𭺣	U+2DEA3	no accepted official reading
𭺤	U+2DEA4	no accepted official reading
𭺥	U+2DEA5	no accepted official reading
𭺦	U+2DEA6	no accepted official reading
𭺧	U+2DEA7	no accepted official reading
𭺨	U+2DEA8	no accepted official reading
𭺩	U+2DEA9	no accepted official reading
𭺬	U+2DEAC	no accepted official reading
𭺭	U+2DEAD	no accepted official reading
𭺯	U+2DEAF	no accepted official reading
𭺰	U+2DEB0	no accepted official reading
𭺱	U+2DEB1	no accepted official reading
𭺲	U+2DEB2	no accepted official reading
𭺴	U+2DEB4	no accepted official reading
𭺵	U+2DEB5	no accepted official reading
𭺷	U+2DEB7	no accepted official reading
𭺹	U+2DEB9	no accepted official reading
𭺻	U+2DEBB	no accepted official reading
𭺼	U+2DEBC	no accepted official reading
𭺽	U+2DEBD	no accepted official reading
𭺾	U+2DEBE	no accepted official reading
𭺿	U+2DEBF	no accepted official reading
𭻀	U+2DEC0	no accepted official reading
𭻁	U+2DEC1	no accepted official reading
𭻂	U+2DEC2	no accepted official reading
𭻃	U+2DEC3	no accepted official reading
𭻄	U+2DEC4	no accepted official reading
𭻅	U+2DEC5	no accepted official reading
𭻆	U+2DEC6	no accepted official reading
𭻇	U+2DEC7	no accepted official reading
𭻈	U+2DEC8	no accepted official reading
𭻉	U+2DEC9	no accepted official reading
𭻌	U+2DECC	no accepted official reading
𭻎	U+2DECE	no accepted official reading
𭻏	U+2DECF	no accepted official reading
𭻐	U+2DED0	no accepted official reading
𭻓	U+2DED3	no accepted official reading
𭻕	U+2DED5	no accepted official reading
𭻖	U+2DED6	no accepted official reading
𭻗	U+2DED7	no accepted official reading
𭻘	U+2DED8	no accepted official reading
𭻙	U+2DED9	no accepted official reading
𭻚	U+2DEDA	no accepted official reading
𭻛	U+2DEDB	no accepted official reading
𭻜	U+2DEDC	no accepted official reading
𭻝	U+2DEDD	no accepted official reading
𭻞	U+2DEDE	no accepted official reading
𭻟	U+2DEDF	no accepted official reading
𭻠	U+2DEE0	no accepted official reading
𭻡	U+2DEE1	no accepted official reading
𭻢	U+2DEE2	no accepted official reading
𭻣	U+2DEE3	no accepted official reading
𭻤	U+2DEE4	no accepted official reading
𭻥	U+2DEE5	no accepted official reading
𭻦	U+2DEE6	no accepted official reading
𭻧	U+2DEE7	no accepted official reading
𭻨	U+2DEE8	no accepted official reading
𭻩	U+2DEE9	no accepted official reading
𭻫	U+2DEEB	no accepted official reading
𭻬	U+2DEEC	no accepted official reading
𭻭	U+2DEED	no accepted official reading
𭻮	U+2DEEE	no accepted official reading
𭻯	U+2DEEF	no accepted official reading
𭻰	U+2DEF0	no accepted official reading
𭻱	U+2DEF1	no accepted official reading
𭻲	U+2DEF2	no accepted official reading
𭻳	U+2DEF3	no accepted official reading
𭻴	U+2DEF4	no accepted official reading
𭻵	U+2DEF5	no accepted official reading
𭻶	U+2DEF6	no accepted official reading
𭻷	U+2DEF7	no accepted official reading
𭻸	U+2DEF8	no accepted official reading
𭻹	U+2DEF9	no accepted official reading
𭻺	U+2DEFA	no accepted official reading
𭻻	U+2DEFB	no accepted official reading
𭻼	U+2DEFC	no accepted official reading
𭻽	U+2DEFD	no accepted official reading
𭻾	U+2DEFE	no accepted official reading
𭻿	U+2DEFF	no accepted official reading
𭼁	U+2DF01	no accepted official reading
𭼂	U+2DF02	no accepted official reading
𭼅	U+2DF05	no accepted official reading
𭼆	U+2DF06	no accepted official reading
𭼇	U+2DF07	no accepted official reading
𭼈	U+2DF08	no accepted official reading
𭼉	U+2DF09	no accepted official reading
𭼊	U+2DF0A	no accepted official reading
𭼌	U+2DF0C	no accepted official reading
𭼍	U+2DF0D	no accepted official reading
𭼎	U+2DF0E	no accepted official reading
𭼏	U+2DF0F	no accepted official reading
𭼐	U+2DF10	no accepted official reading
𭼑	U+2DF11	no accepted official reading
𭼒	U+2DF12	no accepted official reading
𭼓	U+2DF13	no accepted official reading
𭼕	U+2DF15	no accepted official reading
𭼖	U+2DF16	no accepted official reading
𭼗	U+2DF17	no accepted official reading
𭼙	U+2DF19	no accepted official reading
𭼚	U+2DF1A	no accepted official reading
𭼛	U+2DF1B	no accepted official reading
𭼜	U+2DF1C	no accepted official reading
𭼝	U+2DF1D	no accepted official reading
𭼞	U+2DF1E	no accepted official reading
𭼟	U+2DF1F	no accepted official reading
𭼡	U+2DF21	no accepted official reading
𭼢	U+2DF22	no accepted official reading
𭼣	U+2DF23	no accepted official reading
𭼤	U+2DF24	no accepted official reading
𭼥	U+2DF25	no accepted official reading
𭼨	U+2DF28	no accepted official reading
𭼩	U+2DF29	no accepted official reading
𭼪	U+2DF2A	no accepted official reading
𭼫	U+2DF2B	no accepted official reading
𭼬	U+2DF2C	no accepted official reading
𭼭	U+2DF2D	no accepted official reading
𭼮	U+2DF2E	no accepted official reading
𭼯	U+2DF2F	no accepted official reading
𭼰	U+2DF30	no accepted official reading
𭼲	U+2DF32	no accepted official reading
𭼳	U+2DF33	no accepted official reading
𭼴	U+2DF34	no accepted official reading
𭼵	U+2DF35	no accepted official reading
𭼷	U+2DF37	no accepted official reading
𭼹	U+2DF39	no accepted official reading
𭽀	U+2DF40	no accepted official reading
𭽃	U+2DF43	no accepted official reading
𭽄	U+2DF44	no accepted official reading
𭽅	U+2DF45	no accepted official reading
𭽆	U+2DF46	no accepted official reading
𭽇	U+2DF47	no accepted official reading
𭽈	U+2DF48	no accepted official reading
𭽉	U+2DF49	no accepted official reading
𭽊	U+2DF4A	no accepted official reading
𭽋	U+2DF4B	no accepted official reading
𭽌	U+2DF4C	no accepted official reading
𭽍	U+2DF4D	no accepted official reading
𭽎	U+2DF4E	no accepted official reading
𭽐	U+2DF50	no accepted official reading
𭽑	U+2DF51	no accepted official reading
𭽒	U+2DF52	no accepted official reading
𭽓	U+2DF53	no accepted official reading
𭽔	U+2DF54	no accepted official reading
𭽕	U+2DF55	no accepted official reading
𭽖	U+2DF56	no accepted official reading
𭽗	U+2DF57	no accepted official reading
𭽘	U+2DF58	no accepted official reading
𭽙	U+2DF59	no accepted official reading
𭽚	U+2DF5A	no accepted official reading
𭽛	U+2DF5B	no accepted official reading
𭽜	U+2DF5C	no accepted official reading
𭽝	U+2DF5D	no accepted official reading
𭽞	U+2DF5E	no accepted official reading
𭽠	U+2DF60	no accepted official reading
𭽡	U+2DF61	no accepted official reading
𭽢	U+2DF62	no accepted official reading
𭽣	U+2DF63	no accepted official reading
𭽤	U+2DF64	no accepted official reading
𭽥	U+2DF65	no accepted official reading
𭽦	U+2DF66	no accepted official reading
𭽧	U+2DF67	no accepted official reading
𭽨	U+2DF68	no accepted official reading
𭽩	U+2DF69	no accepted official reading
𭽪	U+2DF6A	no accepted official reading
𭽫	U+2DF6B	no accepted official reading
𭽭	U+2DF6D	no accepted official reading
𭽮	U+2DF6E	no accepted official reading
𭽯	U+2DF6F	no accepted official reading
𭽰	U+2DF70	no accepted official reading
𭽱	U+2DF71	no accepted official reading
𭽲	U+2DF72	no accepted official reading
𭽳	U+2DF73	no accepted official reading
𭽴	U+2DF74	no accepted official reading
𭽵	U+2DF75	no accepted official reading
𭽶	U+2DF76	no accepted official reading
𭽷	U+2DF77	no accepted official reading
𭽸	U+2DF78	no accepted official reading
𭽹	U+2DF79	no accepted official reading
𭽺	U+2DF7A	no accepted official reading
𭽻	U+2DF7B	no accepted official reading
𭽼	U+2DF7C	no accepted official reading
𭽽	U+2DF7D	no accepted official reading
𭽾	U+2DF7E	no accepted official reading
𭽿	U+2DF7F	no accepted official reading
𭾀	U+2DF80	no accepted official reading
𭾁	U+2DF81	no accepted official reading
𭾂	U+2DF82	no accepted official reading
𭾃	U+2DF83	no accepted official reading
𭾄	U+2DF84	no accepted official reading
𭾅	U+2DF85	no accepted official reading
𭾇	U+2DF87	no accepted official reading
𭾈	U+2DF88	no accepted official reading
𭾊	U+2DF8A	no accepted official reading
𭾌	U+2DF8C	no accepted official reading
𭾍	U+2DF8D	no accepted official reading
𭾎	U+2DF8E	no accepted official reading
𭾒	U+2DF92	no accepted official reading
𭾓	U+2DF93	no accepted official reading
𭾔	U+2DF94	no accepted official reading
𭾖	U+2DF96	no accepted official reading
𭾗	U+2DF97	no accepted official reading
𭾘	U+2DF98	no accepted official reading
𭾙	U+2DF99	no accepted official reading
𭾚	U+2DF9A	no accepted official reading
𭾛	U+2DF9B	no accepted official reading
𭾜	U+2DF9C	no accepted official reading
𭾝	U+2DF9D	no accepted official reading
𭾞	U+2DF9E	no accepted official reading
𭾟	U+2DF9F	no accepted official reading
𭾠	U+2DFA0	no accepted official reading
𭾡	U+2DFA1	no accepted official reading
𭾢	U+2DFA2	no accepted official reading
𭾣	U+2DFA3	no accepted official reading
𭾤	U+2DFA4	no accepted official reading
𭾥	U+2DFA5	no accepted official reading
𭾦	U+2DFA6	no accepted official reading
𭾧	U+2DFA7	no accepted official reading
𭾨	U+2DFA8	no accepted official reading
𭾩	U+2DFA9	no accepted official reading
𭾫	U+2DFAB	no accepted official reading
𭾬	U+2DFAC	no accepted official reading
𭾭	U+2DFAD	no accepted official reading
𭾮	U+2DFAE	no accepted official reading
𭾯	U+2DFAF	no accepted official reading
𭾰	U+2DFB0	no accepted official reading
𭾱	U+2DFB1	no accepted official reading
𭾲	U+2DFB2	no accepted official reading
𭾴	U+2DFB4	no accepted official reading
𭾵	U+2DFB5	no accepted official reading
𭾶	U+2DFB6	no accepted official reading
𭾷	U+2DFB7	no accepted official reading
𭾸	U+2DFB8	no accepted official reading
𭾹	U+2DFB9	no accepted official reading
𭾺	U+2DFBA	no accepted official reading
𭾻	U+2DFBB	no accepted official reading
𭾼	U+2DFBC	no accepted official reading
𭾾	U+2DFBE	no accepted official reading
𭾿	U+2DFBF	no accepted official reading
𭿀	U+2DFC0	no accepted official reading
𭿁	U+2DFC1	no accepted official reading
𭿂	U+2DFC2	no accepted official reading
𭿄	U+2DFC4	no accepted official reading
𭿅	U+2DFC5	no accepted official reading
𭿆	U+2DFC6	no accepted official reading
𭿇	U+2DFC7	no accepted official reading
𭿈	U+2DFC8	no accepted official reading
𭿉	U+2DFC9	no accepted official reading
𭿊	U+2DFCA	no accepted official reading
𭿋	U+2DFCB	no accepted official reading
𭿍	U+2DFCD	no accepted official reading
𭿎	U+2DFCE	no accepted official reading
𭿏	U+2DFCF	no accepted official reading
𭿐	U+2DFD0	no accepted official reading
𭿑	U+2DFD1	no accepted official reading
𭿒	U+2DFD2	no accepted official reading
𭿓	U+2DFD3	no accepted official reading
𭿔	U+2DFD4	no accepted official reading
𭿕	U+2DFD5	no accepted official reading
𭿛	U+2DFDB	no accepted official reading
𭿜	U+2DFDC	no accepted official reading
𭿝	U+2DFDD	no accepted official reading
𭿞	U+2DFDE	no accepted official reading
𭿟	U+2DFDF	no accepted official reading
𭿠	U+2DFE0	no accepted official reading
𭿡	U+2DFE1	no accepted official reading
𭿢	U+2DFE2	no accepted official reading
𭿦	U+2DFE6	no accepted official reading
𭿧	U+2DFE7	no accepted official reading
𭿨	U+2DFE8	no accepted official reading
𭿪	U+2DFEA	no accepted official reading
𭿫	U+2DFEB	no accepted official reading
𭿬	U+2DFEC	no accepted official reading
𭿭	U+2DFED	no accepted official reading
𭿮	U+2DFEE	no accepted official reading
𭿯	U+2DFEF	no accepted official reading
𭿱	U+2DFF1	no accepted official reading
𭿲	U+2DFF2	no accepted official reading
𭿳	U+2DFF3	no accepted official reading
𭿴	U+2DFF4	no accepted official reading
𭿷	U+2DFF7	no accepted official reading
𭿸	U+2DFF8	no accepted official reading
𭿹	U+2DFF9	no accepted official reading
𭿺	U+2DFFA	no accepted official reading
𭿻	U+2DFFB	no accepted official reading
𭿼	U+2DFFC	no accepted official reading
𭿽	U+2DFFD	no accepted official reading
𭿾	U+2DFFE	no accepted official reading
𭿿	U+2DFFF	no accepted official reading
𮀀	U+2E000	no accepted official reading
𮀁	U+2E001	no accepted official reading
𮀂	U+2E002	no accepted official reading
𮀃	U+2E003	no accepted official reading
𮀄	U+2E004	no accepted official reading
𮀅	U+2E005	no accepted official reading
𮀆	U+2E006	no accepted official reading
𮀇	U+2E007	no accepted official reading
𮀈	U+2E008	no accepted official reading
𮀊	U+2E00A	no accepted official reading
𮀋	U+2E00B	no accepted official reading
𮀌	U+2E00C	no accepted official reading
𮀍	U+2E00D	no accepted official reading
𮀎	U+2E00E	no accepted official reading
𮀏	U+2E00F	no accepted official reading
𮀐	U+2E010	no accepted official reading
𮀑	U+2E011	no accepted official reading
𮀒	U+2E012	no accepted official reading
𮀓	U+2E013	no accepted official reading
𮀔	U+2E014	no accepted official reading
𮀕	U+2E015	no accepted official reading
𮀖	U+2E016	no accepted official reading
𮀗	U+2E017	no accepted official reading
𮀙	U+2E019	no accepted official reading
𮀚	U+2E01A	no accepted official reading
𮀛	U+2E01B	no accepted official reading
𮀜	U+2E01C	no accepted official reading
𮀝	U+2E01D	no accepted official reading
𮀞	U+2E01E	no accepted official reading
𮀟	U+2E01F	no accepted official reading
𮀠	U+2E020	no accepted official reading
𮀢	U+2E022	no accepted official reading
𮀣	U+2E023	no accepted official reading
𮀦	U+2E026	no accepted official reading
𮀧	U+2E027	no accepted official reading
𮀨	U+2E028	no accepted official reading
𮀩	U+2E029	no accepted official reading
𮀪	U+2E02A	no accepted official reading
𮀫	U+2E02B	no accepted official reading
𮀬	U+2E02C	no accepted official reading
𮀭	U+2E02D	no accepted official reading
𮀮	U+2E02E	no accepted official reading
𮀯	U+2E02F	no accepted official reading
𮀰	U+2E030	no accepted official reading
𮀱	U+2E031	no accepted official reading
𮀳	U+2E033	no accepted official reading
𮀴	U+2E034	no accepted official reading
𮀵	U+2E035	no accepted official reading
𮀶	U+2E036	no accepted official reading
𮀷	U+2E037	no accepted official reading
𮀸	U+2E038	no accepted official reading
𮀹	U+2E039	no accepted official reading
𮀺	U+2E03A	no accepted official reading
𮀻	U+2E03B	no accepted official reading
𮀼	U+2E03C	no accepted official reading
𮀾	U+2E03E	no accepted official reading
𮀿	U+2E03F	no accepted official reading
𮁀	U+2E040	no accepted official reading
𮁁	U+2E041	no accepted official reading
𮁂	U+2E042	no accepted official reading
𮁃	U+2E043	no accepted official reading
𮁄	U+2E044	no accepted official reading
𮁇	U+2E047	no accepted official reading
𮁈	U+2E048	no accepted official reading
𮁉	U+2E049	no accepted official reading
𮁋	U+2E04B	no accepted official reading
𮁌	U+2E04C	no accepted official reading
𮁍	U+2E04D	no accepted official reading
𮁏	U+2E04F	no accepted official reading
𮁑	U+2E051	no accepted official reading
𮁒	U+2E052	no accepted official reading
𮁓	U+2E053	no accepted official reading
𮁔	U+2E054	no accepted official reading
𮁕	U+2E055	no accepted official reading
𮁖	U+2E056	no accepted official reading
𮁗	U+2E057	no accepted official reading
𮁘	U+2E058	no accepted official reading
𮁙	U+2E059	no accepted official reading
𮁚	U+2E05A	no accepted official reading
𮁛	U+2E05B	no accepted official reading
𮁜	U+2E05C	no accepted official reading
𮁝	U+2E05D	no accepted official reading
𮁞	U+2E05E	no accepted official reading
𮁟	U+2E05F	no accepted official reading
𮁠	U+2E060	no accepted official reading
𮁡	U+2E061	no accepted official reading
𮁢	U+2E062	no accepted official reading
𮁤	U+2E064	no accepted official reading
𮁥	U+2E065	no accepted official reading
𮁦	U+2E066	no accepted official reading
𮁧	U+2E067	no accepted official reading
𮁩	U+2E069	no accepted official reading
𮁪	U+2E06A	no accepted official reading
𮁫	U+2E06B	no accepted official reading
𮁬	U+2E06C	no accepted official reading
𮁭	U+2E06D	no accepted official reading
𮁮	U+2E06E	no accepted official reading
𮁯	U+2E06F	no accepted official reading
𮁰	U+2E070	no accepted official reading
𮁱	U+2E071	no accepted official reading
𮁲	U+2E072	no accepted official reading
𮁳	U+2E073	no accepted official reading
𮁴	U+2E074	no accepted official reading
𮁶	U+2E076	no accepted official reading
𮁷	U+2E077	no accepted official reading
𮁸	U+2E078	no accepted official reading
𮁹	U+2E079	no accepted official reading
𮁻	U+2E07B	no accepted official reading
𮁽	U+2E07D	no accepted official reading
𮁾	U+2E07E	no accepted official reading
𮁿	U+2E07F	no accepted official reading
𮂀	U+2E080	no accepted official reading
𮂁	U+2E081	no accepted official reading
𮂃	U+2E083	no accepted official reading
𮂅	U+2E085	no accepted official reading
𮂆	U+2E086	no accepted official reading
𮂇	U+2E087	no accepted official reading
𮂈	U+2E088	no accepted official reading
𮂉	U+2E089	no accepted official reading
𮂋	U+2E08B	no accepted official reading
𮂌	U+2E08C	no accepted official reading
𮂍	U+2E08D	no accepted official reading
𮂎	U+2E08E	no accepted official reading
𮂏	U+2E08F	no accepted official reading
𮂐	U+2E090	no accepted official reading
𮂑	U+2E091	no accepted official reading
𮂒	U+2E092	no accepted official reading
𮂓	U+2E093	no accepted official reading
𮂕	U+2E095	no accepted official reading
𮂖	U+2E096	no accepted official reading
𮂗	U+2E097	no accepted official reading
𮂘	U+2E098	no accepted official reading
𮂙	U+2E099	no accepted official reading
𮂚	U+2E09A	no accepted official reading
𮂛	U+2E09B	no accepted official reading
𮂜	U+2E09C	no accepted official reading
𮂝	U+2E09D	no accepted official reading
𮂠	U+2E0A0	no accepted official reading
𮂡	U+2E0A1	no accepted official reading
𮂣	U+2E0A3	no accepted official reading
𮂤	U+2E0A4	no accepted official reading
𮂥	U+2E0A5	no accepted official reading
𮂦	U+2E0A6	no accepted official reading
𮂧	U+2E0A7	no accepted official reading
𮂨	U+2E0A8	no accepted official reading
𮂩	U+2E0A9	no accepted official reading
𮂬	U+2E0AC	no accepted official reading
𮂭	U+2E0AD	no accepted official reading
𮂮	U+2E0AE	no accepted official reading
𮂯	U+2E0AF	no accepted official reading
𮂰	U+2E0B0	no accepted official reading
𮂱	U+2E0B1	no accepted official reading
𮂲	U+2E0B2	no accepted official reading
𮂳	U+2E0B3	no accepted official reading
𮂴	U+2E0B4	no accepted official reading
𮂵	U+2E0B5	no accepted official reading
𮂶	U+2E0B6	no accepted official reading
𮂸	U+2E0B8	no accepted official reading
𮂹	U+2E0B9	no accepted official reading
𮂺	U+2E0BA	no accepted official reading
𮂻	U+2E0BB	no accepted official reading
𮂽	U+2E0BD	no accepted official reading
𮂾	U+2E0BE	no accepted official reading
𮂿	U+2E0BF	no accepted official reading
𮃀	U+2E0C0	no accepted official reading
𮃁	U+2E0C1	no accepted official reading
𮃂	U+2E0C2	no accepted official reading
𮃃	U+2E0C3	no accepted official reading
𮃄	U+2E0C4	no accepted official reading
𮃅	U+2E0C5	no accepted official reading
𮃆	U+2E0C6	no accepted official reading
𮃇	U+2E0C7	no accepted official reading
𮃉	U+2E0C9	no accepted official reading
𮃊	U+2E0CA	no accepted official reading
𮃋	U+2E0CB	no accepted official reading
𮃌	U+2E0CC	no accepted official reading
𮃏	U+2E0CF	no accepted official reading
𮃐	U+2E0D0	no accepted official reading
𮃑	U+2E0D1	no accepted official reading
𮃓	U+2E0D3	no accepted official reading
𮃔	U+2E0D4	no accepted official reading
𮃖	U+2E0D6	no accepted official reading
𮃗	U+2E0D7	no accepted official reading
𮃘	U+2E0D8	no accepted official reading
𮃚	U+2E0DA	no accepted official reading
𮃜	U+2E0DC	no accepted official reading
𮃝	U+2E0DD	no accepted official reading
𮃟	U+2E0DF	no accepted official reading
𮃠	U+2E0E0	no accepted official reading
𮃡	U+2E0E1	no accepted official reading
𮃣	U+2E0E3	no accepted official reading
𮃤	U+2E0E4	no accepted official reading
𮃧	U+2E0E7	no accepted official reading
𮃨	U+2E0E8	no accepted official reading
𮃩	U+2E0E9	no accepted official reading
𮃪	U+2E0EA	no accepted official reading
𮃫	U+2E0EB	no accepted official reading
𮃭	U+2E0ED	no accepted official reading
𮃯	U+2E0EF	no accepted official reading
𮃱	U+2E0F1	no accepted official reading
𮃲	U+2E0F2	no accepted official reading
𮃳	U+2E0F3	no accepted official reading
𮃴	U+2E0F4	no accepted official reading
𮃵	U+2E0F5	no accepted official reading
𮃶	U+2E0F6	no accepted official reading
𮃷	U+2E0F7	no accepted official reading
𮃸	U+2E0F8	no accepted official reading
𮃹	U+2E0F9	no accepted official reading
𮃼	U+2E0FC	no accepted official reading
𮃽	U+2E0FD	no accepted official reading
𮃿	U+2E0FF	no accepted official reading
𮄀	U+2E100	no accepted official reading
𮄁	U+2E101	no accepted official reading
𮄂	U+2E102	no accepted official reading
𮄃	U+2E103	no accepted official reading
𮄄	U+2E104	no accepted official reading
𮄆	U+2E106	no accepted official reading
𮄇	U+2E107	no accepted official reading
𮄈	U+2E108	no accepted official reading
𮄊	U+2E10A	no accepted official reading
𮄌	U+2E10C	no accepted official reading
𮄍	U+2E10D	no accepted official reading
𮄏	U+2E10F	no accepted official reading
𮄐	U+2E110	no accepted official reading
𮄓	U+2E113	no accepted official reading
𮄔	U+2E114	no accepted official reading
𮄕	U+2E115	no accepted official reading
𮄖	U+2E116	no accepted official reading
𮄗	U+2E117	no accepted official reading
𮄘	U+2E118	no accepted official reading
𮄙	U+2E119	no accepted official reading
𮄚	U+2E11A	no accepted official reading
𮄜	U+2E11C	no accepted official reading
𮄞	U+2E11E	no accepted official reading
𮄟	U+2E11F	no accepted official reading
𮄠	U+2E120	no accepted official reading
𮄡	U+2E121	no accepted official reading
𮄢	U+2E122	no accepted official reading
𮄤	U+2E124	no accepted official reading
𮄥	U+2E125	no accepted official reading
𮄦	U+2E126	no accepted official reading
𮄧	U+2E127	no accepted official reading
𮄨	U+2E128	no accepted official reading
𮄩	U+2E129	no accepted official reading
𮄫	U+2E12B	no accepted official reading
𮄬	U+2E12C	no accepted official reading
𮄭	U+2E12D	no accepted official reading
𮄮	U+2E12E	no accepted official reading
𮄯	U+2E12F	no accepted official reading
𮄱	U+2E131	no accepted official reading
𮄲	U+2E132	no accepted official reading
𮄳	U+2E133	no accepted official reading
𮄴	U+2E134	no accepted official reading
𮄵	U+2E135	no accepted official reading
𮄶	U+2E136	no accepted official reading
𮄷	U+2E137	no accepted official reading
𮄸	U+2E138	no accepted official reading
𮄹	U+2E139	no accepted official reading
𮄺	U+2E13A	no accepted official reading
𮄻	U+2E13B	no accepted official reading
𮄾	U+2E13E	no accepted official reading
𮄿	U+2E13F	no accepted official reading
𮅀	U+2E140	no accepted official reading
𮅁	U+2E141	no accepted official reading
𮅂	U+2E142	no accepted official reading
𮅃	U+2E143	no accepted official reading
𮅅	U+2E145	no accepted official reading
𮅆	U+2E146	no accepted official reading
𮅇	U+2E147	no accepted official reading
𮅈	U+2E148	no accepted official reading
𮅉	U+2E149	no accepted official reading
𮅊	U+2E14A	no accepted official reading
𮅋	U+2E14B	no accepted official reading
𮅎	U+2E14E	no accepted official reading
𮅐	U+2E150	no accepted official reading
𮅑	U+2E151	no accepted official reading
𮅒	U+2E152	no accepted official reading
𮅓	U+2E153	no accepted official reading
𮅔	U+2E154	no accepted official reading
𮅕	U+2E155	no accepted official reading
𮅖	U+2E156	no accepted official reading
𮅗	U+2E157	no accepted official reading
𮅘	U+2E158	no accepted official reading
𮅙	U+2E159	no accepted official reading
𮅛	U+2E15B	no accepted official reading
𮅝	U+2E15D	no accepted official reading
𮅞	U+2E15E	no accepted official reading
𮅟	U+2E15F	no accepted official reading
𮅠	U+2E160	no accepted official reading
𮅡	U+2E161	no accepted official reading
𮅢	U+2E162	no accepted official reading
𮅣	U+2E163	no accepted official reading
𮅤	U+2E164	no accepted official reading
𮅥	U+2E165	no accepted official reading
𮅧	U+2E167	no accepted official reading
𮅨	U+2E168	no accepted official reading
𮅩	U+2E169	no accepted official reading
𮅪	U+2E16A	no accepted official reading
𮅫	U+2E16B	no accepted official reading
𮅬	U+2E16C	no accepted official reading
𮅭	U+2E16D	no accepted official reading
𮅮	U+2E16E	no accepted official reading
𮅯	U+2E16F	no accepted official reading
𮅲	U+2E172	no accepted official reading
𮅵	U+2E175	no accepted official reading
𮅶	U+2E176	no accepted official reading
𮅷	U+2E177	no accepted official reading
𮅸	U+2E178	no accepted official reading
𮅹	U+2E179	no accepted official reading
𮅻	U+2E17B	no accepted official reading
𮅼	U+2E17C	no accepted official reading
𮅽	U+2E17D	no accepted official reading
𮅾	U+2E17E	no accepted official reading
𮅿	U+2E17F	no accepted official reading
𮆀	U+2E180	no accepted official reading
𮆁	U+2E181	no accepted official reading
𮆂	U+2E182	no accepted official reading
𮆃	U+2E183	no accepted official reading
𮆄	U+2E184	no accepted official reading
𮆅	U+2E185	no accepted official reading
𮆆	U+2E186	no accepted official reading
𮆈	U+2E188	no accepted official reading
𮆉	U+2E189	no accepted official reading
𮆋	U+2E18B	no accepted official reading
𮆍	U+2E18D	no accepted official reading
𮆎	U+2E18E	no accepted official reading
𮆐	U+2E190	no accepted official reading
𮆓	U+2E193	no accepted official reading
𮆖	U+2E196	no accepted official reading
𮆗	U+2E197	no accepted official reading
𮆘	U+2E198	no accepted official reading
𮆙	U+2E199	no accepted official reading
𮆚	U+2E19A	no accepted official reading
𮆛	U+2E19B	no accepted official reading
𮆜	U+2E19C	no accepted official reading
𮆝	U+2E19D	no accepted official reading
𮆞	U+2E19E	no accepted official reading
𮆟	U+2E19F	no accepted official reading
𮆠	U+2E1A0	no accepted official reading
𮆡	U+2E1A1	no accepted official reading
𮆢	U+2E1A2	no accepted official reading
𮆤	U+2E1A4	no accepted official reading
𮆦	U+2E1A6	no accepted official reading
𮆧	U+2E1A7	no accepted official reading
𮆩	U+2E1A9	no accepted official reading
𮆫	U+2E1AB	no accepted official reading
𮆬	U+2E1AC	no accepted official reading
𮆭	U+2E1AD	no accepted official reading
𮆮	U+2E1AE	no accepted official reading
𮆳	U+2E1B3	no accepted official reading
𮆹	U+2E1B9	no accepted official reading
𮆼	U+2E1BC	no accepted official reading
𮆽	U+2E1BD	no accepted official reading
𮆾	U+2E1BE	no accepted official reading
𮆿	U+2E1BF	no accepted official reading
𮇀	U+2E1C0	no accepted official reading
𮇁	U+2E1C1	no accepted official reading
𮇂	U+2E1C2	no accepted official reading
𮇃	U+2E1C3	no accepted official reading
𮇄	U+2E1C4	no accepted official reading
𮇅	U+2E1C5	no accepted official reading
𮇆	U+2E1C6	no accepted official reading
𮇇	U+2E1C7	no accepted official reading
𮇈	U+2E1C8	no accepted official reading
𮇉	U+2E1C9	no accepted official reading
𮇊	U+2E1CA	no accepted official reading
𮇋	U+2E1CB	no accepted official reading
𮇌	U+2E1CC	no accepted official reading
𮇍	U+2E1CD	no accepted official reading
𮇎	U+2E1CE	no accepted official reading
𮇏	U+2E1CF	no accepted official reading
𮇐	U+2E1D0	no accepted official reading
𮇑	U+2E1D1	no accepted official reading
𮇒	U+2E1D2	no accepted official reading
𮇔	U+2E1D4	no accepted official reading
𮇕	U+2E1D5	no accepted official reading
𮇖	U+2E1D6	no accepted official reading
𮇘	U+2E1D8	no accepted official reading
𮇙	U+2E1D9	no accepted official reading
𮇚	U+2E1DA	no accepted official reading
𮇛	U+2E1DB	no accepted official reading
𮇜	U+2E1DC	no accepted official reading
𮇝	U+2E1DD	no accepted official reading
𮇞	U+2E1DE	no accepted official reading
𮇟	U+2E1DF	no accepted official reading
𮇠	U+2E1E0	no accepted official reading
𮇡	U+2E1E1	no accepted official reading
𮇢	U+2E1E2	no accepted official reading
𮇥	U+2E1E5	no accepted official reading
𮇦	U+2E1E6	no accepted official reading
𮇧	U+2E1E7	no accepted official reading
𮇨	U+2E1E8	no accepted official reading
𮇩	U+2E1E9	no accepted official reading
𮇪	U+2E1EA	no accepted official reading
𮇫	U+2E1EB	no accepted official reading
𮇭	U+2E1ED	no accepted official reading
𮇮	U+2E1EE	no accepted official reading
𮇯	U+2E1EF	no accepted official reading
𮇰	U+2E1F0	no accepted official reading
𮇱	U+2E1F1	no accepted official reading
𮇲	U+2E1F2	no accepted official reading
𮇳	U+2E1F3	no accepted official reading
𮇴	U+2E1F4	no accepted official reading
𮇵	U+2E1F5	no accepted official reading
𮇶	U+2E1F6	no accepted official reading
𮇷	U+2E1F7	no accepted official reading
𮇹	U+2E1F9	no accepted official reading
𮇻	U+2E1FB	no accepted official reading
𮇼	U+2E1FC	no accepted official reading
𮇽	U+2E1FD	no accepted official reading
𮇾	U+2E1FE	no accepted official reading
𮈁	U+2E201	no accepted official reading
𮈂	U+2E202	no accepted official reading
𮈃	U+2E203	no accepted official reading
𮈄	U+2E204	no accepted official reading
𮈅	U+2E205	no accepted official reading
𮈆	U+2E206	no accepted official reading
𮈇	U+2E207	no accepted official reading
𮈉	U+2E209	no accepted official reading
𮈊	U+2E20A	no accepted official reading
𮈋	U+2E20B	no accepted official reading
𮈌	U+2E20C	no accepted official reading
𮈍	U+2E20D	no accepted official reading
𮈎	U+2E20E	no accepted official reading
𮈑	U+2E211	no accepted official reading
𮈒	U+2E212	no accepted official reading
𮈓	U+2E213	no accepted official reading
𮈔	U+2E214	no accepted official reading
𮈕	U+2E215	no accepted official reading
𮈗	U+2E217	no accepted official reading
𮈚	U+2E21A	no accepted official reading
𮈜	U+2E21C	no accepted official reading
𮈝	U+2E21D	no accepted official reading
𮈠	U+2E220	no accepted official reading
𮈡	U+2E221	no accepted official reading
𮈤	U+2E224	no accepted official reading
𮈥	U+2E225	no accepted official reading
𮈦	U+2E226	no accepted official reading
𮈧	U+2E227	no accepted official reading
𮈨	U+2E228	no accepted official reading
𮈩	U+2E229	no accepted official reading
𮈪	U+2E22A	no accepted official reading
𮈬	U+2E22C	no accepted official reading
𮈭	U+2E22D	no accepted official reading
𮈮	U+2E22E	no accepted official reading
𮈯	U+2E22F	no accepted official reading
𮈰	U+2E230	no accepted official reading
𮈱	U+2E231	no accepted official reading
𮈲	U+2E232	no accepted official reading
𮈳	U+2E233	no accepted official reading
𮈴	U+2E234	no accepted official reading
𮈶	U+2E236	no accepted official reading
𮈸	U+2E238	no accepted official reading
𮈺	U+2E23A	no accepted official reading
𮈼	U+2E23C	no accepted official reading
𮈽	U+2E23D	no accepted official reading
𮈾	U+2E23E	no accepted official reading
𮈿	U+2E23F	no accepted official reading
𮉀	U+2E240	no accepted official reading
𮉁	U+2E241	no accepted official reading
𮉂	U+2E242	no accepted official reading
𮉃	U+2E243	no accepted official reading
𮉄	U+2E244	no accepted official reading
𮉆	U+2E246	no accepted official reading
𮉇	U+2E247	no accepted official reading
𮉉	U+2E249	no accepted official reading
𮉊	U+2E24A	no accepted official reading
𮉋	U+2E24B	no accepted official reading
𮉌	U+2E24C	no accepted official reading
𮉍	U+2E24D	no accepted official reading
𮉎	U+2E24E	no accepted official reading
𮉏	U+2E24F	no accepted official reading
𮉒	U+2E252	no accepted official reading
𮉓	U+2E253	no accepted official reading
𮉕	U+2E255	no accepted official reading
𮉘	U+2E258	no accepted official reading
𮉙	U+2E259	no accepted official reading
𮉚	U+2E25A	no accepted official reading
𮉛	U+2E25B	no accepted official reading
𮉜	U+2E25C	no accepted official reading
𮉝	U+2E25D	no accepted official reading
𮉞	U+2E25E	no accepted official reading
𮉥	U+2E265	no accepted official reading
𮉦	U+2E266	no accepted official reading
𮉩	U+2E269	no accepted official reading
𮉭	U+2E26D	no accepted official reading
𮉰	U+2E270	no accepted official reading
𮉱	U+2E271	no accepted official reading
𮉲	U+2E272	no accepted official reading
𮉳	U+2E273	no accepted official reading
𮉴	U+2E274	no accepted official reading
𮉵	U+2E275	no accepted official reading
𮉶	U+2E276	no accepted official reading
𮉹	U+2E279	no accepted official reading
𮉺	U+2E27A	no accepted official reading
𮉽	U+2E27D	no accepted official reading
𮉾	U+2E27E	no accepted official reading
𮉿	U+2E27F	no accepted official reading
𮊀	U+2E280	no accepted official reading
𮊁	U+2E281	no accepted official reading
𮊂	U+2E282	no accepted official reading
𮊃	U+2E283	no accepted official reading
𮊄	U+2E284	no accepted official reading
𮊅	U+2E285	no accepted official reading
𮊆	U+2E286	no accepted official reading
𮊇	U+2E287	no accepted official reading
𮊈	U+2E288	no accepted official reading
𮊊	U+2E28A	no accepted official reading
𮊋	U+2E28B	no accepted official reading
𮊌	U+2E28C	no accepted official reading
𮊍	U+2E28D	no accepted official reading
𮊐	U+2E290	no accepted official reading
𮊒	U+2E292	no accepted official reading
𮊓	U+2E293	no accepted official reading
𮊔	U+2E294	no accepted official reading
𮊕	U+2E295	no accepted official reading
𮊘	U+2E298	no accepted official reading
𮊙	U+2E299	no accepted official reading
𮊚	U+2E29A	no accepted official reading
𮊛	U+2E29B	no accepted official reading
𮊜	U+2E29C	no accepted official reading
𮊝	U+2E29D	no accepted official reading
𮊞	U+2E29E	no accepted official reading
𮊟	U+2E29F	no accepted official reading
𮊠	U+2E2A0	no accepted official reading
𮊡	U+2E2A1	no accepted official reading
𮊢	U+2E2A2	no accepted official reading
𮊣	U+2E2A3	no accepted official reading
𮊤	U+2E2A4	no accepted official reading
𮊥	U+2E2A5	no accepted official reading
𮊦	U+2E2A6	no accepted official reading
𮊨	U+2E2A8	no accepted official reading
𮊩	U+2E2A9	no accepted official reading
𮊪	U+2E2AA	no accepted official reading
𮊬	U+2E2AC	no accepted official reading
𮊭	U+2E2AD	no accepted official reading
𮊮	U+2E2AE	no accepted official reading
𮊯	U+2E2AF	no accepted official reading
𮊱	U+2E2B1	no accepted official reading
𮊲	U+2E2B2	no accepted official reading
𮊳	U+2E2B3	no accepted official reading
𮊴	U+2E2B4	no accepted official reading
𮊵	U+2E2B5	no accepted official reading
𮊶	U+2E2B6	no accepted official reading
𮊸	U+2E2B8	no accepted official reading
𮊹	U+2E2B9	no accepted official reading
𮊺	U+2E2BA	no accepted official reading
𮊻	U+2E2BB	no accepted official reading
𮊼	U+2E2BC	no accepted official reading
𮊽	U+2E2BD	no accepted official reading
𮊾	U+2E2BE	no accepted official reading
𮋁	U+2E2C1	no accepted official reading
𮋂	U+2E2C2	no accepted official reading
𮋃	U+2E2C3	no accepted official reading
𮋄	U+2E2C4	no accepted official reading
𮋅	U+2E2C5	no accepted official reading
𮋆	U+2E2C6	no accepted official reading
𮋇	U+2E2C7	no accepted official reading
𮋈	U+2E2C8	no accepted official reading
𮋉	U+2E2C9	no accepted official reading
𮋊	U+2E2CA	no accepted official reading
𮋋	U+2E2CB	no accepted official reading
𮋌	U+2E2CC	no accepted official reading
𮋍	U+2E2CD	no accepted official reading
𮋎	U+2E2CE	no accepted official reading
𮋏	U+2E2CF	no accepted official reading
𮋐	U+2E2D0	no accepted official reading
𮋑	U+2E2D1	no accepted official reading
𮋒	U+2E2D2	no accepted official reading
𮋓	U+2E2D3	no accepted official reading
𮋔	U+2E2D4	no accepted official reading
𮋕	U+2E2D5	no accepted official reading
𮋖	U+2E2D6	no accepted official reading
𮋘	U+2E2D8	no accepted official reading
𮋙	U+2E2D9	no accepted official reading
𮋚	U+2E2DA	no accepted official reading
𮋛	U+2E2DB	no accepted official reading
𮋜	U+2E2DC	no accepted official reading
𮋞	U+2E2DE	no accepted official reading
𮋟	U+2E2DF	no accepted official reading
𮋢	U+2E2E2	no accepted official reading
𮋣	U+2E2E3	no accepted official reading
𮋤	U+2E2E4	no accepted official reading
𮋥	U+2E2E5	no accepted official reading
𮋦	U+2E2E6	no accepted official reading
𮋨	U+2E2E8	no accepted official reading
𮋩	U+2E2E9	no accepted official reading
𮋬	U+2E2EC	no accepted official reading
𮋭	U+2E2ED	no accepted official reading
𮋮	U+2E2EE	no accepted official reading
𮋯	U+2E2EF	no accepted official reading
𮋰	U+2E2F0	no accepted official reading
𮋱	U+2E2F1	no accepted official reading
𮋲	U+2E2F2	no accepted official reading
𮋳	U+2E2F3	no accepted official reading
𮋴	U+2E2F4	no accepted official reading
𮋵	U+2E2F5	no accepted official reading
𮋶	U+2E2F6	no accepted official reading
𮋷	U+2E2F7	no accepted official reading
𮋸	U+2E2F8	no accepted official reading
𮋹	U+2E2F9	no accepted official reading
𮋺	U+2E2FA	no accepted official reading
𮋼	U+2E2FC	no accepted official reading
𮋽	U+2E2FD	no accepted official reading
𮋾	U+2E2FE	no accepted official reading
𮋿	U+2E2FF	no accepted official reading
𮌀	U+2E300	no accepted official reading
𮌁	U+2E301	no accepted official reading
𮌂	U+2E302	no accepted official reading
𮌃	U+2E303	no accepted official reading
𮌅	U+2E305	no accepted official reading
𮌆	U+2E306	no accepted official reading
𮌈	U+2E308	no accepted official reading
𮌉	U+2E309	no accepted official reading
𮌊	U+2E30A	no accepted official reading
𮌋	U+2E30B	no accepted official reading
𮌌	U+2E30C	no accepted official reading
𮌍	U+2E30D	no accepted official reading
𮌎	U+2E30E	no accepted official reading
𮌏	U+2E30F	no accepted official reading
𮌐	U+2E310	no accepted official reading
𮌑	U+2E311	no accepted official reading
𮌔	U+2E314	no accepted official reading
𮌕	U+2E315	no accepted official reading
𮌗	U+2E317	no accepted official reading
𮌘	U+2E318	no accepted official reading
𮌙	U+2E319	no accepted official reading
𮌚	U+2E31A	no accepted official reading
𮌛	U+2E31B	no accepted official reading
𮌜	U+2E31C	no accepted official reading
𮌝	U+2E31D	no accepted official reading
𮌞	U+2E31E	no accepted official reading
𮌟	U+2E31F	no accepted official reading
𮌠	U+2E320	no accepted official reading
𮌡	U+2E321	no accepted official reading
𮌢	U+2E322	no accepted official reading
𮌣	U+2E323	no accepted official reading
𮌥	U+2E325	no accepted official reading
𮌦	U+2E326	no accepted official reading
𮌧	U+2E327	no accepted official reading
𮌨	U+2E328	no accepted official reading
𮌩	U+2E329	no accepted official reading
𮌪	U+2E32A	no accepted official reading
𮌫	U+2E32B	no accepted official reading
𮌬	U+2E32C	no accepted official reading
𮌭	U+2E32D	no accepted official reading
𮌯	U+2E32F	no accepted official reading
𮌱	U+2E331	no accepted official reading
𮌲	U+2E332	no accepted official reading
𮌳	U+2E333	no accepted official reading
𮌴	U+2E334	no accepted official reading
𮌵	U+2E335	no accepted official reading
𮌶	U+2E336	no accepted official reading
𮌷	U+2E337	no accepted official reading
𮌸	U+2E338	no accepted official reading
𮌹	U+2E339	no accepted official reading
𮌺	U+2E33A	no accepted official reading
𮌻	U+2E33B	no accepted official reading
𮌼	U+2E33C	no accepted official reading
𮌽	U+2E33D	no accepted official reading
𮌾	U+2E33E	no accepted official reading
𮌿	U+2E33F	no accepted official reading
𮍀	U+2E340	no accepted official reading
𮍂	U+2E342	no accepted official reading
𮍃	U+2E343	no accepted official reading
𮍄	U+2E344	no accepted official reading
𮍅	U+2E345	no accepted official reading
𮍇	U+2E347	no accepted official reading
𮍈	U+2E348	no accepted official reading
𮍉	U+2E349	no accepted official reading
𮍊	U+2E34A	no accepted official reading
𮍋	U+2E34B	no accepted official reading
𮍏	U+2E34F	no accepted official reading
𮍑	U+2E351	no accepted official reading
𮍒	U+2E352	no accepted official reading
𮍔	U+2E354	no accepted official reading
𮍕	U+2E355	no accepted official reading
𮍖	U+2E356	no accepted official reading
𮍗	U+2E357	no accepted official reading
𮍘	U+2E358	no accepted official reading
𮍚	U+2E35A	no accepted official reading
𮍛	U+2E35B	no accepted official reading
𮍜	U+2E35C	no accepted official reading
𮍝	U+2E35D	no accepted official reading
𮍞	U+2E35E	no accepted official reading
𮍟	U+2E35F	no accepted official reading
𮍡	U+2E361	no accepted official reading
𮍢	U+2E362	no accepted official reading
𮍣	U+2E363	no accepted official reading
𮍤	U+2E364	no accepted official reading
𮍥	U+2E365	no accepted official reading
𮍦	U+2E366	no accepted official reading
𮍧	U+2E367	no accepted official reading
𮍨	U+2E368	no accepted official reading
𮍩	U+2E369	no accepted official reading
𮍪	U+2E36A	no accepted official reading
𮍯	U+2E36F	no accepted official reading
𮍳	U+2E373	no accepted official reading
𮍴	U+2E374	no accepted official reading
𮍵	U+2E375	no accepted official reading
𮍶	U+2E376	no accepted official reading
𮍷	U+2E377	no accepted official reading
𮍸	U+2E378	no accepted official reading
𮍹	U+2E379	no accepted official reading
𮍺	U+2E37A	no accepted official reading
𮍻	U+2E37B	no accepted official reading
𮍼	U+2E37C	no accepted official reading
𮍽	U+2E37D	no accepted official reading
𮍾	U+2E37E	no accepted official reading
𮍿	U+2E37F	no accepted official reading
𮎀	U+2E380	no accepted official reading
𮎁	U+2E381	no accepted official reading
𮎂	U+2E382	no accepted official reading
𮎃	U+2E383	no accepted official reading
𮎄	U+2E384	no accepted official reading
𮎆	U+2E386	no accepted official reading
𮎇	U+2E387	no accepted official reading
𮎈	U+2E388	no accepted official reading
𮎉	U+2E389	no accepted official reading
𮎊	U+2E38A	no accepted official reading
𮎋	U+2E38B	no accepted official reading
𮎌	U+2E38C	no accepted official reading
𮎍	U+2E38D	no accepted official reading
𮎎	U+2E38E	no accepted official reading
𮎐	U+2E390	no accepted official reading
𮎑	U+2E391	no accepted official reading
𮎒	U+2E392	no accepted official reading
𮎓	U+2E393	no accepted official reading
𮎔	U+2E394	no accepted official reading
𮎕	U+2E395	no accepted official reading
𮎖	U+2E396	no accepted official reading
𮎘	U+2E398	no accepted official reading
𮎙	U+2E399	no accepted official reading
𮎛	U+2E39B	no accepted official reading
𮎜	U+2E39C	no accepted official reading
𮎟	U+2E39F	no accepted official reading
𮎠	U+2E3A0	no accepted official reading
𮎡	U+2E3A1	no accepted official reading
𮎢	U+2E3A2	no accepted official reading
𮎣	U+2E3A3	no accepted official reading
𮎤	U+2E3A4	no accepted official reading
𮎥	U+2E3A5	no accepted official reading
𮎦	U+2E3A6	no accepted official reading
𮎧	U+2E3A7	no accepted official reading
𮎨	U+2E3A8	no accepted official reading
𮎩	U+2E3A9	no accepted official reading
𮎪	U+2E3AA	no accepted official reading
𮎫	U+2E3AB	no accepted official reading
𮎬	U+2E3AC	no accepted official reading
𮎮	U+2E3AE	no accepted official reading
𮎲	U+2E3B2	no accepted official reading
𮎴	U+2E3B4	no accepted official reading
𮎶	U+2E3B6	no accepted official reading
𮎸	U+2E3B8	no accepted official reading
𮎹	U+2E3B9	no accepted official reading
𮎻	U+2E3BB	no accepted official reading
𮎼	U+2E3BC	no accepted official reading
𮎽	U+2E3BD	no accepted official reading
𮎾	U+2E3BE	no accepted official reading
𮎿	U+2E3BF	no accepted official reading
𮏀	U+2E3C0	no accepted official reading
𮏃	U+2E3C3	no accepted official reading
𮏄	U+2E3C4	no accepted official reading
𮏅	U+2E3C5	no accepted official reading
𮏇	U+2E3C7	no accepted official reading
𮏈	U+2E3C8	no accepted official reading
𮏉	U+2E3C9	no accepted official reading
𮏊	U+2E3CA	no accepted official reading
𮏋	U+2E3CB	no accepted official reading
𮏌	U+2E3CC	no accepted official reading
𮏎	U+2E3CE	no accepted official reading
𮏐	U+2E3D0	no accepted official reading
𮏓	U+2E3D3	no accepted official reading
𮏔	U+2E3D4	no accepted official reading
𮏕	U+2E3D5	no accepted official reading
𮏖	U+2E3D6	no accepted official reading
𮏗	U+2E3D7	no accepted official reading
𮏘	U+2E3D8	no accepted official reading
𮏚	U+2E3DA	no accepted official reading
𮏛	U+2E3DB	no accepted official reading
𮏜	U+2E3DC	no accepted official reading
𮏝	U+2E3DD	no accepted official reading
𮏞	U+2E3DE	no accepted official reading
𮏟	U+2E3DF	no accepted official reading
𮏠	U+2E3E0	no accepted official reading
𮏡	U+2E3E1	no accepted official reading
𮏣	U+2E3E3	no accepted official reading
𮏤	U+2E3E4	no accepted official reading
𮏥	U+2E3E5	no accepted official reading
𮏦	U+2E3E6	no accepted official reading
𮏧	U+2E3E7	no accepted official reading
𮏨	U+2E3E8	no accepted official reading
𮏩	U+2E3E9	no accepted official reading
𮏪	U+2E3EA	no accepted official reading
𮏬	U+2E3EC	no accepted official reading
𮏭	U+2E3ED	no accepted official reading
𮏮	U+2E3EE	no accepted official reading
𮏯	U+2E3EF	no accepted official reading
𮏱	U+2E3F1	no accepted official reading
𮏲	U+2E3F2	no accepted official reading
𮏳	U+2E3F3	no accepted official reading
𮏴	U+2E3F4	no accepted official reading
𮏶	U+2E3F6	no accepted official reading
𮏹	U+2E3F9	no accepted official reading
𮏻	U+2E3FB	no accepted official reading
𮏼	U+2E3FC	no accepted official reading
𮏽	U+2E3FD	no accepted official reading
𮏾	U+2E3FE	no accepted official reading
𮏿	U+2E3FF	no accepted official reading
𮐁	U+2E401	no accepted official reading
𮐂	U+2E402	no accepted official reading
𮐃	U+2E403	no accepted official reading
𮐄	U+2E404	no accepted official reading
𮐅	U+2E405	no accepted official reading
𮐇	U+2E407	no accepted official reading
𮐉	U+2E409	no accepted official reading
𮐊	U+2E40A	no accepted official reading
𮐋	U+2E40B	no accepted official reading
𮐌	U+2E40C	no accepted official reading
𮐍	U+2E40D	no accepted official reading
𮐏	U+2E40F	no accepted official reading
𮐐	U+2E410	no accepted official reading
𮐑	U+2E411	no accepted official reading
𮐓	U+2E413	no accepted official reading
𮐔	U+2E414	no accepted official reading
𮐕	U+2E415	no accepted official reading
𮐗	U+2E417	no accepted official reading
𮐙	U+2E419	no accepted official reading
𮐛	U+2E41B	no accepted official reading
𮐜	U+2E41C	no accepted official reading
𮐝	U+2E41D	no accepted official reading
𮐞	U+2E41E	no accepted official reading
𮐟	U+2E41F	no accepted official reading
𮐠	U+2E420	no accepted official reading
𮐡	U+2E421	no accepted official reading
𮐣	U+2E423	no accepted official reading
𮐥	U+2E425	no accepted official reading
𮐦	U+2E426	no accepted official reading
𮐧	U+2E427	no accepted official reading
𮐩	U+2E429	no accepted official reading
𮐫	U+2E42B	no accepted official reading
𮐬	U+2E42C	no accepted official reading
𮐮	U+2E42E	no accepted official reading
𮐯	U+2E42F	no accepted official reading
𮐲	U+2E432	no accepted official reading
𮐳	U+2E433	no accepted official reading
𮐴	U+2E434	no accepted official reading
𮐶	U+2E436	no accepted official reading
𮐸	U+2E438	no accepted official reading
𮐺	U+2E43A	no accepted official reading
𮐾	U+2E43E	no accepted official reading
𮐿	U+2E43F	no accepted official reading
𮑀	U+2E440	no accepted official reading
𮑁	U+2E441	no accepted official reading
𮑃	U+2E443	no accepted official reading
𮑄	U+2E444	no accepted official reading
𮑅	U+2E445	no accepted official reading
𮑆	U+2E446	no accepted official reading
𮑇	U+2E447	no accepted official reading
𮑉	U+2E449	no accepted official reading
𮑋	U+2E44B	no accepted official reading
𮑌	U+2E44C	no accepted official reading
𮑍	U+2E44D	no accepted official reading
𮑎	U+2E44E	no accepted official reading
𮑏	U+2E44F	no accepted official reading
𮑒	U+2E452	no accepted official reading
𮑔	U+2E454	no accepted official reading
𮑕	U+2E455	no accepted official reading
𮑖	U+2E456	no accepted official reading
𮑗	U+2E457	no accepted official reading
𮑘	U+2E458	no accepted official reading
𮑙	U+2E459	no accepted official reading
𮑛	U+2E45B	no accepted official reading
𮑝	U+2E45D	no accepted official reading
𮑞	U+2E45E	no accepted official reading
𮑠	U+2E460	no accepted official reading
𮑡	U+2E461	no accepted official reading
𮑢	U+2E462	no accepted official reading
𮑤	U+2E464	no accepted official reading
𮑦	U+2E466	no accepted official reading
𮑧	U+2E467	no accepted official reading
𮑨	U+2E468	no accepted official reading
𮑪	U+2E46A	no accepted official reading
𮑫	U+2E46B	no accepted official reading
𮑬	U+2E46C	no accepted official reading
𮑭	U+2E46D	no accepted official reading
𮑯	U+2E46F	no accepted official reading
𮑱	U+2E471	no accepted official reading
𮑳	U+2E473	no accepted official reading
𮑴	U+2E474	no accepted official reading
𮑷	U+2E477	no accepted official reading
𮑸	U+2E478	no accepted official reading
𮑺	U+2E47A	no accepted official reading
𮑻	U+2E47B	no accepted official reading
𮑼	U+2E47C	no accepted official reading
𮑽	U+2E47D	no accepted official reading
𮑿	U+2E47F	no accepted official reading
𮒃	U+2E483	no accepted official reading
𮒄	U+2E484	no accepted official reading
𮒅	U+2E485	no accepted official reading
𮒇	U+2E487	no accepted official reading
𮒈	U+2E488	no accepted official reading
𮒋	U+2E48B	no accepted official reading
𮒌	U+2E48C	no accepted official reading
𮒍	U+2E48D	no accepted official reading
𮒏	U+2E48F	no accepted official reading
𮒐	U+2E490	no accepted official reading
𮒑	U+2E491	no accepted official reading
𮒓	U+2E493	no accepted official reading
𮒔	U+2E494	no accepted official reading
𮒕	U+2E495	no accepted official reading
𮒖	U+2E496	no accepted official reading
𮒗	U+2E497	no accepted official reading
𮒘	U+2E498	no accepted official reading
𮒚	U+2E49A	no accepted official reading
𮒜	U+2E49C	no accepted official reading
𮒝	U+2E49D	no accepted official reading
𮒞	U+2E49E	no accepted official reading
𮒟	U+2E49F	no accepted official reading
𮒠	U+2E4A0	no accepted official reading
𮒡	U+2E4A1	no accepted official reading
𮒢	U+2E4A2	no accepted official reading
𮒤	U+2E4A4	no accepted official reading
𮒥	U+2E4A5	no accepted official reading
𮒧	U+2E4A7	no accepted official reading
𮒪	U+2E4AA	no accepted official reading
𮒬	U+2E4AC	no accepted official reading
𮒭	U+2E4AD	no accepted official reading
𮒯	U+2E4AF	no accepted official reading
𮒰	U+2E4B0	no accepted official reading
𮒲	U+2E4B2	no accepted official reading
𮒳	U+2E4B3	no accepted official reading
𮒴	U+2E4B4	no accepted official reading
𮒶	U+2E4B6	no accepted official reading
𮒸	U+2E4B8	no accepted official reading
𮒻	U+2E4BB	no accepted official reading
𮒽	U+2E4BD	no accepted official reading
𮒾	U+2E4BE	no accepted official reading
𮓀	U+2E4C0	no accepted official reading
𮓁	U+2E4C1	no accepted official reading
𮓂	U+2E4C2	no accepted official reading
𮓃	U+2E4C3	no accepted official reading
𮓅	U+2E4C5	no accepted official reading
𮓆	U+2E4C6	no accepted official reading
𮓈	U+2E4C8	no accepted official reading
𮓉	U+2E4C9	no accepted official reading
𮓊	U+2E4CA	no accepted official reading
𮓌	U+2E4CC	no accepted official reading
𮓍	U+2E4CD	no accepted official reading
𮓎	U+2E4CE	no accepted official reading
𮓏	U+2E4CF	no accepted official reading
𮓐	U+2E4D0	no accepted official reading
𮓓	U+2E4D3	no accepted official reading
𮓔	U+2E4D4	no accepted official reading
𮓕	U+2E4D5	no accepted official reading
𮓛	U+2E4DB	no accepted official reading
𮓝	U+2E4DD	no accepted official reading
𮓤	U+2E4E4	no accepted official reading
𮓦	U+2E4E6	no accepted official reading
𮓧	U+2E4E7	no accepted official reading
𮓨	U+2E4E8	no accepted official reading
𮓪	U+2E4EA	no accepted official reading
𮓫	U+2E4EB	no accepted official reading
𮓬	U+2E4EC	no accepted official reading
𮓯	U+2E4EF	no accepted official reading
𮓰	U+2E4F0	no accepted official reading
𮓱	U+2E4F1	no accepted official reading
𮓳	U+2E4F3	no accepted official reading
𮓴	U+2E4F4	no accepted official reading
𮓵	U+2E4F5	no accepted official reading
𮓶	U+2E4F6	no accepted official reading
𮓷	U+2E4F7	no accepted official reading
𮓸	U+2E4F8	no accepted official reading
𮓹	U+2E4F9	no accepted official reading
𮓺	U+2E4FA	no accepted official reading
𮓻	U+2E4FB	no accepted official reading
𮓽	U+2E4FD	no accepted official reading
𮓾	U+2E4FE	no accepted official reading
𮓿	U+2E4FF	no accepted official reading
𮔀	U+2E500	no accepted official reading
𮔁	U+2E501	no accepted official reading
𮔃	U+2E503	no accepted official reading
𮔄	U+2E504	no accepted official reading
𮔆	U+2E506	no accepted official reading
𮔈	U+2E508	no accepted official reading
𮔋	U+2E50B	no accepted official reading
𮔌	U+2E50C	no accepted official reading
𮔎	U+2E50E	no accepted official reading
𮔏	U+2E50F	no accepted official reading
𮔐	U+2E510	no accepted official reading
𮔑	U+2E511	no accepted official reading
𮔒	U+2E512	no accepted official reading
𮔓	U+2E513	no accepted official reading
𮔔	U+2E514	no accepted official reading
𮔕	U+2E515	no accepted official reading
𮔖	U+2E516	no accepted official reading
𮔗	U+2E517	no accepted official reading
𮔘	U+2E518	no accepted official reading
𮔙	U+2E519	no accepted official reading
𮔚	U+2E51A	no accepted official reading
𮔛	U+2E51B	no accepted official reading
𮔞	U+2E51E	no accepted official reading
𮔠	U+2E520	no accepted official reading
𮔡	U+2E521	no accepted official reading
𮔢	U+2E522	no accepted official reading
𮔣	U+2E523	no accepted official reading
𮔤	U+2E524	no accepted official reading
𮔥	U+2E525	no accepted official reading
𮔦	U+2E526	no accepted official reading
𮔧	U+2E527	no accepted official reading
𮔩	U+2E529	no accepted official reading
𮔪	U+2E52A	no accepted official reading
𮔫	U+2E52B	no accepted official reading
𮔬	U+2E52C	no accepted official reading
𮔭	U+2E52D	no accepted official reading
𮔯	U+2E52F	no accepted official reading
𮔲	U+2E532	no accepted official reading
𮔳	U+2E533	no accepted official reading
𮔶	U+2E536	no accepted official reading
𮔸	U+2E538	no accepted official reading
𮔹	U+2E539	no accepted official reading
𮔺	U+2E53A	no accepted official reading
𮔻	U+2E53B	no accepted official reading
𮔽	U+2E53D	no accepted official reading
𮔾	U+2E53E	no accepted official reading
𮔿	U+2E53F	no accepted official reading
𮕀	U+2E540	no accepted official reading
𮕁	U+2E541	no accepted official reading
𮕂	U+2E542	no accepted official reading
𮕃	U+2E543	no accepted official reading
𮕄	U+2E544	no accepted official reading
𮕅	U+2E545	no accepted official reading
𮕆	U+2E546	no accepted official reading
𮕇	U+2E547	no accepted official reading
𮕈	U+2E548	no accepted official reading
𮕉	U+2E549	no accepted official reading
𮕊	U+2E54A	no accepted official reading
𮕌	U+2E54C	no accepted official reading
𮕍	U+2E54D	no accepted official reading
𮕎	U+2E54E	no accepted official reading
𮕏	U+2E54F	no accepted official reading
𮕑	U+2E551	no accepted official reading
𮕒	U+2E552	no accepted official reading
𮕓	U+2E553	no accepted official reading
𮕔	U+2E554	no accepted official reading
𮕕	U+2E555	no accepted official reading
𮕖	U+2E556	no accepted official reading
𮕙	U+2E559	no accepted official reading
𮕚	U+2E55A	no accepted official reading
𮕛	U+2E55B	no accepted official reading
𮕜	U+2E55C	no accepted official reading
𮕝	U+2E55D	no accepted official reading
𮕞	U+2E55E	no accepted official reading
𮕟	U+2E55F	no accepted official reading
𮕠	U+2E560	no accepted official reading
𮕡	U+2E561	no accepted official reading
𮕣	U+2E563	no accepted official reading
𮕤	U+2E564	no accepted official reading
𮕥	U+2E565	no accepted official reading
𮕦	U+2E566	no accepted official reading
𮕧	U+2E567	no accepted official reading
𮕨	U+2E568	no accepted official reading
𮕩	U+2E569	no accepted official reading
𮕪	U+2E56A	no accepted official reading
𮕫	U+2E56B	no accepted official reading
𮕬	U+2E56C	no accepted official reading
𮕭	U+2E56D	no accepted official reading
𮕮	U+2E56E	no accepted official reading
𮕯	U+2E56F	no accepted official reading
𮕰	U+2E570	no accepted official reading
𮕱	U+2E571	no accepted official reading
𮕲	U+2E572	no accepted official reading
𮕳	U+2E573	no accepted official reading
𮕴	U+2E574	no accepted official reading
𮕵	U+2E575	no accepted official reading
𮕶	U+2E576	no accepted official reading
𮕷	U+2E577	no accepted official reading
𮕸	U+2E578	no accepted official reading
𮕺	U+2E57A	no accepted official reading
𮕼	U+2E57C	no accepted official reading
𮕽	U+2E57D	no accepted official reading
𮕾	U+2E57E	no accepted official reading
𮕿	U+2E57F	no accepted official reading
𮖀	U+2E580	no accepted official reading
𮖂	U+2E582	no accepted official reading
𮖃	U+2E583	no accepted official reading
𮖄	U+2E584	no accepted official reading
𮖅	U+2E585	no accepted official reading
𮖆	U+2E586	no accepted official reading
𮖇	U+2E587	no accepted official reading
𮖈	U+2E588	no accepted official reading
𮖉	U+2E589	no accepted official reading
𮖊	U+2E58A	no accepted official reading
𮖋	U+2E58B	no accepted official reading
𮖍	U+2E58D	no accepted official reading
𮖎	U+2E58E	no accepted official reading
𮖐	U+2E590	no accepted official reading
𮖑	U+2E591	no accepted official reading
𮖒	U+2E592	no accepted official reading
𮖓	U+2E593	no accepted official reading
𮖔	U+2E594	no accepted official reading
𮖕	U+2E595	no accepted official reading
𮖗	U+2E597	no accepted official reading
𮖘	U+2E598	no accepted official reading
𮖚	U+2E59A	no accepted official reading
𮖛	U+2E59B	no accepted official reading
𮖜	U+2E59C	no accepted official reading
𮖝	U+2E59D	no accepted official reading
𮖞	U+2E59E	no accepted official reading
𮖟	U+2E59F	no accepted official reading
𮖠	U+2E5A0	no accepted official reading
𮖡	U+2E5A1	no accepted official reading
𮖢	U+2E5A2	no accepted official reading
𮖣	U+2E5A3	no accepted official reading
𮖤	U+2E5A4	no accepted official reading
𮖦	U+2E5A6	no accepted official reading
𮖧	U+2E5A7	no accepted official reading
𮖪	U+2E5AA	no accepted official reading
𮖫	U+2E5AB	no accepted official reading
𮖬	U+2E5AC	no accepted official reading
𮖭	U+2E5AD	no accepted official reading
𮖮	U+2E5AE	no accepted official reading
𮖰	U+2E5B0	no accepted official reading
𮖲	U+2E5B2	no accepted official reading
𮖳	U+2E5B3	no accepted official reading
𮖴	U+2E5B4	no accepted official reading
𮖵	U+2E5B5	no accepted official reading
𮖶	U+2E5B6	no accepted official reading
𮖷	U+2E5B7	no accepted official reading
𮖸	U+2E5B8	no accepted official reading
𮖹	U+2E5B9	no accepted official reading
𮖻	U+2E5BB	no accepted official reading
𮖼	U+2E5BC	no accepted official reading
𮖽	U+2E5BD	no accepted official reading
𮖿	U+2E5BF	no accepted official reading
𮗀	U+2E5C0	no accepted official reading
𮗂	U+2E5C2	no accepted official reading
𮗄	U+2E5C4	no accepted official reading
𮗅	U+2E5C5	no accepted official reading
𮗆	U+2E5C6	no accepted official reading
𮗇	U+2E5C7	no accepted official reading
𮗈	U+2E5C8	no accepted official reading
𮗉	U+2E5C9	no accepted official reading
𮗊	U+2E5CA	no accepted official reading
𮗍	U+2E5CD	no accepted official reading
𮗎	U+2E5CE	no accepted official reading
𮗏	U+2E5CF	no accepted official reading
𮗐	U+2E5D0	no accepted official reading
𮗑	U+2E5D1	no accepted official reading
𮗒	U+2E5D2	no accepted official reading
𮗔	U+2E5D4	no accepted official reading
𮗕	U+2E5D5	no accepted official reading
𮗗	U+2E5D7	no accepted official reading
𮗚	U+2E5DA	no accepted official reading
𮗜	U+2E5DC	no accepted official reading
𮗝	U+2E5DD	no accepted official reading
𮗞	U+2E5DE	no accepted official reading
𮗟	U+2E5DF	no accepted official reading
𮗡	U+2E5E1	no accepted official reading
𮗢	U+2E5E2	no accepted official reading
𮗣	U+2E5E3	no accepted official reading
𮗤	U+2E5E4	no accepted official reading
𮗥	U+2E5E5	no accepted official reading
𮗦	U+2E5E6	no accepted official reading
𮗧	U+2E5E7	no accepted official reading
𮗨	U+2E5E8	no accepted official reading
𮗩	U+2E5E9	no accepted official reading
𮗪	U+2E5EA	no accepted official reading
𮗫	U+2E5EB	no accepted official reading
𮗬	U+2E5EC	no accepted official reading
𮗭	U+2E5ED	no accepted official reading
𮗯	U+2E5EF	no accepted official reading
𮗰	U+2E5F0	no accepted official reading
𮗱	U+2E5F1	no accepted official reading
𮗲	U+2E5F2	no accepted official reading
𮗳	U+2E5F3	no accepted official reading
𮗴	U+2E5F4	no accepted official reading
𮗵	U+2E5F5	no accepted official reading
𮗶	U+2E5F6	no accepted official reading
𮗷	U+2E5F7	no accepted official reading
𮗸	U+2E5F8	no accepted official reading
𮗹	U+2E5F9	no accepted official reading
𮗺	U+2E5FA	no accepted official reading
𮗻	U+2E5FB	no accepted official reading
𮗼	U+2E5FC	no accepted official reading
𮗽	U+2E5FD	no accepted official reading
𮗾	U+2E5FE	no accepted official reading
𮘀	U+2E600	no accepted official reading
𮘁	U+2E601	no accepted official reading
𮘂	U+2E602	no accepted official reading
𮘃	U+2E603	no accepted official reading
𮘄	U+2E604	no accepted official reading
𮘆	U+2E606	no accepted official reading
𮘇	U+2E607	no accepted official reading
𮘉	U+2E609	no accepted official reading
𮘊	U+2E60A	no accepted official reading
𮘌	U+2E60C	no accepted official reading
𮘍	U+2E60D	no accepted official reading
𮘏	U+2E60F	no accepted official reading
𮘐	U+2E610	no accepted official reading
𮘑	U+2E611	no accepted official reading
𮘒	U+2E612	no accepted official reading
𮘓	U+2E613	no accepted official reading
𮘕	U+2E615	no accepted official reading
𮘖	U+2E616	no accepted official reading
𮘗	U+2E617	no accepted official reading
𮘘	U+2E618	no accepted official reading
𮘚	U+2E61A	no accepted official reading
𮘛	U+2E61B	no accepted official reading
𮘜	U+2E61C	no accepted official reading
𮘟	U+2E61F	no accepted official reading
𮘠	U+2E620	no accepted official reading
𮘡	U+2E621	no accepted official reading
𮘢	U+2E622	no accepted official reading
𮘣	U+2E623	no accepted official reading
𮘥	U+2E625	no accepted official reading
𮘦	U+2E626	no accepted official reading
𮘧	U+2E627	no accepted official reading
𮘨	U+2E628	no accepted official reading
𮘩	U+2E629	no accepted official reading
𮘫	U+2E62B	no accepted official reading
𮘭	U+2E62D	no accepted official reading
𮘮	U+2E62E	no accepted official reading
𮘯	U+2E62F	no accepted official reading
𮘰	U+2E630	no accepted official reading
𮘱	U+2E631	no accepted official reading
𮘳	U+2E633	no accepted official reading
𮘵	U+2E635	no accepted official reading
𮘶	U+2E636	no accepted official reading
𮘷	U+2E637	no accepted official reading
𮘸	U+2E638	no accepted official reading
𮘺	U+2E63A	no accepted official reading
𮘻	U+2E63B	no accepted official reading
𮘼	U+2E63C	no accepted official reading
𮘽	U+2E63D	no accepted official reading
𮘾	U+2E63E	no accepted official reading
𮘿	U+2E63F	no accepted official reading
𮙀	U+2E640	no accepted official reading
𮙁	U+2E641	no accepted official reading
𮙃	U+2E643	no accepted official reading
𮙄	U+2E644	no accepted official reading
𮙅	U+2E645	no accepted official reading
𮙆	U+2E646	no accepted official reading
𮙇	U+2E647	no accepted official reading
𮙉	U+2E649	no accepted official reading
𮙌	U+2E64C	no accepted official reading
𮙍	U+2E64D	no accepted official reading
𮙎	U+2E64E	no accepted official reading
𮙏	U+2E64F	no accepted official reading
𮙐	U+2E650	no accepted official reading
𮙑	U+2E651	no accepted official reading
𮙒	U+2E652	no accepted official reading
𮙓	U+2E653	no accepted official reading
𮙔	U+2E654	no accepted official reading
𮙕	U+2E655	no accepted official reading
𮙖	U+2E656	no accepted official reading
𮙗	U+2E657	no accepted official reading
𮙘	U+2E658	no accepted official reading
𮙙	U+2E659	no accepted official reading
𮙚	U+2E65A	no accepted official reading
𮙛	U+2E65B	no accepted official reading
𮙜	U+2E65C	no accepted official reading
𮙠	U+2E660	no accepted official reading
𮙡	U+2E661	no accepted official reading
𮙣	U+2E663	no accepted official reading
𮙤	U+2E664	no accepted official reading
𮙦	U+2E666	no accepted official reading
𮙧	U+2E667	no accepted official reading
𮙨	U+2E668	no accepted official reading
𮙩	U+2E669	no accepted official reading
𮙪	U+2E66A	no accepted official reading
𮙫	U+2E66B	no accepted official reading
𮙬	U+2E66C	no accepted official reading
𮙭	U+2E66D	no accepted official reading
𮙮	U+2E66E	no accepted official reading
𮙰	U+2E670	no accepted official reading
𮙱	U+2E671	no accepted official reading
𮙲	U+2E672	no accepted official reading
𮙳	U+2E673	no accepted official reading
𮙴	U+2E674	no accepted official reading
𮙵	U+2E675	no accepted official reading
𮙶	U+2E676	no accepted official reading
𮙷	U+2E677	no accepted official reading
𮙹	U+2E679	no accepted official reading
𮙺	U+2E67A	no accepted official reading
𮙻	U+2E67B	no accepted official reading
𮙼	U+2E67C	no accepted official reading
𮙽	U+2E67D	no accepted official reading
𮙾	U+2E67E	no accepted official reading
𮙿	U+2E67F	no accepted official reading
𮚀	U+2E680	no accepted official reading
𮚁	U+2E681	no accepted official reading
𮚂	U+2E682	no accepted official reading
𮚄	U+2E684	no accepted official reading
𮚅	U+2E685	no accepted official reading
𮚆	U+2E686	no accepted official reading
𮚇	U+2E687	no accepted official reading
𮚈	U+2E688	no accepted official reading
𮚉	U+2E689	no accepted official reading
𮚍	U+2E68D	no accepted official reading
𮚎	U+2E68E	no accepted official reading
𮚏	U+2E68F	no accepted official reading
𮚐	U+2E690	no accepted official reading
𮚒	U+2E692	no accepted official reading
𮚓	U+2E693	no accepted official reading
𮚔	U+2E694	no accepted official reading
𮚘	U+2E698	no accepted official reading
𮚙	U+2E699	no accepted official reading
𮚚	U+2E69A	no accepted official reading
𮚛	U+2E69B	no accepted official reading
𮚜	U+2E69C	no accepted official reading
𮚝	U+2E69D	no accepted official reading
𮚞	U+2E69E	no accepted official reading
𮚟	U+2E69F	no accepted official reading
𮚠	U+2E6A0	no accepted official reading
𮚡	U+2E6A1	no accepted official reading
𮚢	U+2E6A2	no accepted official reading
𮚣	U+2E6A3	no accepted official reading
𮚤	U+2E6A4	no accepted official reading
𮚥	U+2E6A5	no accepted official reading
𮚦	U+2E6A6	no accepted official reading
𮚧	U+2E6A7	no accepted official reading
𮚨	U+2E6A8	no accepted official reading
𮚩	U+2E6A9	no accepted official reading
𮚪	U+2E6AA	no accepted official reading
𮚮	U+2E6AE	no accepted official reading
𮚯	U+2E6AF	no accepted official reading
𮚰	U+2E6B0	no accepted official reading
𮚱	U+2E6B1	no accepted official reading
𮚲	U+2E6B2	no accepted official reading
𮚳	U+2E6B3	no accepted official reading
𮚴	U+2E6B4	no accepted official reading
𮚵	U+2E6B5	no accepted official reading
𮚶	U+2E6B6	no accepted official reading
𮚷	U+2E6B7	no accepted official reading
𮚸	U+2E6B8	no accepted official reading
𮚹	U+2E6B9	no accepted official reading
𮚺	U+2E6BA	no accepted official reading
𮚻	U+2E6BB	no accepted official reading
𮚼	U+2E6BC	no accepted official reading
𮚽	U+2E6BD	no accepted official reading
𮚾	U+2E6BE	no accepted official reading
𮚿	U+2E6BF	no accepted official reading
𮛀	U+2E6C0	no accepted official reading
𮛁	U+2E6C1	no accepted official reading
𮛂	U+2E6C2	no accepted official reading
𮛃	U+2E6C3	no accepted official reading
𮛄	U+2E6C4	no accepted official reading
𮛅	U+2E6C5	no accepted official reading
𮛆	U+2E6C6	no accepted official reading
𮛇	U+2E6C7	no accepted official reading
𮛈	U+2E6C8	no accepted official reading
𮛉	U+2E6C9	no accepted official reading
𮛊	U+2E6CA	no accepted official reading
𮛋	U+2E6CB	no accepted official reading
𮛌	U+2E6CC	no accepted official reading
𮛍	U+2E6CD	no accepted official reading
𮛏	U+2E6CF	no accepted official reading
𮛐	U+2E6D0	no accepted official reading
𮛑	U+2E6D1	no accepted official reading
𮛒	U+2E6D2	no accepted official reading
𮛓	U+2E6D3	no accepted official reading
𮛔	U+2E6D4	no accepted official reading
𮛕	U+2E6D5	no accepted official reading
𮛖	U+2E6D6	no accepted official reading
𮛘	U+2E6D8	no accepted official reading
𮛙	U+2E6D9	no accepted official reading
𮛚	U+2E6DA	no accepted official reading
𮛛	U+2E6DB	no accepted official reading
𮛜	U+2E6DC	no accepted official reading
𮛝	U+2E6DD	no accepted official reading
𮛞	U+2E6DE	no accepted official reading
𮛟	U+2E6DF	no accepted official reading
𮛡	U+2E6E1	no accepted official reading
𮛢	U+2E6E2	no accepted official reading
𮛣	U+2E6E3	no accepted official reading
𮛤	U+2E6E4	no accepted official reading
𮛥	U+2E6E5	no accepted official reading
𮛦	U+2E6E6	no accepted official reading
𮛧	U+2E6E7	no accepted official reading
𮛨	U+2E6E8	no accepted official reading
𮛩	U+2E6E9	no accepted official reading
𮛪	U+2E6EA	no accepted official reading
𮛫	U+2E6EB	no accepted official reading
𮛬	U+2E6EC	no accepted official reading
𮛭	U+2E6ED	no accepted official reading
𮛮	U+2E6EE	no accepted official reading
𮛯	U+2E6EF	no accepted official reading
𮛱	U+2E6F1	no accepted official reading
𮛲	U+2E6F2	no accepted official reading
𮛳	U+2E6F3	no accepted official reading
𮛴	U+2E6F4	no accepted official reading
𮛵	U+2E6F5	no accepted official reading
𮛶	U+2E6F6	no accepted official reading
𮛹	U+2E6F9	no accepted official reading
𮛺	U+2E6FA	no accepted official reading
𮛻	U+2E6FB	no accepted official reading
𮛼	U+2E6FC	no accepted official reading
𮛽	U+2E6FD	no accepted official reading
𮛾	U+2E6FE	no accepted official reading
𮛿	U+2E6FF	no accepted official reading
𮜀	U+2E700	no accepted official reading
𮜁	U+2E701	no accepted official reading
𮜂	U+2E702	no accepted official reading
𮜃	U+2E703	no accepted official reading
𮜄	U+2E704	no accepted official reading
𮜅	U+2E705	no accepted official reading
𮜆	U+2E706	no accepted official reading
𮜇	U+2E707	no accepted official reading
𮜈	U+2E708	no accepted official reading
𮜉	U+2E709	no accepted official reading
𮜊	U+2E70A	no accepted official reading
𮜋	U+2E70B	no accepted official reading
𮜌	U+2E70C	no accepted official reading
𮜍	U+2E70D	no accepted official reading
𮜎	U+2E70E	no accepted official reading
𮜏	U+2E70F	no accepted official reading
𮜐	U+2E710	no accepted official reading
𮜑	U+2E711	no accepted official reading
𮜓	U+2E713	no accepted official reading
𮜔	U+2E714	no accepted official reading
𮜕	U+2E715	no accepted official reading
𮜗	U+2E717	no accepted official reading
𮜘	U+2E718	no accepted official reading
𮜙	U+2E719	no accepted official reading
𮜜	U+2E71C	no accepted official reading
𮜝	U+2E71D	no accepted official reading
𮜞	U+2E71E	no accepted official reading
𮜠	U+2E720	no accepted official reading
𮜡	U+2E721	no accepted official reading
𮜣	U+2E723	no accepted official reading
𮜤	U+2E724	no accepted official reading
𮜥	U+2E725	no accepted official reading
𮜦	U+2E726	no accepted official reading
𮜧	U+2E727	no accepted official reading
𮜨	U+2E728	no accepted official reading
𮜩	U+2E729	no accepted official reading
𮜪	U+2E72A	no accepted official reading
𮜬	U+2E72C	no accepted official reading
𮜭	U+2E72D	no accepted official reading
𮜮	U+2E72E	no accepted official reading
𮜯	U+2E72F	no accepted official reading
𮜰	U+2E730	no accepted official reading
𮜱	U+2E731	no accepted official reading
𮜲	U+2E732	no accepted official reading
𮜳	U+2E733	no accepted official reading
𮜴	U+2E734	no accepted official reading
𮜵	U+2E735	no accepted official reading
𮜷	U+2E737	no accepted official reading
𮜸	U+2E738	no accepted official reading
𮜹	U+2E739	no accepted official reading
𮜻	U+2E73B	no accepted official reading
𮜼	U+2E73C	no accepted official reading
𮜽	U+2E73D	no accepted official reading
𮜾	U+2E73E	no accepted official reading
𮝀	U+2E740	no accepted official reading
𮝁	U+2E741	no accepted official reading
𮝂	U+2E742	no accepted official reading
𮝃	U+2E743	no accepted official reading
𮝄	U+2E744	no accepted official reading
𮝅	U+2E745	no accepted official reading
𮝆	U+2E746	no accepted official reading
𮝇	U+2E747	no accepted official reading
𮝈	U+2E748	no accepted official reading
𮝉	U+2E749	no accepted official reading
𮝊	U+2E74A	no accepted official reading
𮝋	U+2E74B	no accepted official reading
𮝌	U+2E74C	no accepted official reading
𮝍	U+2E74D	no accepted official reading
𮝎	U+2E74E	no accepted official reading
𮝏	U+2E74F	no accepted official reading
𮝐	U+2E750	no accepted official reading
𮝒	U+2E752	no accepted official reading
𮝓	U+2E753	no accepted official reading
𮝔	U+2E754	no accepted official reading
𮝕	U+2E755	no accepted official reading
𮝖	U+2E756	no accepted official reading
𮝘	U+2E758	no accepted official reading
𮝙	U+2E759	no accepted official reading
𮝚	U+2E75A	no accepted official reading
𮝜	U+2E75C	no accepted official reading
𮝝	U+2E75D	no accepted official reading
𮝞	U+2E75E	no accepted official reading
𮝟	U+2E75F	no accepted official reading
𮝠	U+2E760	no accepted official reading
𮝡	U+2E761	no accepted official reading
𮝢	U+2E762	no accepted official reading
𮝣	U+2E763	no accepted official reading
𮝤	U+2E764	no accepted official reading
𮝥	U+2E765	no accepted official reading
𮝦	U+2E766	no accepted official reading
𮝧	U+2E767	no accepted official reading
𮝨	U+2E768	no accepted official reading
𮝩	U+2E769	no accepted official reading
𮝪	U+2E76A	no accepted official reading
𮝫	U+2E76B	no accepted official reading
𮝬	U+2E76C	no accepted official reading
𮝭	U+2E76D	no accepted official reading
𮝮	U+2E76E	no accepted official reading
𮝯	U+2E76F	no accepted official reading
𮝰	U+2E770	no accepted official reading
𮝱	U+2E771	no accepted official reading
𮝳	U+2E773	no accepted official reading
𮝶	U+2E776	no accepted official reading
𮝼	U+2E77C	no accepted official reading
𮝽	U+2E77D	no accepted official reading
𮝿	U+2E77F	no accepted official reading
𮞀	U+2E780	no accepted official reading
𮞁	U+2E781	no accepted official reading
𮞂	U+2E782	no accepted official reading
𮞃	U+2E783	no accepted official reading
𮞄	U+2E784	no accepted official reading
𮞅	U+2E785	no accepted official reading
𮞆	U+2E786	no accepted official reading
𮞇	U+2E787	no accepted official reading
𮞈	U+2E788	no accepted official reading
𮞉	U+2E789	no accepted official reading
𮞊	U+2E78A	no accepted official reading
𮞌	U+2E78C	no accepted official reading
𮞍	U+2E78D	no accepted official reading
𮞎	U+2E78E	no accepted official reading
𮞑	U+2E791	no accepted official reading
𮞒	U+2E792	no accepted official reading
𮞓	U+2E793	no accepted official reading
𮞔	U+2E794	no accepted official reading
𮞕	U+2E795	no accepted official reading
𮞖	U+2E796	no accepted official reading
𮞗	U+2E797	no accepted official reading
𮞘	U+2E798	no accepted official reading
𮞙	U+2E799	no accepted official reading
𮞚	U+2E79A	no accepted official reading
𮞛	U+2E79B	no accepted official reading
𮞜	U+2E79C	no accepted official reading
𮞝	U+2E79D	no accepted official reading
𮞞	U+2E79E	no accepted official reading
𮞠	U+2E7A0	no accepted official reading
𮞢	U+2E7A2	no accepted official reading
𮞣	U+2E7A3	no accepted official reading
𮞤	U+2E7A4	no accepted official reading
𮞥	U+2E7A5	no accepted official reading
𮞦	U+2E7A6	no accepted official reading
𮞧	U+2E7A7	no accepted official reading
𮞨	U+2E7A8	no accepted official reading
𮞩	U+2E7A9	no accepted official reading
𮞪	U+2E7AA	no accepted official reading
𮞬	U+2E7AC	no accepted official reading
𮞮	U+2E7AE	no accepted official reading
𮞯	U+2E7AF	no accepted official reading
𮞰	U+2E7B0	no accepted official reading
𮞱	U+2E7B1	no accepted official reading
𮞲	U+2E7B2	no accepted official reading
𮞳	U+2E7B3	no accepted official reading
𮞴	U+2E7B4	no accepted official reading
𮞵	U+2E7B5	no accepted official reading
𮞶	U+2E7B6	no accepted official reading
𮞷	U+2E7B7	no accepted official reading
𮞸	U+2E7B8	no accepted official reading
𮞼	U+2E7BC	no accepted official reading
𮞾	U+2E7BE	no accepted official reading
𮞿	U+2E7BF	no accepted official reading
𮟁	U+2E7C1	no accepted official reading
𮟂	U+2E7C2	no accepted official reading
𮟄	U+2E7C4	no accepted official reading
𮟅	U+2E7C5	no accepted official reading
𮟆	U+2E7C6	no accepted official reading
𮟇	U+2E7C7	no accepted official reading
𮟉	U+2E7C9	no accepted official reading
𮟊	U+2E7CA	no accepted official reading
𮟋	U+2E7CB	no accepted official reading
𮟍	U+2E7CD	no accepted official reading
𮟎	U+2E7CE	no accepted official reading
𮟑	U+2E7D1	no accepted official reading
𮟒	U+2E7D2	no accepted official reading
𮟓	U+2E7D3	no accepted official reading
𮟔	U+2E7D4	no accepted official reading
𮟕	U+2E7D5	no accepted official reading
𮟘	U+2E7D8	no accepted official reading
𮟙	U+2E7D9	no accepted official reading
𮟛	U+2E7DB	no accepted official reading
𮟝	U+2E7DD	no accepted official reading
𮟠	U+2E7E0	no accepted official reading
𮟡	U+2E7E1	no accepted official reading
𮟢	U+2E7E2	no accepted official reading
𮟣	U+2E7E3	no accepted official reading
𮟤	U+2E7E4	no accepted official reading
𮟥	U+2E7E5	no accepted official reading
𮟦	U+2E7E6	no accepted official reading
𮟧	U+2E7E7	no accepted official reading
𮟩	U+2E7E9	no accepted official reading
𮟪	U+2E7EA	no accepted official reading
𮟫	U+2E7EB	no accepted official reading
𮟬	U+2E7EC	no accepted official reading
𮟭	U+2E7ED	no accepted official reading
𮟮	U+2E7EE	no accepted official reading
𮟰	U+2E7F0	no accepted official reading
𮟱	U+2E7F1	no accepted official reading
𮟲	U+2E7F2	no accepted official reading
𮟳	U+2E7F3	no accepted official reading
𮟴	U+2E7F4	no accepted official reading
𮟵	U+2E7F5	no accepted official reading
𮟶	U+2E7F6	no accepted official reading
𮟷	U+2E7F7	no accepted official reading
𮟸	U+2E7F8	no accepted official reading
𮟹	U+2E7F9	no accepted official reading
𮟺	U+2E7FA	no accepted official reading
𮟼	U+2E7FC	no accepted official reading
𮟽	U+2E7FD	no accepted official reading
𮟿	U+2E7FF	no accepted official reading
𮠀	U+2E800	no accepted official reading
𮠂	U+2E802	no accepted official reading
𮠃	U+2E803	no accepted official reading
𮠄	U+2E804	no accepted official reading
𮠅	U+2E805	no accepted official reading
𮠆	U+2E806	no accepted official reading
𮠇	U+2E807	no accepted official reading
𮠈	U+2E808	no accepted official reading
𮠉	U+2E809	no accepted official reading
𮠊	U+2E80A	no accepted official reading
𮠍	U+2E80D	no accepted official reading
𮠎	U+2E80E	no accepted official reading
𮠏	U+2E80F	no accepted official reading
𮠐	U+2E810	no accepted official reading
𮠑	U+2E811	no accepted official reading
𮠒	U+2E812	no accepted official reading
𮠓	U+2E813	no accepted official reading
𮠖	U+2E816	no accepted official reading
𮠗	U+2E817	no accepted official reading
𮠘	U+2E818	no accepted official reading
𮠙	U+2E819	no accepted official reading
𮠛	U+2E81B	no accepted official reading
𮠜	U+2E81C	no accepted official reading
𮠝	U+2E81D	no accepted official reading
𮠟	U+2E81F	no accepted official reading
𮠠	U+2E820	no accepted official reading
𮠡	U+2E821	no accepted official reading
𮠢	U+2E822	no accepted official reading
𮠣	U+2E823	no accepted official reading
𮠤	U+2E824	no accepted official reading
𮠥	U+2E825	no accepted official reading
𮠦	U+2E826	no accepted official reading
𮠧	U+2E827	no accepted official reading
𮠨	U+2E828	no accepted official reading
𮠩	U+2E829	no accepted official reading
𮠪	U+2E82A	no accepted official reading
𮠫	U+2E82B	no accepted official reading
𮠬	U+2E82C	no accepted official reading
𮠭	U+2E82D	no accepted official reading
𮠯	U+2E82F	no accepted official reading
𮠰	U+2E830	no accepted official reading
𮠱	U+2E831	no accepted official reading
𮠴	U+2E834	no accepted official reading
𮠵	U+2E835	no accepted official reading
𮠶	U+2E836	no accepted official reading
𮠷	U+2E837	no accepted official reading
𮠸	U+2E838	no accepted official reading
𮠹	U+2E839	no accepted official reading
𮠻	U+2E83B	no accepted official reading
𮠼	U+2E83C	no accepted official reading
𮠽	U+2E83D	no accepted official reading
𮠾	U+2E83E	no accepted official reading
𮠿	U+2E83F	no accepted official reading
𮡀	U+2E840	no accepted official reading
𮡁	U+2E841	no accepted official reading
𮡂	U+2E842	no accepted official reading
𮡃	U+2E843	no accepted official reading
𮡅	U+2E845	no accepted official reading
𮡆	U+2E846	no accepted official reading
𮡇	U+2E847	no accepted official reading
𮡉	U+2E849	no accepted official reading
𮡊	U+2E84A	no accepted official reading
𮡋	U+2E84B	no accepted official reading
𮡍	U+2E84D	no accepted official reading
𮡎	U+2E84E	no accepted official reading
𮡏	U+2E84F	no accepted official reading
𮡐	U+2E850	no accepted official reading
𮡑	U+2E851	no accepted official reading
𮡒	U+2E852	no accepted official reading
𮡓	U+2E853	no accepted official reading
𮡕	U+2E855	no accepted official reading
𮡖	U+2E856	no accepted official reading
𮡗	U+2E857	no accepted official reading
𮡘	U+2E858	no accepted official reading
𮡙	U+2E859	no accepted official reading
𮡛	U+2E85B	no accepted official reading
𮡜	U+2E85C	no accepted official reading
𮡝	U+2E85D	no accepted official reading
𮡞	U+2E85E	no accepted official reading
𮡟	U+2E85F	no accepted official reading
𮡠	U+2E860	no accepted official reading
𮡡	U+2E861	no accepted official reading
𮡢	U+2E862	no accepted official reading
𮡣	U+2E863	no accepted official reading
𮡤	U+2E864	no accepted official reading
𮡥	U+2E865	no accepted official reading
𮡦	U+2E866	no accepted official reading
𮡧	U+2E867	no accepted official reading
𮡨	U+2E868	no accepted official reading
𮡩	U+2E869	no accepted official reading
𮡫	U+2E86B	no accepted official reading
𮡬	U+2E86C	no accepted official reading
𮡮	U+2E86E	no accepted official reading
𮡯	U+2E86F	no accepted official reading
𮡲	U+2E872	no accepted official reading
𮡳	U+2E873	no accepted official reading
𮡴	U+2E874	no accepted official reading
𮡵	U+2E875	no accepted official reading
𮡶	U+2E876	no accepted official reading
𮡷	U+2E877	no accepted official reading
𮡸	U+2E878	no accepted official reading
𮡹	U+2E879	no accepted official reading
𮡼	U+2E87C	no accepted official reading
𮡽	U+2E87D	no accepted official reading
𮡿	U+2E87F	no accepted official reading
𮢁	U+2E881	no accepted official reading
𮢂	U+2E882	no accepted official reading
𮢃	U+2E883	no accepted official reading
𮢅	U+2E885	no accepted official reading
𮢆	U+2E886	no accepted official reading
𮢈	U+2E888	no accepted official reading
𮢉	U+2E889	no accepted official reading
𮢊	U+2E88A	no accepted official reading
𮢌	U+2E88C	no accepted official reading
𮢍	U+2E88D	no accepted official reading
𮢎	U+2E88E	no accepted official reading
𮢏	U+2E88F	no accepted official reading
𮢒	U+2E892	no accepted official reading
𮢓	U+2E893	no accepted official reading
𮢔	U+2E894	no accepted official reading
𮢕	U+2E895	no accepted official reading
𮢖	U+2E896	no accepted official reading
𮢘	U+2E898	no accepted official reading
𮢙	U+2E899	no accepted official reading
𮢚	U+2E89A	no accepted official reading
𮢜	U+2E89C	no accepted official reading
𮢝	U+2E89D	no accepted official reading
𮢞	U+2E89E	no accepted official reading
𮢠	U+2E8A0	no accepted official reading
𮢡	U+2E8A1	no accepted official reading
𮢢	U+2E8A2	no accepted official reading
𮢣	U+2E8A3	no accepted official reading
𮢤	U+2E8A4	no accepted official reading
𮢥	U+2E8A5	no accepted official reading
𮢦	U+2E8A6	no accepted official reading
𮢨	U+2E8A8	no accepted official reading
𮢩	U+2E8A9	no accepted official reading
𮢪	U+2E8AA	no accepted official reading
𮢬	U+2E8AC	no accepted official reading
𮢭	U+2E8AD	no accepted official reading
𮢰	U+2E8B0	no accepted official reading
𮢳	U+2E8B3	no accepted official reading
𮢵	U+2E8B5	no accepted official reading
𮢶	U+2E8B6	no accepted official reading
𮢸	U+2E8B8	no accepted official reading
𮢹	U+2E8B9	no accepted official reading
𮢺	U+2E8BA	no accepted official reading
𮢻	U+2E8BB	no accepted official reading
𮢼	U+2E8BC	no accepted official reading
𮢽	U+2E8BD	no accepted official reading
𮢾	U+2E8BE	no accepted official reading
𮣀	U+2E8C0	no accepted official reading
𮣁	U+2E8C1	no accepted official reading
𮣃	U+2E8C3	no accepted official reading
𮣄	U+2E8C4	no accepted official reading
𮣆	U+2E8C6	no accepted official reading
𮣇	U+2E8C7	no accepted official reading
𮣈	U+2E8C8	no accepted official reading
𮣉	U+2E8C9	no accepted official reading
𮣊	U+2E8CA	no accepted official reading
𮣌	U+2E8CC	no accepted official reading
𮣍	U+2E8CD	no accepted official reading
𮣏	U+2E8CF	no accepted official reading
𮣐	U+2E8D0	no accepted official reading
𮣓	U+2E8D3	no accepted official reading
𮣔	U+2E8D4	no accepted official reading
𮣖	U+2E8D6	no accepted official reading
𮣗	U+2E8D7	no accepted official reading
𮣘	U+2E8D8	no accepted official reading
𮣙	U+2E8D9	no accepted official reading
𮣚	U+2E8DA	no accepted official reading
𮣛	U+2E8DB	no accepted official reading
𮣜	U+2E8DC	no accepted official reading
𮣞	U+2E8DE	no accepted official reading
𮣠	U+2E8E0	no accepted official reading
𮣣	U+2E8E3	no accepted official reading
𮣥	U+2E8E5	no accepted official reading
𮣩	U+2E8E9	no accepted official reading
𮣪	U+2E8EA	no accepted official reading
𮣫	U+2E8EB	no accepted official reading
𮣬	U+2E8EC	no accepted official reading
𮣭	U+2E8ED	no accepted official reading
𮣮	U+2E8EE	no accepted official reading
𮣯	U+2E8EF	no accepted official reading
𮣰	U+2E8F0	no accepted official reading
𮣱	U+2E8F1	no accepted official reading
𮣸	U+2E8F8	no accepted official reading
𮣹	U+2E8F9	no accepted official reading
𮣺	U+2E8FA	no accepted official reading
𮣻	U+2E8FB	no accepted official reading
𮣼	U+2E8FC	no accepted official reading
𮣽	U+2E8FD	no accepted official reading
𮣾	U+2E8FE	no accepted official reading
𮣿	U+2E8FF	no accepted official reading
𮤀	U+2E900	no accepted official reading
𮤁	U+2E901	no accepted official reading
𮤂	U+2E902	no accepted official reading
𮤃	U+2E903	no accepted official reading
𮤄	U+2E904	no accepted official reading
𮤅	U+2E905	no accepted official reading
𮤆	U+2E906	no accepted official reading
𮤇	U+2E907	no accepted official reading
𮤈	U+2E908	no accepted official reading
𮤉	U+2E909	no accepted official reading
𮤊	U+2E90A	no accepted official reading
𮤋	U+2E90B	no accepted official reading
𮤍	U+2E90D	no accepted official reading
𮤎	U+2E90E	no accepted official reading
𮤏	U+2E90F	no accepted official reading
𮤐	U+2E910	no accepted official reading
𮤑	U+2E911	no accepted official reading
𮤒	U+2E912	no accepted official reading
𮤓	U+2E913	no accepted official reading
𮤕	U+2E915	no accepted official reading
𮤖	U+2E916	no accepted official reading
𮤗	U+2E917	no accepted official reading
𮤘	U+2E918	no accepted official reading
𮤚	U+2E91A	no accepted official reading
𮤛	U+2E91B	no accepted official reading
𮤜	U+2E91C	no accepted official reading
𮤝	U+2E91D	no accepted official reading
𮤞	U+2E91E	no accepted official reading
𮤟	U+2E91F	no accepted official reading
𮤠	U+2E920	no accepted official reading
𮤡	U+2E921	no accepted official reading
𮤢	U+2E922	no accepted official reading
𮤣	U+2E923	no accepted official reading
𮤤	U+2E924	no accepted official reading
𮤦	U+2E926	no accepted official reading
𮤧	U+2E927	no accepted official reading
𮤩	U+2E929	no accepted official reading
𮤭	U+2E92D	no accepted official reading
𮤮	U+2E92E	no accepted official reading
𮤰	U+2E930	no accepted official reading
𮤱	U+2E931	no accepted official reading
𮤳	U+2E933	no accepted official reading
𮤵	U+2E935	no accepted official reading
𮤶	U+2E936	no accepted official reading
𮤷	U+2E937	no accepted official reading
𮤹	U+2E939	no accepted official reading
𮤺	U+2E93A	no accepted official reading
𮤻	U+2E93B	no accepted official reading
𮤼	U+2E93C	no accepted official reading
𮤽	U+2E93D	no accepted official reading
𮤾	U+2E93E	no accepted official reading
𮤿	U+2E93F	no accepted official reading
𮥀	U+2E940	no accepted official reading
𮥁	U+2E941	no accepted official reading
𮥂	U+2E942	no accepted official reading
𮥄	U+2E944	no accepted official reading
𮥅	U+2E945	no accepted official reading
𮥆	U+2E946	no accepted official reading
𮥇	U+2E947	no accepted official reading
𮥈	U+2E948	no accepted official reading
𮥉	U+2E949	no accepted official reading
𮥊	U+2E94A	no accepted official reading
𮥌	U+2E94C	no accepted official reading
𮥍	U+2E94D	no accepted official reading
𮥏	U+2E94F	no accepted official reading
𮥐	U+2E950	no accepted official reading
𮥑	U+2E951	no accepted official reading
𮥒	U+2E952	no accepted official reading
𮥓	U+2E953	no accepted official reading
𮥔	U+2E954	no accepted official reading
𮥕	U+2E955	no accepted official reading
𮥗	U+2E957	no accepted official reading
𮥛	U+2E95B	no accepted official reading
𮥜	U+2E95C	no accepted official reading
𮥝	U+2E95D	no accepted official reading
𮥞	U+2E95E	no accepted official reading
𮥟	U+2E95F	no accepted official reading
𮥡	U+2E961	no accepted official reading
𮥢	U+2E962	no accepted official reading
𮥤	U+2E964	no accepted official reading
𮥥	U+2E965	no accepted official reading
𮥦	U+2E966	no accepted official reading
𮥧	U+2E967	no accepted official reading
𮥪	U+2E96A	no accepted official reading
𮥬	U+2E96C	no accepted official reading
𮥮	U+2E96E	no accepted official reading
𮥰	U+2E970	no accepted official reading
𮥱	U+2E971	no accepted official reading
𮥲	U+2E972	no accepted official reading
𮥳	U+2E973	no accepted official reading
𮥴	U+2E974	no accepted official reading
𮥶	U+2E976	no accepted official reading
𮥷	U+2E977	no accepted official reading
𮥸	U+2E978	no accepted official reading
𮥺	U+2E97A	no accepted official reading
𮥻	U+2E97B	no accepted official reading
𮥼	U+2E97C	no accepted official reading
𮥽	U+2E97D	no accepted official reading
𮥾	U+2E97E	no accepted official reading
𮥿	U+2E97F	no accepted official reading
𮦀	U+2E980	no accepted official reading
𮦁	U+2E981	no accepted official reading
𮦂	U+2E982	no accepted official reading
𮦃	U+2E983	no accepted official reading
𮦄	U+2E984	no accepted official reading
𮦅	U+2E985	no accepted official reading
𮦆	U+2E986	no accepted official reading
𮦇	U+2E987	no accepted official reading
𮦈	U+2E988	no accepted official reading
𮦉	U+2E989	no accepted official reading
𮦊	U+2E98A	no accepted official reading
𮦋	U+2E98B	no accepted official reading
𮦌	U+2E98C	no accepted official reading
𮦍	U+2E98D	no accepted official reading
𮦎	U+2E98E	no accepted official reading
𮦑	U+2E991	no accepted official reading
𮦒	U+2E992	no accepted official reading
𮦔	U+2E994	no accepted official reading
𮦕	U+2E995	no accepted official reading
𮦖	U+2E996	no accepted official reading
𮦗	U+2E997	no accepted official reading
𮦘	U+2E998	no accepted official reading
𮦙	U+2E999	no accepted official reading
𮦚	U+2E99A	no accepted official reading
𮦛	U+2E99B	no accepted official reading
𮦜	U+2E99C	no accepted official reading
𮦞	U+2E99E	no accepted official reading
𮦟	U+2E99F	no accepted official reading
𮦠	U+2E9A0	no accepted official reading
𮦡	U+2E9A1	no accepted official reading
𮦢	U+2E9A2	no accepted official reading
𮦣	U+2E9A3	no accepted official reading
𮦥	U+2E9A5	no accepted official reading
𮦦	U+2E9A6	no accepted official reading
𮦧	U+2E9A7	no accepted official reading
𮦨	U+2E9A8	no accepted official reading
𮦩	U+2E9A9	no accepted official reading
𮦪	U+2E9AA	no accepted official reading
𮦫	U+2E9AB	no accepted official reading
𮦭	U+2E9AD	no accepted official reading
𮦮	U+2E9AE	no accepted official reading
𮦯	U+2E9AF	no accepted official reading
𮦰	U+2E9B0	no accepted official reading
𮦱	U+2E9B1	no accepted official reading
𮦳	U+2E9B3	no accepted official reading
𮦶	U+2E9B6	no accepted official reading
𮦷	U+2E9B7	no accepted official reading
𮦸	U+2E9B8	no accepted official reading
𮦹	U+2E9B9	no accepted official reading
𮦻	U+2E9BB	no accepted official reading
𮦽	U+2E9BD	no accepted official reading
𮦾	U+2E9BE	no accepted official reading
𮦿	U+2E9BF	no accepted official reading
𮧀	U+2E9C0	no accepted official reading
𮧃	U+2E9C3	no accepted official reading
𮧄	U+2E9C4	no accepted official reading
𮧅	U+2E9C5	no accepted official reading
𮧆	U+2E9C6	no accepted official reading
𮧇	U+2E9C7	no accepted official reading
𮧉	U+2E9C9	no accepted official reading
𮧊	U+2E9CA	no accepted official reading
𮧋	U+2E9CB	no accepted official reading
𮧍	U+2E9CD	no accepted official reading
𮧎	U+2E9CE	no accepted official reading
𮧏	U+2E9CF	no accepted official reading
𮧐	U+2E9D0	no accepted official reading
𮧑	U+2E9D1	no accepted official reading
𮧒	U+2E9D2	no accepted official reading
𮧓	U+2E9D3	no accepted official reading
𮧔	U+2E9D4	no accepted official reading
𮧕	U+2E9D5	no accepted official reading
𮧖	U+2E9D6	no accepted official reading
𮧙	U+2E9D9	no accepted official reading
𮧚	U+2E9DA	no accepted official reading
𮧜	U+2E9DC	no accepted official reading
𮧝	U+2E9DD	no accepted official reading
𮧞	U+2E9DE	no accepted official reading
𮧟	U+2E9DF	no accepted official reading
𮧠	U+2E9E0	no accepted official reading
𮧡	U+2E9E1	no accepted official reading
𮧢	U+2E9E2	no accepted official reading
𮧣	U+2E9E3	no accepted official reading
𮧥	U+2E9E5	no accepted official reading
𮧨	U+2E9E8	no accepted official reading
𮧩	U+2E9E9	no accepted official reading
𮧪	U+2E9EA	no accepted official reading
𮧫	U+2E9EB	no accepted official reading
𮧭	U+2E9ED	no accepted official reading
𮧱	U+2E9F1	no accepted official reading
𮧲	U+2E9F2	no accepted official reading
𮧳	U+2E9F3	no accepted official reading
𮧶	U+2E9F6	no accepted official reading
𮧷	U+2E9F7	no accepted official reading
𮧸	U+2E9F8	no accepted official reading
𮧹	U+2E9F9	no accepted official reading
𮧺	U+2E9FA	no accepted official reading
𮧻	U+2E9FB	no accepted official reading
𮧼	U+2E9FC	no accepted official reading
𮧽	U+2E9FD	no accepted official reading
𮧾	U+2E9FE	no accepted official reading
𮧿	U+2E9FF	no accepted official reading
𮨀	U+2EA00	no accepted official reading
𮨁	U+2EA01	no accepted official reading
𮨂	U+2EA02	no accepted official reading
𮨃	U+2EA03	no accepted official reading
𮨄	U+2EA04	no accepted official reading
𮨅	U+2EA05	no accepted official reading
𮨆	U+2EA06	no accepted official reading
𮨉	U+2EA09	no accepted official reading
𮨌	U+2EA0C	no accepted official reading
𮨍	U+2EA0D	no accepted official reading
𮨎	U+2EA0E	no accepted official reading
𮨏	U+2EA0F	no accepted official reading
𮨑	U+2EA11	no accepted official reading
𮨒	U+2EA12	no accepted official reading
𮨓	U+2EA13	no accepted official reading
𮨔	U+2EA14	no accepted official reading
𮨕	U+2EA15	no accepted official reading
𮨖	U+2EA16	no accepted official reading
𮨙	U+2EA19	no accepted official reading
𮨚	U+2EA1A	no accepted official reading
𮨛	U+2EA1B	no accepted official reading
𮨜	U+2EA1C	no accepted official reading
𮨝	U+2EA1D	no accepted official reading
𮨞	U+2EA1E	no accepted official reading
𮨠	U+2EA20	no accepted official reading
𮨡	U+2EA21	no accepted official reading
𮨢	U+2EA22	no accepted official reading
𮨣	U+2EA23	no accepted official reading
𮨤	U+2EA24	no accepted official reading
𮨥	U+2EA25	no accepted official reading
𮨦	U+2EA26	no accepted official reading
𮨧	U+2EA27	no accepted official reading
𮨨	U+2EA28	no accepted official reading
𮨩	U+2EA29	no accepted official reading
𮨪	U+2EA2A	no accepted official reading
𮨫	U+2EA2B	no accepted official reading
𮨬	U+2EA2C	no accepted official reading
𮨭	U+2EA2D	no accepted official reading
𮨮	U+2EA2E	no accepted official reading
𮨯	U+2EA2F	no accepted official reading
𮨰	U+2EA30	no accepted official reading
𮨲	U+2EA32	no accepted official reading
𮨳	U+2EA33	no accepted official reading
𮨶	U+2EA36	no accepted official reading
𮨸	U+2EA38	no accepted official reading
𮨺	U+2EA3A	no accepted official reading
𮨻	U+2EA3B	no accepted official reading
𮨼	U+2EA3C	no accepted official reading
𮨽	U+2EA3D	no accepted official reading
𮨿	U+2EA3F	no accepted official reading
𮩁	U+2EA41	no accepted official reading
𮩂	U+2EA42	no accepted official reading
𮩄	U+2EA44	no accepted official reading
𮩅	U+2EA45	no accepted official reading
𮩇	U+2EA47	no accepted official reading
𮩉	U+2EA49	no accepted official reading
𮩊	U+2EA4A	no accepted official reading
𮩌	U+2EA4C	no accepted official reading
𮩎	U+2EA4E	no accepted official reading
𮩐	U+2EA50	no accepted official reading
𮩑	U+2EA51	no accepted official reading
𮩒	U+2EA52	no accepted official reading
𮩓	U+2EA53	no accepted official reading
𮩕	U+2EA55	no accepted official reading
𮩗	U+2EA57	no accepted official reading
𮩘	U+2EA58	no accepted official reading
𮩚	U+2EA5A	no accepted official reading
𮩟	U+2EA5F	no accepted official reading
𮩠	U+2EA60	no accepted official reading
𮩡	U+2EA61	no accepted official reading
𮩢	U+2EA62	no accepted official reading
𮩣	U+2EA63	no accepted official reading
𮩤	U+2EA64	no accepted official reading
𮩥	U+2EA65	no accepted official reading
𮩦	U+2EA66	no accepted official reading
𮩧	U+2EA67	no accepted official reading
𮩩	U+2EA69	no accepted official reading
𮩪	U+2EA6A	no accepted official reading
𮩫	U+2EA6B	no accepted official reading
𮩬	U+2EA6C	no accepted official reading
𮩭	U+2EA6D	no accepted official reading
𮩮	U+2EA6E	no accepted official reading
𮩰	U+2EA70	no accepted official reading
𮩲	U+2EA72	no accepted official reading
𮩶	U+2EA76	no accepted official reading
𮩷	U+2EA77	no accepted official reading
𮩹	U+2EA79	no accepted official reading
𮩻	U+2EA7B	no accepted official reading
𮩼	U+2EA7C	no accepted official reading
𮩽	U+2EA7D	no accepted official reading
𮩾	U+2EA7E	no accepted official reading
𮩿	U+2EA7F	no accepted official reading
𮪁	U+2EA81	no accepted official reading
𮪂	U+2EA82	no accepted official reading
𮪃	U+2EA83	no accepted official reading
𮪄	U+2EA84	no accepted official reading
𮪅	U+2EA85	no accepted official reading
𮪆	U+2EA86	no accepted official reading
𮪈	U+2EA88	no accepted official reading
𮪉	U+2EA89	no accepted official reading
𮪊	U+2EA8A	no accepted official reading
𮪋	U+2EA8B	no accepted official reading
𮪌	U+2EA8C	no accepted official reading
𮪍	U+2EA8D	no accepted official reading
𮪏	U+2EA8F	no accepted official reading
𮪐	U+2EA90	no accepted official reading
𮪑	U+2EA91	no accepted official reading
𮪒	U+2EA92	no accepted official reading
𮪓	U+2EA93	no accepted official reading
𮪔	U+2EA94	no accepted official reading
𮪕	U+2EA95	no accepted official reading
𮪖	U+2EA96	no accepted official reading
𮪗	U+2EA97	no accepted official reading
𮪘	U+2EA98	no accepted official reading
𮪙	U+2EA99	no accepted official reading
𮪚	U+2EA9A	no accepted official reading
𮪛	U+2EA9B	no accepted official reading
𮪜	U+2EA9C	no accepted official reading
𮪞	U+2EA9E	no accepted official reading
𮪟	U+2EA9F	no accepted official reading
𮪠	U+2EAA0	no accepted official reading
𮪦	U+2EAA6	no accepted official reading
𮪧	U+2EAA7	no accepted official reading
𮪨	U+2EAA8	no accepted official reading
𮪩	U+2EAA9	no accepted official reading
𮪪	U+2EAAA	no accepted official reading
𮪭	U+2EAAD	no accepted official reading
𮪮	U+2EAAE	no accepted official reading
𮪯	U+2EAAF	no accepted official reading
𮪱	U+2EAB1	no accepted official reading
𮪲	U+2EAB2	no accepted official reading
𮪳	U+2EAB3	no accepted official reading
𮪴	U+2EAB4	no accepted official reading
𮪵	U+2EAB5	no accepted official reading
𮪶	U+2EAB6	no accepted official reading
𮪸	U+2EAB8	no accepted official reading
𮪹	U+2EAB9	no accepted official reading
𮪺	U+2EABA	no accepted official reading
𮪻	U+2EABB	no accepted official reading
𮪼	U+2EABC	no accepted official reading
𮪽	U+2EABD	no accepted official reading
𮪾	U+2EABE	no accepted official reading
𮪿	U+2EABF	no accepted official reading
𮫀	U+2EAC0	no accepted official reading
𮫁	U+2EAC1	no accepted official reading
𮫃	U+2EAC3	no accepted official reading
𮫄	U+2EAC4	no accepted official reading
𮫅	U+2EAC5	no accepted official reading
𮫇	U+2EAC7	no accepted official reading
𮫉	U+2EAC9	no accepted official reading
𮫊	U+2EACA	no accepted official reading
𮫋	U+2EACB	no accepted official reading
𮫌	U+2EACC	no accepted official reading
𮫍	U+2EACD	no accepted official reading
𮫎	U+2EACE	no accepted official reading
𮫏	U+2EACF	no accepted official reading
𮫐	U+2EAD0	no accepted official reading
𮫑	U+2EAD1	no accepted official reading
𮫒	U+2EAD2	no accepted official reading
𮫓	U+2EAD3	no accepted official reading
𮫔	U+2EAD4	no accepted official reading
𮫕	U+2EAD5	no accepted official reading
𮫖	U+2EAD6	no accepted official reading
𮫚	U+2EADA	no accepted official reading
𮫜	U+2EADC	no accepted official reading
𮫝	U+2EADD	no accepted official reading
𮫞	U+2EADE	no accepted official reading
𮫟	U+2EADF	no accepted official reading
𮫠	U+2EAE0	no accepted official reading
𮫡	U+2EAE1	no accepted official reading
𮫢	U+2EAE2	no accepted official reading
𮫣	U+2EAE3	no accepted official reading
𮫤	U+2EAE4	no accepted official reading
𮫥	U+2EAE5	no accepted official reading
𮫦	U+2EAE6	no accepted official reading
𮫧	U+2EAE7	no accepted official reading
𮫨	U+2EAE8	no accepted official reading
𮫩	U+2EAE9	no accepted official reading
𮫪	U+2EAEA	no accepted official reading
𮫫	U+2EAEB	no accepted official reading
𮫬	U+2EAEC	no accepted official reading
𮫱	U+2EAF1	no accepted official reading
𮫳	U+2EAF3	no accepted official reading
𮫴	U+2EAF4	no accepted official reading
𮫷	U+2EAF7	no accepted official reading
𮫸	U+2EAF8	no accepted official reading
𮫺	U+2EAFA	no accepted official reading
𮫻	U+2EAFB	no accepted official reading
𮫼	U+2EAFC	no accepted official reading
𮫽	U+2EAFD	no accepted official reading
𮫾	U+2EAFE	no accepted official reading
𮫿	U+2EAFF	no accepted official reading
𮬀	U+2EB00	no accepted official reading
𮬂	U+2EB02	no accepted official reading
𮬄	U+2EB04	no accepted official reading
𮬅	U+2EB05	no accepted official reading
𮬆	U+2EB06	no accepted official reading
𮬇	U+2EB07	no accepted official reading
𮬊	U+2EB0A	no accepted official reading
𮬌	U+2EB0C	no accepted official reading
𮬍	U+2EB0D	no accepted official reading
𮬎	U+2EB0E	no accepted official reading
𮬏	U+2EB0F	no accepted official reading
𮬐	U+2EB10	no accepted official reading
𮬑	U+2EB11	no accepted official reading
𮬒	U+2EB12	no accepted official reading
𮬔	U+2EB14	no accepted official reading
𮬕	U+2EB15	no accepted official reading
𮬖	U+2EB16	no accepted official reading
𮬘	U+2EB18	no accepted official reading
𮬙	U+2EB19	no accepted official reading
𮬚	U+2EB1A	no accepted official reading
𮬥	U+2EB25	no accepted official reading
𮬦	U+2EB26	no accepted official reading
𮬧	U+2EB27	no accepted official reading
𮬨	U+2EB28	no accepted official reading
𮬩	U+2EB29	no accepted official reading
𮬪	U+2EB2A	no accepted official reading
𮬫	U+2EB2B	no accepted official reading
𮬬	U+2EB2C	no accepted official reading
𮬭	U+2EB2D	no accepted official reading
𮬮	U+2EB2E	no accepted official reading
𮬯	U+2EB2F	no accepted official reading
𮬰	U+2EB30	no accepted official reading
𮬱	U+2EB31	no accepted official reading
𮬲	U+2EB32	no accepted official reading
𮬳	U+2EB33	no accepted official reading
𮬴	U+2EB34	no accepted official reading
𮬵	U+2EB35	no accepted official reading
𮬶	U+2EB36	no accepted official reading
𮬷	U+2EB37	no accepted official reading
𮬸	U+2EB38	no accepted official reading
𮬹	U+2EB39	no accepted official reading
𮬺	U+2EB3A	no accepted official reading
𮬻	U+2EB3B	no accepted official reading
𮬼	U+2EB3C	no accepted official reading
𮬽	U+2EB3D	no accepted official reading
𮬾	U+2EB3E	no accepted official reading
𮭀	U+2EB40	no accepted official reading
𮭁	U+2EB41	no accepted official reading
𮭃	U+2EB43	no accepted official reading
𮭄	U+2EB44	no accepted official reading
𮭅	U+2EB45	no accepted official reading
𮭆	U+2EB46	no accepted official reading
𮭇	U+2EB47	no accepted official reading
𮭈	U+2EB48	no accepted official reading
𮭉	U+2EB49	no accepted official reading
𮭊	U+2EB4A	no accepted official reading
𮭌	U+2EB4C	no accepted official reading
𮭍	U+2EB4D	no accepted official reading
𮭐	U+2EB50	no accepted official reading
𮭑	U+2EB51	no accepted official reading
𮭒	U+2EB52	no accepted official reading
𮭓	U+2EB53	no accepted official reading
𮭔	U+2EB54	no accepted official reading
𮭕	U+2EB55	no accepted official reading
𮭖	U+2EB56	no accepted official reading
𮭗	U+2EB57	no accepted official reading
𮭘	U+2EB58	no accepted official reading
𮭚	U+2EB5A	no accepted official reading
𮭛	U+2EB5B	no accepted official reading
𮭞	U+2EB5E	no accepted official reading
𮭣	U+2EB63	no accepted official reading
𮭧	U+2EB67	no accepted official reading
𮭩	U+2EB69	no accepted official reading
𮭫	U+2EB6B	no accepted official reading
𮭬	U+2EB6C	no accepted official reading
𮭮	U+2EB6E	no accepted official reading
𮭯	U+2EB6F	no accepted official reading
𮭲	U+2EB72	no accepted official reading
𮭳	U+2EB73	no accepted official reading
𮭵	U+2EB75	no accepted official reading
𮭸	U+2EB78	no accepted official reading
𮭺	U+2EB7A	no accepted official reading
𮭼	U+2EB7C	no accepted official reading
𮭽	U+2EB7D	no accepted official reading
𮭾	U+2EB7E	no accepted official reading
𮭿	U+2EB7F	no accepted official reading
𮮁	U+2EB81	no accepted official reading
𮮂	U+2EB82	no accepted official reading
𮮃	U+2EB83	no accepted official reading
𮮄	U+2EB84	no accepted official reading
𮮅	U+2EB85	no accepted official reading
𮮆	U+2EB86	no accepted official reading
𮮈	U+2EB88	no accepted official reading
𮮉	U+2EB89	no accepted official reading
𮮊	U+2EB8A	no accepted official reading
𮮋	U+2EB8B	no accepted official reading
𮮌	U+2EB8C	no accepted official reading
𮮍	U+2EB8D	no accepted official reading
𮮎	U+2EB8E	no accepted official reading
𮮏	U+2EB8F	no accepted official reading
𮮑	U+2EB91	no accepted official reading
𮮒	U+2EB92	no accepted official reading
𮮓	U+2EB93	no accepted official reading
𮮔	U+2EB94	no accepted official reading
𮮕	U+2EB95	no accepted official reading
𮮖	U+2EB96	no accepted official reading
𮮗	U+2EB97	no accepted official reading
𮮘	U+2EB98	no accepted official reading
𮮙	U+2EB99	no accepted official reading
𮮚	U+2EB9A	no accepted official reading
𮮛	U+2EB9B	no accepted official reading
𮮜	U+2EB9C	no accepted official reading
𮮝	U+2EB9D	no accepted official reading
𮮞	U+2EB9E	no accepted official reading
𮮟	U+2EB9F	no accepted official reading
𮮠	U+2EBA0	no accepted official reading
𮮢	U+2EBA2	no accepted official reading
𮮥	U+2EBA5	no accepted official reading
𮮦	U+2EBA6	no accepted official reading
𮮧	U+2EBA7	no accepted official reading
𮮨	U+2EBA8	no accepted official reading
𮮩	U+2EBA9	no accepted official reading
𮮪	U+2EBAA	no accepted official reading
𮮫	U+2EBAB	no accepted official reading
𮮬	U+2EBAC	no accepted official reading
𮮭	U+2EBAD	no accepted official reading
𮮮	U+2EBAE	no accepted official reading
𮮯	U+2EBAF	no accepted official reading
𮮰	U+2EBB0	no accepted official reading
𮮱	U+2EBB1	no accepted official reading
𮮲	U+2EBB2	no accepted official reading
𮮳	U+2EBB3	no accepted official reading
𮮽	U+2EBBD	no accepted official reading
𮮾	U+2EBBE	no accepted official reading
𮮿	U+2EBBF	no accepted official reading
𮯀	U+2EBC0	no accepted official reading
𮯁	U+2EBC1	no accepted official reading
𮯂	U+2EBC2	no accepted official reading
𮯃	U+2EBC3	no accepted official reading
𮯄	U+2EBC4	no accepted official reading
𮯅	U+2EBC5	no accepted official reading
𮯇	U+2EBC7	no accepted official reading
𮯉	U+2EBC9	no accepted official reading
𮯊	U+2EBCA	no accepted official reading
𮯋	U+2EBCB	no accepted official reading
𮯌	U+2EBCC	no accepted official reading
𮯍	U+2EBCD	no accepted official reading
𮯎	U+2EBCE	no accepted official reading
𮯏	U+2EBCF	no accepted official reading
𮯐	U+2EBD0	no accepted official reading
𮯑	U+2EBD1	no accepted official reading
𮯒	U+2EBD2	no accepted official reading
𮯓	U+2EBD3	no accepted official reading
𮯔	U+2EBD4	no accepted official reading
𮯕	U+2EBD5	no accepted official reading
𮯘	U+2EBD8	no accepted official reading
𮯚	U+2EBDA	no accepted official reading
𮯠	U+2EBE0	no accepted official reading
𮯰	U+2EBF0	no accepted official reading
𮯱	U+2EBF1	no accepted official reading
𮯲	U+2EBF2	no accepted official reading
𮯳	U+2EBF3	no accepted official reading
𮯵	U+2EBF5	no accepted official reading
𮯶	U+2EBF6	no accepted official reading
𮯷	U+2EBF7	no accepted official reading
𮯹	U+2EBF9	no accepted official reading
𮯺	U+2EBFA	no accepted official reading
𮯻	U+2EBFB	no accepted official reading
𮯼	U+2EBFC	no accepted official reading
𮯽	U+2EBFD	no accepted official reading
𮯾	U+2EBFE	no accepted official reading
𮯿	U+2EBFF	no accepted official reading
𮰀	U+2EC00	no accepted official reading
𮰁	U+2EC01	no accepted official reading
𮰂	U+2EC02	no accepted official reading
𮰃	U+2EC03	no accepted official reading
𮰅	U+2EC05	no accepted official reading
𮰆	U+2EC06	no accepted official reading
𮰇	U+2EC07	no accepted official reading
𮰈	U+2EC08	no accepted official reading
𮰊	U+2EC0A	no accepted official reading
𮰋	U+2EC0B	no accepted official reading
𮰌	U+2EC0C	no accepted official reading
𮰍	U+2EC0D	no accepted official reading
𮰎	U+2EC0E	no accepted official reading
𮰏	U+2EC0F	no accepted official reading
𮰐	U+2EC10	no accepted official reading
𮰑	U+2EC11	no accepted official reading
𮰓	U+2EC13	no accepted official reading
𮰕	U+2EC15	no accepted official reading
𮰖	U+2EC16	no accepted official reading
𮰗	U+2EC17	no accepted official reading
𮰘	U+2EC18	no accepted official reading
𮰙	U+2EC19	no accepted official reading
𮰚	U+2EC1A	no accepted official reading
𮰛	U+2EC1B	no accepted official reading
𮰜	U+2EC1C	no accepted official reading
𮰝	U+2EC1D	no accepted official reading
𮰞	U+2EC1E	no accepted official reading
𮰟	U+2EC1F	no accepted official reading
𮰠	U+2EC20	no accepted official reading
𮰡	U+2EC21	no accepted official reading
𮰢	U+2EC22	no accepted official reading
𮰣	U+2EC23	no accepted official reading
𮰥	U+2EC25	no accepted official reading
𮰦	U+2EC26	no accepted official reading
𮰧	U+2EC27	no accepted official reading
𮰨	U+2EC28	no accepted official reading
𮰩	U+2EC29	no accepted official reading
𮰪	U+2EC2A	no accepted official reading
𮰫	U+2EC2B	no accepted official reading
𮰭	U+2EC2D	no accepted official reading
𮰮	U+2EC2E	no accepted official reading
𮰯	U+2EC2F	no accepted official reading
𮰰	U+2EC30	no accepted official reading
𮰱	U+2EC31	no accepted official reading
𮰲	U+2EC32	no accepted official reading
𮰳	U+2EC33	no accepted official reading
𮰴	U+2EC34	no accepted official reading
𮰵	U+2EC35	no accepted official reading
𮰶	U+2EC36	no accepted official reading
𮰷	U+2EC37	no accepted official reading
𮰹	U+2EC39	no accepted official reading
𮰺	U+2EC3A	no accepted official reading
𮰻	U+2EC3B	no accepted official reading
𮰼	U+2EC3C	no accepted official reading
𮱀	U+2EC40	no accepted official reading
𮱂	U+2EC42	no accepted official reading
𮱃	U+2EC43	no accepted official reading
𮱄	U+2EC44	no accepted official reading
𮱅	U+2EC45	no accepted official reading
𮱆	U+2EC46	no accepted official reading
𮱉	U+2EC49	no accepted official reading
𮱋	U+2EC4B	no accepted official reading
𮱌	U+2EC4C	no accepted official reading
𮱍	U+2EC4D	no accepted official reading
𮱎	U+2EC4E	no accepted official reading
𮱏	U+2EC4F	no accepted official reading
𮱑	U+2EC51	no accepted official reading
𮱓	U+2EC53	no accepted official reading
𮱔	U+2EC54	no accepted official reading
𮱕	U+2EC55	no accepted official reading
𮱖	U+2EC56	no accepted official reading
𮱗	U+2EC57	no accepted official reading
𮱘	U+2EC58	no accepted official reading
𮱙	U+2EC59	no accepted official reading
𮱚	U+2EC5A	no accepted official reading
𮱛	U+2EC5B	no accepted official reading
𮱜	U+2EC5C	no accepted official reading
𮱝	U+2EC5D	no accepted official reading
𮱞	U+2EC5E	no accepted official reading
𮱟	U+2EC5F	no accepted official reading
𮱡	U+2EC61	no accepted official reading
𮱢	U+2EC62	no accepted official reading
𮱤	U+2EC64	no accepted official reading
𮱦	U+2EC66	no accepted official reading
𮱧	U+2EC67	no accepted official reading
𮱨	U+2EC68	no accepted official reading
𮱪	U+2EC6A	no accepted official reading
𮱫	U+2EC6B	no accepted official reading
𮱬	U+2EC6C	no accepted official reading
𮱭	U+2EC6D	no accepted official reading
𮱮	U+2EC6E	no accepted official reading
𮱰	U+2EC70	no accepted official reading
𮱱	U+2EC71	no accepted official reading
𮱲	U+2EC72	no accepted official reading
𮱳	U+2EC73	no accepted official reading
𮱴	U+2EC74	no accepted official reading
𮱶	U+2EC76	no accepted official reading
𮱷	U+2EC77	no accepted official reading
𮱸	U+2EC78	no accepted official reading
𮱹	U+2EC79	no accepted official reading
𮱺	U+2EC7A	no accepted official reading
𮱻	U+2EC7B	no accepted official reading
𮱼	U+2EC7C	no accepted official reading
𮱽	U+2EC7D	no accepted official reading
𮱾	U+2EC7E	no accepted official reading
𮱿	U+2EC7F	no accepted official reading
𮲀	U+2EC80	no accepted official reading
𮲂	U+2EC82	no accepted official reading
𮲅	U+2EC85	no accepted official reading
𮲆	U+2EC86	no accepted official reading
𮲈	U+2EC88	no accepted official reading
𮲉	U+2EC89	no accepted official reading
𮲊	U+2EC8A	no accepted official reading
𮲋	U+2EC8B	no accepted official reading
𮲌	U+2EC8C	no accepted official reading
𮲍	U+2EC8D	no accepted official reading
𮲎	U+2EC8E	no accepted official reading
𮲏	U+2EC8F	no accepted official reading
𮲐	U+2EC90	no accepted official reading
𮲒	U+2EC92	no accepted official reading
𮲓	U+2EC93	no accepted official reading
𮲔	U+2EC94	no accepted official reading
𮲕	U+2EC95	no accepted official reading
𮲖	U+2EC96	no accepted official reading
𮲗	U+2EC97	no accepted official reading
𮲘	U+2EC98	no accepted official reading
𮲙	U+2EC99	no accepted official reading
𮲛	U+2EC9B	no accepted official reading
𮲜	U+2EC9C	no accepted official reading
𮲞	U+2EC9E	no accepted official reading
𮲠	U+2ECA0	no accepted official reading
𮲡	U+2ECA1	no accepted official reading
𮲢	U+2ECA2	no accepted official reading
𮲤	U+2ECA4	no accepted official reading
𮲥	U+2ECA5	no accepted official reading
𮲦	U+2ECA6	no accepted official reading
𮲧	U+2ECA7	no accepted official reading
𮲨	U+2ECA8	no accepted official reading
𮲩	U+2ECA9	no accepted official reading
𮲫	U+2ECAB	no accepted official reading
𮲬	U+2ECAC	no accepted official reading
𮲭	U+2ECAD	no accepted official reading
𮲯	U+2ECAF	no accepted official reading
𮲱	U+2ECB1	no accepted official reading
𮲳	U+2ECB3	no accepted official reading
𮲴	U+2ECB4	no accepted official reading
𮲵	U+2ECB5	no accepted official reading
𮲷	U+2ECB7	no accepted official reading
𮲸	U+2ECB8	no accepted official reading
𮲹	U+2ECB9	no accepted official reading
𮲺	U+2ECBA	no accepted official reading
𮲻	U+2ECBB	no accepted official reading
𮲼	U+2ECBC	no accepted official reading
𮲾	U+2ECBE	no accepted official reading
𮳀	U+2ECC0	no accepted official reading
𮳁	U+2ECC1	no accepted official reading
𮳂	U+2ECC2	no accepted official reading
𮳃	U+2ECC3	no accepted official reading
𮳄	U+2ECC4	no accepted official reading
𮳅	U+2ECC5	no accepted official reading
𮳇	U+2ECC7	no accepted official reading
𮳈	U+2ECC8	no accepted official reading
𮳉	U+2ECC9	no accepted official reading
𮳊	U+2ECCA	no accepted official reading
𮳌	U+2ECCC	no accepted official reading
𮳍	U+2ECCD	no accepted official reading
𮳐	U+2ECD0	no accepted official reading
𮳓	U+2ECD3	no accepted official reading
𮳔	U+2ECD4	no accepted official reading
𮳘	U+2ECD8	no accepted official reading
𮳙	U+2ECD9	no accepted official reading
𮳚	U+2ECDA	no accepted official reading
𮳛	U+2ECDB	no accepted official reading
𮳝	U+2ECDD	no accepted official reading
𮳞	U+2ECDE	no accepted official reading
𮳟	U+2ECDF	no accepted official reading
𮳡	U+2ECE1	no accepted official reading
𮳣	U+2ECE3	no accepted official reading
𮳤	U+2ECE4	no accepted official reading
𮳥	U+2ECE5	no accepted official reading
𮳦	U+2ECE6	no accepted official reading
𮳨	U+2ECE8	no accepted official reading
𮳩	U+2ECE9	no accepted official reading
𮳪	U+2ECEA	no accepted official reading
𮳫	U+2ECEB	no accepted official reading
𮳬	U+2ECEC	no accepted official reading
𮳭	U+2ECED	no accepted official reading
𮳮	U+2ECEE	no accepted official reading
𮳯	U+2ECEF	no accepted official reading
𮳰	U+2ECF0	no accepted official reading
𮳱	U+2ECF1	no accepted official reading
𮳲	U+2ECF2	no accepted official reading
𮳵	U+2ECF5	no accepted official reading
𮳶	U+2ECF6	no accepted official reading
𮳷	U+2ECF7	no accepted official reading
𮳸	U+2ECF8	no accepted official reading
𮳹	U+2ECF9	no accepted official reading
𮳺	U+2ECFA	no accepted official reading
𮳻	U+2ECFB	no accepted official reading
𮳼	U+2ECFC	no accepted official reading
𮳽	U+2ECFD	no accepted official reading
𮳾	U+2ECFE	no accepted official reading
𮳿	U+2ECFF	no accepted official reading
𮴀	U+2ED00	no accepted official reading
𮴁	U+2ED01	no accepted official reading
𮴂	U+2ED02	no accepted official reading
𮴃	U+2ED03	no accepted official reading
𮴄	U+2ED04	no accepted official reading
𮴅	U+2ED05	no accepted official reading
𮴆	U+2ED06	no accepted official reading
𮴇	U+2ED07	no accepted official reading
𮴈	U+2ED08	no accepted official reading
𮴉	U+2ED09	no accepted official reading
𮴊	U+2ED0A	no accepted official reading
𮴋	U+2ED0B	no accepted official reading
𮴌	U+2ED0C	no accepted official reading
𮴍	U+2ED0D	no accepted official reading
𮴎	U+2ED0E	no accepted official reading
𮴏	U+2ED0F	no accepted official reading
𮴐	U+2ED10	no accepted official reading
𮴑	U+2ED11	no accepted official reading
𮴒	U+2ED12	no accepted official reading
𮴓	U+2ED13	no accepted official reading
𮴖	U+2ED16	no accepted official reading
𮴗	U+2ED17	no accepted official reading
𮴘	U+2ED18	no accepted official reading
𮴙	U+2ED19	no accepted official reading
𮴚	U+2ED1A	no accepted official reading
𮴛	U+2ED1B	no accepted official reading
𮴜	U+2ED1C	no accepted official reading
𮴝	U+2ED1D	no accepted official reading
𮴞	U+2ED1E	no accepted official reading
𮴟	U+2ED1F	no accepted official reading
𮴠	U+2ED20	no accepted official reading
𮴡	U+2ED21	no accepted official reading
𮴢	U+2ED22	no accepted official reading
𮴣	U+2ED23	no accepted official reading
𮴤	U+2ED24	no accepted official reading
𮴥	U+2ED25	no accepted official reading
𮴦	U+2ED26	no accepted official reading
𮴧	U+2ED27	no accepted official reading
𮴩	U+2ED29	no accepted official reading
𮴪	U+2ED2A	no accepted official reading
𮴫	U+2ED2B	no accepted official reading
𮴬	U+2ED2C	no accepted official reading
𮴭	U+2ED2D	no accepted official reading
𮴮	U+2ED2E	no accepted official reading
𮴰	U+2ED30	no accepted official reading
𮴱	U+2ED31	no accepted official reading
𮴲	U+2ED32	no accepted official reading
𮴳	U+2ED33	no accepted official reading
𮴴	U+2ED34	no accepted official reading
𮴵	U+2ED35	no accepted official reading
𮴶	U+2ED36	no accepted official reading
𮴷	U+2ED37	no accepted official reading
𮴸	U+2ED38	no accepted official reading
𮴺	U+2ED3A	no accepted official reading
𮴻	U+2ED3B	no accepted official reading
𮴽	U+2ED3D	no accepted official reading
𮴾	U+2ED3E	no accepted official reading
𮵀	U+2ED40	no accepted official reading
𮵁	U+2ED41	no accepted official reading
𮵂	U+2ED42	no accepted official reading
𮵃	U+2ED43	no accepted official reading
𮵄	U+2ED44	no accepted official reading
𮵆	U+2ED46	no accepted official reading
𮵇	U+2ED47	no accepted official reading
𮵈	U+2ED48	no accepted official reading
𮵉	U+2ED49	no accepted official reading
𮵊	U+2ED4A	no accepted official reading
𮵋	U+2ED4B	no accepted official reading
𮵌	U+2ED4C	no accepted official reading
𮵍	U+2ED4D	no accepted official reading
𮵏	U+2ED4F	no accepted official reading
𮵐	U+2ED50	no accepted official reading
𮵒	U+2ED52	no accepted official reading
𮵓	U+2ED53	no accepted official reading
𮵔	U+2ED54	no accepted official reading
𮵕	U+2ED55	no accepted official reading
𮵖	U+2ED56	no accepted official reading
𮵗	U+2ED57	no accepted official reading
𮵘	U+2ED58	no accepted official reading
𮵙	U+2ED59	no accepted official reading
𮵚	U+2ED5A	no accepted official reading
𮵛	U+2ED5B	no accepted official reading
𮵜	U+2ED5C	no accepted official reading
𮵝	U+2ED5D	no accepted official reading
𮵞	U+2ED5E	no accepted official reading
𮵟	U+2ED5F	no accepted official reading
𮵡	U+2ED61	no accepted official reading
𮵢	U+2ED62	no accepted official reading
𮵣	U+2ED63	no accepted official reading
𮵤	U+2ED64	no accepted official reading
𮵥	U+2ED65	no accepted official reading
𮵦	U+2ED66	no accepted official reading
𮵧	U+2ED67	no accepted official reading
𮵨	U+2ED68	no accepted official reading
𮵩	U+2ED69	no accepted official reading
𮵪	U+2ED6A	no accepted official reading
𮵺	U+2ED7A	no accepted official reading
𮵻	U+2ED7B	no accepted official reading
𮵼	U+2ED7C	no accepted official reading
𮵽	U+2ED7D	no accepted official reading
𮶀	U+2ED80	no accepted official reading
𮶄	U+2ED84	no accepted official reading
𮶅	U+2ED85	no accepted official reading
𮶆	U+2ED86	no accepted official reading
𮶇	U+2ED87	no accepted official reading
𮶈	U+2ED88	no accepted official reading
𮶉	U+2ED89	no accepted official reading
𮶊	U+2ED8A	no accepted official reading
𮶋	U+2ED8B	no accepted official reading
𮶌	U+2ED8C	no accepted official reading
𮶍	U+2ED8D	no accepted official reading
𮶎	U+2ED8E	no accepted official reading
𮶏	U+2ED8F	no accepted official reading
𮶐	U+2ED90	no accepted official reading
𮶑	U+2ED91	no accepted official reading
𮶒	U+2ED92	no accepted official reading
𮶓	U+2ED93	no accepted official reading
𮶕	U+2ED95	no accepted official reading
𮶖	U+2ED96	no accepted official reading
𮶗	U+2ED97	no accepted official reading
𮶘	U+2ED98	no accepted official reading
𮶚	U+2ED9A	no accepted official reading
𮶛	U+2ED9B	no accepted official reading
𮶜	U+2ED9C	no accepted official reading
𮶝	U+2ED9D	no accepted official reading
𮶞	U+2ED9E	no accepted official reading
𮶟	U+2ED9F	no accepted official reading
𮶠	U+2EDA0	no accepted official reading
𮶡	U+2EDA1	no accepted official reading
𮶢	U+2EDA2	no accepted official reading
𮶣	U+2EDA3	no accepted official reading
𮶤	U+2EDA4	no accepted official reading
𮶥	U+2EDA5	no accepted official reading
𮶦	U+2EDA6	no accepted official reading
𮶧	U+2EDA7	no accepted official reading
𮶨	U+2EDA8	no accepted official reading
𮶩	U+2EDA9	no accepted official reading
𮶪	U+2EDAA	no accepted official reading
𮶫	U+2EDAB	no accepted official reading
𮶭	U+2EDAD	no accepted official reading
𮶮	U+2EDAE	no accepted official reading
𮶯	U+2EDAF	no accepted official reading
𮶱	U+2EDB1	no accepted official reading
𮶲	U+2EDB2	no accepted official reading
𮶳	U+2EDB3	no accepted official reading
𮶵	U+2EDB5	no accepted official reading
𮶶	U+2EDB6	no accepted official reading
𮶷	U+2EDB7	no accepted official reading
𮶸	U+2EDB8	no accepted official reading
𮶹	U+2EDB9	no accepted official reading
𮶺	U+2EDBA	no accepted official reading
𮶻	U+2EDBB	no accepted official reading
𮶼	U+2EDBC	no accepted official reading
𮶽	U+2EDBD	no accepted official reading
𮶾	U+2EDBE	no accepted official reading
𮶿	U+2EDBF	no accepted official reading
𮷀	U+2EDC0	no accepted official reading
𮷁	U+2EDC1	no accepted official reading
𮷂	U+2EDC2	no accepted official reading
𮷃	U+2EDC3	no accepted official reading
𮷄	U+2EDC4	no accepted official reading
𮷆	U+2EDC6	no accepted official reading
𮷉	U+2EDC9	no accepted official reading
𮷋	U+2EDCB	no accepted official reading
𮷌	U+2EDCC	no accepted official reading
𮷎	U+2EDCE	no accepted official reading
𮷏	U+2EDCF	no accepted official reading
𮷐	U+2EDD0	no accepted official reading
𮷑	U+2EDD1	no accepted official reading
𮷒	U+2EDD2	no accepted official reading
𮷓	U+2EDD3	no accepted official reading
𮷔	U+2EDD4	no accepted official reading
𮷕	U+2EDD5	no accepted official reading
𮷖	U+2EDD6	no accepted official reading
𮷘	U+2EDD8	no accepted official reading
𮷙	U+2EDD9	no accepted official reading
𮷜	U+2EDDC	no accepted official reading
𮷞	U+2EDDE	no accepted official reading
𮷟	U+2EDDF	no accepted official reading
𮷠	U+2EDE0	no accepted official reading
𮷡	U+2EDE1	no accepted official reading
𮷢	U+2EDE2	no accepted official reading
𮷤	U+2EDE4	no accepted official reading
𮷥	U+2EDE5	no accepted official reading
𮷦	U+2EDE6	no accepted official reading
𮷧	U+2EDE7	no accepted official reading
𮷩	U+2EDE9	no accepted official reading
𮷪	U+2EDEA	no accepted official reading
𮷫	U+2EDEB	no accepted official reading
𮷬	U+2EDEC	no accepted official reading
𮷭	U+2EDED	no accepted official reading
𮷮	U+2EDEE	no accepted official reading
𮷯	U+2EDEF	no accepted official reading
𮷰	U+2EDF0	no accepted official reading
𮷱	U+2EDF1	no accepted official reading
𮷲	U+2EDF2	no accepted official reading
𮷳	U+2EDF3	no accepted official reading
𮷵	U+2EDF5	no accepted official reading
𮷶	U+2EDF6	no accepted official reading
𮷷	U+2EDF7	no accepted official reading
𮷹	U+2EDF9	no accepted official reading
𮷺	U+2EDFA	no accepted official reading
𮷼	U+2EDFC	no accepted official reading
𮷽	U+2EDFD	no accepted official reading
𮷾	U+2EDFE	no accepted official reading
𮷿	U+2EDFF	no accepted official reading
𮸁	U+2EE01	no accepted official reading
𮸂	U+2EE02	no accepted official reading
𮸃	U+2EE03	no accepted official reading
𮸄	U+2EE04	no accepted official reading
𮸅	U+2EE05	no accepted official reading
𮸆	U+2EE06	no accepted official reading
𮸉	U+2EE09	no accepted official reading
𮸋	U+2EE0B	no accepted official reading
𮸍	U+2EE0D	no accepted official reading
𮸎	U+2EE0E	no accepted official reading
𮸑	U+2EE11	no accepted official reading
𮸒	U+2EE12	no accepted official reading
𮸓	U+2EE13	no accepted official reading
𮸔	U+2EE14	no accepted official reading
𮸘	U+2EE18	no accepted official reading
𮸙	U+2EE19	no accepted official reading
𮸚	U+2EE1A	no accepted official reading
𮸝	U+2EE1D	no accepted official reading
𮸡	U+2EE21	no accepted official reading
𮸢	U+2EE22	no accepted official reading
𮸣	U+2EE23	no accepted official reading
𮸤	U+2EE24	no accepted official reading
𮸨	U+2EE28	no accepted official reading
𮸩	U+2EE29	no accepted official reading
𮸪	U+2EE2A	no accepted official reading
𮸫	U+2EE2B	no accepted official reading
𮸬	U+2EE2C	no accepted official reading
𮸭	U+2EE2D	no accepted official reading
𮸯	U+2EE2F	no accepted official reading
𮸰	U+2EE30	no accepted official reading
𮸱	U+2EE31	no accepted official reading
𮸲	U+2EE32	no accepted official reading
𮸳	U+2EE33	no accepted official reading
𮸴	U+2EE34	no accepted official reading
𮸵	U+2EE35	no accepted official reading
𮸶	U+2EE36	no accepted official reading
𮸷	U+2EE37	no accepted official reading
𮸸	U+2EE38	no accepted official reading
𮸺	U+2EE3A	no accepted official reading
𮸻	U+2EE3B	no accepted official reading
𮸾	U+2EE3E	no accepted official reading
𮸿	U+2EE3F	no accepted official reading
𮹁	U+2EE41	no accepted official reading
𮹃	U+2EE43	no accepted official reading
𮹄	U+2EE44	no accepted official reading
𮹆	U+2EE46	no accepted official reading
𮹈	U+2EE48	no accepted official reading
𮹉	U+2EE49	no accepted official reading
𮹊	U+2EE4A	no accepted official reading
𮹍	U+2EE4D	no accepted official reading
𮹎	U+2EE4E	no accepted official reading
𮹏	U+2EE4F	no accepted official reading
𮹐	U+2EE50	no accepted official reading
𮹑	U+2EE51	no accepted official reading
𮹒	U+2EE52	no accepted official reading
𮹓	U+2EE53	no accepted official reading
𮹕	U+2EE55	no accepted official reading
𮹖	U+2EE56	no accepted official reading
𮹗	U+2EE57	no accepted official reading
𮹚	U+2EE5A	no accepted official reading
𮹛	U+2EE5B	no accepted official reading
𰀀	U+30000	no accepted official reading
𰀁	U+30001	no accepted official reading
𰀂	U+30002	no accepted official reading
𰀃	U+30003	no accepted official reading
𰀄	U+30004	no accepted official reading
𰀅	U+30005	no accepted official reading
𰀆	U+30006	no accepted official reading
𰀇	U+30007	no accepted official reading
𰀈	U+30008	no accepted official reading
𰀉	U+30009	no accepted official reading
𰀋	U+3000B	no accepted official reading
𰀌	U+3000C	no accepted official reading
𰀍	U+3000D	no accepted official reading
𰀎	U+3000E	no accepted official reading
𰀏	U+3000F	no accepted official reading
𰀐	U+30010	no accepted official reading
𰀑	U+30011	no accepted official reading
𰀒	U+30012	no accepted official reading
𰀓	U+30013	no accepted official reading
𰀔	U+30014	no accepted official reading
𰀕	U+30015	no accepted official reading
𰀖	U+30016	no accepted official reading
𰀗	U+30017	no accepted official reading
𰀘	U+30018	no accepted official reading
𰀙	U+30019	no accepted official reading
𰀚	U+3001A	no accepted official reading
𰀛	U+3001B	no accepted official reading
𰀜	U+3001C	no accepted official reading
𰀝	U+3001D	no accepted official reading
𰀞	U+3001E	no accepted official reading
𰀟	U+3001F	no accepted official reading
𰀠	U+30020	no accepted official reading
𰀣	U+30023	no accepted official reading
𰀥	U+30025	no accepted official reading
𰀦	U+30026	no accepted official reading
𰀧	U+30027	no accepted official reading
𰀨	U+30028	no accepted official reading
𰀩	U+30029	no accepted official reading
𰀪	U+3002A	no accepted official reading
𰀬	U+3002C	no accepted official reading
𰀭	U+3002D	no accepted official reading
𰀮	U+3002E	no accepted official reading
𰀯	U+3002F	no accepted official reading
𰀰	U+30030	no accepted official reading
𰀱	U+30031	no accepted official reading
𰀲	U+30032	no accepted official reading
𰀳	U+30033	no accepted official reading
𰀴	U+30034	no accepted official reading
𰀵	U+30035	no accepted official reading
𰀶	U+30036	no accepted official reading
𰀷	U+30037	no accepted official reading
𰀸	U+30038	no accepted official reading
𰀹	U+30039	no accepted official reading
𰀺	U+3003A	no accepted official reading
𰀻	U+3003B	no accepted official reading
𰀼	U+3003C	no accepted official reading
𰀽	U+3003D	no accepted official reading
𰀾	U+3003E	no accepted official reading
𰀿	U+3003F	no accepted official reading
𰁀	U+30040	no accepted official reading
𰁁	U+30041	no accepted official reading
𰁂	U+30042	no accepted official reading
𰁃	U+30043	no accepted official reading
𰁄	U+30044	no accepted official reading
𰁅	U+30045	no accepted official reading
𰁆	U+30046	no accepted official reading
𰁇	U+30047	no accepted official reading
𰁈	U+30048	no accepted official reading
𰁉	U+30049	no accepted official reading
𰁊	U+3004A	no accepted official reading
𰁋	U+3004B	no accepted official reading
𰁌	U+3004C	no accepted official reading
𰁍	U+3004D	no accepted official reading
𰁎	U+3004E	no accepted official reading
𰁏	U+3004F	no accepted official reading
𰁒	U+30052	no accepted official reading
𰁔	U+30054	no accepted official reading
𰁕	U+30055	no accepted official reading
𰁖	U+30056	no accepted official reading
𰁗	U+30057	no accepted official reading
𰁘	U+30058	no accepted official reading
𰁚	U+3005A	no accepted official reading
𰁛	U+3005B	no accepted official reading
𰁝	U+3005D	no accepted official reading
𰁞	U+3005E	no accepted official reading
𰁟	U+3005F	no accepted official reading
𰁠	U+30060	no accepted official reading
𰁡	U+30061	no accepted official reading
𰁢	U+30062	no accepted official reading
𰁣	U+30063	no accepted official reading
𰁤	U+30064	no accepted official reading
𰁥	U+30065	no accepted official reading
𰁦	U+30066	no accepted official reading
𰁨	U+30068	no accepted official reading
𰁩	U+30069	no accepted official reading
𰁪	U+3006A	no accepted official reading
𰁫	U+3006B	no accepted official reading
𰁮	U+3006E	no accepted official reading
𰁯	U+3006F	no accepted official reading
𰁰	U+30070	no accepted official reading
𰁱	U+30071	no accepted official reading
𰁳	U+30073	no accepted official reading
𰁴	U+30074	no accepted official reading
𰁵	U+30075	no accepted official reading
𰁶	U+30076	no accepted official reading
𰁷	U+30077	no accepted official reading
𰁹	U+30079	no accepted official reading
𰁺	U+3007A	no accepted official reading
𰁻	U+3007B	no accepted official reading
𰁼	U+3007C	no accepted official reading
𰁽	U+3007D	no accepted official reading
𰁿	U+3007F	no accepted official reading
𰂀	U+30080	no accepted official reading
𰂁	U+30081	no accepted official reading
𰂂	U+30082	no accepted official reading
𰂃	U+30083	no accepted official reading
𰂄	U+30084	no accepted official reading
𰂅	U+30085	no accepted official reading
𰂇	U+30087	no accepted official reading
𰂈	U+30088	no accepted official reading
𰂌	U+3008C	no accepted official reading
𰂍	U+3008D	no accepted official reading
𰂐	U+30090	no accepted official reading
𰂑	U+30091	no accepted official reading
𰂒	U+30092	no accepted official reading
𰂓	U+30093	no accepted official reading
𰂔	U+30094	no accepted official reading
𰂕	U+30095	no accepted official reading
𰂖	U+30096	no accepted official reading
𰂘	U+30098	no accepted official reading
𰂙	U+30099	no accepted official reading
𰂚	U+3009A	no accepted official reading
𰂛	U+3009B	no accepted official reading
𰂝	U+3009D	no accepted official reading
𰂞	U+3009E	no accepted official reading
𰂟	U+3009F	no accepted official reading
𰂠	U+300A0	no accepted official reading
𰂡	U+300A1	no accepted official reading
𰂣	U+300A3	no accepted official reading
𰂤	U+300A4	no accepted official reading
𰂥	U+300A5	no accepted official reading
𰂨	U+300A8	no accepted official reading
𰂩	U+300A9	no accepted official reading
𰂪	U+300AA	no accepted official reading
𰂫	U+300AB	no accepted official reading
𰂮	U+300AE	no accepted official reading
𰂯	U+300AF	no accepted official reading
𰂰	U+300B0	no accepted official reading
𰂱	U+300B1	no accepted official reading
𰂲	U+300B2	no accepted official reading
𰂳	U+300B3	no accepted official reading
𰂴	U+300B4	no accepted official reading
𰂵	U+300B5	no accepted official reading
𰂶	U+300B6	no accepted official reading
𰂷	U+300B7	no accepted official reading
𰂸	U+300B8	no accepted official reading
𰂹	U+300B9	no accepted official reading
𰂺	U+300BA	no accepted official reading
𰂼	U+300BC	no accepted official reading
𰂽	U+300BD	no accepted official reading
𰂾	U+300BE	no accepted official reading
𰂿	U+300BF	no accepted official reading
𰃀	U+300C0	no accepted official reading
𰃁	U+300C1	no accepted official reading
𰃂	U+300C2	no accepted official reading
𰃃	U+300C3	no accepted official reading
𰃄	U+300C4	no accepted official reading
𰃅	U+300C5	no accepted official reading
𰃇	U+300C7	no accepted official reading
𰃈	U+300C8	no accepted official reading
𰃉	U+300C9	no accepted official reading
𰃊	U+300CA	no accepted official reading
𰃋	U+300CB	no accepted official reading
𰃌	U+300CC	no accepted official reading
𰃍	U+300CD	no accepted official reading
𰃎	U+300CE	no accepted official reading
𰃏	U+300CF	no accepted official reading
𰃐	U+300D0	no accepted official reading
𰃑	U+300D1	no accepted official reading
𰃒	U+300D2	no accepted official reading
𰃓	U+300D3	no accepted official reading
𰃔	U+300D4	no accepted official reading
𰃕	U+300D5	no accepted official reading
𰃖	U+300D6	no accepted official reading
𰃗	U+300D7	no accepted official reading
𰃘	U+300D8	no accepted official reading
𰃙	U+300D9	no accepted official reading
𰃚	U+300DA	no accepted official reading
𰃛	U+300DB	no accepted official reading
𰃜	U+300DC	no accepted official reading
𰃝	U+300DD	no accepted official reading
𰃞	U+300DE	no accepted official reading
𰃟	U+300DF	no accepted official reading
𰃠	U+300E0	no accepted official reading
𰃡	U+300E1	no accepted official reading
𰃢	U+300E2	no accepted official reading
𰃣	U+300E3	no accepted official reading
𰃥	U+300E5	no accepted official reading
𰃦	U+300E6	no accepted official reading
𰃧	U+300E7	no accepted official reading
𰃨	U+300E8	no accepted official reading
𰃩	U+300E9	no accepted official reading
𰃪	U+300EA	no accepted official reading
𰃫	U+300EB	no accepted official reading
𰃬	U+300EC	no accepted official reading
𰃭	U+300ED	no accepted official reading
𰃯	U+300EF	no accepted official reading
𰃰	U+300F0	no accepted official reading
𰃱	U+300F1	no accepted official reading
𰃲	U+300F2	no accepted official reading
𰃳	U+300F3	no accepted official reading
𰃴	U+300F4	no accepted official reading
𰃵	U+300F5	no accepted official reading
𰃶	U+300F6	no accepted official reading
𰃸	U+300F8	no accepted official reading
𰃹	U+300F9	no accepted official reading
𰃺	U+300FA	no accepted official reading
𰃼	U+300FC	no accepted official reading
𰃽	U+300FD	no accepted official reading
𰃾	U+300FE	no accepted official reading
𰄀	U+30100	no accepted official reading
𰄂	U+30102	no accepted official reading
𰄃	U+30103	no accepted official reading
𰄄	U+30104	no accepted official reading
𰄅	U+30105	no accepted official reading
𰄆	U+30106	no accepted official reading
𰄇	U+30107	no accepted official reading
𰄈	U+30108	no accepted official reading
𰄉	U+30109	no accepted official reading
𰄊	U+3010A	no accepted official reading
𰄋	U+3010B	no accepted official reading
𰄌	U+3010C	no accepted official reading
𰄍	U+3010D	no accepted official reading
𰄎	U+3010E	no accepted official reading
𰄏	U+3010F	no accepted official reading
𰄐	U+30110	no accepted official reading
𰄑	U+30111	no accepted official reading
𰄒	U+30112	no accepted official reading
𰄓	U+30113	no accepted official reading
𰄔	U+30114	no accepted official reading
𰄕	U+30115	no accepted official reading
𰄖	U+30116	no accepted official reading
𰄗	U+30117	no accepted official reading
𰄘	U+30118	no accepted official reading
𰄙	U+30119	no accepted official reading
𰄚	U+3011A	no accepted official reading
𰄛	U+3011B	no accepted official reading
𰄜	U+3011C	no accepted official reading
𰄝	U+3011D	no accepted official reading
𰄟	U+3011F	no accepted official reading
𰄠	U+30120	no accepted official reading
𰄡	U+30121	no accepted official reading
𰄢	U+30122	no accepted official reading
𰄣	U+30123	no accepted official reading
𰄤	U+30124	no accepted official reading
𰄥	U+30125	no accepted official reading
𰄦	U+30126	no accepted official reading
𰄧	U+30127	no accepted official reading
𰄨	U+30128	no accepted official reading
𰄩	U+30129	no accepted official reading
𰄪	U+3012A	no accepted official reading
𰄫	U+3012B	no accepted official reading
𰄬	U+3012C	no accepted official reading
𰄭	U+3012D	no accepted official reading
𰄮	U+3012E	no accepted official reading
𰄯	U+3012F	no accepted official reading
𰄰	U+30130	no accepted official reading
𰄱	U+30131	no accepted official reading
𰄲	U+30132	no accepted official reading
𰄳	U+30133	no accepted official reading
𰄴	U+30134	no accepted official reading
𰄵	U+30135	no accepted official reading
𰄶	U+30136	no accepted official reading
𰄷	U+30137	no accepted official reading
𰄸	U+30138	no accepted official reading
𰄹	U+30139	no accepted official reading
𰄺	U+3013A	no accepted official reading
𰄻	U+3013B	no accepted official reading
𰄼	U+3013C	no accepted official reading
𰄽	U+3013D	no accepted official reading
𰄿	U+3013F	no accepted official reading
𰅀	U+30140	no accepted official reading
𰅁	U+30141	no accepted official reading
𰅂	U+30142	no accepted official reading
𰅃	U+30143	no accepted official reading
𰅄	U+30144	no accepted official reading
𰅅	U+30145	no accepted official reading
𰅆	U+30146	no accepted official reading
𰅇	U+30147	no accepted official reading
𰅈	U+30148	no accepted official reading
𰅉	U+30149	no accepted official reading
𰅊	U+3014A	no accepted official reading
𰅋	U+3014B	no accepted official reading
𰅌	U+3014C	no accepted official reading
𰅍	U+3014D	no accepted official reading
𰅎	U+3014E	no accepted official reading
𰅏	U+3014F	no accepted official reading
𰅐	U+30150	no accepted official reading
𰅑	U+30151	no accepted official reading
𰅒	U+30152	no accepted official reading
𰅓	U+30153	no accepted official reading
𰅕	U+30155	no accepted official reading
𰅖	U+30156	no accepted official reading
𰅗	U+30157	no accepted official reading
𰅘	U+30158	no accepted official reading
𰅙	U+30159	no accepted official reading
𰅚	U+3015A	no accepted official reading
𰅛	U+3015B	no accepted official reading
𰅜	U+3015C	no accepted official reading
𰅝	U+3015D	no accepted official reading
𰅞	U+3015E	no accepted official reading
𰅟	U+3015F	no accepted official reading
𰅠	U+30160	no accepted official reading
𰅡	U+30161	no accepted official reading
𰅢	U+30162	no accepted official reading
𰅣	U+30163	no accepted official reading
𰅤	U+30164	no accepted official reading
𰅧	U+30167	no accepted official reading
𰅨	U+30168	no accepted official reading
𰅩	U+30169	no accepted official reading
𰅪	U+3016A	no accepted official reading
𰅫	U+3016B	no accepted official reading
𰅬	U+3016C	no accepted official reading
𰅭	U+3016D	no accepted official reading
𰅮	U+3016E	no accepted official reading
𰅰	U+30170	no accepted official reading
𰅱	U+30171	no accepted official reading
𰅲	U+30172	no accepted official reading
𰅳	U+30173	no accepted official reading
𰅶	U+30176	no accepted official reading
𰅷	U+30177	no accepted official reading
𰅸	U+30178	no accepted official reading
𰅺	U+3017A	no accepted official reading
𰅼	U+3017C	no accepted official reading
𰅽	U+3017D	no accepted official reading
𰅾	U+3017E	no accepted official reading
𰅿	U+3017F	no accepted official reading
𰆀	U+30180	no accepted official reading
𰆁	U+30181	no accepted official reading
𰆂	U+30182	no accepted official reading
𰆃	U+30183	no accepted official reading
𰆄	U+30184	no accepted official reading
𰆅	U+30185	no accepted official reading
𰆆	U+30186	no accepted official reading
𰆇	U+30187	no accepted official reading
𰆈	U+30188	no accepted official reading
𰆉	U+30189	no accepted official reading
𰆊	U+3018A	no accepted official reading
𰆋	U+3018B	no accepted official reading
𰆍	U+3018D	no accepted official reading
𰆎	U+3018E	no accepted official reading
𰆔	U+30194	no accepted official reading
𰆖	U+30196	no accepted official reading
𰆗	U+30197	no accepted official reading
𰆘	U+30198	no accepted official reading
𰆙	U+30199	no accepted official reading
𰆛	U+3019B	no accepted official reading
𰆜	U+3019C	no accepted official reading
𰆝	U+3019D	no accepted official reading
𰆞	U+3019E	no accepted official reading
𰆟	U+3019F	no accepted official reading
𰆠	U+301A0	no accepted official reading
𰆡	U+301A1	no accepted official reading
𰆢	U+301A2	no accepted official reading
𰆣	U+301A3	no accepted official reading
𰆤	U+301A4	no accepted official reading
𰆥	U+301A5	no accepted official reading
𰆦	U+301A6	no accepted official reading
𰆨	U+301A8	no accepted official reading
𰆩	U+301A9	no accepted official reading
𰆫	U+301AB	no accepted official reading
𰆬	U+301AC	no accepted official reading
𰆭	U+301AD	no accepted official reading
𰆮	U+301AE	no accepted official reading
𰆯	U+301AF	no accepted official reading
𰆰	U+301B0	no accepted official reading
𰆱	U+301B1	no accepted official reading
𰆳	U+301B3	no accepted official reading
𰆴	U+301B4	no accepted official reading
𰆵	U+301B5	no accepted official reading
𰆷	U+301B7	no accepted official reading
𰆸	U+301B8	no accepted official reading
𰆹	U+301B9	no accepted official reading
𰆺	U+301BA	no accepted official reading
𰆻	U+301BB	no accepted official reading
𰆼	U+301BC	no accepted official reading
𰆽	U+301BD	no accepted official reading
𰆾	U+301BE	no accepted official reading
𰆿	U+301BF	no accepted official reading
𰇁	U+301C1	no accepted official reading
𰇂	U+301C2	no accepted official reading
𰇃	U+301C3	no accepted official reading
𰇄	U+301C4	no accepted official reading
𰇅	U+301C5	no accepted official reading
𰇆	U+301C6	no accepted official reading
𰇇	U+301C7	no accepted official reading
𰇈	U+301C8	no accepted official reading
𰇉	U+301C9	no accepted official reading
𰇊	U+301CA	no accepted official reading
𰇋	U+301CB	no accepted official reading
𰇌	U+301CC	no accepted official reading
𰇍	U+301CD	no accepted official reading
𰇏	U+301CF	no accepted official reading
𰇐	U+301D0	no accepted official reading
𰇑	U+301D1	no accepted official reading
𰇒	U+301D2	no accepted official reading
𰇓	U+301D3	no accepted official reading
𰇔	U+301D4	no accepted official reading
𰇗	U+301D7	no accepted official reading
𰇙	U+301D9	no accepted official reading
𰇚	U+301DA	no accepted official reading
𰇛	U+301DB	no accepted official reading
𰇜	U+301DC	no accepted official reading
𰇝	U+301DD	no accepted official reading
𰇞	U+301DE	no accepted official reading
𰇟	U+301DF	no accepted official reading
𰇠	U+301E0	no accepted official reading
𰇢	U+301E2	no accepted official reading
𰇤	U+301E4	no accepted official reading
𰇥	U+301E5	no accepted official reading
𰇦	U+301E6	no accepted official reading
𰇧	U+301E7	no accepted official reading
𰇨	U+301E8	no accepted official reading
𰇩	U+301E9	no accepted official reading
𰇪	U+301EA	no accepted official reading
𰇫	U+301EB	no accepted official reading
𰇬	U+301EC	no accepted official reading
𰇭	U+301ED	no accepted official reading
𰇮	U+301EE	no accepted official reading
𰇯	U+301EF	no accepted official reading
𰇱	U+301F1	no accepted official reading
𰇳	U+301F3	no accepted official reading
𰇴	U+301F4	no accepted official reading
𰇵	U+301F5	no accepted official reading
𰇶	U+301F6	no accepted official reading
𰇷	U+301F7	no accepted official reading
𰇸	U+301F8	no accepted official reading
𰇹	U+301F9	no accepted official reading
𰇺	U+301FA	no accepted official reading
𰇻	U+301FB	no accepted official reading
𰇽	U+301FD	no accepted official reading
𰇾	U+301FE	no accepted official reading
𰇿	U+301FF	no accepted official reading
𰈀	U+30200	no accepted official reading
𰈁	U+30201	no accepted official reading
𰈂	U+30202	no accepted official reading
𰈃	U+30203	no accepted official reading
𰈄	U+30204	no accepted official reading
𰈅	U+30205	no accepted official reading
𰈈	U+30208	no accepted official reading
𰈉	U+30209	no accepted official reading
𰈋	U+3020B	no accepted official reading
𰈌	U+3020C	no accepted official reading
𰈏	U+3020F	no accepted official reading
𰈐	U+30210	no accepted official reading
𰈑	U+30211	no accepted official reading
𰈒	U+30212	no accepted official reading
𰈔	U+30214	no accepted official reading
𰈕	U+30215	no accepted official reading
𰈖	U+30216	no accepted official reading
𰈗	U+30217	no accepted official reading
𰈘	U+30218	no accepted official reading
𰈙	U+30219	no accepted official reading
𰈚	U+3021A	no accepted official reading
𰈛	U+3021B	no accepted official reading
𰈜	U+3021C	no accepted official reading
𰈝	U+3021D	no accepted official reading
𰈞	U+3021E	no accepted official reading
𰈟	U+3021F	no accepted official reading
𰈠	U+30220	no accepted official reading
𰈡	U+30221	no accepted official reading
𰈢	U+30222	no accepted official reading
𰈣	U+30223	no accepted official reading
𰈤	U+30224	no accepted official reading
𰈥	U+30225	no accepted official reading
𰈦	U+30226	no accepted official reading
𰈧	U+30227	no accepted official reading
𰈨	U+30228	no accepted official reading
𰈩	U+30229	no accepted official reading
𰈪	U+3022A	no accepted official reading
𰈫	U+3022B	no accepted official reading
𰈬	U+3022C	no accepted official reading
𰈮	U+3022E	no accepted official reading
𰈰	U+30230	no accepted official reading
𰈱	U+30231	no accepted official reading
𰈲	U+30232	no accepted official reading
𰈴	U+30234	no accepted official reading
𰈵	U+30235	no accepted official reading
𰈷	U+30237	no accepted official reading
𰈸	U+30238	no accepted official reading
𰈹	U+30239	no accepted official reading
𰈺	U+3023A	no accepted official reading
𰈻	U+3023B	no accepted official reading
𰈼	U+3023C	no accepted official reading
𰈽	U+3023D	no accepted official reading
𰈿	U+3023F	no accepted official reading
𰉀	U+30240	no accepted official reading
𰉂	U+30242	no accepted official reading
𰉃	U+30243	no accepted official reading
𰉅	U+30245	no accepted official reading
𰉆	U+30246	no accepted official reading
𰉇	U+30247	no accepted official reading
𰉈	U+30248	no accepted official reading
𰉉	U+30249	no accepted official reading
𰉊	U+3024A	no accepted official reading
𰉋	U+3024B	no accepted official reading
𰉌	U+3024C	no accepted official reading
𰉍	U+3024D	no accepted official reading
𰉎	U+3024E	no accepted official reading
𰉏	U+3024F	no accepted official reading
𰉐	U+30250	no accepted official reading
𰉑	U+30251	no accepted official reading
𰉒	U+30252	no accepted official reading
𰉓	U+30253	no accepted official reading
𰉔	U+30254	no accepted official reading
𰉕	U+30255	no accepted official reading
𰉖	U+30256	no accepted official reading
𰉗	U+30257	no accepted official reading
𰉛	U+3025B	no accepted official reading
𰉜	U+3025C	no accepted official reading
𰉝	U+3025D	no accepted official reading
𰉞	U+3025E	no accepted official reading
𰉟	U+3025F	no accepted official reading
𰉠	U+30260	no accepted official reading
𰉡	U+30261	no accepted official reading
𰉢	U+30262	no accepted official reading
𰉤	U+30264	no accepted official reading
𰉦	U+30266	no accepted official reading
𰉧	U+30267	no accepted official reading
𰉫	U+3026B	no accepted official reading
𰉬	U+3026C	no accepted official reading
𰉭	U+3026D	no accepted official reading
𰉮	U+3026E	no accepted official reading
𰉯	U+3026F	no accepted official reading
𰉲	U+30272	no accepted official reading
𰉳	U+30273	no accepted official reading
𰉴	U+30274	no accepted official reading
𰉵	U+30275	no accepted official reading
𰉶	U+30276	no accepted official reading
𰉷	U+30277	no accepted official reading
𰉸	U+30278	no accepted official reading
𰉹	U+30279	no accepted official reading
𰉺	U+3027A	no accepted official reading
𰉻	U+3027B	no accepted official reading
𰉼	U+3027C	no accepted official reading
𰉾	U+3027E	no accepted official reading
𰊀	U+30280	no accepted official reading
𰊁	U+30281	no accepted official reading
𰊃	U+30283	no accepted official reading
𰊄	U+30284	no accepted official reading
𰊆	U+30286	no accepted official reading
𰊇	U+30287	no accepted official reading
𰊊	U+3028A	no accepted official reading
𰊍	U+3028D	no accepted official reading
𰊎	U+3028E	no accepted official reading
𰊏	U+3028F	no accepted official reading
𰊐	U+30290	no accepted official reading
𰊓	U+30293	no accepted official reading
𰊔	U+30294	no accepted official reading
𰊕	U+30295	no accepted official reading
𰊖	U+30296	no accepted official reading
𰊗	U+30297	no accepted official reading
𰊘	U+30298	no accepted official reading
𰊙	U+30299	no accepted official reading
𰊚	U+3029A	no accepted official reading
𰊜	U+3029C	no accepted official reading
𰊞	U+3029E	no accepted official reading
𰊠	U+302A0	no accepted official reading
𰊣	U+302A3	no accepted official reading
𰊤	U+302A4	no accepted official reading
𰊥	U+302A5	no accepted official reading
𰊦	U+302A6	no accepted official reading
𰊧	U+302A7	no accepted official reading
𰊨	U+302A8	no accepted official reading
𰊩	U+302A9	no accepted official reading
𰊪	U+302AA	no accepted official reading
𰊫	U+302AB	no accepted official reading
𰊬	U+302AC	no accepted official reading
𰊭	U+302AD	no accepted official reading
𰊮	U+302AE	no accepted official reading
𰊯	U+302AF	no accepted official reading
𰊰	U+302B0	no accepted official reading
𰊱	U+302B1	no accepted official reading
𰊲	U+302B2	no accepted official reading
𰊳	U+302B3	no accepted official reading
𰊴	U+302B4	no accepted official reading
𰊵	U+302B5	no accepted official reading
𰊶	U+302B6	no accepted official reading
𰊷	U+302B7	no accepted official reading
𰊸	U+302B8	no accepted official reading
𰊹	U+302B9	no accepted official reading
𰊺	U+302BA	no accepted official reading
𰊻	U+302BB	no accepted official reading
𰊼	U+302BC	no accepted official reading
𰊽	U+302BD	no accepted official reading
𰊿	U+302BF	no accepted official reading
𰋀	U+302C0	no accepted official reading
𰋁	U+302C1	no accepted official reading
𰋂	U+302C2	no accepted official reading
𰋃	U+302C3	no accepted official reading
𰋄	U+302C4	no accepted official reading
𰋅	U+302C5	no accepted official reading
𰋆	U+302C6	no accepted official reading
𰋇	U+302C7	no accepted official reading
𰋉	U+302C9	no accepted official reading
𰋊	U+302CA	no accepted official reading
𰋋	U+302CB	no accepted official reading
𰋌	U+302CC	no accepted official reading
𰋍	U+302CD	no accepted official reading
𰋎	U+302CE	no accepted official reading
𰋏	U+302CF	no accepted official reading
𰋐	U+302D0	no accepted official reading
𰋑	U+302D1	no accepted official reading
𰋓	U+302D3	no accepted official reading
𰋔	U+302D4	no accepted official reading
𰋕	U+302D5	no accepted official reading
𰋗	U+302D7	no accepted official reading
𰋘	U+302D8	no accepted official reading
𰋙	U+302D9	no accepted official reading
𰋚	U+302DA	no accepted official reading
𰋛	U+302DB	no accepted official reading
𰋜	U+302DC	no accepted official reading
𰋝	U+302DD	no accepted official reading
𰋞	U+302DE	no accepted official reading
𰋟	U+302DF	no accepted official reading
𰋠	U+302E0	no accepted official reading
𰋡	U+302E1	no accepted official reading
𰋢	U+302E2	no accepted official reading
𰋣	U+302E3	no accepted official reading
𰋦	U+302E6	no accepted official reading
𰋧	U+302E7	no accepted official reading
𰋨	U+302E8	no accepted official reading
𰋪	U+302EA	no accepted official reading
𰋫	U+302EB	no accepted official reading
𰋬	U+302EC	no accepted official reading
𰋭	U+302ED	no accepted official reading
𰋮	U+302EE	no accepted official reading
𰋯	U+302EF	no accepted official reading
𰋰	U+302F0	no accepted official reading
𰋱	U+302F1	no accepted official reading
𰋳	U+302F3	no accepted official reading
𰋴	U+302F4	no accepted official reading
𰋵	U+302F5	no accepted official reading
𰋶	U+302F6	no accepted official reading
𰋺	U+302FA	no accepted official reading
𰋼	U+302FC	no accepted official reading
𰋿	U+302FF	no accepted official reading
𰌃	U+30303	no accepted official reading
𰌄	U+30304	no accepted official reading
𰌅	U+30305	no accepted official reading
𰌈	U+30308	no accepted official reading
𰌊	U+3030A	no accepted official reading
𰌋	U+3030B	no accepted official reading
𰌌	U+3030C	no accepted official reading
𰌍	U+3030D	no accepted official reading
𰌎	U+3030E	no accepted official reading
𰌐	U+30310	no accepted official reading
𰌑	U+30311	no accepted official reading
𰌒	U+30312	no accepted official reading
𰌓	U+30313	no accepted official reading
𰌔	U+30314	no accepted official reading
𰌕	U+30315	no accepted official reading
𰌖	U+30316	no accepted official reading
𰌗	U+30317	no accepted official reading
𰌘	U+30318	no accepted official reading
𰌛	U+3031B	no accepted official reading
𰌜	U+3031C	no accepted official reading
𰌝	U+3031D	no accepted official reading
𰌞	U+3031E	no accepted official reading
𰌟	U+3031F	no accepted official reading
𰌠	U+30320	no accepted official reading
𰌡	U+30321	no accepted official reading
𰌢	U+30322	no accepted official reading
𰌣	U+30323	no accepted official reading
𰌤	U+30324	no accepted official reading
𰌥	U+30325	no accepted official reading
𰌧	U+30327	no accepted official reading
𰌨	U+30328	no accepted official reading
𰌩	U+30329	no accepted official reading
𰌪	U+3032A	no accepted official reading
𰌫	U+3032B	no accepted official reading
𰌬	U+3032C	no accepted official reading
𰌭	U+3032D	no accepted official reading
𰌮	U+3032E	no accepted official reading
𰌯	U+3032F	no accepted official reading
𰌰	U+30330	no accepted official reading
𰌲	U+30332	no accepted official reading
𰌳	U+30333	no accepted official reading
𰌴	U+30334	no accepted official reading
𰌵	U+30335	no accepted official reading
𰌶	U+30336	no accepted official reading
𰌸	U+30338	no accepted official reading
𰌹	U+30339	no accepted official reading
𰌺	U+3033A	no accepted official reading
𰌻	U+3033B	no accepted official reading
𰌼	U+3033C	no accepted official reading
𰌽	U+3033D	no accepted official reading
𰌿	U+3033F	no accepted official reading
𰍀	U+30340	no accepted official reading
𰍁	U+30341	no accepted official reading
𰍂	U+30342	no accepted official reading
𰍃	U+30343	no accepted official reading
𰍄	U+30344	no accepted official reading
𰍅	U+30345	no accepted official reading
𰍆	U+30346	no accepted official reading
𰍇	U+30347	no accepted official reading
𰍈	U+30348	no accepted official reading
𰍉	U+30349	no accepted official reading
𰍊	U+3034A	no accepted official reading
𰍋	U+3034B	no accepted official reading
𰍌	U+3034C	no accepted official reading
𰍍	U+3034D	no accepted official reading
𰍏	U+3034F	no accepted official reading
𰍐	U+30350	no accepted official reading
𰍑	U+30351	no accepted official reading
𰍒	U+30352	no accepted official reading
𰍓	U+30353	no accepted official reading
𰍔	U+30354	no accepted official reading
𰍕	U+30355	no accepted official reading
𰍗	U+30357	no accepted official reading
𰍚	U+3035A	no accepted official reading
𰍛	U+3035B	no accepted official reading
𰍜	U+3035C	no accepted official reading
𰍞	U+3035E	no accepted official reading
𰍟	U+3035F	no accepted official reading
𰍠	U+30360	no accepted official reading
𰍡	U+30361	no accepted official reading
𰍢	U+30362	no accepted official reading
𰍣	U+30363	no accepted official reading
𰍤	U+30364	no accepted official reading
𰍥	U+30365	no accepted official reading
𰍦	U+30366	no accepted official reading
𰍧	U+30367	no accepted official reading
𰍨	U+30368	no accepted official reading
𰍩	U+30369	no accepted official reading
𰍪	U+3036A	no accepted official reading
𰍫	U+3036B	no accepted official reading
𰍬	U+3036C	no accepted official reading
𰍭	U+3036D	no accepted official reading
𰍮	U+3036E	no accepted official reading
𰍯	U+3036F	no accepted official reading
𰍰	U+30370	no accepted official reading
𰍱	U+30371	no accepted official reading
𰍲	U+30372	no accepted official reading
𰍳	U+30373	no accepted official reading
𰍴	U+30374	no accepted official reading
𰍵	U+30375	no accepted official reading
𰍶	U+30376	no accepted official reading
𰍷	U+30377	no accepted official reading
𰍸	U+30378	no accepted official reading
𰍹	U+30379	no accepted official reading
𰍺	U+3037A	no accepted official reading
𰍻	U+3037B	no accepted official reading
𰍼	U+3037C	no accepted official reading
𰍽	U+3037D	no accepted official reading
𰍾	U+3037E	no accepted official reading
𰎀	U+30380	no accepted official reading
𰎁	U+30381	no accepted official reading
𰎂	U+30382	no accepted official reading
𰎃	U+30383	no accepted official reading
𰎄	U+30384	no accepted official reading
𰎅	U+30385	no accepted official reading
𰎆	U+30386	no accepted official reading
𰎇	U+30387	no accepted official reading
𰎈	U+30388	no accepted official reading
𰎉	U+30389	no accepted official reading
𰎊	U+3038A	no accepted official reading
𰎋	U+3038B	no accepted official reading
𰎍	U+3038D	no accepted official reading
𰎒	U+30392	no accepted official reading
𰎓	U+30393	no accepted official reading
𰎕	U+30395	no accepted official reading
𰎗	U+30397	no accepted official reading
𰎘	U+30398	no accepted official reading
𰎙	U+30399	no accepted official reading
𰎚	U+3039A	no accepted official reading
𰎜	U+3039C	no accepted official reading
𰎝	U+3039D	no accepted official reading
𰎟	U+3039F	no accepted official reading
𰎣	U+303A3	no accepted official reading
𰎥	U+303A5	no accepted official reading
𰎦	U+303A6	no accepted official reading
𰎧	U+303A7	no accepted official reading
𰎨	U+303A8	no accepted official reading
𰎩	U+303A9	no accepted official reading
𰎪	U+303AA	no accepted official reading
𰎬	U+303AC	no accepted official reading
𰎭	U+303AD	no accepted official reading
𰎰	U+303B0	no accepted official reading
𰎱	U+303B1	no accepted official reading
𰎲	U+303B2	no accepted official reading
𰎳	U+303B3	no accepted official reading
𰎴	U+303B4	no accepted official reading
𰎵	U+303B5	no accepted official reading
𰎶	U+303B6	no accepted official reading
𰎸	U+303B8	no accepted official reading
𰎺	U+303BA	no accepted official reading
𰎻	U+303BB	no accepted official reading
𰎼	U+303BC	no accepted official reading
𰎽	U+303BD	no accepted official reading
𰎾	U+303BE	no accepted official reading
𰎿	U+303BF	no accepted official reading
𰏀	U+303C0	no accepted official reading
𰏂	U+303C2	no accepted official reading
𰏃	U+303C3	no accepted official reading
𰏄	U+303C4	no accepted official reading
𰏅	U+303C5	no accepted official reading
𰏆	U+303C6	no accepted official reading
𰏇	U+303C7	no accepted official reading
𰏈	U+303C8	no accepted official reading
𰏉	U+303C9	no accepted official reading
𰏊	U+303CA	no accepted official reading
𰏋	U+303CB	no accepted official reading
𰏌	U+303CC	no accepted official reading
𰏍	U+303CD	no accepted official reading
𰏎	U+303CE	no accepted official reading
𰏏	U+303CF	no accepted official reading
𰏐	U+303D0	no accepted official reading
𰏑	U+303D1	no accepted official reading
𰏒	U+303D2	no accepted official reading
𰏔	U+303D4	no accepted official reading
𰏖	U+303D6	no accepted official reading
𰏗	U+303D7	no accepted official reading
𰏙	U+303D9	no accepted official reading
𰏚	U+303DA	no accepted official reading
𰏛	U+303DB	no accepted official reading
𰏝	U+303DD	no accepted official reading
𰏞	U+303DE	no accepted official reading
𰏠	U+303E0	no accepted official reading
𰏡	U+303E1	no accepted official reading
𰏢	U+303E2	no accepted official reading
𰏣	U+303E3	no accepted official reading
𰏤	U+303E4	no accepted official reading
𰏥	U+303E5	no accepted official reading
𰏦	U+303E6	no accepted official reading
𰏧	U+303E7	no accepted official reading
𰏨	U+303E8	no accepted official reading
𰏩	U+303E9	no accepted official reading
𰏪	U+303EA	no accepted official reading
𰏫	U+303EB	no accepted official reading
𰏬	U+303EC	no accepted official reading
𰏭	U+303ED	no accepted official reading
𰏮	U+303EE	no accepted official reading
𰏯	U+303EF	no accepted official reading
𰏰	U+303F0	no accepted official reading
𰏱	U+303F1	no accepted official reading
𰏳	U+303F3	no accepted official reading
𰏴	U+303F4	no accepted official reading
𰏵	U+303F5	no accepted official reading
𰏸	U+303F8	no accepted official reading
𰏹	U+303F9	no accepted official reading
𰏺	U+303FA	no accepted official reading
𰏻	U+303FB	no accepted official reading
𰏽	U+303FD	no accepted official reading
𰏾	U+303FE	no accepted official reading
𰏿	U+303FF	no accepted official reading
𰐀	U+30400	no accepted official reading
𰐁	U+30401	no accepted official reading
𰐂	U+30402	no accepted official reading
𰐄	U+30404	no accepted official reading
𰐅	U+30405	no accepted official reading
𰐆	U+30406	no accepted official reading
𰐇	U+30407	no accepted official reading
𰐈	U+30408	no accepted official reading
𰐉	U+30409	no accepted official reading
𰐊	U+3040A	no accepted official reading
𰐋	U+3040B	no accepted official reading
𰐌	U+3040C	no accepted official reading
𰐍	U+3040D	no accepted official reading
𰐎	U+3040E	no accepted official reading
𰐏	U+3040F	no accepted official reading
𰐐	U+30410	no accepted official reading
𰐑	U+30411	no accepted official reading
𰐒	U+30412	no accepted official reading
𰐓	U+30413	no accepted official reading
𰐔	U+30414	no accepted official reading
𰐕	U+30415	no accepted official reading
𰐖	U+30416	no accepted official reading
𰐗	U+30417	no accepted official reading
𰐘	U+30418	no accepted official reading
𰐙	U+30419	no accepted official reading
𰐚	U+3041A	no accepted official reading
𰐜	U+3041C	no accepted official reading
𰐝	U+3041D	no accepted official reading
𰐞	U+3041E	no accepted official reading
𰐟	U+3041F	no accepted official reading
𰐠	U+30420	no accepted official reading
𰐡	U+30421	no accepted official reading
𰐢	U+30422	no accepted official reading
𰐣	U+30423	no accepted official reading
𰐤	U+30424	no accepted official reading
𰐥	U+30425	no accepted official reading
𰐦	U+30426	no accepted official reading
𰐧	U+30427	no accepted official reading
𰐨	U+30428	no accepted official reading
𰐩	U+30429	no accepted official reading
𰐪	U+3042A	no accepted official reading
𰐫	U+3042B	no accepted official reading
𰐬	U+3042C	no accepted official reading
𰐭	U+3042D	no accepted official reading
𰐯	U+3042F	no accepted official reading
𰐰	U+30430	no accepted official reading
𰐱	U+30431	no accepted official reading
𰐲	U+30432	no accepted official reading
𰐳	U+30433	no accepted official reading
𰐴	U+30434	no accepted official reading
𰐵	U+30435	no accepted official reading
𰐶	U+30436	no accepted official reading
𰐷	U+30437	no accepted official reading
𰐸	U+30438	no accepted official reading
𰐹	U+30439	no accepted official reading
𰐺	U+3043A	no accepted official reading
𰐻	U+3043B	no accepted official reading
𰐼	U+3043C	no accepted official reading
𰐽	U+3043D	no accepted official reading
𰐿	U+3043F	no accepted official reading
𰑀	U+30440	no accepted official reading
𰑂	U+30442	no accepted official reading
𰑃	U+30443	no accepted official reading
𰑅	U+30445	no accepted official reading
𰑆	U+30446	no accepted official reading
𰑇	U+30447	no accepted official reading
𰑈	U+30448	no accepted official reading
𰑉	U+30449	no accepted official reading
𰑋	U+3044B	no accepted official reading
𰑍	U+3044D	no accepted official reading
𰑎	U+3044E	no accepted official reading
𰑏	U+3044F	no accepted official reading
𰑐	U+30450	no accepted official reading
𰑑	U+30451	no accepted official reading
𰑒	U+30452	no accepted official reading
𰑓	U+30453	no accepted official reading
𰑖	U+30456	no accepted official reading
𰑗	U+30457	no accepted official reading
𰑘	U+30458	no accepted official reading
𰑚	U+3045A	no accepted official reading
𰑛	U+3045B	no accepted official reading
𰑜	U+3045C	no accepted official reading
𰑞	U+3045E	no accepted official reading
𰑠	U+30460	no accepted official reading
𰑡	U+30461	no accepted official reading
𰑢	U+30462	no accepted official reading
𰑣	U+30463	no accepted official reading
𰑤	U+30464	no accepted official reading
𰑦	U+30466	no accepted official reading
𰑨	U+30468	no accepted official reading
𰑩	U+30469	no accepted official reading
𰑭	U+3046D	no accepted official reading
𰑮	U+3046E	no accepted official reading
𰑰	U+30470	no accepted official reading
𰑱	U+30471	no accepted official reading
𰑲	U+30472	no accepted official reading
𰑳	U+30473	no accepted official reading
𰑴	U+30474	no accepted official reading
𰑶	U+30476	no accepted official reading
𰑷	U+30477	no accepted official reading
𰑹	U+30479	no accepted official reading
𰑺	U+3047A	no accepted official reading
𰑻	U+3047B	no accepted official reading
𰑽	U+3047D	no accepted official reading
𰑾	U+3047E	no accepted official reading
𰒀	U+30480	no accepted official reading
𰒁	U+30481	no accepted official reading
𰒂	U+30482	no accepted official reading
𰒃	U+30483	no accepted official reading
𰒄	U+30484	no accepted official reading
𰒅	U+30485	no accepted official reading
𰒈	U+30488	no accepted official reading
𰒉	U+30489	no accepted official reading
𰒊	U+3048A	no accepted official reading
𰒋	U+3048B	no accepted official reading
𰒌	U+3048C	no accepted official reading
𰒍	U+3048D	no accepted official reading
𰒎	U+3048E	no accepted official reading
𰒏	U+3048F	no accepted official reading
𰒐	U+30490	no accepted official reading
𰒓	U+30493	no accepted official reading
𰒔	U+30494	no accepted official reading
𰒕	U+30495	no accepted official reading
𰒗	U+30497	no accepted official reading
𰒘	U+30498	no accepted official reading
𰒙	U+30499	no accepted official reading
𰒚	U+3049A	no accepted official reading
𰒛	U+3049B	no accepted official reading
𰒜	U+3049C	no accepted official reading
𰒞	U+3049E	no accepted official reading
𰒟	U+3049F	no accepted official reading
𰒠	U+304A0	no accepted official reading
𰒡	U+304A1	no accepted official reading
𰒢	U+304A2	no accepted official reading
𰒣	U+304A3	no accepted official reading
𰒤	U+304A4	no accepted official reading
𰒦	U+304A6	no accepted official reading
𰒧	U+304A7	no accepted official reading
𰒨	U+304A8	no accepted official reading
𰒩	U+304A9	no accepted official reading
𰒪	U+304AA	no accepted official reading
𰒫	U+304AB	no accepted official reading
𰒬	U+304AC	no accepted official reading
𰒭	U+304AD	no accepted official reading
𰒮	U+304AE	no accepted official reading
𰒯	U+304AF	no accepted official reading
𰒰	U+304B0	no accepted official reading
𰒱	U+304B1	no accepted official reading
𰒲	U+304B2	no accepted official reading
𰒳	U+304B3	no accepted official reading
𰒴	U+304B4	no accepted official reading
𰒵	U+304B5	no accepted official reading
𰒶	U+304B6	no accepted official reading
𰒷	U+304B7	no accepted official reading
𰒸	U+304B8	no accepted official reading
𰒹	U+304B9	no accepted official reading
𰒺	U+304BA	no accepted official reading
𰒻	U+304BB	no accepted official reading
𰒼	U+304BC	no accepted official reading
𰒽	U+304BD	no accepted official reading
𰒾	U+304BE	no accepted official reading
𰒿	U+304BF	no accepted official reading
𰓀	U+304C0	no accepted official reading
𰓁	U+304C1	no accepted official reading
𰓂	U+304C2	no accepted official reading
𰓃	U+304C3	no accepted official reading
𰓅	U+304C5	no accepted official reading
𰓇	U+304C7	no accepted official reading
𰓈	U+304C8	no accepted official reading
𰓉	U+304C9	no accepted official reading
𰓊	U+304CA	no accepted official reading
𰓌	U+304CC	no accepted official reading
𰓍	U+304CD	no accepted official reading
𰓎	U+304CE	no accepted official reading
𰓏	U+304CF	no accepted official reading
𰓐	U+304D0	no accepted official reading
𰓑	U+304D1	no accepted official reading
𰓒	U+304D2	no accepted official reading
𰓓	U+304D3	no accepted official reading
𰓕	U+304D5	no accepted official reading
𰓖	U+304D6	no accepted official reading
𰓗	U+304D7	no accepted official reading
𰓘	U+304D8	no accepted official reading
𰓚	U+304DA	no accepted official reading
𰓛	U+304DB	no accepted official reading
𰓝	U+304DD	no accepted official reading
𰓞	U+304DE	no accepted official reading
𰓠	U+304E0	no accepted official reading
𰓡	U+304E1	no accepted official reading
𰓣	U+304E3	no accepted official reading
𰓤	U+304E4	no accepted official reading
𰓥	U+304E5	no accepted official reading
𰓦	U+304E6	no accepted official reading
𰓨	U+304E8	no accepted official reading
𰓩	U+304E9	no accepted official reading
𰓪	U+304EA	no accepted official reading
𰓫	U+304EB	no accepted official reading
𰓭	U+304ED	no accepted official reading
𰓮	U+304EE	no accepted official reading
𰓯	U+304EF	no accepted official reading
𰓰	U+304F0	no accepted official reading
𰓲	U+304F2	no accepted official reading
𰓴	U+304F4	no accepted official reading
𰓵	U+304F5	no accepted official reading
𰓶	U+304F6	no accepted official reading
𰓸	U+304F8	no accepted official reading
𰓺	U+304FA	no accepted official reading
𰓽	U+304FD	no accepted official reading
𰓿	U+304FF	no accepted official reading
𰔀	U+30500	no accepted official reading
𰔁	U+30501	no accepted official reading
𰔂	U+30502	no accepted official reading
𰔃	U+30503	no accepted official reading
𰔄	U+30504	no accepted official reading
𰔅	U+30505	no accepted official reading
𰔆	U+30506	no accepted official reading
𰔈	U+30508	no accepted official reading
𰔉	U+30509	no accepted official reading
𰔊	U+3050A	no accepted official reading
𰔌	U+3050C	no accepted official reading
𰔍	U+3050D	no accepted official reading
𰔎	U+3050E	no accepted official reading
𰔏	U+3050F	no accepted official reading
𰔐	U+30510	no accepted official reading
𰔑	U+30511	no accepted official reading
𰔒	U+30512	no accepted official reading
𰔓	U+30513	no accepted official reading
𰔔	U+30514	no accepted official reading
𰔖	U+30516	no accepted official reading
𰔗	U+30517	no accepted official reading
𰔘	U+30518	no accepted official reading
𰔙	U+30519	no accepted official reading
𰔚	U+3051A	no accepted official reading
𰔛	U+3051B	no accepted official reading
𰔜	U+3051C	no accepted official reading
𰔝	U+3051D	no accepted official reading
𰔞	U+3051E	no accepted official reading
𰔟	U+3051F	no accepted official reading
𰔠	U+30520	no accepted official reading
𰔡	U+30521	no accepted official reading
𰔢	U+30522	no accepted official reading
𰔣	U+30523	no accepted official reading
𰔤	U+30524	no accepted official reading
𰔥	U+30525	no accepted official reading
𰔦	U+30526	no accepted official reading
𰔧	U+30527	no accepted official reading
𰔨	U+30528	no accepted official reading
𰔩	U+30529	no accepted official reading
𰔪	U+3052A	no accepted official reading
𰔫	U+3052B	no accepted official reading
𰔬	U+3052C	no accepted official reading
𰔭	U+3052D	no accepted official reading
𰔮	U+3052E	no accepted official reading
𰔯	U+3052F	no accepted official reading
𰔰	U+30530	no accepted official reading
𰔱	U+30531	no accepted official reading
𰔳	U+30533	no accepted official reading
𰔴	U+30534	no accepted official reading
𰔵	U+30535	no accepted official reading
𰔷	U+30537	no accepted official reading
𰔸	U+30538	no accepted official reading
𰔹	U+30539	no accepted official reading
𰔺	U+3053A	no accepted official reading
𰔻	U+3053B	no accepted official reading
𰔽	U+3053D	no accepted official reading
𰔾	U+3053E	no accepted official reading
𰔿	U+3053F	no accepted official reading
𰕀	U+30540	no accepted official reading
𰕂	U+30542	no accepted official reading
𰕃	U+30543	no accepted official reading
𰕄	U+30544	no accepted official reading
𰕆	U+30546	no accepted official reading
𰕇	U+30547	no accepted official reading
𰕉	U+30549	no accepted official reading
𰕊	U+3054A	no accepted official reading
𰕋	U+3054B	no accepted official reading
𰕌	U+3054C	no accepted official reading
𰕍	U+3054D	no accepted official reading
𰕎	U+3054E	no accepted official reading
𰕏	U+3054F	no accepted official reading
𰕑	U+30551	no accepted official reading
𰕒	U+30552	no accepted official reading
𰕓	U+30553	no accepted official reading
𰕕	U+30555	no accepted official reading
𰕖	U+30556	no accepted official reading
𰕗	U+30557	no accepted official reading
𰕘	U+30558	no accepted official reading
𰕙	U+30559	no accepted official reading
𰕚	U+3055A	no accepted official reading
𰕛	U+3055B	no accepted official reading
𰕜	U+3055C	no accepted official reading
𰕝	U+3055D	no accepted official reading
𰕞	U+3055E	no accepted official reading
𰕟	U+3055F	no accepted official reading
𰕡	U+30561	no accepted official reading
𰕢	U+30562	no accepted official reading
𰕣	U+30563	no accepted official reading
𰕥	U+30565	no accepted official reading
𰕦	U+30566	no accepted official reading
𰕧	U+30567	no accepted official reading
𰕨	U+30568	no accepted official reading
𰕩	U+30569	no accepted official reading
𰕪	U+3056A	no accepted official reading
𰕫	U+3056B	no accepted official reading
𰕬	U+3056C	no accepted official reading
𰕯	U+3056F	no accepted official reading
𰕱	U+30571	no accepted official reading
𰕳	U+30573	no accepted official reading
𰕴	U+30574	no accepted official reading
𰕵	U+30575	no accepted official reading
𰕶	U+30576	no accepted official reading
𰕷	U+30577	no accepted official reading
𰕸	U+30578	no accepted official reading
𰕹	U+30579	no accepted official reading
𰕻	U+3057B	no accepted official reading
𰕼	U+3057C	no accepted official reading
𰕽	U+3057D	no accepted official reading
𰕾	U+3057E	no accepted official reading
𰕿	U+3057F	no accepted official reading
𰖀	U+30580	no accepted official reading
𰖁	U+30581	no accepted official reading
𰖂	U+30582	no accepted official reading
𰖃	U+30583	no accepted official reading
𰖄	U+30584	no accepted official reading
𰖅	U+30585	no accepted official reading
𰖆	U+30586	no accepted official reading
𰖇	U+30587	no accepted official reading
𰖉	U+30589	no accepted official reading
𰖊	U+3058A	no accepted official reading
𰖋	U+3058B	no accepted official reading
𰖌	U+3058C	no accepted official reading
𰖍	U+3058D	no accepted official reading
𰖎	U+3058E	no accepted official reading
𰖏	U+3058F	no accepted official reading
𰖐	U+30590	no accepted official reading
𰖑	U+30591	no accepted official reading
𰖒	U+30592	no accepted official reading
𰖓	U+30593	no accepted official reading
𰖔	U+30594	no accepted official reading
𰖕	U+30595	no accepted official reading
𰖖	U+30596	no accepted official reading
𰖗	U+30597	no accepted official reading
𰖘	U+30598	no accepted official reading
𰖙	U+30599	no accepted official reading
𰖚	U+3059A	no accepted official reading
𰖛	U+3059B	no accepted official reading
𰖜	U+3059C	no accepted official reading
𰖝	U+3059D	no accepted official reading
𰖞	U+3059E	no accepted official reading
𰖟	U+3059F	no accepted official reading
𰖡	U+305A1	no accepted official reading
𰖢	U+305A2	no accepted official reading
𰖤	U+305A4	no accepted official reading
𰖥	U+305A5	no accepted official reading
𰖦	U+305A6	no accepted official reading
𰖧	U+305A7	no accepted official reading
𰖨	U+305A8	no accepted official reading
𰖪	U+305AA	no accepted official reading
𰖫	U+305AB	no accepted official reading
𰖬	U+305AC	no accepted official reading
𰖭	U+305AD	no accepted official reading
𰖮	U+305AE	no accepted official reading
𰖯	U+305AF	no accepted official reading
𰖰	U+305B0	no accepted official reading
𰖱	U+305B1	no accepted official reading
𰖲	U+305B2	no accepted official reading
𰖳	U+305B3	no accepted official reading
𰖴	U+305B4	no accepted official reading
𰖵	U+305B5	no accepted official reading
𰖶	U+305B6	no accepted official reading
𰖷	U+305B7	no accepted official reading
𰖸	U+305B8	no accepted official reading
𰖹	U+305B9	no accepted official reading
𰖺	U+305BA	no accepted official reading
𰖻	U+305BB	no accepted official reading
𰖼	U+305BC	no accepted official reading
𰖽	U+305BD	no accepted official reading
𰖾	U+305BE	no accepted official reading
𰖿	U+305BF	no accepted official reading
𰗁	U+305C1	no accepted official reading
𰗂	U+305C2	no accepted official reading
𰗃	U+305C3	no accepted official reading
𰗄	U+305C4	no accepted official reading
𰗅	U+305C5	no accepted official reading
𰗇	U+305C7	no accepted official reading
𰗈	U+305C8	no accepted official reading
𰗉	U+305C9	no accepted official reading
𰗊	U+305CA	no accepted official reading
𰗋	U+305CB	no accepted official reading
𰗍	U+305CD	no accepted official reading
𰗎	U+305CE	no accepted official reading
𰗏	U+305CF	no accepted official reading
𰗐	U+305D0	no accepted official reading
𰗑	U+305D1	no accepted official reading
𰗒	U+305D2	no accepted official reading
𰗔	U+305D4	no accepted official reading
𰗗	U+305D7	no accepted official reading
𰗘	U+305D8	no accepted official reading
𰗞	U+305DE	no accepted official reading
𰗟	U+305DF	no accepted official reading
𰗤	U+305E4	no accepted official reading
𰗥	U+305E5	no accepted official reading
𰗧	U+305E7	no accepted official reading
𰗩	U+305E9	no accepted official reading
𰗪	U+305EA	no accepted official reading
𰗫	U+305EB	no accepted official reading
𰗭	U+305ED	no accepted official reading
𰗮	U+305EE	no accepted official reading
𰗯	U+305EF	no accepted official reading
𰗰	U+305F0	no accepted official reading
𰗱	U+305F1	no accepted official reading
𰗳	U+305F3	no accepted official reading
𰗴	U+305F4	no accepted official reading
𰗶	U+305F6	no accepted official reading
𰗷	U+305F7	no accepted official reading
𰗸	U+305F8	no accepted official reading
𰗻	U+305FB	no accepted official reading
𰗼	U+305FC	no accepted official reading
𰗽	U+305FD	no accepted official reading
𰗾	U+305FE	no accepted official reading
𰗿	U+305FF	no accepted official reading
𰘁	U+30601	no accepted official reading
𰘂	U+30602	no accepted official reading
𰘃	U+30603	no accepted official reading
𰘄	U+30604	no accepted official reading
𰘅	U+30605	no accepted official reading
𰘇	U+30607	no accepted official reading
𰘉	U+30609	no accepted official reading
𰘊	U+3060A	no accepted official reading
𰘌	U+3060C	no accepted official reading
𰘍	U+3060D	no accepted official reading
𰘎	U+3060E	no accepted official reading
𰘐	U+30610	no accepted official reading
𰘑	U+30611	no accepted official reading
𰘒	U+30612	no accepted official reading
𰘔	U+30614	no accepted official reading
𰘕	U+30615	no accepted official reading
𰘗	U+30617	no accepted official reading
𰘘	U+30618	no accepted official reading
𰘙	U+30619	no accepted official reading
𰘚	U+3061A	no accepted official reading
𰘛	U+3061B	no accepted official reading
𰘜	U+3061C	no accepted official reading
𰘝	U+3061D	no accepted official reading
𰘞	U+3061E	no accepted official reading
𰘟	U+3061F	no accepted official reading
𰘡	U+30621	no accepted official reading
𰘢	U+30622	no accepted official reading
𰘤	U+30624	no accepted official reading
𰘥	U+30625	no accepted official reading
𰘦	U+30626	no accepted official reading
𰘧	U+30627	no accepted official reading
𰘨	U+30628	no accepted official reading
𰘪	U+3062A	no accepted official reading
𰘫	U+3062B	no accepted official reading
𰘬	U+3062C	no accepted official reading
𰘭	U+3062D	no accepted official reading
𰘮	U+3062E	no accepted official reading
𰘯	U+3062F	no accepted official reading
𰘰	U+30630	no accepted official reading
𰘱	U+30631	no accepted official reading
𰘲	U+30632	no accepted official reading
𰘴	U+30634	no accepted official reading
𰘵	U+30635	no accepted official reading
𰘹	U+30639	no accepted official reading
𰘺	U+3063A	no accepted official reading
𰘻	U+3063B	no accepted official reading
𰘼	U+3063C	no accepted official reading
𰘽	U+3063D	no accepted official reading
𰘾	U+3063E	no accepted official reading
𰘿	U+3063F	no accepted official reading
𰙀	U+30640	no accepted official reading
𰙁	U+30641	no accepted official reading
𰙂	U+30642	no accepted official reading
𰙃	U+30643	no accepted official reading
𰙇	U+30647	no accepted official reading
𰙊	U+3064A	no accepted official reading
𰙌	U+3064C	no accepted official reading
𰙍	U+3064D	no accepted official reading
𰙏	U+3064F	no accepted official reading
𰙐	U+30650	no accepted official reading
𰙒	U+30652	no accepted official reading
𰙓	U+30653	no accepted official reading
𰙗	U+30657	no accepted official reading
𰙘	U+30658	no accepted official reading
𰙚	U+3065A	no accepted official reading
𰙛	U+3065B	no accepted official reading
𰙜	U+3065C	no accepted official reading
𰙝	U+3065D	no accepted official reading
𰙞	U+3065E	no accepted official reading
𰙟	U+3065F	no accepted official reading
𰙠	U+30660	no accepted official reading
𰙡	U+30661	no accepted official reading
𰙢	U+30662	no accepted official reading
𰙣	U+30663	no accepted official reading
𰙤	U+30664	no accepted official reading
𰙥	U+30665	no accepted official reading
𰙦	U+30666	no accepted official reading
𰙧	U+30667	no accepted official reading
𰙨	U+30668	no accepted official reading
𰙩	U+30669	no accepted official reading
𰙫	U+3066B	no accepted official reading
𰙬	U+3066C	no accepted official reading
𰙭	U+3066D	no accepted official reading
𰙮	U+3066E	no accepted official reading
𰙰	U+30670	no accepted official reading
𰙱	U+30671	no accepted official reading
𰙲	U+30672	no accepted official reading
𰙳	U+30673	no accepted official reading
𰙴	U+30674	no accepted official reading
𰙵	U+30675	no accepted official reading
𰙶	U+30676	no accepted official reading
𰙷	U+30677	no accepted official reading
𰙸	U+30678	no accepted official reading
𰙹	U+30679	no accepted official reading
𰙺	U+3067A	no accepted official reading
𰙻	U+3067B	no accepted official reading
𰙼	U+3067C	no accepted official reading
𰙾	U+3067E	no accepted official reading
𰙿	U+3067F	no accepted official reading
𰚀	U+30680	no accepted official reading
𰚁	U+30681	no accepted official reading
𰚂	U+30682	no accepted official reading
𰚃	U+30683	no accepted official reading
𰚄	U+30684	no accepted official reading
𰚅	U+30685	no accepted official reading
𰚆	U+30686	no accepted official reading
𰚇	U+30687	no accepted official reading
𰚈	U+30688	no accepted official reading
𰚉	U+30689	no accepted official reading
𰚊	U+3068A	no accepted official reading
𰚋	U+3068B	no accepted official reading
𰚌	U+3068C	no accepted official reading
𰚍	U+3068D	no accepted official reading
𰚎	U+3068E	no accepted official reading
𰚏	U+3068F	no accepted official reading
𰚐	U+30690	no accepted official reading
𰚑	U+30691	no accepted official reading
𰚒	U+30692	no accepted official reading
𰚓	U+30693	no accepted official reading
𰚕	U+30695	no accepted official reading
𰚖	U+30696	no accepted official reading
𰚗	U+30697	no accepted official reading
𰚘	U+30698	no accepted official reading
𰚙	U+30699	no accepted official reading
𰚚	U+3069A	no accepted official reading
𰚛	U+3069B	no accepted official reading
𰚜	U+3069C	no accepted official reading
𰚝	U+3069D	no accepted official reading
𰚞	U+3069E	no accepted official reading
𰚟	U+3069F	no accepted official reading
𰚠	U+306A0	no accepted official reading
𰚡	U+306A1	no accepted official reading
𰚢	U+306A2	no accepted official reading
𰚣	U+306A3	no accepted official reading
𰚤	U+306A4	no accepted official reading
𰚥	U+306A5	no accepted official reading
𰚧	U+306A7	no accepted official reading
𰚨	U+306A8	no accepted official reading
𰚩	U+306A9	no accepted official reading
𰚫	U+306AB	no accepted official reading
𰚬	U+306AC	no accepted official reading
𰚭	U+306AD	no accepted official reading
𰚮	U+306AE	no accepted official reading
𰚯	U+306AF	no accepted official reading
𰚰	U+306B0	no accepted official reading
𰚲	U+306B2	no accepted official reading
𰚳	U+306B3	no accepted official reading
𰚴	U+306B4	no accepted official reading
𰚵	U+306B5	no accepted official reading
𰚶	U+306B6	no accepted official reading
𰚷	U+306B7	no accepted official reading
𰚸	U+306B8	no accepted official reading
𰚹	U+306B9	no accepted official reading
𰚺	U+306BA	no accepted official reading
𰚻	U+306BB	no accepted official reading
𰚼	U+306BC	no accepted official reading
𰚽	U+306BD	no accepted official reading
𰚾	U+306BE	no accepted official reading
𰚿	U+306BF	no accepted official reading
𰛀	U+306C0	no accepted official reading
𰛂	U+306C2	no accepted official reading
𰛃	U+306C3	no accepted official reading
𰛄	U+306C4	no accepted official reading
𰛅	U+306C5	no accepted official reading
𰛆	U+306C6	no accepted official reading
𰛇	U+306C7	no accepted official reading
𰛈	U+306C8	no accepted official reading
𰛉	U+306C9	no accepted official reading
𰛋	U+306CB	no accepted official reading
𰛌	U+306CC	no accepted official reading
𰛍	U+306CD	no accepted official reading
𰛎	U+306CE	no accepted official reading
𰛐	U+306D0	no accepted official reading
𰛑	U+306D1	no accepted official reading
𰛔	U+306D4	no accepted official reading
𰛕	U+306D5	no accepted official reading
𰛖	U+306D6	no accepted official reading
𰛗	U+306D7	no accepted official reading
𰛘	U+306D8	no accepted official reading
𰛙	U+306D9	no accepted official reading
𰛚	U+306DA	no accepted official reading
𰛜	U+306DC	no accepted official reading
𰛝	U+306DD	no accepted official reading
𰛞	U+306DE	no accepted official reading
𰛠	U+306E0	no accepted official reading
𰛢	U+306E2	no accepted official reading
𰛧	U+306E7	no accepted official reading
𰛨	U+306E8	no accepted official reading
𰛫	U+306EB	no accepted official reading
𰛭	U+306ED	no accepted official reading
𰛯	U+306EF	no accepted official reading
𰛰	U+306F0	no accepted official reading
𰛱	U+306F1	no accepted official reading
𰛳	U+306F3	no accepted official reading
𰛴	U+306F4	no accepted official reading
𰛶	U+306F6	no accepted official reading
𰛷	U+306F7	no accepted official reading
𰛸	U+306F8	no accepted official reading
𰛹	U+306F9	no accepted official reading
𰛺	U+306FA	no accepted official reading
𰛻	U+306FB	no accepted official reading
𰛼	U+306FC	no accepted official reading
𰛾	U+306FE	no accepted official reading
𰛿	U+306FF	no accepted official reading
𰜀	U+30700	no accepted official reading
𰜁	U+30701	no accepted official reading
𰜂	U+30702	no accepted official reading
𰜃	U+30703	no accepted official reading
𰜅	U+30705	no accepted official reading
𰜆	U+30706	no accepted official reading
𰜇	U+30707	no accepted official reading
𰜈	U+30708	no accepted official reading
𰜉	U+30709	no accepted official reading
𰜊	U+3070A	no accepted official reading
𰜋	U+3070B	no accepted official reading
𰜍	U+3070D	no accepted official reading
𰜏	U+3070F	no accepted official reading
𰜒	U+30712	no accepted official reading
𰜕	U+30715	no accepted official reading
𰜖	U+30716	no accepted official reading
𰜗	U+30717	no accepted official reading
𰜘	U+30718	no accepted official reading
𰜙	U+30719	no accepted official reading
𰜚	U+3071A	no accepted official reading
𰜛	U+3071B	no accepted official reading
𰜞	U+3071E	no accepted official reading
𰜟	U+3071F	no accepted official reading
𰜠	U+30720	no accepted official reading
𰜡	U+30721	no accepted official reading
𰜤	U+30724	no accepted official reading
𰜥	U+30725	no accepted official reading
𰜧	U+30727	no accepted official reading
𰜩	U+30729	no accepted official reading
𰜫	U+3072B	no accepted official reading
𰜬	U+3072C	no accepted official reading
𰜭	U+3072D	no accepted official reading
𰜮	U+3072E	no accepted official reading
𰜯	U+3072F	no accepted official reading
𰜰	U+30730	no accepted official reading
𰜱	U+30731	no accepted official reading
𰜴	U+30734	no accepted official reading
𰜵	U+30735	no accepted official reading
𰜶	U+30736	no accepted official reading
𰜷	U+30737	no accepted official reading
𰜺	U+3073A	no accepted official reading
𰜻	U+3073B	no accepted official reading
𰜼	U+3073C	no accepted official reading
𰜽	U+3073D	no accepted official reading
𰝀	U+30740	no accepted official reading
𰝁	U+30741	no accepted official reading
𰝃	U+30743	no accepted official reading
𰝄	U+30744	no accepted official reading
𰝆	U+30746	no accepted official reading
𰝇	U+30747	no accepted official reading
𰝉	U+30749	no accepted official reading
𰝊	U+3074A	no accepted official reading
𰝌	U+3074C	no accepted official reading
𰝏	U+3074F	no accepted official reading
𰝑	U+30751	no accepted official reading
𰝒	U+30752	no accepted official reading
𰝓	U+30753	no accepted official reading
𰝔	U+30754	no accepted official reading
𰝕	U+30755	no accepted official reading
𰝖	U+30756	no accepted official reading
𰝘	U+30758	no accepted official reading
𰝙	U+30759	no accepted official reading
𰝛	U+3075B	no accepted official reading
𰝜	U+3075C	no accepted official reading
𰝝	U+3075D	no accepted official reading
𰝞	U+3075E	no accepted official reading
𰝠	U+30760	no accepted official reading
𰝡	U+30761	no accepted official reading
𰝢	U+30762	no accepted official reading
𰝣	U+30763	no accepted official reading
𰝥	U+30765	no accepted official reading
𰝦	U+30766	no accepted official reading
𰝧	U+30767	no accepted official reading
𰝨	U+30768	no accepted official reading
𰝩	U+30769	no accepted official reading
𰝫	U+3076B	no accepted official reading
𰝬	U+3076C	no accepted official reading
𰝮	U+3076E	no accepted official reading
𰝯	U+3076F	no accepted official reading
𰝰	U+30770	no accepted official reading
𰝱	U+30771	no accepted official reading
𰝲	U+30772	no accepted official reading
𰝳	U+30773	no accepted official reading
𰝴	U+30774	no accepted official reading
𰝵	U+30775	no accepted official reading
𰝶	U+30776	no accepted official reading
𰝷	U+30777	no accepted official reading
𰝸	U+30778	no accepted official reading
𰝺	U+3077A	no accepted official reading
𰝻	U+3077B	no accepted official reading
𰝼	U+3077C	no accepted official reading
𰝽	U+3077D	no accepted official reading
𰝿	U+3077F	no accepted official reading
𰞀	U+30780	no accepted official reading
𰞁	U+30781	no accepted official reading
𰞂	U+30782	no accepted official reading
𰞃	U+30783	no accepted official reading
𰞄	U+30784	no accepted official reading
𰞅	U+30785	no accepted official reading
𰞆	U+30786	no accepted official reading
𰞈	U+30788	no accepted official reading
𰞉	U+30789	no accepted official reading
𰞊	U+3078A	no accepted official reading
𰞋	U+3078B	no accepted official reading
𰞌	U+3078C	no accepted official reading
𰞎	U+3078E	no accepted official reading
𰞏	U+3078F	no accepted official reading
𰞐	U+30790	no accepted official reading
𰞑	U+30791	no accepted official reading
𰞒	U+30792	no accepted official reading
𰞔	U+30794	no accepted official reading
𰞕	U+30795	no accepted official reading
𰞖	U+30796	no accepted official reading
𰞗	U+30797	no accepted official reading
𰞘	U+30798	no accepted official reading
𰞙	U+30799	no accepted official reading
𰞚	U+3079A	no accepted official reading
𰞛	U+3079B	no accepted official reading
𰞜	U+3079C	no accepted official reading
𰞝	U+3079D	no accepted official reading
𰞞	U+3079E	no accepted official reading
𰞠	U+307A0	no accepted official reading
𰞡	U+307A1	no accepted official reading
𰞢	U+307A2	no accepted official reading
𰞣	U+307A3	no accepted official reading
𰞥	U+307A5	no accepted official reading
𰞧	U+307A7	no accepted official reading
𰞨	U+307A8	no accepted official reading
𰞩	U+307A9	no accepted official reading
𰞪	U+307AA	no accepted official reading
𰞫	U+307AB	no accepted official reading
𰞬	U+307AC	no accepted official reading
𰞮	U+307AE	no accepted official reading
𰞯	U+307AF	no accepted official reading
𰞰	U+307B0	no accepted official reading
𰞱	U+307B1	no accepted official reading
𰞳	U+307B3	no accepted official reading
𰞴	U+307B4	no accepted official reading
𰞵	U+307B5	no accepted official reading
𰞶	U+307B6	no accepted official reading
𰞸	U+307B8	no accepted official reading
𰞹	U+307B9	no accepted official reading
𰞺	U+307BA	no accepted official reading
𰞼	U+307BC	no accepted official reading
𰞾	U+307BE	no accepted official reading
𰞿	U+307BF	no accepted official reading
𰟀	U+307C0	no accepted official reading
𰟁	U+307C1	no accepted official reading
𰟂	U+307C2	no accepted official reading
𰟃	U+307C3	no accepted official reading
𰟄	U+307C4	no accepted official reading
𰟅	U+307C5	no accepted official reading
𰟆	U+307C6	no accepted official reading
𰟈	U+307C8	no accepted official reading
𰟉	U+307C9	no accepted official reading
𰟊	U+307CA	no accepted official reading
𰟋	U+307CB	no accepted official reading
𰟌	U+307CC	no accepted official reading
𰟍	U+307CD	no accepted official reading
𰟎	U+307CE	no accepted official reading
𰟏	U+307CF	no accepted official reading
𰟐	U+307D0	no accepted official reading
𰟓	U+307D3	no accepted official reading
𰟔	U+307D4	no accepted official reading
𰟕	U+307D5	no accepted official reading
𰟖	U+307D6	no accepted official reading
𰟗	U+307D7	no accepted official reading
𰟙	U+307D9	no accepted official reading
𰟚	U+307DA	no accepted official reading
𰟛	U+307DB	no accepted official reading
𰟜	U+307DC	no accepted official reading
𰟝	U+307DD	no accepted official reading
𰟞	U+307DE	no accepted official reading
𰟟	U+307DF	no accepted official reading
𰟡	U+307E1	no accepted official reading
𰟢	U+307E2	no accepted official reading
𰟣	U+307E3	no accepted official reading
𰟥	U+307E5	no accepted official reading
𰟦	U+307E6	no accepted official reading
𰟧	U+307E7	no accepted official reading
𰟨	U+307E8	no accepted official reading
𰟩	U+307E9	no accepted official reading
𰟪	U+307EA	no accepted official reading
𰟫	U+307EB	no accepted official reading
𰟭	U+307ED	no accepted official reading
𰟮	U+307EE	no accepted official reading
𰟰	U+307F0	no accepted official reading
𰟱	U+307F1	no accepted official reading
𰟲	U+307F2	no accepted official reading
𰟳	U+307F3	no accepted official reading
𰟴	U+307F4	no accepted official reading
𰟵	U+307F5	no accepted official reading
𰟶	U+307F6	no accepted official reading
𰟷	U+307F7	no accepted official reading
𰟸	U+307F8	no accepted official reading
𰟹	U+307F9	no accepted official reading
𰟺	U+307FA	no accepted official reading
𰟻	U+307FB	no accepted official reading
𰟼	U+307FC	no accepted official reading
𰟽	U+307FD	no accepted official reading
𰟾	U+307FE	no accepted official reading
𰟿	U+307FF	no accepted official reading
𰠀	U+30800	no accepted official reading
𰠁	U+30801	no accepted official reading
𰠂	U+30802	no accepted official reading
𰠃	U+30803	no accepted official reading
𰠄	U+30804	no accepted official reading
𰠅	U+30805	no accepted official reading
𰠇	U+30807	no accepted official reading
𰠈	U+30808	no accepted official reading
𰠉	U+30809	no accepted official reading
𰠊	U+3080A	no accepted official reading
𰠋	U+3080B	no accepted official reading
𰠌	U+3080C	no accepted official reading
𰠍	U+3080D	no accepted official reading
𰠎	U+3080E	no accepted official reading
𰠏	U+3080F	no accepted official reading
𰠐	U+30810	no accepted official reading
𰠑	U+30811	no accepted official reading
𰠒	U+30812	no accepted official reading
𰠓	U+30813	no accepted official reading
𰠔	U+30814	no accepted official reading
𰠖	U+30816	no accepted official reading
𰠗	U+30817	no accepted official reading
𰠙	U+30819	no accepted official reading
𰠚	U+3081A	no accepted official reading
𰠜	U+3081C	no accepted official reading
𰠝	U+3081D	no accepted official reading
𰠞	U+3081E	no accepted official reading
𰠟	U+3081F	no accepted official reading
𰠠	U+30820	no accepted official reading
𰠡	U+30821	no accepted official reading
𰠢	U+30822	no accepted official reading
𰠣	U+30823	no accepted official reading
𰠤	U+30824	no accepted official reading
𰠥	U+30825	no accepted official reading
𰠦	U+30826	no accepted official reading
𰠧	U+30827	no accepted official reading
𰠨	U+30828	no accepted official reading
𰠩	U+30829	no accepted official reading
𰠪	U+3082A	no accepted official reading
𰠬	U+3082C	no accepted official reading
𰠭	U+3082D	no accepted official reading
𰠮	U+3082E	no accepted official reading
𰠯	U+3082F	no accepted official reading
𰠰	U+30830	no accepted official reading
𰠳	U+30833	no accepted official reading
𰠵	U+30835	no accepted official reading
𰠶	U+30836	no accepted official reading
𰠷	U+30837	no accepted official reading
𰠸	U+30838	no accepted official reading
𰠻	U+3083B	no accepted official reading
𰠼	U+3083C	no accepted official reading
𰠽	U+3083D	no accepted official reading
𰠾	U+3083E	no accepted official reading
𰠿	U+3083F	no accepted official reading
𰡀	U+30840	no accepted official reading
𰡁	U+30841	no accepted official reading
𰡃	U+30843	no accepted official reading
𰡅	U+30845	no accepted official reading
𰡆	U+30846	no accepted official reading
𰡇	U+30847	no accepted official reading
𰡈	U+30848	no accepted official reading
𰡉	U+30849	no accepted official reading
𰡌	U+3084C	no accepted official reading
𰡍	U+3084D	no accepted official reading
𰡐	U+30850	no accepted official reading
𰡑	U+30851	no accepted official reading
𰡒	U+30852	no accepted official reading
𰡓	U+30853	no accepted official reading
𰡕	U+30855	no accepted official reading
𰡗	U+30857	no accepted official reading
𰡘	U+30858	no accepted official reading
𰡙	U+30859	no accepted official reading
𰡚	U+3085A	no accepted official reading
𰡛	U+3085B	no accepted official reading
𰡜	U+3085C	no accepted official reading
𰡝	U+3085D	no accepted official reading
𰡟	U+3085F	no accepted official reading
𰡠	U+30860	no accepted official reading
𰡣	U+30863	no accepted official reading
𰡤	U+30864	no accepted official reading
𰡥	U+30865	no accepted official reading
𰡦	U+30866	no accepted official reading
𰡧	U+30867	no accepted official reading
𰡨	U+30868	no accepted official reading
𰡪	U+3086A	no accepted official reading
𰡫	U+3086B	no accepted official reading
𰡬	U+3086C	no accepted official reading
𰡭	U+3086D	no accepted official reading
𰡮	U+3086E	no accepted official reading
𰡯	U+3086F	no accepted official reading
𰡱	U+30871	no accepted official reading
𰡲	U+30872	no accepted official reading
𰡳	U+30873	no accepted official reading
𰡴	U+30874	no accepted official reading
𰡶	U+30876	no accepted official reading
𰡷	U+30877	no accepted official reading
𰡸	U+30878	no accepted official reading
𰡹	U+30879	no accepted official reading
𰡺	U+3087A	no accepted official reading
𰡼	U+3087C	no accepted official reading
𰡾	U+3087E	no accepted official reading
𰡿	U+3087F	no accepted official reading
𰢀	U+30880	no accepted official reading
𰢁	U+30881	no accepted official reading
𰢃	U+30883	no accepted official reading
𰢅	U+30885	no accepted official reading
𰢆	U+30886	no accepted official reading
𰢇	U+30887	no accepted official reading
𰢈	U+30888	no accepted official reading
𰢉	U+30889	no accepted official reading
𰢋	U+3088B	no accepted official reading
𰢌	U+3088C	no accepted official reading
𰢍	U+3088D	no accepted official reading
𰢎	U+3088E	no accepted official reading
𰢏	U+3088F	no accepted official reading
𰢐	U+30890	no accepted official reading
𰢑	U+30891	no accepted official reading
𰢒	U+30892	no accepted official reading
𰢓	U+30893	no accepted official reading
𰢖	U+30896	no accepted official reading
𰢗	U+30897	no accepted official reading
𰢘	U+30898	no accepted official reading
𰢙	U+30899	no accepted official reading
𰢚	U+3089A	no accepted official reading
𰢛	U+3089B	no accepted official reading
𰢜	U+3089C	no accepted official reading
𰢝	U+3089D	no accepted official reading
𰢞	U+3089E	no accepted official reading
𰢟	U+3089F	no accepted official reading
𰢠	U+308A0	no accepted official reading
𰢣	U+308A3	no accepted official reading
𰢥	U+308A5	no accepted official reading
𰢧	U+308A7	no accepted official reading
𰢨	U+308A8	no accepted official reading
𰢩	U+308A9	no accepted official reading
𰢪	U+308AA	no accepted official reading
𰢫	U+308AB	no accepted official reading
𰢬	U+308AC	no accepted official reading
𰢭	U+308AD	no accepted official reading
𰢮	U+308AE	no accepted official reading
𰢯	U+308AF	no accepted official reading
𰢰	U+308B0	no accepted official reading
𰢱	U+308B1	no accepted official reading
𰢲	U+308B2	no accepted official reading
𰢴	U+308B4	no accepted official reading
𰢵	U+308B5	no accepted official reading
𰢶	U+308B6	no accepted official reading
𰢷	U+308B7	no accepted official reading
𰢸	U+308B8	no accepted official reading
𰢹	U+308B9	no accepted official reading
𰢺	U+308BA	no accepted official reading
𰢻	U+308BB	no accepted official reading
𰢼	U+308BC	no accepted official reading
𰢽	U+308BD	no accepted official reading
𰢿	U+308BF	no accepted official reading
𰣀	U+308C0	no accepted official reading
𰣁	U+308C1	no accepted official reading
𰣂	U+308C2	no accepted official reading
𰣄	U+308C4	no accepted official reading
𰣅	U+308C5	no accepted official reading
𰣆	U+308C6	no accepted official reading
𰣇	U+308C7	no accepted official reading
𰣈	U+308C8	no accepted official reading
𰣉	U+308C9	no accepted official reading
𰣊	U+308CA	no accepted official reading
𰣌	U+308CC	no accepted official reading
𰣍	U+308CD	no accepted official reading
𰣎	U+308CE	no accepted official reading
𰣏	U+308CF	no accepted official reading
𰣐	U+308D0	no accepted official reading
𰣑	U+308D1	no accepted official reading
𰣒	U+308D2	no accepted official reading
𰣓	U+308D3	no accepted official reading
𰣔	U+308D4	no accepted official reading
𰣕	U+308D5	no accepted official reading
𰣖	U+308D6	no accepted official reading
𰣗	U+308D7	no accepted official reading
𰣘	U+308D8	no accepted official reading
𰣙	U+308D9	no accepted official reading
𰣚	U+308DA	no accepted official reading
𰣛	U+308DB	no accepted official reading
𰣜	U+308DC	no accepted official reading
𰣝	U+308DD	no accepted official reading
𰣟	U+308DF	no accepted official reading
𰣠	U+308E0	no accepted official reading
𰣡	U+308E1	no accepted official reading
𰣢	U+308E2	no accepted official reading
𰣣	U+308E3	no accepted official reading
𰣤	U+308E4	no accepted official reading
𰣥	U+308E5	no accepted official reading
𰣧	U+308E7	no accepted official reading
𰣨	U+308E8	no accepted official reading
𰣪	U+308EA	no accepted official reading
𰣫	U+308EB	no accepted official reading
𰣭	U+308ED	no accepted official reading
𰣮	U+308EE	no accepted official reading
𰣰	U+308F0	no accepted official reading
𰣲	U+308F2	no accepted official reading
𰣳	U+308F3	no accepted official reading
𰣴	U+308F4	no accepted official reading
𰣵	U+308F5	no accepted official reading
𰣷	U+308F7	no accepted official reading
𰣸	U+308F8	no accepted official reading
𰣹	U+308F9	no accepted official reading
𰣺	U+308FA	no accepted official reading
𰣻	U+308FB	no accepted official reading
𰣾	U+308FE	no accepted official reading
𰣿	U+308FF	no accepted official reading
𰤀	U+30900	no accepted official reading
𰤂	U+30902	no accepted official reading
𰤄	U+30904	no accepted official reading
𰤇	U+30907	no accepted official reading
𰤈	U+30908	no accepted official reading
𰤉	U+30909	no accepted official reading
𰤋	U+3090B	no accepted official reading
𰤌	U+3090C	no accepted official reading
𰤍	U+3090D	no accepted official reading
𰤎	U+3090E	no accepted official reading
𰤏	U+3090F	no accepted official reading
𰤐	U+30910	no accepted official reading
𰤑	U+30911	no accepted official reading
𰤒	U+30912	no accepted official reading
𰤔	U+30914	no accepted official reading
𰤖	U+30916	no accepted official reading
𰤗	U+30917	no accepted official reading
𰤘	U+30918	no accepted official reading
𰤙	U+30919	no accepted official reading
𰤚	U+3091A	no accepted official reading
𰤛	U+3091B	no accepted official reading
𰤜	U+3091C	no accepted official reading
𰤞	U+3091E	no accepted official reading
𰤟	U+3091F	no accepted official reading
𰤠	U+30920	no accepted official reading
𰤡	U+30921	no accepted official reading
𰤢	U+30922	no accepted official reading
𰤣	U+30923	no accepted official reading
𰤥	U+30925	no accepted official reading
𰤦	U+30926	no accepted official reading
𰤧	U+30927	no accepted official reading
𰤩	U+30929	no accepted official reading
𰤪	U+3092A	no accepted official reading
𰤭	U+3092D	no accepted official reading
𰤮	U+3092E	no accepted official reading
𰤯	U+3092F	no accepted official reading
𰤱	U+30931	no accepted official reading
𰤲	U+30932	no accepted official reading
𰤳	U+30933	no accepted official reading
𰤴	U+30934	no accepted official reading
𰤵	U+30935	no accepted official reading
𰤶	U+30936	no accepted official reading
𰤷	U+30937	no accepted official reading
𰤹	U+30939	no accepted official reading
𰤺	U+3093A	no accepted official reading
𰤻	U+3093B	no accepted official reading
𰤼	U+3093C	no accepted official reading
𰤽	U+3093D	no accepted official reading
𰤾	U+3093E	no accepted official reading
𰤿	U+3093F	no accepted official reading
𰥀	U+30940	no accepted official reading
𰥁	U+30941	no accepted official reading
𰥂	U+30942	no accepted official reading
𰥃	U+30943	no accepted official reading
𰥄	U+30944	no accepted official reading
𰥅	U+30945	no accepted official reading
𰥆	U+30946	no accepted official reading
𰥇	U+30947	no accepted official reading
𰥈	U+30948	no accepted official reading
𰥉	U+30949	no accepted official reading
𰥋	U+3094B	no accepted official reading
𰥌	U+3094C	no accepted official reading
𰥍	U+3094D	no accepted official reading
𰥎	U+3094E	no accepted official reading
𰥏	U+3094F	no accepted official reading
𰥐	U+30950	no accepted official reading
𰥓	U+30953	no accepted official reading
𰥔	U+30954	no accepted official reading
𰥖	U+30956	no accepted official reading
𰥗	U+30957	no accepted official reading
𰥘	U+30958	no accepted official reading
𰥙	U+30959	no accepted official reading
𰥚	U+3095A	no accepted official reading
𰥜	U+3095C	no accepted official reading
𰥝	U+3095D	no accepted official reading
𰥟	U+3095F	no accepted official reading
𰥡	U+30961	no accepted official reading
𰥤	U+30964	no accepted official reading
𰥦	U+30966	no accepted official reading
𰥫	U+3096B	no accepted official reading
𰥬	U+3096C	no accepted official reading
𰥮	U+3096E	no accepted official reading
𰥯	U+3096F	no accepted official reading
𰥰	U+30970	no accepted official reading
𰥱	U+30971	no accepted official reading
𰥲	U+30972	no accepted official reading
𰥳	U+30973	no accepted official reading
𰥴	U+30974	no accepted official reading
𰥵	U+30975	no accepted official reading
𰥶	U+30976	no accepted official reading
𰥸	U+30978	no accepted official reading
𰥺	U+3097A	no accepted official reading
𰥻	U+3097B	no accepted official reading
𰥼	U+3097C	no accepted official reading
𰥽	U+3097D	no accepted official reading
𰥾	U+3097E	no accepted official reading
𰦀	U+30980	no accepted official reading
𰦂	U+30982	no accepted official reading
𰦃	U+30983	no accepted official reading
𰦄	U+30984	no accepted official reading
𰦅	U+30985	no accepted official reading
𰦆	U+30986	no accepted official reading
𰦇	U+30987	no accepted official reading
𰦈	U+30988	no accepted official reading
𰦊	U+3098A	no accepted official reading
𰦋	U+3098B	no accepted official reading
𰦍	U+3098D	no accepted official reading
𰦎	U+3098E	no accepted official reading
𰦏	U+3098F	no accepted official reading
𰦐	U+30990	no accepted official reading
𰦑	U+30991	no accepted official reading
𰦒	U+30992	no accepted official reading
𰦓	U+30993	no accepted official reading
𰦔	U+30994	no accepted official reading
𰦕	U+30995	no accepted official reading
𰦖	U+30996	no accepted official reading
𰦘	U+30998	no accepted official reading
𰦙	U+30999	no accepted official reading
𰦛	U+3099B	no accepted official reading
𰦞	U+3099E	no accepted official reading
𰦟	U+3099F	no accepted official reading
𰦠	U+309A0	no accepted official reading
𰦡	U+309A1	no accepted official reading
𰦣	U+309A3	no accepted official reading
𰦤	U+309A4	no accepted official reading
𰦥	U+309A5	no accepted official reading
𰦧	U+309A7	no accepted official reading
𰦩	U+309A9	no accepted official reading
𰦫	U+309AB	no accepted official reading
𰦬	U+309AC	no accepted official reading
𰦮	U+309AE	no accepted official reading
𰦯	U+309AF	no accepted official reading
𰦱	U+309B1	no accepted official reading
𰦲	U+309B2	no accepted official reading
𰦳	U+309B3	no accepted official reading
𰦵	U+309B5	no accepted official reading
𰦶	U+309B6	no accepted official reading
𰦸	U+309B8	no accepted official reading
𰦹	U+309B9	no accepted official reading
𰦺	U+309BA	no accepted official reading
𰦻	U+309BB	no accepted official reading
𰦼	U+309BC	no accepted official reading
𰦽	U+309BD	no accepted official reading
𰧀	U+309C0	no accepted official reading
𰧁	U+309C1	no accepted official reading
𰧂	U+309C2	no accepted official reading
𰧄	U+309C4	no accepted official reading
𰧅	U+309C5	no accepted official reading
𰧆	U+309C6	no accepted official reading
𰧈	U+309C8	no accepted official reading
𰧊	U+309CA	no accepted official reading
𰧌	U+309CC	no accepted official reading
𰧍	U+309CD	no accepted official reading
𰧏	U+309CF	no accepted official reading
𰧐	U+309D0	no accepted official reading
𰧑	U+309D1	no accepted official reading
𰧒	U+309D2	no accepted official reading
𰧓	U+309D3	no accepted official reading
𰧕	U+309D5	no accepted official reading
𰧖	U+309D6	no accepted official reading
𰧗	U+309D7	no accepted official reading
𰧙	U+309D9	no accepted official reading
𰧚	U+309DA	no accepted official reading
𰧛	U+309DB	no accepted official reading
𰧜	U+309DC	no accepted official reading
𰧝	U+309DD	no accepted official reading
𰧟	U+309DF	no accepted official reading
𰧠	U+309E0	no accepted official reading
𰧡	U+309E1	no accepted official reading
𰧢	U+309E2	no accepted official reading
𰧣	U+309E3	no accepted official reading
𰧤	U+309E4	no accepted official reading
𰧥	U+309E5	no accepted official reading
𰧦	U+309E6	no accepted official reading
𰧨	U+309E8	no accepted official reading
𰧩	U+309E9	no accepted official reading
𰧪	U+309EA	no accepted official reading
𰧫	U+309EB	no accepted official reading
𰧬	U+309EC	no accepted official reading
𰧭	U+309ED	no accepted official reading
𰧮	U+309EE	no accepted official reading
𰧯	U+309EF	no accepted official reading
𰧱	U+309F1	no accepted official reading
𰧲	U+309F2	no accepted official reading
𰧳	U+309F3	no accepted official reading
𰧴	U+309F4	no accepted official reading
𰧵	U+309F5	no accepted official reading
𰧶	U+309F6	no accepted official reading
𰧷	U+309F7	no accepted official reading
𰧸	U+309F8	no accepted official reading
𰧹	U+309F9	no accepted official reading
𰧺	U+309FA	no accepted official reading
𰧽	U+309FD	no accepted official reading
𰨀	U+30A00	no accepted official reading
𰨂	U+30A02	no accepted official reading
𰨃	U+30A03	no accepted official reading
𰨄	U+30A04	no accepted official reading
𰨅	U+30A05	no accepted official reading
𰨆	U+30A06	no accepted official reading
𰨈	U+30A08	no accepted official reading
𰨉	U+30A09	no accepted official reading
𰨋	U+30A0B	no accepted official reading
𰨌	U+30A0C	no accepted official reading
𰨍	U+30A0D	no accepted official reading
𰨎	U+30A0E	no accepted official reading
𰨏	U+30A0F	no accepted official reading
𰨐	U+30A10	no accepted official reading
𰨑	U+30A11	no accepted official reading
𰨒	U+30A12	no accepted official reading
𰨓	U+30A13	no accepted official reading
𰨕	U+30A15	no accepted official reading
𰨗	U+30A17	no accepted official reading
𰨘	U+30A18	no accepted official reading
𰨙	U+30A19	no accepted official reading
𰨛	U+30A1B	no accepted official reading
𰨝	U+30A1D	no accepted official reading
𰨞	U+30A1E	no accepted official reading
𰨠	U+30A20	no accepted official reading
𰨡	U+30A21	no accepted official reading
𰨢	U+30A22	no accepted official reading
𰨣	U+30A23	no accepted official reading
𰨤	U+30A24	no accepted official reading
𰨥	U+30A25	no accepted official reading
𰨧	U+30A27	no accepted official reading
𰨨	U+30A28	no accepted official reading
𰨩	U+30A29	no accepted official reading
𰨫	U+30A2B	no accepted official reading
𰨬	U+30A2C	no accepted official reading
𰨭	U+30A2D	no accepted official reading
𰨮	U+30A2E	no accepted official reading
𰨯	U+30A2F	no accepted official reading
𰨰	U+30A30	no accepted official reading
𰨲	U+30A32	no accepted official reading
𰨵	U+30A35	no accepted official reading
𰨶	U+30A36	no accepted official reading
𰨷	U+30A37	no accepted official reading
𰨸	U+30A38	no accepted official reading
𰨺	U+30A3A	no accepted official reading
𰨻	U+30A3B	no accepted official reading
𰨼	U+30A3C	no accepted official reading
𰨽	U+30A3D	no accepted official reading
𰨾	U+30A3E	no accepted official reading
𰨿	U+30A3F	no accepted official reading
𰩀	U+30A40	no accepted official reading
𰩁	U+30A41	no accepted official reading
𰩂	U+30A42	no accepted official reading
𰩃	U+30A43	no accepted official reading
𰩄	U+30A44	no accepted official reading
𰩆	U+30A46	no accepted official reading
𰩇	U+30A47	no accepted official reading
𰩈	U+30A48	no accepted official reading
𰩊	U+30A4A	no accepted official reading
𰩌	U+30A4C	no accepted official reading
𰩍	U+30A4D	no accepted official reading
𰩎	U+30A4E	no accepted official reading
𰩐	U+30A50	no accepted official reading
𰩑	U+30A51	no accepted official reading
𰩒	U+30A52	no accepted official reading
𰩕	U+30A55	no accepted official reading
𰩖	U+30A56	no accepted official reading
𰩗	U+30A57	no accepted official reading
𰩘	U+30A58	no accepted official reading
𰩙	U+30A59	no accepted official reading
𰩚	U+30A5A	no accepted official reading
𰩛	U+30A5B	no accepted official reading
𰩞	U+30A5E	no accepted official reading
𰩟	U+30A5F	no accepted official reading
𰩠	U+30A60	no accepted official reading
𰩡	U+30A61	no accepted official reading
𰩣	U+30A63	no accepted official reading
𰩤	U+30A64	no accepted official reading
𰩥	U+30A65	no accepted official reading
𰩦	U+30A66	no accepted official reading
𰩨	U+30A68	no accepted official reading
𰩩	U+30A69	no accepted official reading
𰩪	U+30A6A	no accepted official reading
𰩫	U+30A6B	no accepted official reading
𰩬	U+30A6C	no accepted official reading
𰩭	U+30A6D	no accepted official reading
𰩯	U+30A6F	no accepted official reading
𰩰	U+30A70	no accepted official reading
𰩱	U+30A71	no accepted official reading
𰩳	U+30A73	no accepted official reading
𰩴	U+30A74	no accepted official reading
𰩵	U+30A75	no accepted official reading
𰩶	U+30A76	no accepted official reading
𰩷	U+30A77	no accepted official reading
𰩼	U+30A7C	no accepted official reading
𰩽	U+30A7D	no accepted official reading
𰩾	U+30A7E	no accepted official reading
𰩿	U+30A7F	no accepted official reading
𰪀	U+30A80	no accepted official reading
𰪁	U+30A81	no accepted official reading
𰪂	U+30A82	no accepted official reading
𰪃	U+30A83	no accepted official reading
𰪄	U+30A84	no accepted official reading
𰪅	U+30A85	no accepted official reading
𰪆	U+30A86	no accepted official reading
𰪇	U+30A87	no accepted official reading
𰪈	U+30A88	no accepted official reading
𰪉	U+30A89	no accepted official reading
𰪋	U+30A8B	no accepted official reading
𰪌	U+30A8C	no accepted official reading
𰪍	U+30A8D	no accepted official reading
𰪎	U+30A8E	no accepted official reading
𰪐	U+30A90	no accepted official reading
𰪑	U+30A91	no accepted official reading
𰪒	U+30A92	no accepted official reading
𰪓	U+30A93	no accepted official reading
𰪔	U+30A94	no accepted official reading
𰪕	U+30A95	no accepted official reading
𰪖	U+30A96	no accepted official reading
𰪗	U+30A97	no accepted official reading
𰪘	U+30A98	no accepted official reading
𰪙	U+30A99	no accepted official reading
𰪚	U+30A9A	no accepted official reading
𰪛	U+30A9B	no accepted official reading
𰪝	U+30A9D	no accepted official reading
𰪞	U+30A9E	no accepted official reading
𰪠	U+30AA0	no accepted official reading
𰪡	U+30AA1	no accepted official reading
𰪢	U+30AA2	no accepted official reading
𰪤	U+30AA4	no accepted official reading
𰪥	U+30AA5	no accepted official reading
𰪦	U+30AA6	no accepted official reading
𰪧	U+30AA7	no accepted official reading
𰪨	U+30AA8	no accepted official reading
𰪩	U+30AA9	no accepted official reading
𰪪	U+30AAA	no accepted official reading
𰪬	U+30AAC	no accepted official reading
𰪮	U+30AAE	no accepted official reading
𰪯	U+30AAF	no accepted official reading
𰪲	U+30AB2	no accepted official reading
𰪳	U+30AB3	no accepted official reading
𰪴	U+30AB4	no accepted official reading
𰪵	U+30AB5	no accepted official reading
𰪷	U+30AB7	no accepted official reading
𰪸	U+30AB8	no accepted official reading
𰪹	U+30AB9	no accepted official reading
𰪺	U+30ABA	no accepted official reading
𰪻	U+30ABB	no accepted official reading
𰪼	U+30ABC	no accepted official reading
𰪽	U+30ABD	no accepted official reading
𰪾	U+30ABE	no accepted official reading
𰪿	U+30ABF	no accepted official reading
𰫀	U+30AC0	no accepted official reading
𰫂	U+30AC2	no accepted official reading
𰫃	U+30AC3	no accepted official reading
𰫄	U+30AC4	no accepted official reading
𰫅	U+30AC5	no accepted official reading
𰫆	U+30AC6	no accepted official reading
𰫇	U+30AC7	no accepted official reading
𰫈	U+30AC8	no accepted official reading
𰫉	U+30AC9	no accepted official reading
𰫊	U+30ACA	no accepted official reading
𰫌	U+30ACC	no accepted official reading
𰫍	U+30ACD	no accepted official reading
𰫎	U+30ACE	no accepted official reading
𰫏	U+30ACF	no accepted official reading
𰫐	U+30AD0	no accepted official reading
𰫑	U+30AD1	no accepted official reading
𰫒	U+30AD2	no accepted official reading
𰫓	U+30AD3	no accepted official reading
𰫔	U+30AD4	no accepted official reading
𰫕	U+30AD5	no accepted official reading
𰫗	U+30AD7	no accepted official reading
𰫘	U+30AD8	no accepted official reading
𰫙	U+30AD9	no accepted official reading
𰫚	U+30ADA	no accepted official reading
𰫛	U+30ADB	no accepted official reading
𰫜	U+30ADC	no accepted official reading
𰫝	U+30ADD	no accepted official reading
𰫞	U+30ADE	no accepted official reading
𰫟	U+30ADF	no accepted official reading
𰫠	U+30AE0	no accepted official reading
𰫡	U+30AE1	no accepted official reading
𰫢	U+30AE2	no accepted official reading
𰫣	U+30AE3	no accepted official reading
𰫤	U+30AE4	no accepted official reading
𰫥	U+30AE5	no accepted official reading
𰫦	U+30AE6	no accepted official reading
𰫧	U+30AE7	no accepted official reading
𰫩	U+30AE9	no accepted official reading
𰫫	U+30AEB	no accepted official reading
𰫬	U+30AEC	no accepted official reading
𰫮	U+30AEE	no accepted official reading
𰫯	U+30AEF	no accepted official reading
𰫰	U+30AF0	no accepted official reading
𰫱	U+30AF1	no accepted official reading
𰫲	U+30AF2	no accepted official reading
𰫳	U+30AF3	no accepted official reading
𰫴	U+30AF4	no accepted official reading
𰫵	U+30AF5	no accepted official reading
𰫶	U+30AF6	no accepted official reading
𰫷	U+30AF7	no accepted official reading
𰫸	U+30AF8	no accepted official reading
𰫹	U+30AF9	no accepted official reading
𰫺	U+30AFA	no accepted official reading
𰫻	U+30AFB	no accepted official reading
𰫾	U+30AFE	no accepted official reading
𰫿	U+30AFF	no accepted official reading
𰬁	U+30B01	no accepted official reading
𰬂	U+30B02	no accepted official reading
𰬊	U+30B0A	no accepted official reading
𰬝	U+30B1D	no accepted official reading
𰬨	U+30B28	no accepted official reading
𰭂	U+30B42	no accepted official reading
𰭃	U+30B43	no accepted official reading
𰭅	U+30B45	no accepted official reading
𰭆	U+30B46	no accepted official reading
𰭇	U+30B47	no accepted official reading
𰭈	U+30B48	no accepted official reading
𰭉	U+30B49	no accepted official reading
𰭊	U+30B4A	no accepted official reading
𰭌	U+30B4C	no accepted official reading
𰭍	U+30B4D	no accepted official reading
𰭎	U+30B4E	no accepted official reading
𰭏	U+30B4F	no accepted official reading
𰭑	U+30B51	no accepted official reading
𰭒	U+30B52	no accepted official reading
𰭓	U+30B53	no accepted official reading
𰭕	U+30B55	no accepted official reading
𰭖	U+30B56	no accepted official reading
𰭗	U+30B57	no accepted official reading
𰭙	U+30B59	no accepted official reading
𰭛	U+30B5B	no accepted official reading
𰭜	U+30B5C	no accepted official reading
𰭝	U+30B5D	no accepted official reading
𰭞	U+30B5E	no accepted official reading
𰭟	U+30B5F	no accepted official reading
𰭠	U+30B60	no accepted official reading
𰭡	U+30B61	no accepted official reading
𰭤	U+30B64	no accepted official reading
𰭥	U+30B65	no accepted official reading
𰭦	U+30B66	no accepted official reading
𰭧	U+30B67	no accepted official reading
𰭨	U+30B68	no accepted official reading
𰭩	U+30B69	no accepted official reading
𰭪	U+30B6A	no accepted official reading
𰭫	U+30B6B	no accepted official reading
𰭬	U+30B6C	no accepted official reading
𰭭	U+30B6D	no accepted official reading
𰭮	U+30B6E	no accepted official reading
𰭯	U+30B6F	no accepted official reading
𰭰	U+30B70	no accepted official reading
𰭱	U+30B71	no accepted official reading
𰭳	U+30B73	no accepted official reading
𰭴	U+30B74	no accepted official reading
𰭵	U+30B75	no accepted official reading
𰭶	U+30B76	no accepted official reading
𰭷	U+30B77	no accepted official reading
𰭸	U+30B78	no accepted official reading
𰭺	U+30B7A	no accepted official reading
𰭻	U+30B7B	no accepted official reading
𰭼	U+30B7C	no accepted official reading
𰭽	U+30B7D	no accepted official reading
𰭾	U+30B7E	no accepted official reading
𰮀	U+30B80	no accepted official reading
𰮁	U+30B81	no accepted official reading
𰮂	U+30B82	no accepted official reading
𰮃	U+30B83	no accepted official reading
𰮄	U+30B84	no accepted official reading
𰮆	U+30B86	no accepted official reading
𰮈	U+30B88	no accepted official reading
𰮉	U+30B89	no accepted official reading
𰮊	U+30B8A	no accepted official reading
𰮍	U+30B8D	no accepted official reading
𰮎	U+30B8E	no accepted official reading
𰮏	U+30B8F	no accepted official reading
𰮐	U+30B90	no accepted official reading
𰮑	U+30B91	no accepted official reading
𰮒	U+30B92	no accepted official reading
𰮓	U+30B93	no accepted official reading
𰮔	U+30B94	no accepted official reading
𰮕	U+30B95	no accepted official reading
𰮖	U+30B96	no accepted official reading
𰮗	U+30B97	no accepted official reading
𰮘	U+30B98	no accepted official reading
𰮚	U+30B9A	no accepted official reading
𰮛	U+30B9B	no accepted official reading
𰮜	U+30B9C	no accepted official reading
𰮞	U+30B9E	no accepted official reading
𰮟	U+30B9F	no accepted official reading
𰮡	U+30BA1	no accepted official reading
𰮢	U+30BA2	no accepted official reading
𰮣	U+30BA3	no accepted official reading
𰮤	U+30BA4	no accepted official reading
𰮦	U+30BA6	no accepted official reading
𰮨	U+30BA8	no accepted official reading
𰮩	U+30BA9	no accepted official reading
𰮪	U+30BAA	no accepted official reading
𰮫	U+30BAB	no accepted official reading
𰮬	U+30BAC	no accepted official reading
𰮭	U+30BAD	no accepted official reading
𰮮	U+30BAE	no accepted official reading
𰮯	U+30BAF	no accepted official reading
𰮰	U+30BB0	no accepted official reading
𰮳	U+30BB3	no accepted official reading
𰮴	U+30BB4	no accepted official reading
𰮵	U+30BB5	no accepted official reading
𰮶	U+30BB6	no accepted official reading
𰮷	U+30BB7	no accepted official reading
𰮸	U+30BB8	no accepted official reading
𰮹	U+30BB9	no accepted official reading
𰮻	U+30BBB	no accepted official reading
𰮼	U+30BBC	no accepted official reading
𰮽	U+30BBD	no accepted official reading
𰮾	U+30BBE	no accepted official reading
𰮿	U+30BBF	no accepted official reading
𰯀	U+30BC0	no accepted official reading
𰯁	U+30BC1	no accepted official reading
𰯂	U+30BC2	no accepted official reading
𰯃	U+30BC3	no accepted official reading
𰯅	U+30BC5	no accepted official reading
𰯇	U+30BC7	no accepted official reading
𰯈	U+30BC8	no accepted official reading
𰯉	U+30BC9	no accepted official reading
𰯊	U+30BCA	no accepted official reading
𰯌	U+30BCC	no accepted official reading
𰯑	U+30BD1	no accepted official reading
𰯒	U+30BD2	no accepted official reading
𰯔	U+30BD4	no accepted official reading
𰯖	U+30BD6	no accepted official reading
𰯗	U+30BD7	no accepted official reading
𰯘	U+30BD8	no accepted official reading
𰯙	U+30BD9	no accepted official reading
𰯚	U+30BDA	no accepted official reading
𰯛	U+30BDB	no accepted official reading
𰯜	U+30BDC	no accepted official reading
𰯟	U+30BDF	no accepted official reading
𰯡	U+30BE1	no accepted official reading
𰯢	U+30BE2	no accepted official reading
𰯣	U+30BE3	no accepted official reading
𰯤	U+30BE4	no accepted official reading
𰯥	U+30BE5	no accepted official reading
𰯦	U+30BE6	no accepted official reading
𰯧	U+30BE7	no accepted official reading
𰯨	U+30BE8	no accepted official reading
𰯪	U+30BEA	no accepted official reading
𰯫	U+30BEB	no accepted official reading
𰯬	U+30BEC	no accepted official reading
𰯭	U+30BED	no accepted official reading
𰯮	U+30BEE	no accepted official reading
𰯯	U+30BEF	no accepted official reading
𰯰	U+30BF0	no accepted official reading
𰯱	U+30BF1	no accepted official reading
𰯳	U+30BF3	no accepted official reading
𰯴	U+30BF4	no accepted official reading
𰯵	U+30BF5	no accepted official reading
𰯷	U+30BF7	no accepted official reading
𰯸	U+30BF8	no accepted official reading
𰯹	U+30BF9	no accepted official reading
𰯺	U+30BFA	no accepted official reading
𰯻	U+30BFB	no accepted official reading
𰯼	U+30BFC	no accepted official reading
𰯽	U+30BFD	no accepted official reading
𰯾	U+30BFE	no accepted official reading
𰯿	U+30BFF	no accepted official reading
𰰀	U+30C00	no accepted official reading
𰰁	U+30C01	no accepted official reading
𰰂	U+30C02	no accepted official reading
𰰃	U+30C03	no accepted official reading
𰰄	U+30C04	no accepted official reading
𰰅	U+30C05	no accepted official reading
𰰇	U+30C07	no accepted official reading
𰰈	U+30C08	no accepted official reading
𰰉	U+30C09	no accepted official reading
𰰊	U+30C0A	no accepted official reading
𰰎	U+30C0E	no accepted official reading
𰰐	U+30C10	no accepted official reading
𰰒	U+30C12	no accepted official reading
𰰓	U+30C13	no accepted official reading
𰰕	U+30C15	no accepted official reading
𰰖	U+30C16	no accepted official reading
𰰗	U+30C17	no accepted official reading
𰰘	U+30C18	no accepted official reading
𰰙	U+30C19	no accepted official reading
𰰚	U+30C1A	no accepted official reading
𰰛	U+30C1B	no accepted official reading
𰰜	U+30C1C	no accepted official reading
𰰝	U+30C1D	no accepted official reading
𰰞	U+30C1E	no accepted official reading
𰰟	U+30C1F	no accepted official reading
𰰡	U+30C21	no accepted official reading
𰰣	U+30C23	no accepted official reading
𰰥	U+30C25	no accepted official reading
𰰦	U+30C26	no accepted official reading
𰰧	U+30C27	no accepted official reading
𰰩	U+30C29	no accepted official reading
𰰪	U+30C2A	no accepted official reading
𰰬	U+30C2C	no accepted official reading
𰰭	U+30C2D	no accepted official reading
𰰯	U+30C2F	no accepted official reading
𰰰	U+30C30	no accepted official reading
𰰲	U+30C32	no accepted official reading
𰰸	U+30C38	no accepted official reading
𰰻	U+30C3B	no accepted official reading
𰰼	U+30C3C	no accepted official reading
𰰽	U+30C3D	no accepted official reading
𰰿	U+30C3F	no accepted official reading
𰱁	U+30C41	no accepted official reading
𰱂	U+30C42	no accepted official reading
𰱃	U+30C43	no accepted official reading
𰱄	U+30C44	no accepted official reading
𰱅	U+30C45	no accepted official reading
𰱆	U+30C46	no accepted official reading
𰱊	U+30C4A	no accepted official reading
𰱎	U+30C4E	no accepted official reading
𰱏	U+30C4F	no accepted official reading
𰱒	U+30C52	no accepted official reading
𰱓	U+30C53	no accepted official reading
𰱔	U+30C54	no accepted official reading
𰱕	U+30C55	no accepted official reading
𰱖	U+30C56	no accepted official reading
𰱗	U+30C57	no accepted official reading
𰱘	U+30C58	no accepted official reading
𰱙	U+30C59	no accepted official reading
𰱚	U+30C5A	no accepted official reading
𰱜	U+30C5C	no accepted official reading
𰱞	U+30C5E	no accepted official reading
𰱡	U+30C61	no accepted official reading
𰱣	U+30C63	no accepted official reading
𰱤	U+30C64	no accepted official reading
𰱥	U+30C65	no accepted official reading
𰱧	U+30C67	no accepted official reading
𰱨	U+30C68	no accepted official reading
𰱪	U+30C6A	no accepted official reading
𰱫	U+30C6B	no accepted official reading
𰱬	U+30C6C	no accepted official reading
𰱭	U+30C6D	no accepted official reading
𰱰	U+30C70	no accepted official reading
𰱳	U+30C73	no accepted official reading
𰱴	U+30C74	no accepted official reading
𰱵	U+30C75	no accepted official reading
𰱶	U+30C76	no accepted official reading
𰱷	U+30C77	no accepted official reading
𰱸	U+30C78	no accepted official reading
𰱹	U+30C79	no accepted official reading
𰱺	U+30C7A	no accepted official reading
𰱻	U+30C7B	no accepted official reading
𰱼	U+30C7C	no accepted official reading
𰱽	U+30C7D	no accepted official reading
𰱿	U+30C7F	no accepted official reading
𰲀	U+30C80	no accepted official reading
𰲃	U+30C83	no accepted official reading
𰲄	U+30C84	no accepted official reading
𰲅	U+30C85	no accepted official reading
𰲆	U+30C86	no accepted official reading
𰲇	U+30C87	no accepted official reading
𰲈	U+30C88	no accepted official reading
𰲉	U+30C89	no accepted official reading
𰲊	U+30C8A	no accepted official reading
𰲋	U+30C8B	no accepted official reading
𰲌	U+30C8C	no accepted official reading
𰲍	U+30C8D	no accepted official reading
𰲎	U+30C8E	no accepted official reading
𰲐	U+30C90	no accepted official reading
𰲑	U+30C91	no accepted official reading
𰲓	U+30C93	no accepted official reading
𰲔	U+30C94	no accepted official reading
𰲕	U+30C95	no accepted official reading
𰲖	U+30C96	no accepted official reading
𰲘	U+30C98	no accepted official reading
𰲙	U+30C99	no accepted official reading
𰲚	U+30C9A	no accepted official reading
𰲛	U+30C9B	no accepted official reading
𰲜	U+30C9C	no accepted official reading
𰲝	U+30C9D	no accepted official reading
𰲡	U+30CA1	no accepted official reading
𰲢	U+30CA2	no accepted official reading
𰲣	U+30CA3	no accepted official reading
𰲤	U+30CA4	no accepted official reading
𰲥	U+30CA5	no accepted official reading
𰲦	U+30CA6	no accepted official reading
𰲧	U+30CA7	no accepted official reading
𰲨	U+30CA8	no accepted official reading
𰲩	U+30CA9	no accepted official reading
𰲪	U+30CAA	no accepted official reading
𰲭	U+30CAD	no accepted official reading
𰲱	U+30CB1	no accepted official reading
𰲷	U+30CB7	no accepted official reading
𰲼	U+30CBC	no accepted official reading
𰲾	U+30CBE	no accepted official reading
𰲿	U+30CBF	no accepted official reading
𰳃	U+30CC3	no accepted official reading
𰳅	U+30CC5	no accepted official reading
𰳆	U+30CC6	no accepted official reading
𰳇	U+30CC7	no accepted official reading
𰳈	U+30CC8	no accepted official reading
𰳉	U+30CC9	no accepted official reading
𰳋	U+30CCB	no accepted official reading
𰳌	U+30CCC	no accepted official reading
𰳍	U+30CCD	no accepted official reading
𰳎	U+30CCE	no accepted official reading
𰳏	U+30CCF	no accepted official reading
𰳐	U+30CD0	no accepted official reading
𰳑	U+30CD1	no accepted official reading
𰳒	U+30CD2	no accepted official reading
𰳓	U+30CD3	no accepted official reading
𰳔	U+30CD4	no accepted official reading
𰳕	U+30CD5	no accepted official reading
𰳖	U+30CD6	no accepted official reading
𰳘	U+30CD8	no accepted official reading
𰳙	U+30CD9	no accepted official reading
𰳛	U+30CDB	no accepted official reading
𰳜	U+30CDC	no accepted official reading
𰳝	U+30CDD	no accepted official reading
𰳟	U+30CDF	no accepted official reading
𰳠	U+30CE0	no accepted official reading
𰳡	U+30CE1	no accepted official reading
𰳢	U+30CE2	no accepted official reading
𰳣	U+30CE3	no accepted official reading
𰳤	U+30CE4	no accepted official reading
𰳥	U+30CE5	no accepted official reading
𰳦	U+30CE6	no accepted official reading
𰳧	U+30CE7	no accepted official reading
𰳨	U+30CE8	no accepted official reading
𰳩	U+30CE9	no accepted official reading
𰳪	U+30CEA	no accepted official reading
𰳫	U+30CEB	no accepted official reading
𰳬	U+30CEC	no accepted official reading
𰳭	U+30CED	no accepted official reading
𰳮	U+30CEE	no accepted official reading
𰳰	U+30CF0	no accepted official reading
𰳱	U+30CF1	no accepted official reading
𰳳	U+30CF3	no accepted official reading
𰳴	U+30CF4	no accepted official reading
𰳶	U+30CF6	no accepted official reading
𰳷	U+30CF7	no accepted official reading
𰳻	U+30CFB	no accepted official reading
𰳽	U+30CFD	no accepted official reading
𰳾	U+30CFE	no accepted official reading
𰳿	U+30CFF	no accepted official reading
𰴀	U+30D00	no accepted official reading
𰴁	U+30D01	no accepted official reading
𰴃	U+30D03	no accepted official reading
𰴅	U+30D05	no accepted official reading
𰴇	U+30D07	no accepted official reading
𰴈	U+30D08	no accepted official reading
𰴉	U+30D09	no accepted official reading
𰴊	U+30D0A	no accepted official reading
𰴋	U+30D0B	no accepted official reading
𰴌	U+30D0C	no accepted official reading
𰴍	U+30D0D	no accepted official reading
𰴎	U+30D0E	no accepted official reading
𰴏	U+30D0F	no accepted official reading
𰴐	U+30D10	no accepted official reading
𰴑	U+30D11	no accepted official reading
𰴒	U+30D12	no accepted official reading
𰴓	U+30D13	no accepted official reading
𰴔	U+30D14	no accepted official reading
𰴟	U+30D1F	no accepted official reading
𰴠	U+30D20	no accepted official reading
𰴡	U+30D21	no accepted official reading
𰴥	U+30D25	no accepted official reading
𰴦	U+30D26	no accepted official reading
𰴧	U+30D27	no accepted official reading
𰴨	U+30D28	no accepted official reading
𰴩	U+30D29	no accepted official reading
𰴪	U+30D2A	no accepted official reading
𰴫	U+30D2B	no accepted official reading
𰴬	U+30D2C	no accepted official reading
𰴭	U+30D2D	no accepted official reading
𰴮	U+30D2E	no accepted official reading
𰴰	U+30D30	no accepted official reading
𰴲	U+30D32	no accepted official reading
𰴳	U+30D33	no accepted official reading
𰴴	U+30D34	no accepted official reading
𰴵	U+30D35	no accepted official reading
𰴶	U+30D36	no accepted official reading
𰴷	U+30D37	no accepted official reading
𰴸	U+30D38	no accepted official reading
𰴹	U+30D39	no accepted official reading
𰴺	U+30D3A	no accepted official reading
𰴻	U+30D3B	no accepted official reading
𰴼	U+30D3C	no accepted official reading
𰴽	U+30D3D	no accepted official reading
𰴾	U+30D3E	no accepted official reading
𰴿	U+30D3F	no accepted official reading
𰵀	U+30D40	no accepted official reading
𰵁	U+30D41	no accepted official reading
𰵂	U+30D42	no accepted official reading
𰵃	U+30D43	no accepted official reading
𰵄	U+30D44	no accepted official reading
𰵆	U+30D46	no accepted official reading
𰵇	U+30D47	no accepted official reading
𰵈	U+30D48	no accepted official reading
𰵉	U+30D49	no accepted official reading
𰵋	U+30D4B	no accepted official reading
𰵘	U+30D58	no accepted official reading
𰵟	U+30D5F	no accepted official reading
𰵪	U+30D6A	no accepted official reading
𰶋	U+30D8B	no accepted official reading
𰶐	U+30D90	no accepted official reading
𰶒	U+30D92	no accepted official reading
𰶓	U+30D93	no accepted official reading
𰶕	U+30D95	no accepted official reading
𰶗	U+30D97	no accepted official reading
𰶘	U+30D98	no accepted official reading
𰶙	U+30D99	no accepted official reading
𰶛	U+30D9B	no accepted official reading
𰶜	U+30D9C	no accepted official reading
𰶝	U+30D9D	no accepted official reading
𰶞	U+30D9E	no accepted official reading
𰶟	U+30D9F	no accepted official reading
𰶠	U+30DA0	no accepted official reading
𰶡	U+30DA1	no accepted official reading
𰶢	U+30DA2	no accepted official reading
𰶣	U+30DA3	no accepted official reading
𰶤	U+30DA4	no accepted official reading
𰶥	U+30DA5	no accepted official reading
𰶦	U+30DA6	no accepted official reading
𰶧	U+30DA7	no accepted official reading
𰶩	U+30DA9	no accepted official reading
𰶪	U+30DAA	no accepted official reading
𰶫	U+30DAB	no accepted official reading
𰶭	U+30DAD	no accepted official reading
𰶮	U+30DAE	no accepted official reading
𰶯	U+30DAF	no accepted official reading
𰶰	U+30DB0	no accepted official reading
𰶱	U+30DB1	no accepted official reading
𰶲	U+30DB2	no accepted official reading
𰶳	U+30DB3	no accepted official reading
𰶴	U+30DB4	no accepted official reading
𰶵	U+30DB5	no accepted official reading
𰶶	U+30DB6	no accepted official reading
𰶷	U+30DB7	no accepted official reading
𰶸	U+30DB8	no accepted official reading
𰶹	U+30DB9	no accepted official reading
𰶺	U+30DBA	no accepted official reading
𰶻	U+30DBB	no accepted official reading
𰶼	U+30DBC	no accepted official reading
𰶽	U+30DBD	no accepted official reading
𰶾	U+30DBE	no accepted official reading
𰶿	U+30DBF	no accepted official reading
𰷀	U+30DC0	no accepted official reading
𰷁	U+30DC1	no accepted official reading
𰷂	U+30DC2	no accepted official reading
𰷄	U+30DC4	no accepted official reading
𰷅	U+30DC5	no accepted official reading
𰷆	U+30DC6	no accepted official reading
𰷇	U+30DC7	no accepted official reading
𰷈	U+30DC8	no accepted official reading
𰷉	U+30DC9	no accepted official reading
𰷊	U+30DCA	no accepted official reading
𰷋	U+30DCB	no accepted official reading
𰷌	U+30DCC	no accepted official reading
𰷎	U+30DCE	no accepted official reading
𰷏	U+30DCF	no accepted official reading
𰷑	U+30DD1	no accepted official reading
𰷒	U+30DD2	no accepted official reading
𰷓	U+30DD3	no accepted official reading
𰷔	U+30DD4	no accepted official reading
𰷕	U+30DD5	no accepted official reading
𰷗	U+30DD7	no accepted official reading
𰷘	U+30DD8	no accepted official reading
𰷙	U+30DD9	no accepted official reading
𰷚	U+30DDA	no accepted official reading
𰷛	U+30DDB	no accepted official reading
𰷜	U+30DDC	no accepted official reading
𰷟	U+30DDF	no accepted official reading
𰷣	U+30DE3	no accepted official reading
𰷯	U+30DEF	no accepted official reading
𰷰	U+30DF0	no accepted official reading
𰷱	U+30DF1	no accepted official reading
𰷲	U+30DF2	no accepted official reading
𰷷	U+30DF7	no accepted official reading
𰷹	U+30DF9	no accepted official reading
𰷺	U+30DFA	no accepted official reading
𰷽	U+30DFD	no accepted official reading
𰸀	U+30E00	no accepted official reading
𰸁	U+30E01	no accepted official reading
𰸂	U+30E02	no accepted official reading
𰸃	U+30E03	no accepted official reading
𰸄	U+30E04	no accepted official reading
𰸅	U+30E05	no accepted official reading
𰸆	U+30E06	no accepted official reading
𰸌	U+30E0C	no accepted official reading
𰸍	U+30E0D	no accepted official reading
𰸏	U+30E0F	no accepted official reading
𰸑	U+30E11	no accepted official reading
𰸒	U+30E12	no accepted official reading
𰸓	U+30E13	no accepted official reading
𰸕	U+30E15	no accepted official reading
𰸖	U+30E16	no accepted official reading
𰸘	U+30E18	no accepted official reading
𰸙	U+30E19	no accepted official reading
𰸜	U+30E1C	no accepted official reading
𰸝	U+30E1D	no accepted official reading
𰸟	U+30E1F	no accepted official reading
𰸠	U+30E20	no accepted official reading
𰸡	U+30E21	no accepted official reading
𰸢	U+30E22	no accepted official reading
𰸣	U+30E23	no accepted official reading
𰸥	U+30E25	no accepted official reading
𰸦	U+30E26	no accepted official reading
𰸧	U+30E27	no accepted official reading
𰸨	U+30E28	no accepted official reading
𰸩	U+30E29	no accepted official reading
𰸪	U+30E2A	no accepted official reading
𰸫	U+30E2B	no accepted official reading
𰸬	U+30E2C	no accepted official reading
𰸭	U+30E2D	no accepted official reading
𰸮	U+30E2E	no accepted official reading
𰸯	U+30E2F	no accepted official reading
𰸱	U+30E31	no accepted official reading
𰸲	U+30E32	no accepted official reading
𰸴	U+30E34	no accepted official reading
𰸶	U+30E36	no accepted official reading
𰸷	U+30E37	no accepted official reading
𰸺	U+30E3A	no accepted official reading
𰸻	U+30E3B	no accepted official reading
𰸽	U+30E3D	no accepted official reading
𰸾	U+30E3E	no accepted official reading
𰸿	U+30E3F	no accepted official reading
𰹁	U+30E41	no accepted official reading
𰹂	U+30E42	no accepted official reading
𰹃	U+30E43	no accepted official reading
𰹄	U+30E44	no accepted official reading
𰹅	U+30E45	no accepted official reading
𰹆	U+30E46	no accepted official reading
𰹇	U+30E47	no accepted official reading
𰹈	U+30E48	no accepted official reading
𰹉	U+30E49	no accepted official reading
𰹊	U+30E4A	no accepted official reading
𰹋	U+30E4B	no accepted official reading
𰹌	U+30E4C	no accepted official reading
𰹍	U+30E4D	no accepted official reading
𰹎	U+30E4E	no accepted official reading
𰹏	U+30E4F	no accepted official reading
𰹐	U+30E50	no accepted official reading
𰹒	U+30E52	no accepted official reading
𰹓	U+30E53	no accepted official reading
𰹔	U+30E54	no accepted official reading
𰹖	U+30E56	no accepted official reading
𰹗	U+30E57	no accepted official reading
𰹘	U+30E58	no accepted official reading
𰹙	U+30E59	no accepted official reading
𰹚	U+30E5A	no accepted official reading
𰹛	U+30E5B	no accepted official reading
𰹝	U+30E5D	no accepted official reading
𰹞	U+30E5E	no accepted official reading
𰹟	U+30E5F	no accepted official reading
𰹠	U+30E60	no accepted official reading
𰹡	U+30E61	no accepted official reading
𰹢	U+30E62	no accepted official reading
𰹣	U+30E63	no accepted official reading
𰹤	U+30E64	no accepted official reading
𰹥	U+30E65	no accepted official reading
𰹦	U+30E66	no accepted official reading
𰹧	U+30E67	no accepted official reading
𰹨	U+30E68	no accepted official reading
𰹩	U+30E69	no accepted official reading
𰹪	U+30E6A	no accepted official reading
𰹮	U+30E6E	no accepted official reading
𰹯	U+30E6F	no accepted official reading
𰹰	U+30E70	no accepted official reading
𰹱	U+30E71	no accepted official reading
𰹹	U+30E79	no accepted official reading
𰺥	U+30EA5	no accepted official reading
𰺦	U+30EA6	no accepted official reading
𰺧	U+30EA7	no accepted official reading
𰺩	U+30EA9	no accepted official reading
𰺪	U+30EAA	no accepted official reading
𰺬	U+30EAC	no accepted official reading
𰺮	U+30EAE	no accepted official reading
𰺯	U+30EAF	no accepted official reading
𰺰	U+30EB0	no accepted official reading
𰺱	U+30EB1	no accepted official reading
𰺳	U+30EB3	no accepted official reading
𰺴	U+30EB4	no accepted official reading
𰺵	U+30EB5	no accepted official reading
𰺶	U+30EB6	no accepted official reading
𰺸	U+30EB8	no accepted official reading
𰺹	U+30EB9	no accepted official reading
𰺺	U+30EBA	no accepted official reading
𰺻	U+30EBB	no accepted official reading
𰺼	U+30EBC	no accepted official reading
𰺽	U+30EBD	no accepted official reading
𰺾	U+30EBE	no accepted official reading
𰺿	U+30EBF	no accepted official reading
𰻀	U+30EC0	no accepted official reading
𰻁	U+30EC1	no accepted official reading
𰻂	U+30EC2	no accepted official reading
𰻃	U+30EC3	no accepted official reading
𰻅	U+30EC5	no accepted official reading
𰻇	U+30EC7	no accepted official reading
𰻈	U+30EC8	no accepted official reading
𰻉	U+30EC9	no accepted official reading
𰻊	U+30ECA	no accepted official reading
𰻋	U+30ECB	no accepted official reading
𰻌	U+30ECC	no accepted official reading
𰻍	U+30ECD	no accepted official reading
𰻎	U+30ECE	no accepted official reading
𰻏	U+30ECF	no accepted official reading
𰻐	U+30ED0	no accepted official reading
𰻑	U+30ED1	no accepted official reading
𰻓	U+30ED3	no accepted official reading
𰻔	U+30ED4	no accepted official reading
𰻕	U+30ED5	no accepted official reading
𰻖	U+30ED6	no accepted official reading
𰻗	U+30ED7	no accepted official reading
𰻘	U+30ED8	no accepted official reading
𰻙	U+30ED9	no accepted official reading
𰻚	U+30EDA	no accepted official reading
𰻛	U+30EDB	no accepted official reading
𰻜	U+30EDC	no accepted official reading
𰻠	U+30EE0	no accepted official reading
𰻢	U+30EE2	no accepted official reading
𰻣	U+30EE3	no accepted official reading
𰻤	U+30EE4	no accepted official reading
𰻥	U+30EE5	no accepted official reading
𰻧	U+30EE7	no accepted official reading
𰻨	U+30EE8	no accepted official reading
𰻩	U+30EE9	no accepted official reading
𰻫	U+30EEB	no accepted official reading
𰻬	U+30EEC	no accepted official reading
𰻭	U+30EED	no accepted official reading
𰻯	U+30EEF	no accepted official reading
𰻰	U+30EF0	no accepted official reading
𰻱	U+30EF1	no accepted official reading
𰻴	U+30EF4	no accepted official reading
𰻵	U+30EF5	no accepted official reading
𰻶	U+30EF6	no accepted official reading
𰻷	U+30EF7	no accepted official reading
𰻸	U+30EF8	no accepted official reading
𰻺	U+30EFA	no accepted official reading
𰻼	U+30EFC	no accepted official reading
𰻽	U+30EFD	no accepted official reading
𰻾	U+30EFE	no accepted official reading
𰼀	U+30F00	no accepted official reading
𰼂	U+30F02	no accepted official reading
𰼃	U+30F03	no accepted official reading
𰼄	U+30F04	no accepted official reading
𰼆	U+30F06	no accepted official reading
𰼇	U+30F07	no accepted official reading
𰼈	U+30F08	no accepted official reading
𰼉	U+30F09	no accepted official reading
𰼊	U+30F0A	no accepted official reading
𰼌	U+30F0C	no accepted official reading
𰼎	U+30F0E	no accepted official reading
𰼐	U+30F10	no accepted official reading
𰼒	U+30F12	no accepted official reading
𰼓	U+30F13	no accepted official reading
𰼔	U+30F14	no accepted official reading
𰼕	U+30F15	no accepted official reading
𰼖	U+30F16	no accepted official reading
𰼗	U+30F17	no accepted official reading
𰼘	U+30F18	no accepted official reading
𰼙	U+30F19	no accepted official reading
𰼜	U+30F1C	no accepted official reading
𰼝	U+30F1D	no accepted official reading
𰼞	U+30F1E	no accepted official reading
𰼟	U+30F1F	no accepted official reading
𰼠	U+30F20	no accepted official reading
𰼡	U+30F21	no accepted official reading
𰼢	U+30F22	no accepted official reading
𰼣	U+30F23	no accepted official reading
𰼤	U+30F24	no accepted official reading
𰼥	U+30F25	no accepted official reading
𰼦	U+30F26	no accepted official reading
𰼧	U+30F27	no accepted official reading
𰼨	U+30F28	no accepted official reading
𰼩	U+30F29	no accepted official reading
𰼪	U+30F2A	no accepted official reading
𰼫	U+30F2B	no accepted official reading
𰼬	U+30F2C	no accepted official reading
𰼭	U+30F2D	no accepted official reading
𰼮	U+30F2E	no accepted official reading
𰼯	U+30F2F	no accepted official reading
𰼰	U+30F30	no accepted official reading
𰼱	U+30F31	no accepted official reading
𰼲	U+30F32	no accepted official reading
𰼳	U+30F33	no accepted official reading
𰼴	U+30F34	no accepted official reading
𰼵	U+30F35	no accepted official reading
𰼶	U+30F36	no accepted official reading
𰼷	U+30F37	no accepted official reading
𰼸	U+30F38	no accepted official reading
𰼹	U+30F39	no accepted official reading
𰼼	U+30F3C	no accepted official reading
𰼽	U+30F3D	no accepted official reading
𰼾	U+30F3E	no accepted official reading
𰼿	U+30F3F	no accepted official reading
𰽀	U+30F40	no accepted official reading
𰽁	U+30F41	no accepted official reading
𰽂	U+30F42	no accepted official reading
𰽃	U+30F43	no accepted official reading
𰽅	U+30F45	no accepted official reading
𰽆	U+30F46	no accepted official reading
𰽇	U+30F47	no accepted official reading
𰽈	U+30F48	no accepted official reading
𰽉	U+30F49	no accepted official reading
𰽊	U+30F4A	no accepted official reading
𰽋	U+30F4B	no accepted official reading
𰽌	U+30F4C	no accepted official reading
𰽍	U+30F4D	no accepted official reading
𰽏	U+30F4F	no accepted official reading
𰽐	U+30F50	no accepted official reading
𰽑	U+30F51	no accepted official reading
𰽒	U+30F52	no accepted official reading
𰽓	U+30F53	no accepted official reading
𰽔	U+30F54	no accepted official reading
𰽙	U+30F59	no accepted official reading
𰽟	U+30F5F	no accepted official reading
𰽤	U+30F64	no accepted official reading
𰽪	U+30F6A	no accepted official reading
𰾉	U+30F89	no accepted official reading
𰾋	U+30F8B	no accepted official reading
𰾔	U+30F94	no accepted official reading
𰾣	U+30FA3	no accepted official reading
𰾧	U+30FA7	no accepted official reading
𰾨	U+30FA8	no accepted official reading
𰾵	U+30FB5	no accepted official reading
𰾺	U+30FBA	no accepted official reading
𰿀	U+30FC0	no accepted official reading
𰿅	U+30FC5	no accepted official reading
𰿋	U+30FCB	no accepted official reading
𰿌	U+30FCC	no accepted official reading
𰿍	U+30FCD	no accepted official reading
𰿎	U+30FCE	no accepted official reading
𰿏	U+30FCF	no accepted official reading
𰿐	U+30FD0	no accepted official reading
𰿑	U+30FD1	no accepted official reading
𰿒	U+30FD2	no accepted official reading
𰿓	U+30FD3	no accepted official reading
𰿔	U+30FD4	no accepted official reading
𰿕	U+30FD5	no accepted official reading
𰿖	U+30FD6	no accepted official reading
𰿗	U+30FD7	no accepted official reading
𰿘	U+30FD8	no accepted official reading
𰿙	U+30FD9	no accepted official reading
𰿚	U+30FDA	no accepted official reading
𰿛	U+30FDB	no accepted official reading
𰿜	U+30FDC	no accepted official reading
𰿝	U+30FDD	no accepted official reading
𰿞	U+30FDE	no accepted official reading
𰿟	U+30FDF	no accepted official reading
𰿠	U+30FE0	no accepted official reading
𰿡	U+30FE1	no accepted official reading
𰿢	U+30FE2	no accepted official reading
𰿣	U+30FE3	no accepted official reading
𰿤	U+30FE4	no accepted official reading
𰿥	U+30FE5	no accepted official reading
𰿧	U+30FE7	no accepted official reading
𰿭	U+30FED	no accepted official reading
𰿮	U+30FEE	no accepted official reading
𰿯	U+30FEF	no accepted official reading
𰿱	U+30FF1	no accepted official reading
𰿲	U+30FF2	no accepted official reading
𰿶	U+30FF6	no accepted official reading
𰿷	U+30FF7	no accepted official reading
𰿸	U+30FF8	no accepted official reading
𰿼	U+30FFC	no accepted official reading
𱀀	U+31000	no accepted official reading
𱀁	U+31001	no accepted official reading
𱀂	U+31002	no accepted official reading
𱀃	U+31003	no accepted official reading
𱀄	U+31004	no accepted official reading
𱀅	U+31005	no accepted official reading
𱀆	U+31006	no accepted official reading
𱀇	U+31007	no accepted official reading
𱀈	U+31008	no accepted official reading
𱀊	U+3100A	no accepted official reading
𱀋	U+3100B	no accepted official reading
𱀌	U+3100C	no accepted official reading
𱀏	U+3100F	no accepted official reading
𱀐	U+31010	no accepted official reading
𱀔	U+31014	no accepted official reading
𱀕	U+31015	no accepted official reading
𱀖	U+31016	no accepted official reading
𱀗	U+31017	no accepted official reading
𱀙	U+31019	no accepted official reading
𱀚	U+3101A	no accepted official reading
𱀛	U+3101B	no accepted official reading
𱀜	U+3101C	no accepted official reading
𱀝	U+3101D	no accepted official reading
𱀞	U+3101E	no accepted official reading
𱀟	U+3101F	no accepted official reading
𱀠	U+31020	no accepted official reading
𱀢	U+31022	no accepted official reading
𱀣	U+31023	no accepted official reading
𱀤	U+31024	no accepted official reading
𱀥	U+31025	no accepted official reading
𱀦	U+31026	no accepted official reading
𱀧	U+31027	no accepted official reading
𱀩	U+31029	no accepted official reading
𱀪	U+3102A	no accepted official reading
𱀫	U+3102B	no accepted official reading
𱀬	U+3102C	no accepted official reading
𱀮	U+3102E	no accepted official reading
𱀯	U+3102F	no accepted official reading
𱀰	U+31030	no accepted official reading
𱀱	U+31031	no accepted official reading
𱀲	U+31032	no accepted official reading
𱀴	U+31034	no accepted official reading
𱀵	U+31035	no accepted official reading
𱀷	U+31037	no accepted official reading
𱀸	U+31038	no accepted official reading
𱀹	U+31039	no accepted official reading
𱀺	U+3103A	no accepted official reading
𱀻	U+3103B	no accepted official reading
𱀼	U+3103C	no accepted official reading
𱀿	U+3103F	no accepted official reading
𱁁	U+31041	no accepted official reading
𱁂	U+31042	no accepted official reading
𱁄	U+31044	no accepted official reading
𱁅	U+31045	no accepted official reading
𱁆	U+31046	no accepted official reading
𱁇	U+31047	no accepted official reading
𱁈	U+31048	no accepted official reading
𱁉	U+31049	no accepted official reading
𱁊	U+3104A	no accepted official reading
𱁋	U+3104B	no accepted official reading
𱁌	U+3104C	no accepted official reading
𱁍	U+3104D	no accepted official reading
𱁎	U+3104E	no accepted official reading
𱁏	U+3104F	no accepted official reading
𱁐	U+31050	no accepted official reading
𱁑	U+31051	no accepted official reading
𱁓	U+31053	no accepted official reading
𱁔	U+31054	no accepted official reading
𱁗	U+31057	no accepted official reading
𱁙	U+31059	no accepted official reading
𱁚	U+3105A	no accepted official reading
𱁠	U+31060	no accepted official reading
𱁣	U+31063	no accepted official reading
𱁤	U+31064	no accepted official reading
𱁥	U+31065	no accepted official reading
𱁦	U+31066	no accepted official reading
𱁩	U+31069	no accepted official reading
𱁪	U+3106A	no accepted official reading
𱁫	U+3106B	no accepted official reading
𱁬	U+3106C	no accepted official reading
𱁭	U+3106D	no accepted official reading
𱁮	U+3106E	no accepted official reading
𱁯	U+3106F	no accepted official reading
𱁰	U+31070	no accepted official reading
𱁲	U+31072	no accepted official reading
𱁵	U+31075	no accepted official reading
𱁸	U+31078	no accepted official reading
𱁼	U+3107C	no accepted official reading
𱁿	U+3107F	no accepted official reading
𱂀	U+31080	no accepted official reading
𱂁	U+31081	no accepted official reading
𱂂	U+31082	no accepted official reading
𱂏	U+3108F	no accepted official reading
𱂑	U+31091	no accepted official reading
𱂒	U+31092	no accepted official reading
𱂔	U+31094	no accepted official reading
𱂕	U+31095	no accepted official reading
𱂖	U+31096	no accepted official reading
𱂗	U+31097	no accepted official reading
𱂘	U+31098	no accepted official reading
𱂙	U+31099	no accepted official reading
𱂚	U+3109A	no accepted official reading
𱂛	U+3109B	no accepted official reading
𱂜	U+3109C	no accepted official reading
𱂞	U+3109E	no accepted official reading
𱂟	U+3109F	no accepted official reading
𱂹	U+310B9	no accepted official reading
𱂼	U+310BC	no accepted official reading
𱂽	U+310BD	no accepted official reading
𱂾	U+310BE	no accepted official reading
𱂿	U+310BF	no accepted official reading
𱃀	U+310C0	no accepted official reading
𱃁	U+310C1	no accepted official reading
𱃂	U+310C2	no accepted official reading
𱃃	U+310C3	no accepted official reading
𱃄	U+310C4	no accepted official reading
𱃅	U+310C5	no accepted official reading
𱃆	U+310C6	no accepted official reading
𱃇	U+310C7	no accepted official reading
𱃈	U+310C8	no accepted official reading
𱃉	U+310C9	no accepted official reading
𱃊	U+310CA	no accepted official reading
𱃋	U+310CB	no accepted official reading
𱃌	U+310CC	no accepted official reading
𱃍	U+310CD	no accepted official reading
𱃎	U+310CE	no accepted official reading
𱃏	U+310CF	no accepted official reading
𱃐	U+310D0	no accepted official reading
𱃑	U+310D1	no accepted official reading
𱃒	U+310D2	no accepted official reading
𱃓	U+310D3	no accepted official reading
𱃛	U+310DB	no accepted official reading
𱃡	U+310E1	no accepted official reading
𱃢	U+310E2	no accepted official reading
𱃣	U+310E3	no accepted official reading
𱃤	U+310E4	no accepted official reading
𱃥	U+310E5	no accepted official reading
𱃦	U+310E6	no accepted official reading
𱃧	U+310E7	no accepted official reading
𱃨	U+310E8	no accepted official reading
𱃩	U+310E9	no accepted official reading
𱃪	U+310EA	no accepted official reading
𱃫	U+310EB	no accepted official reading
𱃬	U+310EC	no accepted official reading
𱃭	U+310ED	no accepted official reading
𱃯	U+310EF	no accepted official reading
𱃰	U+310F0	no accepted official reading
𱃶	U+310F6	no accepted official reading
𱃻	U+310FB	no accepted official reading
𱄂	U+31102	no accepted official reading
𱄅	U+31105	no accepted official reading
𱄋	U+3110B	no accepted official reading
𱄎	U+3110E	no accepted official reading
𱄏	U+3110F	no accepted official reading
𱄐	U+31110	no accepted official reading
𱄑	U+31111	no accepted official reading
𱄒	U+31112	no accepted official reading
𱄓	U+31113	no accepted official reading
𱄔	U+31114	no accepted official reading
𱄕	U+31115	no accepted official reading
𱄖	U+31116	no accepted official reading
𱄗	U+31117	no accepted official reading
𱄘	U+31118	no accepted official reading
𱄙	U+31119	no accepted official reading
𱄚	U+3111A	no accepted official reading
𱄛	U+3111B	no accepted official reading
𱄜	U+3111C	no accepted official reading
𱄝	U+3111D	no accepted official reading
𱄠	U+31120	no accepted official reading
𱄢	U+31122	no accepted official reading
𱄣	U+31123	no accepted official reading
𱄤	U+31124	no accepted official reading
𱄥	U+31125	no accepted official reading
𱄧	U+31127	no accepted official reading
𱄨	U+31128	no accepted official reading
𱄩	U+31129	no accepted official reading
𱄬	U+3112C	no accepted official reading
𱄭	U+3112D	no accepted official reading
𱄮	U+3112E	no accepted official reading
𱄯	U+3112F	no accepted official reading
𱄰	U+31130	no accepted official reading
𱄲	U+31132	no accepted official reading
𱄵	U+31135	no accepted official reading
𱄶	U+31136	no accepted official reading
𱄷	U+31137	no accepted official reading
𱄹	U+31139	no accepted official reading
𱄻	U+3113B	no accepted official reading
𱅆	U+31146	no accepted official reading
𱅌	U+3114C	no accepted official reading
𱅑	U+31151	no accepted official reading
𱅒	U+31152	no accepted official reading
𱅘	U+31158	no accepted official reading
𱅥	U+31165	no accepted official reading
𱅨	U+31168	no accepted official reading
𱅭	U+3116D	no accepted official reading
𱅯	U+3116F	no accepted official reading
𱅰	U+31170	no accepted official reading
𱅱	U+31171	no accepted official reading
𱅲	U+31172	no accepted official reading
𱅳	U+31173	no accepted official reading
𱅴	U+31174	no accepted official reading
𱅵	U+31175	no accepted official reading
𱅶	U+31176	no accepted official reading
𱅷	U+31177	no accepted official reading
𱅸	U+31178	no accepted official reading
𱅹	U+31179	no accepted official reading
𱅺	U+3117A	no accepted official reading
𱅻	U+3117B	no accepted official reading
𱅼	U+3117C	no accepted official reading
𱅽	U+3117D	no accepted official reading
𱅿	U+3117F	no accepted official reading
𱆂	U+31182	no accepted official reading
𱆉	U+31189	no accepted official reading
𱆊	U+3118A	no accepted official reading
𱆋	U+3118B	no accepted official reading
𱆎	U+3118E	no accepted official reading
𱆏	U+3118F	no accepted official reading
𱆐	U+31190	no accepted official reading
𱆒	U+31192	no accepted official reading
𱆓	U+31193	no accepted official reading
𱆕	U+31195	no accepted official reading
𱆖	U+31196	no accepted official reading
𱆗	U+31197	no accepted official reading
𱆘	U+31198	no accepted official reading
𱆜	U+3119C	no accepted official reading
𱆝	U+3119D	no accepted official reading
𱆞	U+3119E	no accepted official reading
𱆟	U+3119F	no accepted official reading
𱆡	U+311A1	no accepted official reading
𱆢	U+311A2	no accepted official reading
𱆣	U+311A3	no accepted official reading
𱆤	U+311A4	no accepted official reading
𱆦	U+311A6	no accepted official reading
𱆧	U+311A7	no accepted official reading
𱆩	U+311A9	no accepted official reading
𱆪	U+311AA	no accepted official reading
𱆫	U+311AB	no accepted official reading
𱆬	U+311AC	no accepted official reading
𱆭	U+311AD	no accepted official reading
𱆮	U+311AE	no accepted official reading
𱆯	U+311AF	no accepted official reading
𱆰	U+311B0	no accepted official reading
𱆱	U+311B1	no accepted official reading
𱆲	U+311B2	no accepted official reading
𱆳	U+311B3	no accepted official reading
𱆴	U+311B4	no accepted official reading
𱆵	U+311B5	no accepted official reading
𱆶	U+311B6	no accepted official reading
𱆷	U+311B7	no accepted official reading
𱆸	U+311B8	no accepted official reading
𱆹	U+311B9	no accepted official reading
𱆺	U+311BA	no accepted official reading
𱆼	U+311BC	no accepted official reading
𱆽	U+311BD	no accepted official reading
𱆾	U+311BE	no accepted official reading
𱆿	U+311BF	no accepted official reading
𱇁	U+311C1	no accepted official reading
𱇂	U+311C2	no accepted official reading
𱇄	U+311C4	no accepted official reading
𱇅	U+311C5	no accepted official reading
𱇆	U+311C6	no accepted official reading
𱇇	U+311C7	no accepted official reading
𱇈	U+311C8	no accepted official reading
𱇉	U+311C9	no accepted official reading
𱇊	U+311CA	no accepted official reading
𱇋	U+311CB	no accepted official reading
𱇌	U+311CC	no accepted official reading
𱇎	U+311CE	no accepted official reading
𱈝	U+3121D	no accepted official reading
𱈞	U+3121E	no accepted official reading
𱈟	U+3121F	no accepted official reading
𱈠	U+31220	no accepted official reading
𱈡	U+31221	no accepted official reading
𱈢	U+31222	no accepted official reading
𱈣	U+31223	no accepted official reading
𱈤	U+31224	no accepted official reading
𱈥	U+31225	no accepted official reading
𱈦	U+31226	no accepted official reading
𱈧	U+31227	no accepted official reading
𱈨	U+31228	no accepted official reading
𱈩	U+31229	no accepted official reading
𱈪	U+3122A	no accepted official reading
𱈫	U+3122B	no accepted official reading
𱈬	U+3122C	no accepted official reading
𱈭	U+3122D	no accepted official reading
𱈮	U+3122E	no accepted official reading
𱈯	U+3122F	no accepted official reading
𱈰	U+31230	no accepted official reading
𱈱	U+31231	no accepted official reading
𱈲	U+31232	no accepted official reading
𱈳	U+31233	no accepted official reading
𱈴	U+31234	no accepted official reading
𱈶	U+31236	no accepted official reading
𱈷	U+31237	no accepted official reading
𱈸	U+31238	no accepted official reading
𱈹	U+31239	no accepted official reading
𱈻	U+3123B	no accepted official reading
𱈼	U+3123C	no accepted official reading
𱈽	U+3123D	no accepted official reading
𱈾	U+3123E	no accepted official reading
𱈿	U+3123F	no accepted official reading
𱉀	U+31240	no accepted official reading
𱉁	U+31241	no accepted official reading
𱉃	U+31243	no accepted official reading
𱉄	U+31244	no accepted official reading
𱉉	U+31249	no accepted official reading
𱊉	U+31289	no accepted official reading
𱊔	U+31294	no accepted official reading
𱊞	U+3129E	no accepted official reading
𱊨	U+312A8	no accepted official reading
𱊴	U+312B4	no accepted official reading
𱊶	U+312B6	no accepted official reading
𱊷	U+312B7	no accepted official reading
𱊸	U+312B8	no accepted official reading
𱊹	U+312B9	no accepted official reading
𱊾	U+312BE	no accepted official reading
𱊿	U+312BF	no accepted official reading
𱋀	U+312C0	no accepted official reading
𱋁	U+312C1	no accepted official reading
𱋂	U+312C2	no accepted official reading
𱋃	U+312C3	no accepted official reading
𱋄	U+312C4	no accepted official reading
𱋅	U+312C5	no accepted official reading
𱋉	U+312C9	no accepted official reading
𱋌	U+312CC	no accepted official reading
𱋑	U+312D1	no accepted official reading
𱋒	U+312D2	no accepted official reading
𱋚	U+312DA	no accepted official reading
𱋛	U+312DB	no accepted official reading
𱋞	U+312DE	no accepted official reading
𱋟	U+312DF	no accepted official reading
𱋠	U+312E0	no accepted official reading
𱋣	U+312E3	no accepted official reading
𱋤	U+312E4	no accepted official reading
𱋥	U+312E5	no accepted official reading
𱋦	U+312E6	no accepted official reading
𱋧	U+312E7	no accepted official reading
𱋨	U+312E8	no accepted official reading
𱋯	U+312EF	no accepted official reading
𱋰	U+312F0	no accepted official reading
𱋲	U+312F2	no accepted official reading
𱋳	U+312F3	no accepted official reading
𱋸	U+312F8	no accepted official reading
𱋺	U+312FA	no accepted official reading
𱋼	U+312FC	no accepted official reading
𱌂	U+31302	no accepted official reading
𱌋	U+3130B	no accepted official reading
𱌍	U+3130D	no accepted official reading
𱌎	U+3130E	no accepted official reading
𱌑	U+31311	no accepted official reading
𱌒	U+31312	no accepted official reading
𱌓	U+31313	no accepted official reading
𱌔	U+31314	no accepted official reading
𱌕	U+31315	no accepted official reading
𱌚	U+3131A	no accepted official reading
𱌛	U+3131B	no accepted official reading
𱌜	U+3131C	no accepted official reading
𱌝	U+3131D	no accepted official reading
𱌞	U+3131E	no accepted official reading
𱌟	U+3131F	no accepted official reading
𱌡	U+31321	no accepted official reading
𱌢	U+31322	no accepted official reading
𱌣	U+31323	no accepted official reading
𱌤	U+31324	no accepted official reading
𱌦	U+31326	no accepted official reading
𱌧	U+31327	no accepted official reading
𱌨	U+31328	no accepted official reading
𱌩	U+31329	no accepted official reading
𱌪	U+3132A	no accepted official reading
𱌻	U+3133B	no accepted official reading
𱌼	U+3133C	no accepted official reading
𱌾	U+3133E	no accepted official reading
𱌿	U+3133F	no accepted official reading
𱍀	U+31340	no accepted official reading
𱍃	U+31343	no accepted official reading
𱍉	U+31349	no accepted official reading
𱍊	U+3134A	no accepted official reading
𱍑	U+31351	no accepted official reading
𱍒	U+31352	no accepted official reading
𱍔	U+31354	no accepted official reading
𱍖	U+31356	no accepted official reading
𱍘	U+31358	no accepted official reading
𱍙	U+31359	no accepted official reading
𱍚	U+3135A	no accepted official reading
𱍜	U+3135C	no accepted official reading
𱍝	U+3135D	no accepted official reading
𱍞	U+3135E	no accepted official reading
𱍟	U+3135F	no accepted official reading
𱍠	U+31360	no accepted official reading
𱍡	U+31361	no accepted official reading
𱍣	U+31363	no accepted official reading
𱍤	U+31364	no accepted official reading
𱍦	U+31366	no accepted official reading
𱍧	U+31367	no accepted official reading
𱍨	U+31368	no accepted official reading
𱍩	U+31369	no accepted official reading
𱍸	U+31378	no accepted official reading
𱍹	U+31379	no accepted official reading
𱍻	U+3137B	no accepted official reading
𱍼	U+3137C	no accepted official reading
𱍽	U+3137D	no accepted official reading
𱍾	U+3137E	no accepted official reading
𱍿	U+3137F	no accepted official reading
𱎀	U+31380	no accepted official reading
𱎁	U+31381	no accepted official reading
𱎂	U+31382	no accepted official reading
𱎃	U+31383	no accepted official reading
𱎄	U+31384	no accepted official reading
𱎅	U+31385	no accepted official reading
𱎆	U+31386	no accepted official reading
𱎇	U+31387	no accepted official reading
𱎈	U+31388	no accepted official reading
𱎉	U+31389	no accepted official reading
𱎊	U+3138A	no accepted official reading
𱎋	U+3138B	no accepted official reading
𱎌	U+3138C	no accepted official reading
𱎍	U+3138D	no accepted official reading
𱎎	U+3138E	no accepted official reading
𱎏	U+3138F	no accepted official reading
𱎐	U+31390	no accepted official reading
𱎑	U+31391	no accepted official reading
𱎒	U+31392	no accepted official reading
𱎔	U+31394	no accepted official reading
𱎕	U+31395	no accepted official reading
𱎖	U+31396	no accepted official reading
𱎗	U+31397	no accepted official reading
𱎘	U+31398	no accepted official reading
𱎙	U+31399	no accepted official reading
𱎛	U+3139B	no accepted official reading
𱎜	U+3139C	no accepted official reading
𱎝	U+3139D	no accepted official reading
𱎞	U+3139E	no accepted official reading
𱎟	U+3139F	no accepted official reading
𱎡	U+313A1	no accepted official reading
𱎣	U+313A3	no accepted official reading
𱎥	U+313A5	no accepted official reading
𱎦	U+313A6	no accepted official reading
𱎧	U+313A7	no accepted official reading
𱎨	U+313A8	no accepted official reading
𱎪	U+313AA	no accepted official reading
𱎫	U+313AB	no accepted official reading
𱎬	U+313AC	no accepted official reading
𱎭	U+313AD	no accepted official reading
𱎮	U+313AE	no accepted official reading
𱎯	U+313AF	no accepted official reading
𱎰	U+313B0	no accepted official reading
𱎱	U+313B1	no accepted official reading
𱎲	U+313B2	no accepted official reading
𱎳	U+313B3	no accepted official reading
𱎴	U+313B4	no accepted official reading
𱎵	U+313B5	no accepted official reading
𱎷	U+313B7	no accepted official reading
𱎸	U+313B8	no accepted official reading
𱎺	U+313BA	no accepted official reading
𱎻	U+313BB	no accepted official reading
𱎽	U+313BD	no accepted official reading
𱎿	U+313BF	no accepted official reading
𱏀	U+313C0	no accepted official reading
𱏁	U+313C1	no accepted official reading
𱏂	U+313C2	no accepted official reading
𱏃	U+313C3	no accepted official reading
𱏆	U+313C6	no accepted official reading
𱏇	U+313C7	no accepted official reading
𱏈	U+313C8	no accepted official reading
𱏉	U+313C9	no accepted official reading
𱏊	U+313CA	no accepted official reading
𱏍	U+313CD	no accepted official reading
𱏎	U+313CE	no accepted official reading
𱏏	U+313CF	no accepted official reading
𱏐	U+313D0	no accepted official reading
𱏑	U+313D1	no accepted official reading
𱏒	U+313D2	no accepted official reading
𱏓	U+313D3	no accepted official reading
𱏔	U+313D4	no accepted official reading
𱏕	U+313D5	no accepted official reading
𱏖	U+313D6	no accepted official reading
𱏗	U+313D7	no accepted official reading
𱏘	U+313D8	no accepted official reading
𱏙	U+313D9	no accepted official reading
𱏚	U+313DA	no accepted official reading
𱏛	U+313DB	no accepted official reading
𱏜	U+313DC	no accepted official reading
𱏝	U+313DD	no accepted official reading
𱏞	U+313DE	no accepted official reading
𱏟	U+313DF	no accepted official reading
𱏠	U+313E0	no accepted official reading
𱏡	U+313E1	no accepted official reading
𱏢	U+313E2	no accepted official reading
𱏣	U+313E3	no accepted official reading
𱏥	U+313E5	no accepted official reading
𱏦	U+313E6	no accepted official reading
𱏧	U+313E7	no accepted official reading
𱏨	U+313E8	no accepted official reading
𱏩	U+313E9	no accepted official reading
𱏪	U+313EA	no accepted official reading
𱏫	U+313EB	no accepted official reading
𱏬	U+313EC	no accepted official reading
𱏭	U+313ED	no accepted official reading
𱏮	U+313EE	no accepted official reading
𱏯	U+313EF	no accepted official reading
𱏰	U+313F0	no accepted official reading
𱏲	U+313F2	no accepted official reading
𱏳	U+313F3	no accepted official reading
𱏴	U+313F4	no accepted official reading
𱏶	U+313F6	no accepted official reading
𱏷	U+313F7	no accepted official reading
𱏸	U+313F8	no accepted official reading
𱏹	U+313F9	no accepted official reading
𱏺	U+313FA	no accepted official reading
𱏻	U+313FB	no accepted official reading
𱏼	U+313FC	no accepted official reading
𱏽	U+313FD	no accepted official reading
𱏾	U+313FE	no accepted official reading
𱏿	U+313FF	no accepted official reading
𱐀	U+31400	no accepted official reading
𱐂	U+31402	no accepted official reading
𱐃	U+31403	no accepted official reading
𱐄	U+31404	no accepted official reading
𱐅	U+31405	no accepted official reading
𱐆	U+31406	no accepted official reading
𱐇	U+31407	no accepted official reading
𱐈	U+31408	no accepted official reading
𱐉	U+31409	no accepted official reading
𱐊	U+3140A	no accepted official reading
𱐋	U+3140B	no accepted official reading
𱐌	U+3140C	no accepted official reading
𱐍	U+3140D	no accepted official reading
𱐎	U+3140E	no accepted official reading
𱐐	U+31410	no accepted official reading
𱐑	U+31411	no accepted official reading
𱐒	U+31412	no accepted official reading
𱐓	U+31413	no accepted official reading
𱐔	U+31414	no accepted official reading
𱐕	U+31415	no accepted official reading
𱐖	U+31416	no accepted official reading
𱐗	U+31417	no accepted official reading
𱐘	U+31418	no accepted official reading
𱐚	U+3141A	no accepted official reading
𱐜	U+3141C	no accepted official reading
𱐟	U+3141F	no accepted official reading
𱐠	U+31420	no accepted official reading
𱐡	U+31421	no accepted official reading
𱐢	U+31422	no accepted official reading
𱐣	U+31423	no accepted official reading
𱐤	U+31424	no accepted official reading
𱐥	U+31425	no accepted official reading
𱐦	U+31426	no accepted official reading
𱐧	U+31427	no accepted official reading
𱐨	U+31428	no accepted official reading
𱐩	U+31429	no accepted official reading
𱐪	U+3142A	no accepted official reading
𱐫	U+3142B	no accepted official reading
𱐬	U+3142C	no accepted official reading
𱐭	U+3142D	no accepted official reading
𱐮	U+3142E	no accepted official reading
𱐯	U+3142F	no accepted official reading
𱐰	U+31430	no accepted official reading
𱐱	U+31431	no accepted official reading
𱐲	U+31432	no accepted official reading
𱐳	U+31433	no accepted official reading
𱐴	U+31434	no accepted official reading
𱐶	U+31436	no accepted official reading
𱐷	U+31437	no accepted official reading
𱐸	U+31438	no accepted official reading
𱐹	U+31439	no accepted official reading
𱐺	U+3143A	no accepted official reading
𱐻	U+3143B	no accepted official reading
𱐼	U+3143C	no accepted official reading
𱐽	U+3143D	no accepted official reading
𱐾	U+3143E	no accepted official reading
𱑀	U+31440	no accepted official reading
𱑁	U+31441	no accepted official reading
𱑂	U+31442	no accepted official reading
𱑃	U+31443	no accepted official reading
𱑄	U+31444	no accepted official reading
𱑅	U+31445	no accepted official reading
𱑆	U+31446	no accepted official reading
𱑇	U+31447	no accepted official reading
𱑈	U+31448	no accepted official reading
𱑉	U+31449	no accepted official reading
𱑊	U+3144A	no accepted official reading
𱑋	U+3144B	no accepted official reading
𱑌	U+3144C	no accepted official reading
𱑎	U+3144E	no accepted official reading
𱑐	U+31450	no accepted official reading
𱑑	U+31451	no accepted official reading
𱑒	U+31452	no accepted official reading
𱑓	U+31453	no accepted official reading
𱑔	U+31454	no accepted official reading
𱑕	U+31455	no accepted official reading
𱑗	U+31457	no accepted official reading
𱑘	U+31458	no accepted official reading
𱑙	U+31459	no accepted official reading
𱑚	U+3145A	no accepted official reading
𱑛	U+3145B	no accepted official reading
𱑜	U+3145C	no accepted official reading
𱑝	U+3145D	no accepted official reading
𱑞	U+3145E	no accepted official reading
𱑟	U+3145F	no accepted official reading
𱑠	U+31460	no accepted official reading
𱑡	U+31461	no accepted official reading
𱑢	U+31462	no accepted official reading
𱑣	U+31463	no accepted official reading
𱑤	U+31464	no accepted official reading
𱑥	U+31465	no accepted official reading
𱑦	U+31466	no accepted official reading
𱑧	U+31467	no accepted official reading
𱑨	U+31468	no accepted official reading
𱑩	U+31469	no accepted official reading
𱑪	U+3146A	no accepted official reading
𱑫	U+3146B	no accepted official reading
𱑬	U+3146C	no accepted official reading
𱑭	U+3146D	no accepted official reading
𱑮	U+3146E	no accepted official reading
𱑯	U+3146F	no accepted official reading
𱑱	U+31471	no accepted official reading
𱑲	U+31472	no accepted official reading
𱑳	U+31473	no accepted official reading
𱑴	U+31474	no accepted official reading
𱑵	U+31475	no accepted official reading
𱑶	U+31476	no accepted official reading
𱑷	U+31477	no accepted official reading
𱑸	U+31478	no accepted official reading
𱑺	U+3147A	no accepted official reading
𱑻	U+3147B	no accepted official reading
𱑽	U+3147D	no accepted official reading
𱑾	U+3147E	no accepted official reading
𱑿	U+3147F	no accepted official reading
𱒀	U+31480	no accepted official reading
𱒂	U+31482	no accepted official reading
𱒃	U+31483	no accepted official reading
𱒄	U+31484	no accepted official reading
𱒅	U+31485	no accepted official reading
𱒆	U+31486	no accepted official reading
𱒈	U+31488	no accepted official reading
𱒉	U+31489	no accepted official reading
𱒊	U+3148A	no accepted official reading
𱒋	U+3148B	no accepted official reading
𱒌	U+3148C	no accepted official reading
𱒍	U+3148D	no accepted official reading
𱒎	U+3148E	no accepted official reading
𱒏	U+3148F	no accepted official reading
𱒐	U+31490	no accepted official reading
𱒑	U+31491	no accepted official reading
𱒒	U+31492	no accepted official reading
𱒓	U+31493	no accepted official reading
𱒔	U+31494	no accepted official reading
𱒕	U+31495	no accepted official reading
𱒖	U+31496	no accepted official reading
𱒗	U+31497	no accepted official reading
𱒘	U+31498	no accepted official reading
𱒙	U+31499	no accepted official reading
𱒚	U+3149A	no accepted official reading
𱒛	U+3149B	no accepted official reading
𱒜	U+3149C	no accepted official reading
𱒝	U+3149D	no accepted official reading
𱒞	U+3149E	no accepted official reading
𱒟	U+3149F	no accepted official reading
𱒠	U+314A0	no accepted official reading
𱒢	U+314A2	no accepted official reading
𱒥	U+314A5	no accepted official reading
𱒦	U+314A6	no accepted official reading
𱒧	U+314A7	no accepted official reading
𱒨	U+314A8	no accepted official reading
𱒩	U+314A9	no accepted official reading
𱒪	U+314AA	no accepted official reading
𱒫	U+314AB	no accepted official reading
𱒬	U+314AC	no accepted official reading
𱒮	U+314AE	no accepted official reading
𱒯	U+314AF	no accepted official reading
𱒰	U+314B0	no accepted official reading
𱒱	U+314B1	no accepted official reading
𱒳	U+314B3	no accepted official reading
𱒴	U+314B4	no accepted official reading
𱒵	U+314B5	no accepted official reading
𱒶	U+314B6	no accepted official reading
𱒷	U+314B7	no accepted official reading
𱒹	U+314B9	no accepted official reading
𱒺	U+314BA	no accepted official reading
𱒻	U+314BB	no accepted official reading
𱒼	U+314BC	no accepted official reading
𱒽	U+314BD	no accepted official reading
𱒾	U+314BE	no accepted official reading
𱒿	U+314BF	no accepted official reading
𱓀	U+314C0	no accepted official reading
𱓁	U+314C1	no accepted official reading
𱓂	U+314C2	no accepted official reading
𱓃	U+314C3	no accepted official reading
𱓅	U+314C5	no accepted official reading
𱓆	U+314C6	no accepted official reading
𱓇	U+314C7	no accepted official reading
𱓈	U+314C8	no accepted official reading
𱓉	U+314C9	no accepted official reading
𱓊	U+314CA	no accepted official reading
𱓋	U+314CB	no accepted official reading
𱓌	U+314CC	no accepted official reading
𱓍	U+314CD	no accepted official reading
𱓎	U+314CE	no accepted official reading
𱓏	U+314CF	no accepted official reading
𱓐	U+314D0	no accepted official reading
𱓑	U+314D1	no accepted official reading
𱓒	U+314D2	no accepted official reading
𱓓	U+314D3	no accepted official reading
𱓔	U+314D4	no accepted official reading
𱓕	U+314D5	no accepted official reading
𱓖	U+314D6	no accepted official reading
𱓗	U+314D7	no accepted official reading
𱓙	U+314D9	no accepted official reading
𱓚	U+314DA	no accepted official reading
𱓛	U+314DB	no accepted official reading
𱓜	U+314DC	no accepted official reading
𱓝	U+314DD	no accepted official reading
𱓞	U+314DE	no accepted official reading
𱓟	U+314DF	no accepted official reading
𱓠	U+314E0	no accepted official reading
𱓢	U+314E2	no accepted official reading
𱓣	U+314E3	no accepted official reading
𱓤	U+314E4	no accepted official reading
𱓦	U+314E6	no accepted official reading
𱓧	U+314E7	no accepted official reading
𱓨	U+314E8	no accepted official reading
𱓩	U+314E9	no accepted official reading
𱓪	U+314EA	no accepted official reading
𱓫	U+314EB	no accepted official reading
𱓬	U+314EC	no accepted official reading
𱓭	U+314ED	no accepted official reading
𱓮	U+314EE	no accepted official reading
𱓯	U+314EF	no accepted official reading
𱓱	U+314F1	no accepted official reading
𱓲	U+314F2	no accepted official reading
𱓳	U+314F3	no accepted official reading
𱓵	U+314F5	no accepted official reading
𱓶	U+314F6	no accepted official reading
𱓷	U+314F7	no accepted official reading
𱓸	U+314F8	no accepted official reading
𱓹	U+314F9	no accepted official reading
𱓺	U+314FA	no accepted official reading
𱓻	U+314FB	no accepted official reading
𱓼	U+314FC	no accepted official reading
𱓽	U+314FD	no accepted official reading
𱓾	U+314FE	no accepted official reading
𱓿	U+314FF	no accepted official reading
𱔁	U+31501	no accepted official reading
𱔃	U+31503	no accepted official reading
𱔄	U+31504	no accepted official reading
𱔅	U+31505	no accepted official reading
𱔆	U+31506	no accepted official reading
𱔇	U+31507	no accepted official reading
𱔈	U+31508	no accepted official reading
𱔉	U+31509	no accepted official reading
𱔊	U+3150A	no accepted official reading
𱔋	U+3150B	no accepted official reading
𱔌	U+3150C	no accepted official reading
𱔍	U+3150D	no accepted official reading
𱔎	U+3150E	no accepted official reading
𱔏	U+3150F	no accepted official reading
𱔐	U+31510	no accepted official reading
𱔑	U+31511	no accepted official reading
𱔒	U+31512	no accepted official reading
𱔓	U+31513	no accepted official reading
𱔔	U+31514	no accepted official reading
𱔕	U+31515	no accepted official reading
𱔖	U+31516	no accepted official reading
𱔗	U+31517	no accepted official reading
𱔘	U+31518	no accepted official reading
𱔙	U+31519	no accepted official reading
𱔚	U+3151A	no accepted official reading
𱔛	U+3151B	no accepted official reading
𱔜	U+3151C	no accepted official reading
𱔝	U+3151D	no accepted official reading
𱔞	U+3151E	no accepted official reading
𱔟	U+3151F	no accepted official reading
𱔠	U+31520	no accepted official reading
𱔡	U+31521	no accepted official reading
𱔢	U+31522	no accepted official reading
𱔣	U+31523	no accepted official reading
𱔤	U+31524	no accepted official reading
𱔥	U+31525	no accepted official reading
𱔦	U+31526	no accepted official reading
𱔧	U+31527	no accepted official reading
𱔨	U+31528	no accepted official reading
𱔫	U+3152B	no accepted official reading
𱔭	U+3152D	no accepted official reading
𱔮	U+3152E	no accepted official reading
𱔰	U+31530	no accepted official reading
𱔲	U+31532	no accepted official reading
𱔳	U+31533	no accepted official reading
𱔴	U+31534	no accepted official reading
𱔵	U+31535	no accepted official reading
𱔶	U+31536	no accepted official reading
𱔷	U+31537	no accepted official reading
𱔸	U+31538	no accepted official reading
𱔹	U+31539	no accepted official reading
𱔺	U+3153A	no accepted official reading
𱔻	U+3153B	no accepted official reading
𱔼	U+3153C	no accepted official reading
𱔽	U+3153D	no accepted official reading
𱔾	U+3153E	no accepted official reading
𱔿	U+3153F	no accepted official reading
𱕀	U+31540	no accepted official reading
𱕁	U+31541	no accepted official reading
𱕂	U+31542	no accepted official reading
𱕃	U+31543	no accepted official reading
𱕄	U+31544	no accepted official reading
𱕅	U+31545	no accepted official reading
𱕆	U+31546	no accepted official reading
𱕇	U+31547	no accepted official reading
𱕈	U+31548	no accepted official reading
𱕊	U+3154A	no accepted official reading
𱕋	U+3154B	no accepted official reading
𱕌	U+3154C	no accepted official reading
𱕍	U+3154D	no accepted official reading
𱕎	U+3154E	no accepted official reading
𱕏	U+3154F	no accepted official reading
𱕐	U+31550	no accepted official reading
𱕑	U+31551	no accepted official reading
𱕒	U+31552	no accepted official reading
𱕓	U+31553	no accepted official reading
𱕔	U+31554	no accepted official reading
𱕕	U+31555	no accepted official reading
𱕖	U+31556	no accepted official reading
𱕗	U+31557	no accepted official reading
𱕙	U+31559	no accepted official reading
𱕚	U+3155A	no accepted official reading
𱕛	U+3155B	no accepted official reading
𱕜	U+3155C	no accepted official reading
𱕝	U+3155D	no accepted official reading
𱕞	U+3155E	no accepted official reading
𱕟	U+3155F	no accepted official reading
𱕠	U+31560	no accepted official reading
𱕡	U+31561	no accepted official reading
𱕢	U+31562	no accepted official reading
𱕣	U+31563	no accepted official reading
𱕤	U+31564	no accepted official reading
𱕥	U+31565	no accepted official reading
𱕦	U+31566	no accepted official reading
𱕧	U+31567	no accepted official reading
𱕨	U+31568	no accepted official reading
𱕩	U+31569	no accepted official reading
𱕪	U+3156A	no accepted official reading
𱕫	U+3156B	no accepted official reading
𱕬	U+3156C	no accepted official reading
𱕭	U+3156D	no accepted official reading
𱕮	U+3156E	no accepted official reading
𱕯	U+3156F	no accepted official reading
𱕱	U+31571	no accepted official reading
𱕲	U+31572	no accepted official reading
𱕳	U+31573	no accepted official reading
𱕵	U+31575	no accepted official reading
𱕶	U+31576	no accepted official reading
𱕷	U+31577	no accepted official reading
𱕸	U+31578	no accepted official reading
𱕹	U+31579	no accepted official reading
𱕺	U+3157A	no accepted official reading
𱕼	U+3157C	no accepted official reading
𱕽	U+3157D	no accepted official reading
𱕾	U+3157E	no accepted official reading
𱕿	U+3157F	no accepted official reading
𱖁	U+31581	no accepted official reading
𱖂	U+31582	no accepted official reading
𱖃	U+31583	no accepted official reading
𱖄	U+31584	no accepted official reading
𱖆	U+31586	no accepted official reading
𱖈	U+31588	no accepted official reading
𱖉	U+31589	no accepted official reading
𱖊	U+3158A	no accepted official reading
𱖋	U+3158B	no accepted official reading
𱖌	U+3158C	no accepted official reading
𱖍	U+3158D	no accepted official reading
𱖏	U+3158F	no accepted official reading
𱖐	U+31590	no accepted official reading
𱖓	U+31593	no accepted official reading
𱖔	U+31594	no accepted official reading
𱖗	U+31597	no accepted official reading
𱖘	U+31598	no accepted official reading
𱖚	U+3159A	no accepted official reading
𱖜	U+3159C	no accepted official reading
𱖠	U+315A0	no accepted official reading
𱖡	U+315A1	no accepted official reading
𱖢	U+315A2	no accepted official reading
𱖤	U+315A4	no accepted official reading
𱖥	U+315A5	no accepted official reading
𱖦	U+315A6	no accepted official reading
𱖨	U+315A8	no accepted official reading
𱖩	U+315A9	no accepted official reading
𱖪	U+315AA	no accepted official reading
𱖬	U+315AC	no accepted official reading
𱖮	U+315AE	no accepted official reading
𱖯	U+315AF	no accepted official reading
𱖱	U+315B1	no accepted official reading
𱖳	U+315B3	no accepted official reading
𱖴	U+315B4	no accepted official reading
𱖵	U+315B5	no accepted official reading
𱖶	U+315B6	no accepted official reading
𱖸	U+315B8	no accepted official reading
𱖹	U+315B9	no accepted official reading
𱖺	U+315BA	no accepted official reading
𱖻	U+315BB	no accepted official reading
𱖾	U+315BE	no accepted official reading
𱖿	U+315BF	no accepted official reading
𱗀	U+315C0	no accepted official reading
𱗁	U+315C1	no accepted official reading
𱗆	U+315C6	no accepted official reading
𱗇	U+315C7	no accepted official reading
𱗈	U+315C8	no accepted official reading
𱗊	U+315CA	no accepted official reading
𱗏	U+315CF	no accepted official reading
𱗑	U+315D1	no accepted official reading
𱗒	U+315D2	no accepted official reading
𱗓	U+315D3	no accepted official reading
𱗔	U+315D4	no accepted official reading
𱗗	U+315D7	no accepted official reading
𱗘	U+315D8	no accepted official reading
𱗙	U+315D9	no accepted official reading
𱗛	U+315DB	no accepted official reading
𱗜	U+315DC	no accepted official reading
𱗝	U+315DD	no accepted official reading
𱗠	U+315E0	no accepted official reading
𱗡	U+315E1	no accepted official reading
𱗣	U+315E3	no accepted official reading
𱗥	U+315E5	no accepted official reading
𱗦	U+315E6	no accepted official reading
𱗧	U+315E7	no accepted official reading
𱗨	U+315E8	no accepted official reading
𱗩	U+315E9	no accepted official reading
𱗪	U+315EA	no accepted official reading
𱗫	U+315EB	no accepted official reading
𱗬	U+315EC	no accepted official reading
𱗭	U+315ED	no accepted official reading
𱗮	U+315EE	no accepted official reading
𱗯	U+315EF	no accepted official reading
𱗰	U+315F0	no accepted official reading
𱗱	U+315F1	no accepted official reading
𱗲	U+315F2	no accepted official reading
𱗳	U+315F3	no accepted official reading
𱗴	U+315F4	no accepted official reading
𱗵	U+315F5	no accepted official reading
𱗶	U+315F6	no accepted official reading
𱗷	U+315F7	no accepted official reading
𱗸	U+315F8	no accepted official reading
𱗹	U+315F9	no accepted official reading
𱗺	U+315FA	no accepted official reading
𱗻	U+315FB	no accepted official reading
𱗼	U+315FC	no accepted official reading
𱗽	U+315FD	no accepted official reading
𱗾	U+315FE	no accepted official reading
𱗿	U+315FF	no accepted official reading
𱘀	U+31600	no accepted official reading
𱘁	U+31601	no accepted official reading
𱘂	U+31602	no accepted official reading
𱘃	U+31603	no accepted official reading
𱘄	U+31604	no accepted official reading
𱘅	U+31605	no accepted official reading
𱘇	U+31607	no accepted official reading
𱘈	U+31608	no accepted official reading
𱘊	U+3160A	no accepted official reading
𱘋	U+3160B	no accepted official reading
𱘌	U+3160C	no accepted official reading
𱘍	U+3160D	no accepted official reading
𱘎	U+3160E	no accepted official reading
𱘏	U+3160F	no accepted official reading
𱘐	U+31610	no accepted official reading
𱘑	U+31611	no accepted official reading
𱘒	U+31612	no accepted official reading
𱘔	U+31614	no accepted official reading
𱘕	U+31615	no accepted official reading
𱘖	U+31616	no accepted official reading
𱘗	U+31617	no accepted official reading
𱘘	U+31618	no accepted official reading
𱘙	U+31619	no accepted official reading
𱘚	U+3161A	no accepted official reading
𱘛	U+3161B	no accepted official reading
𱘜	U+3161C	no accepted official reading
𱘝	U+3161D	no accepted official reading
𱘞	U+3161E	no accepted official reading
𱘟	U+3161F	no accepted official reading
𱘠	U+31620	no accepted official reading
𱘡	U+31621	no accepted official reading
𱘢	U+31622	no accepted official reading
𱘣	U+31623	no accepted official reading
𱘦	U+31626	no accepted official reading
𱘧	U+31627	no accepted official reading
𱘨	U+31628	no accepted official reading
𱘩	U+31629	no accepted official reading
𱘪	U+3162A	no accepted official reading
𱘬	U+3162C	no accepted official reading
𱘯	U+3162F	no accepted official reading
𱘰	U+31630	no accepted official reading
𱘱	U+31631	no accepted official reading
𱘳	U+31633	no accepted official reading
𱘴	U+31634	no accepted official reading
𱘵	U+31635	no accepted official reading
𱘶	U+31636	no accepted official reading
𱘷	U+31637	no accepted official reading
𱘸	U+31638	no accepted official reading
𱘹	U+31639	no accepted official reading
𱘺	U+3163A	no accepted official reading
𱘻	U+3163B	no accepted official reading
𱘼	U+3163C	no accepted official reading
𱘽	U+3163D	no accepted official reading
𱘾	U+3163E	no accepted official reading
𱘿	U+3163F	no accepted official reading
𱙀	U+31640	no accepted official reading
𱙁	U+31641	no accepted official reading
𱙂	U+31642	no accepted official reading
𱙃	U+31643	no accepted official reading
𱙄	U+31644	no accepted official reading
𱙅	U+31645	no accepted official reading
𱙆	U+31646	no accepted official reading
𱙇	U+31647	no accepted official reading
𱙈	U+31648	no accepted official reading
𱙉	U+31649	no accepted official reading
𱙋	U+3164B	no accepted official reading
𱙌	U+3164C	no accepted official reading
𱙍	U+3164D	no accepted official reading
𱙎	U+3164E	no accepted official reading
𱙏	U+3164F	no accepted official reading
𱙐	U+31650	no accepted official reading
𱙑	U+31651	no accepted official reading
𱙒	U+31652	no accepted official reading
𱙓	U+31653	no accepted official reading
𱙔	U+31654	no accepted official reading
𱙕	U+31655	no accepted official reading
𱙖	U+31656	no accepted official reading
𱙙	U+31659	no accepted official reading
𱙚	U+3165A	no accepted official reading
𱙛	U+3165B	no accepted official reading
𱙜	U+3165C	no accepted official reading
𱙝	U+3165D	no accepted official reading
𱙞	U+3165E	no accepted official reading
𱙟	U+3165F	no accepted official reading
𱙠	U+31660	no accepted official reading
𱙢	U+31662	no accepted official reading
𱙣	U+31663	no accepted official reading
𱙤	U+31664	no accepted official reading
𱙥	U+31665	no accepted official reading
𱙦	U+31666	no accepted official reading
𱙨	U+31668	no accepted official reading
𱙩	U+31669	no accepted official reading
𱙪	U+3166A	no accepted official reading
𱙫	U+3166B	no accepted official reading
𱙬	U+3166C	no accepted official reading
𱙭	U+3166D	no accepted official reading
𱙮	U+3166E	no accepted official reading
𱙯	U+3166F	no accepted official reading
𱙰	U+31670	no accepted official reading
𱙱	U+31671	no accepted official reading
𱙲	U+31672	no accepted official reading
𱙳	U+31673	no accepted official reading
𱙴	U+31674	no accepted official reading
𱙵	U+31675	no accepted official reading
𱙶	U+31676	no accepted official reading
𱙷	U+31677	no accepted official reading
𱙸	U+31678	no accepted official reading
𱙹	U+31679	no accepted official reading
𱙺	U+3167A	no accepted official reading
𱙻	U+3167B	no accepted official reading
𱙽	U+3167D	no accepted official reading
𱙾	U+3167E	no accepted official reading
𱙿	U+3167F	no accepted official reading
𱚀	U+31680	no accepted official reading
𱚁	U+31681	no accepted official reading
𱚂	U+31682	no accepted official reading
𱚃	U+31683	no accepted official reading
𱚄	U+31684	no accepted official reading
𱚅	U+31685	no accepted official reading
𱚆	U+31686	no accepted official reading
𱚇	U+31687	no accepted official reading
𱚈	U+31688	no accepted official reading
𱚉	U+31689	no accepted official reading
𱚊	U+3168A	no accepted official reading
𱚋	U+3168B	no accepted official reading
𱚌	U+3168C	no accepted official reading
𱚍	U+3168D	no accepted official reading
𱚎	U+3168E	no accepted official reading
𱚏	U+3168F	no accepted official reading
𱚐	U+31690	no accepted official reading
𱚑	U+31691	no accepted official reading
𱚒	U+31692	no accepted official reading
𱚓	U+31693	no accepted official reading
𱚔	U+31694	no accepted official reading
𱚕	U+31695	no accepted official reading
𱚖	U+31696	no accepted official reading
𱚗	U+31697	no accepted official reading
𱚘	U+31698	no accepted official reading
𱚙	U+31699	no accepted official reading
𱚚	U+3169A	no accepted official reading
𱚛	U+3169B	no accepted official reading
𱚜	U+3169C	no accepted official reading
𱚞	U+3169E	no accepted official reading
𱚟	U+3169F	no accepted official reading
𱚠	U+316A0	no accepted official reading
𱚢	U+316A2	no accepted official reading
𱚣	U+316A3	no accepted official reading
𱚤	U+316A4	no accepted official reading
𱚥	U+316A5	no accepted official reading
𱚧	U+316A7	no accepted official reading
𱚨	U+316A8	no accepted official reading
𱚩	U+316A9	no accepted official reading
𱚪	U+316AA	no accepted official reading
𱚫	U+316AB	no accepted official reading
𱚬	U+316AC	no accepted official reading
𱚭	U+316AD	no accepted official reading
𱚰	U+316B0	no accepted official reading
𱚲	U+316B2	no accepted official reading
𱚳	U+316B3	no accepted official reading
𱚴	U+316B4	no accepted official reading
𱚵	U+316B5	no accepted official reading
𱚶	U+316B6	no accepted official reading
𱚷	U+316B7	no accepted official reading
𱚸	U+316B8	no accepted official reading
𱚹	U+316B9	no accepted official reading
𱚺	U+316BA	no accepted official reading
𱚻	U+316BB	no accepted official reading
𱚼	U+316BC	no accepted official reading
𱚽	U+316BD	no accepted official reading
𱚾	U+316BE	no accepted official reading
𱚿	U+316BF	no accepted official reading
𱛀	U+316C0	no accepted official reading
𱛁	U+316C1	no accepted official reading
𱛂	U+316C2	no accepted official reading
𱛄	U+316C4	no accepted official reading
𱛇	U+316C7	no accepted official reading
𱛈	U+316C8	no accepted official reading
𱛉	U+316C9	no accepted official reading
𱛊	U+316CA	no accepted official reading
𱛋	U+316CB	no accepted official reading
𱛌	U+316CC	no accepted official reading
𱛎	U+316CE	no accepted official reading
𱛏	U+316CF	no accepted official reading
𱛐	U+316D0	no accepted official reading
𱛑	U+316D1	no accepted official reading
𱛕	U+316D5	no accepted official reading
𱛖	U+316D6	no accepted official reading
𱛗	U+316D7	no accepted official reading
𱛘	U+316D8	no accepted official reading
𱛙	U+316D9	no accepted official reading
𱛚	U+316DA	no accepted official reading
𱛛	U+316DB	no accepted official reading
𱛜	U+316DC	no accepted official reading
𱛝	U+316DD	no accepted official reading
𱛞	U+316DE	no accepted official reading
𱛟	U+316DF	no accepted official reading
𱛠	U+316E0	no accepted official reading
𱛡	U+316E1	no accepted official reading
𱛢	U+316E2	no accepted official reading
𱛣	U+316E3	no accepted official reading
𱛤	U+316E4	no accepted official reading
𱛥	U+316E5	no accepted official reading
𱛦	U+316E6	no accepted official reading
𱛩	U+316E9	no accepted official reading
𱛪	U+316EA	no accepted official reading
𱛫	U+316EB	no accepted official reading
𱛭	U+316ED	no accepted official reading
𱛮	U+316EE	no accepted official reading
𱛯	U+316EF	no accepted official reading
𱛰	U+316F0	no accepted official reading
𱛱	U+316F1	no accepted official reading
𱛲	U+316F2	no accepted official reading
𱛳	U+316F3	no accepted official reading
𱛴	U+316F4	no accepted official reading
𱛵	U+316F5	no accepted official reading
𱛶	U+316F6	no accepted official reading
𱛷	U+316F7	no accepted official reading
𱛸	U+316F8	no accepted official reading
𱛻	U+316FB	no accepted official reading
𱛼	U+316FC	no accepted official reading
𱛾	U+316FE	no accepted official reading
𱛿	U+316FF	no accepted official reading
𱜁	U+31701	no accepted official reading
𱜃	U+31703	no accepted official reading
𱜄	U+31704	no accepted official reading
𱜅	U+31705	no accepted official reading
𱜇	U+31707	no accepted official reading
𱜈	U+31708	no accepted official reading
𱜉	U+31709	no accepted official reading
𱜊	U+3170A	no accepted official reading
𱜋	U+3170B	no accepted official reading
𱜌	U+3170C	no accepted official reading
𱜍	U+3170D	no accepted official reading
𱜎	U+3170E	no accepted official reading
𱜏	U+3170F	no accepted official reading
𱜐	U+31710	no accepted official reading
𱜓	U+31713	no accepted official reading
𱜔	U+31714	no accepted official reading
𱜕	U+31715	no accepted official reading
𱜖	U+31716	no accepted official reading
𱜗	U+31717	no accepted official reading
𱜘	U+31718	no accepted official reading
𱜙	U+31719	no accepted official reading
𱜚	U+3171A	no accepted official reading
𱜛	U+3171B	no accepted official reading
𱜜	U+3171C	no accepted official reading
𱜝	U+3171D	no accepted official reading
𱜞	U+3171E	no accepted official reading
𱜠	U+31720	no accepted official reading
𱜡	U+31721	no accepted official reading
𱜢	U+31722	no accepted official reading
𱜤	U+31724	no accepted official reading
𱜥	U+31725	no accepted official reading
𱜧	U+31727	no accepted official reading
𱜨	U+31728	no accepted official reading
𱜩	U+31729	no accepted official reading
𱜪	U+3172A	no accepted official reading
𱜫	U+3172B	no accepted official reading
𱜭	U+3172D	no accepted official reading
𱜮	U+3172E	no accepted official reading
𱜯	U+3172F	no accepted official reading
𱜰	U+31730	no accepted official reading
𱜱	U+31731	no accepted official reading
𱜲	U+31732	no accepted official reading
𱜳	U+31733	no accepted official reading
𱜴	U+31734	no accepted official reading
𱜵	U+31735	no accepted official reading
𱜶	U+31736	no accepted official reading
𱜷	U+31737	no accepted official reading
𱜸	U+31738	no accepted official reading
𱜺	U+3173A	no accepted official reading
𱜻	U+3173B	no accepted official reading
𱜼	U+3173C	no accepted official reading
𱜽	U+3173D	no accepted official reading
𱜾	U+3173E	no accepted official reading
𱜿	U+3173F	no accepted official reading
𱝀	U+31740	no accepted official reading
𱝁	U+31741	no accepted official reading
𱝂	U+31742	no accepted official reading
𱝅	U+31745	no accepted official reading
𱝆	U+31746	no accepted official reading
𱝇	U+31747	no accepted official reading
𱝈	U+31748	no accepted official reading
𱝊	U+3174A	no accepted official reading
𱝋	U+3174B	no accepted official reading
𱝌	U+3174C	no accepted official reading
𱝍	U+3174D	no accepted official reading
𱝎	U+3174E	no accepted official reading
𱝏	U+3174F	no accepted official reading
𱝐	U+31750	no accepted official reading
𱝑	U+31751	no accepted official reading
𱝒	U+31752	no accepted official reading
𱝓	U+31753	no accepted official reading
𱝔	U+31754	no accepted official reading
𱝕	U+31755	no accepted official reading
𱝖	U+31756	no accepted official reading
𱝙	U+31759	no accepted official reading
𱝚	U+3175A	no accepted official reading
𱝛	U+3175B	no accepted official reading
𱝜	U+3175C	no accepted official reading
𱝝	U+3175D	no accepted official reading
𱝞	U+3175E	no accepted official reading
𱝟	U+3175F	no accepted official reading
𱝡	U+31761	no accepted official reading
𱝢	U+31762	no accepted official reading
𱝣	U+31763	no accepted official reading
𱝤	U+31764	no accepted official reading
𱝥	U+31765	no accepted official reading
𱝦	U+31766	no accepted official reading
𱝫	U+3176B	no accepted official reading
𱝬	U+3176C	no accepted official reading
𱝭	U+3176D	no accepted official reading
𱝮	U+3176E	no accepted official reading
𱝯	U+3176F	no accepted official reading
𱝰	U+31770	no accepted official reading
𱝱	U+31771	no accepted official reading
𱝲	U+31772	no accepted official reading
𱝳	U+31773	no accepted official reading
𱝵	U+31775	no accepted official reading
𱝶	U+31776	no accepted official reading
𱝷	U+31777	no accepted official reading
𱝸	U+31778	no accepted official reading
𱝹	U+31779	no accepted official reading
𱝺	U+3177A	no accepted official reading
𱝻	U+3177B	no accepted official reading
𱝼	U+3177C	no accepted official reading
𱝽	U+3177D	no accepted official reading
𱝾	U+3177E	no accepted official reading
𱝿	U+3177F	no accepted official reading
𱞀	U+31780	no accepted official reading
𱞁	U+31781	no accepted official reading
𱞂	U+31782	no accepted official reading
𱞃	U+31783	no accepted official reading
𱞅	U+31785	no accepted official reading
𱞆	U+31786	no accepted official reading
𱞇	U+31787	no accepted official reading
𱞈	U+31788	no accepted official reading
𱞉	U+31789	no accepted official reading
𱞊	U+3178A	no accepted official reading
𱞋	U+3178B	no accepted official reading
𱞍	U+3178D	no accepted official reading
𱞎	U+3178E	no accepted official reading
𱞏	U+3178F	no accepted official reading
𱞐	U+31790	no accepted official reading
𱞒	U+31792	no accepted official reading
𱞓	U+31793	no accepted official reading
𱞔	U+31794	no accepted official reading
𱞕	U+31795	no accepted official reading
𱞖	U+31796	no accepted official reading
𱞗	U+31797	no accepted official reading
𱞘	U+31798	no accepted official reading
𱞙	U+31799	no accepted official reading
𱞚	U+3179A	no accepted official reading
𱞛	U+3179B	no accepted official reading
𱞜	U+3179C	no accepted official reading
𱞞	U+3179E	no accepted official reading
𱞠	U+317A0	no accepted official reading
𱞡	U+317A1	no accepted official reading
𱞢	U+317A2	no accepted official reading
𱞣	U+317A3	no accepted official reading
𱞤	U+317A4	no accepted official reading
𱞥	U+317A5	no accepted official reading
𱞧	U+317A7	no accepted official reading
𱞨	U+317A8	no accepted official reading
𱞩	U+317A9	no accepted official reading
𱞪	U+317AA	no accepted official reading
𱞬	U+317AC	no accepted official reading
𱞭	U+317AD	no accepted official reading
𱞮	U+317AE	no accepted official reading
𱞯	U+317AF	no accepted official reading
𱞰	U+317B0	no accepted official reading
𱞱	U+317B1	no accepted official reading
𱞲	U+317B2	no accepted official reading
𱞳	U+317B3	no accepted official reading
𱞴	U+317B4	no accepted official reading
𱞵	U+317B5	no accepted official reading
𱞶	U+317B6	no accepted official reading
𱞷	U+317B7	no accepted official reading
𱞸	U+317B8	no accepted official reading
𱞹	U+317B9	no accepted official reading
𱞺	U+317BA	no accepted official reading
𱞻	U+317BB	no accepted official reading
𱞼	U+317BC	no accepted official reading
𱞾	U+317BE	no accepted official reading
𱞿	U+317BF	no accepted official reading
𱟀	U+317C0	no accepted official reading
𱟁	U+317C1	no accepted official reading
𱟂	U+317C2	no accepted official reading
𱟃	U+317C3	no accepted official reading
𱟄	U+317C4	no accepted official reading
𱟅	U+317C5	no accepted official reading
𱟆	U+317C6	no accepted official reading
𱟇	U+317C7	no accepted official reading
𱟈	U+317C8	no accepted official reading
𱟉	U+317C9	no accepted official reading
𱟊	U+317CA	no accepted official reading
𱟋	U+317CB	no accepted official reading
𱟌	U+317CC	no accepted official reading
𱟍	U+317CD	no accepted official reading
𱟏	U+317CF	no accepted official reading
𱟐	U+317D0	no accepted official reading
𱟑	U+317D1	no accepted official reading
𱟒	U+317D2	no accepted official reading
𱟓	U+317D3	no accepted official reading
𱟔	U+317D4	no accepted official reading
𱟕	U+317D5	no accepted official reading
𱟖	U+317D6	no accepted official reading
𱟗	U+317D7	no accepted official reading
𱟙	U+317D9	no accepted official reading
𱟚	U+317DA	no accepted official reading
𱟛	U+317DB	no accepted official reading
𱟜	U+317DC	no accepted official reading
𱟝	U+317DD	no accepted official reading
𱟞	U+317DE	no accepted official reading
𱟟	U+317DF	no accepted official reading
𱟠	U+317E0	no accepted official reading
𱟡	U+317E1	no accepted official reading
𱟢	U+317E2	no accepted official reading
𱟣	U+317E3	no accepted official reading
𱟥	U+317E5	no accepted official reading
𱟦	U+317E6	no accepted official reading
𱟧	U+317E7	no accepted official reading
𱟨	U+317E8	no accepted official reading
𱟩	U+317E9	no accepted official reading
𱟪	U+317EA	no accepted official reading
𱟬	U+317EC	no accepted official reading
𱟭	U+317ED	no accepted official reading
𱟮	U+317EE	no accepted official reading
𱟯	U+317EF	no accepted official reading
𱟰	U+317F0	no accepted official reading
𱟱	U+317F1	no accepted official reading
𱟴	U+317F4	no accepted official reading
𱟵	U+317F5	no accepted official reading
𱟶	U+317F6	no accepted official reading
𱟷	U+317F7	no accepted official reading
𱟸	U+317F8	no accepted official reading
𱟹	U+317F9	no accepted official reading
𱟺	U+317FA	no accepted official reading
𱟻	U+317FB	no accepted official reading
𱟼	U+317FC	no accepted official reading
𱟽	U+317FD	no accepted official reading
𱠁	U+31801	no accepted official reading
𱠂	U+31802	no accepted official reading
𱠃	U+31803	no accepted official reading
𱠄	U+31804	no accepted official reading
𱠅	U+31805	no accepted official reading
𱠆	U+31806	no accepted official reading
𱠇	U+31807	no accepted official reading
𱠈	U+31808	no accepted official reading
𱠉	U+31809	no accepted official reading
𱠊	U+3180A	no accepted official reading
𱠋	U+3180B	no accepted official reading
𱠌	U+3180C	no accepted official reading
𱠑	U+31811	no accepted official reading
𱠒	U+31812	no accepted official reading
𱠓	U+31813	no accepted official reading
𱠔	U+31814	no accepted official reading
𱠕	U+31815	no accepted official reading
𱠖	U+31816	no accepted official reading
𱠘	U+31818	no accepted official reading
𱠙	U+31819	no accepted official reading
𱠚	U+3181A	no accepted official reading
𱠛	U+3181B	no accepted official reading
𱠜	U+3181C	no accepted official reading
𱠝	U+3181D	no accepted official reading
𱠞	U+3181E	no accepted official reading
𱠟	U+3181F	no accepted official reading
𱠠	U+31820	no accepted official reading
𱠡	U+31821	no accepted official reading
𱠢	U+31822	no accepted official reading
𱠣	U+31823	no accepted official reading
𱠤	U+31824	no accepted official reading
𱠥	U+31825	no accepted official reading
𱠦	U+31826	no accepted official reading
𱠧	U+31827	no accepted official reading
𱠨	U+31828	no accepted official reading
𱠩	U+31829	no accepted official reading
𱠪	U+3182A	no accepted official reading
𱠫	U+3182B	no accepted official reading
𱠬	U+3182C	no accepted official reading
𱠭	U+3182D	no accepted official reading
𱠮	U+3182E	no accepted official reading
𱠯	U+3182F	no accepted official reading
𱠰	U+31830	no accepted official reading
𱠱	U+31831	no accepted official reading
𱠲	U+31832	no accepted official reading
𱠳	U+31833	no accepted official reading
𱠴	U+31834	no accepted official reading
𱠵	U+31835	no accepted official reading
𱠶	U+31836	no accepted official reading
𱠺	U+3183A	no accepted official reading
𱠼	U+3183C	no accepted official reading
𱠽	U+3183D	no accepted official reading
𱠾	U+3183E	no accepted official reading
𱠿	U+3183F	no accepted official reading
𱡁	U+31841	no accepted official reading
𱡂	U+31842	no accepted official reading
𱡃	U+31843	no accepted official reading
𱡄	U+31844	no accepted official reading
𱡅	U+31845	no accepted official reading
𱡆	U+31846	no accepted official reading
𱡇	U+31847	no accepted official reading
𱡈	U+31848	no accepted official reading
𱡉	U+31849	no accepted official reading
𱡊	U+3184A	no accepted official reading
𱡌	U+3184C	no accepted official reading
𱡍	U+3184D	no accepted official reading
𱡎	U+3184E	no accepted official reading
𱡏	U+3184F	no accepted official reading
𱡐	U+31850	no accepted official reading
𱡑	U+31851	no accepted official reading
𱡒	U+31852	no accepted official reading
𱡓	U+31853	no accepted official reading
𱡔	U+31854	no accepted official reading
𱡕	U+31855	no accepted official reading
𱡖	U+31856	no accepted official reading
𱡗	U+31857	no accepted official reading
𱡘	U+31858	no accepted official reading
𱡙	U+31859	no accepted official reading
𱡚	U+3185A	no accepted official reading
𱡛	U+3185B	no accepted official reading
𱡜	U+3185C	no accepted official reading
𱡝	U+3185D	no accepted official reading
𱡞	U+3185E	no accepted official reading
𱡟	U+3185F	no accepted official reading
𱡠	U+31860	no accepted official reading
𱡢	U+31862	no accepted official reading
𱡣	U+31863	no accepted official reading
𱡤	U+31864	no accepted official reading
𱡥	U+31865	no accepted official reading
𱡦	U+31866	no accepted official reading
𱡨	U+31868	no accepted official reading
𱡩	U+31869	no accepted official reading
𱡪	U+3186A	no accepted official reading
𱡫	U+3186B	no accepted official reading
𱡬	U+3186C	no accepted official reading
𱡭	U+3186D	no accepted official reading
𱡮	U+3186E	no accepted official reading
𱡯	U+3186F	no accepted official reading
𱡰	U+31870	no accepted official reading
𱡱	U+31871	no accepted official reading
𱡲	U+31872	no accepted official reading
𱡳	U+31873	no accepted official reading
𱡶	U+31876	no accepted official reading
𱡷	U+31877	no accepted official reading
𱡸	U+31878	no accepted official reading
𱡹	U+31879	no accepted official reading
𱡺	U+3187A	no accepted official reading
𱡻	U+3187B	no accepted official reading
𱡼	U+3187C	no accepted official reading
𱡽	U+3187D	no accepted official reading
𱡾	U+3187E	no accepted official reading
𱡿	U+3187F	no accepted official reading
𱢁	U+31881	no accepted official reading
𱢂	U+31882	no accepted official reading
𱢃	U+31883	no accepted official reading
𱢄	U+31884	no accepted official reading
𱢅	U+31885	no accepted official reading
𱢆	U+31886	no accepted official reading
𱢇	U+31887	no accepted official reading
𱢈	U+31888	no accepted official reading
𱢉	U+31889	no accepted official reading
𱢊	U+3188A	no accepted official reading
𱢋	U+3188B	no accepted official reading
𱢌	U+3188C	no accepted official reading
𱢍	U+3188D	no accepted official reading
𱢎	U+3188E	no accepted official reading
𱢏	U+3188F	no accepted official reading
𱢐	U+31890	no accepted official reading
𱢑	U+31891	no accepted official reading
𱢒	U+31892	no accepted official reading
𱢓	U+31893	no accepted official reading
𱢔	U+31894	no accepted official reading
𱢕	U+31895	no accepted official reading
𱢖	U+31896	no accepted official reading
𱢗	U+31897	no accepted official reading
𱢘	U+31898	no accepted official reading
𱢙	U+31899	no accepted official reading
𱢚	U+3189A	no accepted official reading
𱢛	U+3189B	no accepted official reading
𱢜	U+3189C	no accepted official reading
𱢞	U+3189E	no accepted official reading
𱢠	U+318A0	no accepted official reading
𱢢	U+318A2	no accepted official reading
𱢤	U+318A4	no accepted official reading
𱢥	U+318A5	no accepted official reading
𱢦	U+318A6	no accepted official reading
𱢧	U+318A7	no accepted official reading
𱢩	U+318A9	no accepted official reading
𱢪	U+318AA	no accepted official reading
𱢫	U+318AB	no accepted official reading
𱢬	U+318AC	no accepted official reading
𱢭	U+318AD	no accepted official reading
𱢮	U+318AE	no accepted official reading
𱢯	U+318AF	no accepted official reading
𱢱	U+318B1	no accepted official reading
𱢲	U+318B2	no accepted official reading
𱢳	U+318B3	no accepted official reading
𱢴	U+318B4	no accepted official reading
𱢵	U+318B5	no accepted official reading
𱢶	U+318B6	no accepted official reading
𱢷	U+318B7	no accepted official reading
𱢸	U+318B8	no accepted official reading
𱢹	U+318B9	no accepted official reading
𱢺	U+318BA	no accepted official reading
𱢻	U+318BB	no accepted official reading
𱢼	U+318BC	no accepted official reading
𱢾	U+318BE	no accepted official reading
𱢿	U+318BF	no accepted official reading
𱣀	U+318C0	no accepted official reading
𱣁	U+318C1	no accepted official reading
𱣅	U+318C5	no accepted official reading
𱣆	U+318C6	no accepted official reading
𱣇	U+318C7	no accepted official reading
𱣈	U+318C8	no accepted official reading
𱣉	U+318C9	no accepted official reading
𱣊	U+318CA	no accepted official reading
𱣋	U+318CB	no accepted official reading
𱣌	U+318CC	no accepted official reading
𱣍	U+318CD	no accepted official reading
𱣎	U+318CE	no accepted official reading
𱣏	U+318CF	no accepted official reading
𱣐	U+318D0	no accepted official reading
𱣒	U+318D2	no accepted official reading
𱣓	U+318D3	no accepted official reading
𱣔	U+318D4	no accepted official reading
𱣖	U+318D6	no accepted official reading
𱣗	U+318D7	no accepted official reading
𱣘	U+318D8	no accepted official reading
𱣙	U+318D9	no accepted official reading
𱣚	U+318DA	no accepted official reading
𱣜	U+318DC	no accepted official reading
𱣝	U+318DD	no accepted official reading
𱣞	U+318DE	no accepted official reading
𱣟	U+318DF	no accepted official reading
𱣡	U+318E1	no accepted official reading
𱣢	U+318E2	no accepted official reading
𱣣	U+318E3	no accepted official reading
𱣤	U+318E4	no accepted official reading
𱣥	U+318E5	no accepted official reading
𱣦	U+318E6	no accepted official reading
𱣧	U+318E7	no accepted official reading
𱣪	U+318EA	no accepted official reading
𱣬	U+318EC	no accepted official reading
𱣭	U+318ED	no accepted official reading
𱣮	U+318EE	no accepted official reading
𱣯	U+318EF	no accepted official reading
𱣰	U+318F0	no accepted official reading
𱣱	U+318F1	no accepted official reading
𱣲	U+318F2	no accepted official reading
𱣳	U+318F3	no accepted official reading
𱣴	U+318F4	no accepted official reading
𱣵	U+318F5	no accepted official reading
𱣷	U+318F7	no accepted official reading
𱣺	U+318FA	no accepted official reading
𱣼	U+318FC	no accepted official reading
𱣿	U+318FF	no accepted official reading
𱤀	U+31900	no accepted official reading
𱤁	U+31901	no accepted official reading
𱤂	U+31902	no accepted official reading
𱤃	U+31903	no accepted official reading
𱤄	U+31904	no accepted official reading
𱤅	U+31905	no accepted official reading
𱤆	U+31906	no accepted official reading
𱤇	U+31907	no accepted official reading
𱤈	U+31908	no accepted official reading
𱤉	U+31909	no accepted official reading
𱤋	U+3190B	no accepted official reading
𱤌	U+3190C	no accepted official reading
𱤍	U+3190D	no accepted official reading
𱤎	U+3190E	no accepted official reading
𱤏	U+3190F	no accepted official reading
𱤐	U+31910	no accepted official reading
𱤒	U+31912	no accepted official reading
𱤓	U+31913	no accepted official reading
𱤕	U+31915	no accepted official reading
𱤖	U+31916	no accepted official reading
𱤘	U+31918	no accepted official reading
𱤙	U+31919	no accepted official reading
𱤚	U+3191A	no accepted official reading
𱤛	U+3191B	no accepted official reading
𱤜	U+3191C	no accepted official reading
𱤝	U+3191D	no accepted official reading
𱤞	U+3191E	no accepted official reading
𱤟	U+3191F	no accepted official reading
𱤠	U+31920	no accepted official reading
𱤡	U+31921	no accepted official reading
𱤢	U+31922	no accepted official reading
𱤣	U+31923	no accepted official reading
𱤤	U+31924	no accepted official reading
𱤥	U+31925	no accepted official reading
𱤧	U+31927	no accepted official reading
𱤨	U+31928	no accepted official reading
𱤩	U+31929	no accepted official reading
𱤪	U+3192A	no accepted official reading
𱤫	U+3192B	no accepted official reading
𱤬	U+3192C	no accepted official reading
𱤮	U+3192E	no accepted official reading
𱤯	U+3192F	no accepted official reading
𱤰	U+31930	no accepted official reading
𱤱	U+31931	no accepted official reading
𱤲	U+31932	no accepted official reading
𱤳	U+31933	no accepted official reading
𱤴	U+31934	no accepted official reading
𱤵	U+31935	no accepted official reading
𱤷	U+31937	no accepted official reading
𱤸	U+31938	no accepted official reading
𱤹	U+31939	no accepted official reading
𱤼	U+3193C	no accepted official reading
𱤽	U+3193D	no accepted official reading
𱤾	U+3193E	no accepted official reading
𱤿	U+3193F	no accepted official reading
𱥁	U+31941	no accepted official reading
𱥂	U+31942	no accepted official reading
𱥄	U+31944	no accepted official reading
𱥅	U+31945	no accepted official reading
𱥆	U+31946	no accepted official reading
𱥇	U+31947	no accepted official reading
𱥈	U+31948	no accepted official reading
𱥉	U+31949	no accepted official reading
𱥊	U+3194A	no accepted official reading
𱥋	U+3194B	no accepted official reading
𱥌	U+3194C	no accepted official reading
𱥎	U+3194E	no accepted official reading
𱥏	U+3194F	no accepted official reading
𱥐	U+31950	no accepted official reading
𱥑	U+31951	no accepted official reading
𱥒	U+31952	no accepted official reading
𱥓	U+31953	no accepted official reading
𱥔	U+31954	no accepted official reading
𱥕	U+31955	no accepted official reading
𱥖	U+31956	no accepted official reading
𱥗	U+31957	no accepted official reading
𱥘	U+31958	no accepted official reading
𱥙	U+31959	no accepted official reading
𱥛	U+3195B	no accepted official reading
𱥜	U+3195C	no accepted official reading
𱥝	U+3195D	no accepted official reading
𱥞	U+3195E	no accepted official reading
𱥠	U+31960	no accepted official reading
𱥡	U+31961	no accepted official reading
𱥢	U+31962	no accepted official reading
𱥤	U+31964	no accepted official reading
𱥥	U+31965	no accepted official reading
𱥦	U+31966	no accepted official reading
𱥧	U+31967	no accepted official reading
𱥨	U+31968	no accepted official reading
𱥩	U+31969	no accepted official reading
𱥪	U+3196A	no accepted official reading
𱥫	U+3196B	no accepted official reading
𱥬	U+3196C	no accepted official reading
𱥭	U+3196D	no accepted official reading
𱥮	U+3196E	no accepted official reading
𱥯	U+3196F	no accepted official reading
𱥱	U+31971	no accepted official reading
𱥲	U+31972	no accepted official reading
𱥳	U+31973	no accepted official reading
𱥵	U+31975	no accepted official reading
𱥸	U+31978	no accepted official reading
𱥻	U+3197B	no accepted official reading
𱥼	U+3197C	no accepted official reading
𱥾	U+3197E	no accepted official reading
𱥿	U+3197F	no accepted official reading
𱦀	U+31980	no accepted official reading
𱦁	U+31981	no accepted official reading
𱦂	U+31982	no accepted official reading
𱦄	U+31984	no accepted official reading
𱦅	U+31985	no accepted official reading
𱦆	U+31986	no accepted official reading
𱦇	U+31987	no accepted official reading
𱦊	U+3198A	no accepted official reading
𱦋	U+3198B	no accepted official reading
𱦌	U+3198C	no accepted official reading
𱦎	U+3198E	no accepted official reading
𱦏	U+3198F	no accepted official reading
𱦐	U+31990	no accepted official reading
𱦑	U+31991	no accepted official reading
𱦒	U+31992	no accepted official reading
𱦓	U+31993	no accepted official reading
𱦔	U+31994	no accepted official reading
𱦕	U+31995	no accepted official reading
𱦖	U+31996	no accepted official reading
𱦘	U+31998	no accepted official reading
𱦙	U+31999	no accepted official reading
𱦚	U+3199A	no accepted official reading
𱦛	U+3199B	no accepted official reading
𱦜	U+3199C	no accepted official reading
𱦝	U+3199D	no accepted official reading
𱦞	U+3199E	no accepted official reading
𱦟	U+3199F	no accepted official reading
𱦠	U+319A0	no accepted official reading
𱦡	U+319A1	no accepted official reading
𱦢	U+319A2	no accepted official reading
𱦥	U+319A5	no accepted official reading
𱦦	U+319A6	no accepted official reading
𱦧	U+319A7	no accepted official reading
𱦨	U+319A8	no accepted official reading
𱦩	U+319A9	no accepted official reading
𱦪	U+319AA	no accepted official reading
𱦫	U+319AB	no accepted official reading
𱦮	U+319AE	no accepted official reading
𱦯	U+319AF	no accepted official reading
𱦰	U+319B0	no accepted official reading
𱦱	U+319B1	no accepted official reading
𱦲	U+319B2	no accepted official reading
𱦳	U+319B3	no accepted official reading
𱦴	U+319B4	no accepted official reading
𱦵	U+319B5	no accepted official reading
𱦷	U+319B7	no accepted official reading
𱦸	U+319B8	no accepted official reading
𱦺	U+319BA	no accepted official reading
𱦼	U+319BC	no accepted official reading
𱦽	U+319BD	no accepted official reading
𱦾	U+319BE	no accepted official reading
𱧀	U+319C0	no accepted official reading
𱧁	U+319C1	no accepted official reading
𱧂	U+319C2	no accepted official reading
𱧃	U+319C3	no accepted official reading
𱧄	U+319C4	no accepted official reading
𱧅	U+319C5	no accepted official reading
𱧆	U+319C6	no accepted official reading
𱧇	U+319C7	no accepted official reading
𱧈	U+319C8	no accepted official reading
𱧊	U+319CA	no accepted official reading
𱧋	U+319CB	no accepted official reading
𱧐	U+319D0	no accepted official reading
𱧑	U+319D1	no accepted official reading
𱧔	U+319D4	no accepted official reading
𱧕	U+319D5	no accepted official reading
𱧖	U+319D6	no accepted official reading
𱧗	U+319D7	no accepted official reading
𱧛	U+319DB	no accepted official reading
𱧜	U+319DC	no accepted official reading
𱧞	U+319DE	no accepted official reading
𱧟	U+319DF	no accepted official reading
𱧠	U+319E0	no accepted official reading
𱧡	U+319E1	no accepted official reading
𱧢	U+319E2	no accepted official reading
𱧤	U+319E4	no accepted official reading
𱧦	U+319E6	no accepted official reading
𱧧	U+319E7	no accepted official reading
𱧨	U+319E8	no accepted official reading
𱧪	U+319EA	no accepted official reading
𱧭	U+319ED	no accepted official reading
𱧮	U+319EE	no accepted official reading
𱧯	U+319EF	no accepted official reading
𱧳	U+319F3	no accepted official reading
𱧵	U+319F5	no accepted official reading
𱧶	U+319F6	no accepted official reading
𱧷	U+319F7	no accepted official reading
𱨁	U+31A01	no accepted official reading
𱨃	U+31A03	no accepted official reading
𱨅	U+31A05	no accepted official reading
𱨐	U+31A10	no accepted official reading
𱨕	U+31A15	no accepted official reading
𱨚	U+31A1A	no accepted official reading
𱨦	U+31A26	no accepted official reading
𱨧	U+31A27	no accepted official reading
𱨬	U+31A2C	no accepted official reading
𱨴	U+31A34	no accepted official reading
𱩋	U+31A4B	no accepted official reading
𱩌	U+31A4C	no accepted official reading
𱩓	U+31A53	no accepted official reading
𱩔	U+31A54	no accepted official reading
𱩖	U+31A56	no accepted official reading
𱩗	U+31A57	no accepted official reading
𱩘	U+31A58	no accepted official reading
𱩪	U+31A6A	no accepted official reading
𱩯	U+31A6F	no accepted official reading
𱩵	U+31A75	no accepted official reading
𱩶	U+31A76	no accepted official reading
𱩸	U+31A78	no accepted official reading
𱩹	U+31A79	no accepted official reading
𱩺	U+31A7A	no accepted official reading
𱩻	U+31A7B	no accepted official reading
𱩼	U+31A7C	no accepted official reading
𱩿	U+31A7F	no accepted official reading
𱪇	U+31A87	no accepted official reading
𱪈	U+31A88	no accepted official reading
𱪎	U+31A8E	no accepted official reading
𱪐	U+31A90	no accepted official reading
𱪑	U+31A91	no accepted official reading
𱪘	U+31A98	no accepted official reading
𱪝	U+31A9D	no accepted official reading
𱪡	U+31AA1	no accepted official reading
𱪢	U+31AA2	no accepted official reading
𱪣	U+31AA3	no accepted official reading
𱪤	U+31AA4	no accepted official reading
𱪥	U+31AA5	no accepted official reading
𱪦	U+31AA6	no accepted official reading
𱪧	U+31AA7	no accepted official reading
𱪩	U+31AA9	no accepted official reading
𱪪	U+31AAA	no accepted official reading
𱪫	U+31AAB	no accepted official reading
𱪬	U+31AAC	no accepted official reading
𱪭	U+31AAD	no accepted official reading
𱪮	U+31AAE	no accepted official reading
𱪯	U+31AAF	no accepted official reading
𱪰	U+31AB0	no accepted official reading
𱪱	U+31AB1	no accepted official reading
𱪲	U+31AB2	no accepted official reading
𱪳	U+31AB3	no accepted official reading
𱪴	U+31AB4	no accepted official reading
𱪵	U+31AB5	no accepted official reading
𱪹	U+31AB9	no accepted official reading
𱪾	U+31ABE	no accepted official reading
𱫀	U+31AC0	no accepted official reading
𱫁	U+31AC1	no accepted official reading
𱫂	U+31AC2	no accepted official reading
𱫄	U+31AC4	no accepted official reading
𱫅	U+31AC5	no accepted official reading
𱫈	U+31AC8	no accepted official reading
𱫉	U+31AC9	no accepted official reading
𱫊	U+31ACA	no accepted official reading
𱫋	U+31ACB	no accepted official reading
𱫍	U+31ACD	no accepted official reading
𱫎	U+31ACE	no accepted official reading
𱫐	U+31AD0	no accepted official reading
𱫑	U+31AD1	no accepted official reading
𱫒	U+31AD2	no accepted official reading
𱫓	U+31AD3	no accepted official reading
𱫗	U+31AD7	no accepted official reading
𱫘	U+31AD8	no accepted official reading
𱫛	U+31ADB	no accepted official reading
𱫜	U+31ADC	no accepted official reading
𱫟	U+31ADF	no accepted official reading
𱫠	U+31AE0	no accepted official reading
𱫨	U+31AE8	no accepted official reading
𱫩	U+31AE9	no accepted official reading
𱫪	U+31AEA	no accepted official reading
𱫭	U+31AED	no accepted official reading
𱫯	U+31AEF	no accepted official reading
𱫳	U+31AF3	no accepted official reading
𱫷	U+31AF7	no accepted official reading
𱫸	U+31AF8	no accepted official reading
𱫺	U+31AFA	no accepted official reading
𱫻	U+31AFB	no accepted official reading
𱬀	U+31B00	no accepted official reading
𱬂	U+31B02	no accepted official reading
𱬃	U+31B03	no accepted official reading
𱬅	U+31B05	no accepted official reading
𱬉	U+31B09	no accepted official reading
𱬊	U+31B0A	no accepted official reading
𱬍	U+31B0D	no accepted official reading
𱬎	U+31B0E	no accepted official reading
𱬑	U+31B11	no accepted official reading
𱬒	U+31B12	no accepted official reading
𱬓	U+31B13	no accepted official reading
𱬕	U+31B15	no accepted official reading
𱬖	U+31B16	no accepted official reading
𱬘	U+31B18	no accepted official reading
𱬙	U+31B19	no accepted official reading
𱬜	U+31B1C	no accepted official reading
𱬝	U+31B1D	no accepted official reading
𱬟	U+31B1F	no accepted official reading
𱬡	U+31B21	no accepted official reading
𱬥	U+31B25	no accepted official reading
𱬦	U+31B26	no accepted official reading
𱬪	U+31B2A	no accepted official reading
𱬫	U+31B2B	no accepted official reading
𱬮	U+31B2E	no accepted official reading
𱬴	U+31B34	no accepted official reading
𱬶	U+31B36	no accepted official reading
𱬸	U+31B38	no accepted official reading
𱬹	U+31B39	no accepted official reading
𱬺	U+31B3A	no accepted official reading
𱬿	U+31B3F	no accepted official reading
𱭀	U+31B40	no accepted official reading
𱭁	U+31B41	no accepted official reading
𱭄	U+31B44	no accepted official reading
𱭈	U+31B48	no accepted official reading
𱭉	U+31B49	no accepted official reading
𱭊	U+31B4A	no accepted official reading
𱭌	U+31B4C	no accepted official reading
𱭍	U+31B4D	no accepted official reading
𱭎	U+31B4E	no accepted official reading
𱭏	U+31B4F	no accepted official reading
𱭐	U+31B50	no accepted official reading
𱭒	U+31B52	no accepted official reading
𱭓	U+31B53	no accepted official reading
𱭙	U+31B59	no accepted official reading
𱭚	U+31B5A	no accepted official reading
𱭛	U+31B5B	no accepted official reading
𱭜	U+31B5C	no accepted official reading
𱭝	U+31B5D	no accepted official reading
𱭞	U+31B5E	no accepted official reading
𱭟	U+31B5F	no accepted official reading
𱭠	U+31B60	no accepted official reading
𱭡	U+31B61	no accepted official reading
𱭢	U+31B62	no accepted official reading
𱭣	U+31B63	no accepted official reading
𱭤	U+31B64	no accepted official reading
𱭥	U+31B65	no accepted official reading
𱭦	U+31B66	no accepted official reading
𱭧	U+31B67	no accepted official reading
𱭨	U+31B68	no accepted official reading
𱭪	U+31B6A	no accepted official reading
𱭫	U+31B6B	no accepted official reading
𱭬	U+31B6C	no accepted official reading
𱭭	U+31B6D	no accepted official reading
𱭮	U+31B6E	no accepted official reading
𱭯	U+31B6F	no accepted official reading
𱭱	U+31B71	no accepted official reading
𱭲	U+31B72	no accepted official reading
𱭴	U+31B74	no accepted official reading
𱭵	U+31B75	no accepted official reading
𱭶	U+31B76	no accepted official reading
𱭷	U+31B77	no accepted official reading
𱭹	U+31B79	no accepted official reading
𱭺	U+31B7A	no accepted official reading
𱭼	U+31B7C	no accepted official reading
𱭾	U+31B7E	no accepted official reading
𱮀	U+31B80	no accepted official reading
𱮂	U+31B82	no accepted official reading
𱮄	U+31B84	no accepted official reading
𱮅	U+31B85	no accepted official reading
𱮆	U+31B86	no accepted official reading
𱮇	U+31B87	no accepted official reading
𱮉	U+31B89	no accepted official reading
𱮊	U+31B8A	no accepted official reading
𱮋	U+31B8B	no accepted official reading
𱮌	U+31B8C	no accepted official reading
𱮍	U+31B8D	no accepted official reading
𱮏	U+31B8F	no accepted official reading
𱮐	U+31B90	no accepted official reading
𱮑	U+31B91	no accepted official reading
𱮔	U+31B94	no accepted official reading
𱮕	U+31B95	no accepted official reading
𱮗	U+31B97	no accepted official reading
𱮘	U+31B98	no accepted official reading
𱮛	U+31B9B	no accepted official reading
𱮝	U+31B9D	no accepted official reading
𱮢	U+31BA2	no accepted official reading
𱮣	U+31BA3	no accepted official reading
𱮬	U+31BAC	no accepted official reading
𱮮	U+31BAE	no accepted official reading
𱮯	U+31BAF	no accepted official reading
𱮱	U+31BB1	no accepted official reading
𱮳	U+31BB3	no accepted official reading
𱮵	U+31BB5	no accepted official reading
𱮸	U+31BB8	no accepted official reading
𱮺	U+31BBA	no accepted official reading
𱮽	U+31BBD	no accepted official reading
𱮾	U+31BBE	no accepted official reading
𱯄	U+31BC4	no accepted official reading
𱯆	U+31BC6	no accepted official reading
𱯇	U+31BC7	no accepted official reading
𱯋	U+31BCB	no accepted official reading
𱯍	U+31BCD	no accepted official reading
𱯎	U+31BCE	no accepted official reading
𱯏	U+31BCF	no accepted official reading
𱯑	U+31BD1	no accepted official reading
𱯙	U+31BD9	no accepted official reading
𱯚	U+31BDA	no accepted official reading
𱯜	U+31BDC	no accepted official reading
𱯝	U+31BDD	no accepted official reading
𱯞	U+31BDE	no accepted official reading
𱯟	U+31BDF	no accepted official reading
𱯤	U+31BE4	no accepted official reading
𱯥	U+31BE5	no accepted official reading
𱯦	U+31BE6	no accepted official reading
𱯨	U+31BE8	no accepted official reading
𱯩	U+31BE9	no accepted official reading
𱯪	U+31BEA	no accepted official reading
𱯮	U+31BEE	no accepted official reading
𱯲	U+31BF2	no accepted official reading
𱯴	U+31BF4	no accepted official reading
𱯵	U+31BF5	no accepted official reading
𱯹	U+31BF9	no accepted official reading
𱯼	U+31BFC	no accepted official reading
𱯽	U+31BFD	no accepted official reading
𱰁	U+31C01	no accepted official reading
𱰆	U+31C06	no accepted official reading
𱰈	U+31C08	no accepted official reading
𱰊	U+31C0A	no accepted official reading
𱰋	U+31C0B	no accepted official reading
𱰌	U+31C0C	no accepted official reading
𱰍	U+31C0D	no accepted official reading
𱰏	U+31C0F	no accepted official reading
𱰐	U+31C10	no accepted official reading
𱰑	U+31C11	no accepted official reading
𱰒	U+31C12	no accepted official reading
𱰓	U+31C13	no accepted official reading
𱰔	U+31C14	no accepted official reading
𱰕	U+31C15	no accepted official reading
𱰖	U+31C16	no accepted official reading
𱰘	U+31C18	no accepted official reading
𱰙	U+31C19	no accepted official reading
𱰚	U+31C1A	no accepted official reading
𱰛	U+31C1B	no accepted official reading
𱰝	U+31C1D	no accepted official reading
𱰞	U+31C1E	no accepted official reading
𱰟	U+31C1F	no accepted official reading
𱰠	U+31C20	no accepted official reading
𱰡	U+31C21	no accepted official reading
𱰣	U+31C23	no accepted official reading
𱰦	U+31C26	no accepted official reading
𱰧	U+31C27	no accepted official reading
𱰪	U+31C2A	no accepted official reading
𱰫	U+31C2B	no accepted official reading
𱰱	U+31C31	no accepted official reading
𱰳	U+31C33	no accepted official reading
𱰸	U+31C38	no accepted official reading
𱰹	U+31C39	no accepted official reading
𱰺	U+31C3A	no accepted official reading
𱰻	U+31C3B	no accepted official reading
𱰼	U+31C3C	no accepted official reading
𱰽	U+31C3D	no accepted official reading
𱱀	U+31C40	no accepted official reading
𱱁	U+31C41	no accepted official reading
𱱅	U+31C45	no accepted official reading
𱱆	U+31C46	no accepted official reading
𱱊	U+31C4A	no accepted official reading
𱱋	U+31C4B	no accepted official reading
𱱌	U+31C4C	no accepted official reading
𱱍	U+31C4D	no accepted official reading
𱱎	U+31C4E	no accepted official reading
𱱐	U+31C50	no accepted official reading
𱱑	U+31C51	no accepted official reading
𱱓	U+31C53	no accepted official reading
𱱔	U+31C54	no accepted official reading
𱱕	U+31C55	no accepted official reading
𱱖	U+31C56	no accepted official reading
𱱗	U+31C57	no accepted official reading
𱱘	U+31C58	no accepted official reading
𱱛	U+31C5B	no accepted official reading
𱱜	U+31C5C	no accepted official reading
𱱝	U+31C5D	no accepted official reading
𱱞	U+31C5E	no accepted official reading
𱱟	U+31C5F	no accepted official reading
𱱠	U+31C60	no accepted official reading
𱱣	U+31C63	no accepted official reading
𱱤	U+31C64	no accepted official reading
𱱥	U+31C65	no accepted official reading
𱱦	U+31C66	no accepted official reading
𱱧	U+31C67	no accepted official reading
𱱩	U+31C69	no accepted official reading
𱱪	U+31C6A	no accepted official reading
𱱫	U+31C6B	no accepted official reading
𱱬	U+31C6C	no accepted official reading
𱱮	U+31C6E	no accepted official reading
𱱯	U+31C6F	no accepted official reading
𱱰	U+31C70	no accepted official reading
𱱳	U+31C73	no accepted official reading
𱱴	U+31C74	no accepted official reading
𱱹	U+31C79	no accepted official reading
𱱺	U+31C7A	no accepted official reading
𱱻	U+31C7B	no accepted official reading
𱱼	U+31C7C	no accepted official reading
𱱽	U+31C7D	no accepted official reading
𱱾	U+31C7E	no accepted official reading
𱱿	U+31C7F	no accepted official reading
𱲀	U+31C80	no accepted official reading
𱲁	U+31C81	no accepted official reading
𱲃	U+31C83	no accepted official reading
𱲄	U+31C84	no accepted official reading
𱲅	U+31C85	no accepted official reading
𱲇	U+31C87	no accepted official reading
𱲈	U+31C88	no accepted official reading
𱲉	U+31C89	no accepted official reading
𱲊	U+31C8A	no accepted official reading
𱲋	U+31C8B	no accepted official reading
𱲍	U+31C8D	no accepted official reading
𱲒	U+31C92	no accepted official reading
𱲓	U+31C93	no accepted official reading
𱲔	U+31C94	no accepted official reading
𱲘	U+31C98	no accepted official reading
𱲜	U+31C9C	no accepted official reading
𱲞	U+31C9E	no accepted official reading
𱲟	U+31C9F	no accepted official reading
𱲤	U+31CA4	no accepted official reading
𱲥	U+31CA5	no accepted official reading
𱲦	U+31CA6	no accepted official reading
𱲪	U+31CAA	no accepted official reading
𱲫	U+31CAB	no accepted official reading
𱲬	U+31CAC	no accepted official reading
𱲮	U+31CAE	no accepted official reading
𱲰	U+31CB0	no accepted official reading
𱲱	U+31CB1	no accepted official reading
𱲳	U+31CB3	no accepted official reading
𱲶	U+31CB6	no accepted official reading
𱲷	U+31CB7	no accepted official reading
𱲸	U+31CB8	no accepted official reading
𱲹	U+31CB9	no accepted official reading
𱲺	U+31CBA	no accepted official reading
𱲼	U+31CBC	no accepted official reading
𱲽	U+31CBD	no accepted official reading
𱲾	U+31CBE	no accepted official reading
𱲿	U+31CBF	no accepted official reading
𱳀	U+31CC0	no accepted official reading
𱳂	U+31CC2	no accepted official reading
𱳄	U+31CC4	no accepted official reading
𱳅	U+31CC5	no accepted official reading
𱳆	U+31CC6	no accepted official reading
𱳇	U+31CC7	no accepted official reading
𱳈	U+31CC8	no accepted official reading
𱳍	U+31CCD	no accepted official reading
𱳒	U+31CD2	no accepted official reading
𱳓	U+31CD3	no accepted official reading
𱳗	U+31CD7	no accepted official reading
𱳘	U+31CD8	no accepted official reading
𱳚	U+31CDA	no accepted official reading
𱳜	U+31CDC	no accepted official reading
𱳝	U+31CDD	no accepted official reading
𱳟	U+31CDF	no accepted official reading
𱳠	U+31CE0	no accepted official reading
𱳣	U+31CE3	no accepted official reading
𱳥	U+31CE5	no accepted official reading
𱳦	U+31CE6	no accepted official reading
𱳧	U+31CE7	no accepted official reading
𱳨	U+31CE8	no accepted official reading
𱳬	U+31CEC	no accepted official reading
𱳭	U+31CED	no accepted official reading
𱳮	U+31CEE	no accepted official reading
𱳯	U+31CEF	no accepted official reading
𱳰	U+31CF0	no accepted official reading
𱳱	U+31CF1	no accepted official reading
𱳲	U+31CF2	no accepted official reading
𱳴	U+31CF4	no accepted official reading
𱳵	U+31CF5	no accepted official reading
𱳹	U+31CF9	no accepted official reading
𱳺	U+31CFA	no accepted official reading
𱳻	U+31CFB	no accepted official reading
𱳼	U+31CFC	no accepted official reading
𱳾	U+31CFE	no accepted official reading
𱴀	U+31D00	no accepted official reading
𱴁	U+31D01	no accepted official reading
𱴃	U+31D03	no accepted official reading
𱴄	U+31D04	no accepted official reading
𱴆	U+31D06	no accepted official reading
𱴈	U+31D08	no accepted official reading
𱴉	U+31D09	no accepted official reading
𱴋	U+31D0B	no accepted official reading
𱴌	U+31D0C	no accepted official reading
𱴍	U+31D0D	no accepted official reading
𱴎	U+31D0E	no accepted official reading
𱴏	U+31D0F	no accepted official reading
𱴑	U+31D11	no accepted official reading
𱴒	U+31D12	no accepted official reading
𱴔	U+31D14	no accepted official reading
𱴗	U+31D17	no accepted official reading
𱴙	U+31D19	no accepted official reading
𱴚	U+31D1A	no accepted official reading
𱴛	U+31D1B	no accepted official reading
𱴜	U+31D1C	no accepted official reading
𱴟	U+31D1F	no accepted official reading
𱴠	U+31D20	no accepted official reading
𱴡	U+31D21	no accepted official reading
𱴢	U+31D22	no accepted official reading
𱴤	U+31D24	no accepted official reading
𱴥	U+31D25	no accepted official reading
𱴩	U+31D29	no accepted official reading
𱴪	U+31D2A	no accepted official reading
𱴬	U+31D2C	no accepted official reading
𱴭	U+31D2D	no accepted official reading
𱴯	U+31D2F	no accepted official reading
𱴰	U+31D30	no accepted official reading
𱴳	U+31D33	no accepted official reading
𱴴	U+31D34	no accepted official reading
𱴵	U+31D35	no accepted official reading
𱴶	U+31D36	no accepted official reading
𱴷	U+31D37	no accepted official reading
𱴹	U+31D39	no accepted official reading
𱴼	U+31D3C	no accepted official reading
𱴽	U+31D3D	no accepted official reading
𱴿	U+31D3F	no accepted official reading
𱵀	U+31D40	no accepted official reading
𱵃	U+31D43	no accepted official reading
𱵄	U+31D44	no accepted official reading
𱵅	U+31D45	no accepted official reading
𱵋	U+31D4B	no accepted official reading
𱵎	U+31D4E	no accepted official reading
𱵒	U+31D52	no accepted official reading
𱵓	U+31D53	no accepted official reading
𱵔	U+31D54	no accepted official reading
𱵖	U+31D56	no accepted official reading
𱵗	U+31D57	no accepted official reading
𱵙	U+31D59	no accepted official reading
𱵟	U+31D5F	no accepted official reading
𱵡	U+31D61	no accepted official reading
𱵥	U+31D65	no accepted official reading
𱵨	U+31D68	no accepted official reading
𱵫	U+31D6B	no accepted official reading
𱵬	U+31D6C	no accepted official reading
𱵭	U+31D6D	no accepted official reading
𱵰	U+31D70	no accepted official reading
𱵶	U+31D76	no accepted official reading
𱵻	U+31D7B	no accepted official reading
𱵼	U+31D7C	no accepted official reading
𱵾	U+31D7E	no accepted official reading
𱵿	U+31D7F	no accepted official reading
𱶀	U+31D80	no accepted official reading
𱶁	U+31D81	no accepted official reading
𱶂	U+31D82	no accepted official reading
𱶄	U+31D84	no accepted official reading
𱶅	U+31D85	no accepted official reading
𱶆	U+31D86	no accepted official reading
𱶊	U+31D8A	no accepted official reading
𱶌	U+31D8C	no accepted official reading
𱶎	U+31D8E	no accepted official reading
𱶐	U+31D90	no accepted official reading
𱶑	U+31D91	no accepted official reading
𱶒	U+31D92	no accepted official reading
𱶗	U+31D97	no accepted official reading
𱶚	U+31D9A	no accepted official reading
𱶜	U+31D9C	no accepted official reading
𱶞	U+31D9E	no accepted official reading
𱶠	U+31DA0	no accepted official reading
𱶦	U+31DA6	no accepted official reading
𱶧	U+31DA7	no accepted official reading
𱶨	U+31DA8	no accepted official reading
𱶬	U+31DAC	no accepted official reading
𱶭	U+31DAD	no accepted official reading
𱶯	U+31DAF	no accepted official reading
𱶱	U+31DB1	no accepted official reading
𱶲	U+31DB2	no accepted official reading
𱶳	U+31DB3	no accepted official reading
𱶵	U+31DB5	no accepted official reading
𱶶	U+31DB6	no accepted official reading
𱶷	U+31DB7	no accepted official reading
𱶸	U+31DB8	no accepted official reading
𱶾	U+31DBE	no accepted official reading
𱶿	U+31DBF	no accepted official reading
𱷀	U+31DC0	no accepted official reading
𱷂	U+31DC2	no accepted official reading
𱷃	U+31DC3	no accepted official reading
𱷄	U+31DC4	no accepted official reading
𱷅	U+31DC5	no accepted official reading
𱷆	U+31DC6	no accepted official reading
𱷈	U+31DC8	no accepted official reading
𱷉	U+31DC9	no accepted official reading
𱷋	U+31DCB	no accepted official reading
𱷑	U+31DD1	no accepted official reading
𱷒	U+31DD2	no accepted official reading
𱷗	U+31DD7	no accepted official reading
𱷙	U+31DD9	no accepted official reading
𱷜	U+31DDC	no accepted official reading
𱷣	U+31DE3	no accepted official reading
𱷥	U+31DE5	no accepted official reading
𱷨	U+31DE8	no accepted official reading
𱷮	U+31DEE	no accepted official reading
𱷯	U+31DEF	no accepted official reading
𱷰	U+31DF0	no accepted official reading
𱷲	U+31DF2	no accepted official reading
𱷳	U+31DF3	no accepted official reading
𱷴	U+31DF4	no accepted official reading
𱷵	U+31DF5	no accepted official reading
𱷷	U+31DF7	no accepted official reading
𱷸	U+31DF8	no accepted official reading
𱷹	U+31DF9	no accepted official reading
𱷺	U+31DFA	no accepted official reading
𱷻	U+31DFB	no accepted official reading
𱷽	U+31DFD	no accepted official reading
𱷾	U+31DFE	no accepted official reading
𱷿	U+31DFF	no accepted official reading
𱸀	U+31E00	no accepted official reading
𱸄	U+31E04	no accepted official reading
𱸅	U+31E05	no accepted official reading
𱸆	U+31E06	no accepted official reading
𱸈	U+31E08	no accepted official reading
𱸉	U+31E09	no accepted official reading
𱸊	U+31E0A	no accepted official reading
𱸋	U+31E0B	no accepted official reading
𱸌	U+31E0C	no accepted official reading
𱸍	U+31E0D	no accepted official reading
𱸎	U+31E0E	no accepted official reading
𱸏	U+31E0F	no accepted official reading
𱸐	U+31E10	no accepted official reading
𱸑	U+31E11	no accepted official reading
𱸒	U+31E12	no accepted official reading
𱸓	U+31E13	no accepted official reading
𱸔	U+31E14	no accepted official reading
𱸕	U+31E15	no accepted official reading
𱸗	U+31E17	no accepted official reading
𱸘	U+31E18	no accepted official reading
𱸙	U+31E19	no accepted official reading
𱸚	U+31E1A	no accepted official reading
𱸝	U+31E1D	no accepted official reading
𱸞	U+31E1E	no accepted official reading
𱸟	U+31E1F	no accepted official reading
𱸠	U+31E20	no accepted official reading
𱸢	U+31E22	no accepted official reading
𱸤	U+31E24	no accepted official reading
𱸦	U+31E26	no accepted official reading
𱸨	U+31E28	no accepted official reading
𱸪	U+31E2A	no accepted official reading
𱸫	U+31E2B	no accepted official reading
𱸬	U+31E2C	no accepted official reading
𱸭	U+31E2D	no accepted official reading
𱸯	U+31E2F	no accepted official reading
𱸰	U+31E30	no accepted official reading
𱸱	U+31E31	no accepted official reading
𱸲	U+31E32	no accepted official reading
𱸳	U+31E33	no accepted official reading
𱸴	U+31E34	no accepted official reading
𱸵	U+31E35	no accepted official reading
𱸶	U+31E36	no accepted official reading
𱸷	U+31E37	no accepted official reading
𱸹	U+31E39	no accepted official reading
𱸺	U+31E3A	no accepted official reading
𱸻	U+31E3B	no accepted official reading
𱸼	U+31E3C	no accepted official reading
𱸽	U+31E3D	no accepted official reading
𱸾	U+31E3E	no accepted official reading
𱹀	U+31E40	no accepted official reading
𱹃	U+31E43	no accepted official reading
𱹄	U+31E44	no accepted official reading
𱹆	U+31E46	no accepted official reading
𱹊	U+31E4A	no accepted official reading
𱹋	U+31E4B	no accepted official reading
𱹍	U+31E4D	no accepted official reading
𱹎	U+31E4E	no accepted official reading
𱹏	U+31E4F	no accepted official reading
𱹐	U+31E50	no accepted official reading
𱹑	U+31E51	no accepted official reading
𱹒	U+31E52	no accepted official reading
𱹔	U+31E54	no accepted official reading
𱹕	U+31E55	no accepted official reading
𱹗	U+31E57	no accepted official reading
𱹘	U+31E58	no accepted official reading
𱹙	U+31E59	no accepted official reading
𱹚	U+31E5A	no accepted official reading
𱹛	U+31E5B	no accepted official reading
𱹞	U+31E5E	no accepted official reading
𱹢	U+31E62	no accepted official reading
𱹤	U+31E64	no accepted official reading
𱹥	U+31E65	no accepted official reading
𱹦	U+31E66	no accepted official reading
𱹩	U+31E69	no accepted official reading
𱹪	U+31E6A	no accepted official reading
𱹫	U+31E6B	no accepted official reading
𱹭	U+31E6D	no accepted official reading
𱹮	U+31E6E	no accepted official reading
𱹯	U+31E6F	no accepted official reading
𱹰	U+31E70	no accepted official reading
𱹱	U+31E71	no accepted official reading
𱹲	U+31E72	no accepted official reading
𱹳	U+31E73	no accepted official reading
𱹴	U+31E74	no accepted official reading
𱹵	U+31E75	no accepted official reading
𱹶	U+31E76	no accepted official reading
𱹷	U+31E77	no accepted official reading
𱹽	U+31E7D	no accepted official reading
𱹿	U+31E7F	no accepted official reading
𱺀	U+31E80	no accepted official reading
𱺁	U+31E81	no accepted official reading
𱺂	U+31E82	no accepted official reading
𱺃	U+31E83	no accepted official reading
𱺄	U+31E84	no accepted official reading
𱺅	U+31E85	no accepted official reading
𱺆	U+31E86	no accepted official reading
𱺇	U+31E87	no accepted official reading
𱺈	U+31E88	no accepted official reading
𱺉	U+31E89	no accepted official reading
𱺎	U+31E8E	no accepted official reading
𱺏	U+31E8F	no accepted official reading
𱺐	U+31E90	no accepted official reading
𱺑	U+31E91	no accepted official reading
𱺒	U+31E92	no accepted official reading
𱺓	U+31E93	no accepted official reading
𱺔	U+31E94	no accepted official reading
𱺕	U+31E95	no accepted official reading
𱺖	U+31E96	no accepted official reading
𱺗	U+31E97	no accepted official reading
𱺘	U+31E98	no accepted official reading
𱺙	U+31E99	no accepted official reading
𱺚	U+31E9A	no accepted official reading
𱺛	U+31E9B	no accepted official reading
𱺜	U+31E9C	no accepted official reading
𱺝	U+31E9D	no accepted official reading
𱺞	U+31E9E	no accepted official reading
𱺟	U+31E9F	no accepted official reading
𱺠	U+31EA0	no accepted official reading
𱺡	U+31EA1	no accepted official reading
𱺢	U+31EA2	no accepted official reading
𱺣	U+31EA3	no accepted official reading
𱺤	U+31EA4	no accepted official reading
𱺥	U+31EA5	no accepted official reading
𱺦	U+31EA6	no accepted official reading
𱺧	U+31EA7	no accepted official reading
𱺩	U+31EA9	no accepted official reading
𱺪	U+31EAA	no accepted official reading
𱺫	U+31EAB	no accepted official reading
𱺬	U+31EAC	no accepted official reading
𱺭	U+31EAD	no accepted official reading
𱺯	U+31EAF	no accepted official reading
𱺰	U+31EB0	no accepted official reading
𱺱	U+31EB1	no accepted official reading
𱺲	U+31EB2	no accepted official reading
𱺳	U+31EB3	no accepted official reading
𱺴	U+31EB4	no accepted official reading
𱺶	U+31EB6	no accepted official reading
𱺷	U+31EB7	no accepted official reading
𱺹	U+31EB9	no accepted official reading
𱺺	U+31EBA	no accepted official reading
𱺻	U+31EBB	no accepted official reading
𱻃	U+31EC3	no accepted official reading
𱻄	U+31EC4	no accepted official reading
𱻅	U+31EC5	no accepted official reading
𱻆	U+31EC6	no accepted official reading
𱻇	U+31EC7	no accepted official reading
𱻈	U+31EC8	no accepted official reading
𱻊	U+31ECA	no accepted official reading
𱻋	U+31ECB	no accepted official reading
𱻌	U+31ECC	no accepted official reading
𱻍	U+31ECD	no accepted official reading
𱻎	U+31ECE	no accepted official reading
𱻏	U+31ECF	no accepted official reading
𱻐	U+31ED0	no accepted official reading
𱻔	U+31ED4	no accepted official reading
𱻖	U+31ED6	no accepted official reading
𱻘	U+31ED8	no accepted official reading
𱻙	U+31ED9	no accepted official reading
𱻛	U+31EDB	no accepted official reading
𱻜	U+31EDC	no accepted official reading
𱻞	U+31EDE	no accepted official reading
𱻟	U+31EDF	no accepted official reading
𱻠	U+31EE0	no accepted official reading
𱻡	U+31EE1	no accepted official reading
𱻢	U+31EE2	no accepted official reading
𱻣	U+31EE3	no accepted official reading
𱻤	U+31EE4	no accepted official reading
𱻥	U+31EE5	no accepted official reading
𱻦	U+31EE6	no accepted official reading
𱻧	U+31EE7	no accepted official reading
𱻨	U+31EE8	no accepted official reading
𱻪	U+31EEA	no accepted official reading
𱻭	U+31EED	no accepted official reading
𱻯	U+31EEF	no accepted official reading
𱻰	U+31EF0	no accepted official reading
𱻱	U+31EF1	no accepted official reading
𱻲	U+31EF2	no accepted official reading
𱻳	U+31EF3	no accepted official reading
𱻵	U+31EF5	no accepted official reading
𱻷	U+31EF7	no accepted official reading
𱻻	U+31EFB	no accepted official reading
𱻼	U+31EFC	no accepted official reading
𱻽	U+31EFD	no accepted official reading
𱼁	U+31F01	no accepted official reading
𱼂	U+31F02	no accepted official reading
𱼄	U+31F04	no accepted official reading
𱼅	U+31F05	no accepted official reading
𱼆	U+31F06	no accepted official reading
𱼇	U+31F07	no accepted official reading
𱼉	U+31F09	no accepted official reading
𱼋	U+31F0B	no accepted official reading
𱼌	U+31F0C	no accepted official reading
𱼍	U+31F0D	no accepted official reading
𱼎	U+31F0E	no accepted official reading
𱼏	U+31F0F	no accepted official reading
𱼐	U+31F10	no accepted official reading
𱼑	U+31F11	no accepted official reading
𱼒	U+31F12	no accepted official reading
𱼓	U+31F13	no accepted official reading
𱼕	U+31F15	no accepted official reading
𱼖	U+31F16	no accepted official reading
𱼗	U+31F17	no accepted official reading
𱼘	U+31F18	no accepted official reading
𱼙	U+31F19	no accepted official reading
𱼚	U+31F1A	no accepted official reading
𱼛	U+31F1B	no accepted official reading
𱼝	U+31F1D	no accepted official reading
𱼟	U+31F1F	no accepted official reading
𱼡	U+31F21	no accepted official reading
𱼢	U+31F22	no accepted official reading
𱼣	U+31F23	no accepted official reading
𱼤	U+31F24	no accepted official reading
𱼦	U+31F26	no accepted official reading
𱼧	U+31F27	no accepted official reading
𱼩	U+31F29	no accepted official reading
𱼪	U+31F2A	no accepted official reading
𱼫	U+31F2B	no accepted official reading
𱼬	U+31F2C	no accepted official reading
𱼭	U+31F2D	no accepted official reading
𱼮	U+31F2E	no accepted official reading
𱼯	U+31F2F	no accepted official reading
𱼳	U+31F33	no accepted official reading
𱼴	U+31F34	no accepted official reading
𱼵	U+31F35	no accepted official reading
𱼶	U+31F36	no accepted official reading
𱼸	U+31F38	no accepted official reading
𱼹	U+31F39	no accepted official reading
𱼺	U+31F3A	no accepted official reading
𱼻	U+31F3B	no accepted official reading
𱼼	U+31F3C	no accepted official reading
𱼽	U+31F3D	no accepted official reading
𱽃	U+31F43	no accepted official reading
𱽆	U+31F46	no accepted official reading
𱽇	U+31F47	no accepted official reading
𱽉	U+31F49	no accepted official reading
𱽊	U+31F4A	no accepted official reading
𱽋	U+31F4B	no accepted official reading
𱽌	U+31F4C	no accepted official reading
𱽍	U+31F4D	no accepted official reading
𱽏	U+31F4F	no accepted official reading
𱽑	U+31F51	no accepted official reading
𱽒	U+31F52	no accepted official reading
𱽗	U+31F57	no accepted official reading
𱽘	U+31F58	no accepted official reading
𱽙	U+31F59	no accepted official reading
𱽚	U+31F5A	no accepted official reading
𱽛	U+31F5B	no accepted official reading
𱽜	U+31F5C	no accepted official reading
𱽟	U+31F5F	no accepted official reading
𱽠	U+31F60	no accepted official reading
𱽡	U+31F61	no accepted official reading
𱽢	U+31F62	no accepted official reading
𱽣	U+31F63	no accepted official reading
𱽤	U+31F64	no accepted official reading
𱽦	U+31F66	no accepted official reading
𱽩	U+31F69	no accepted official reading
𱽪	U+31F6A	no accepted official reading
𱽫	U+31F6B	no accepted official reading
𱽬	U+31F6C	no accepted official reading
𱽮	U+31F6E	no accepted official reading
𱽯	U+31F6F	no accepted official reading
𱽰	U+31F70	no accepted official reading
𱽱	U+31F71	no accepted official reading
𱽲	U+31F72	no accepted official reading
𱽳	U+31F73	no accepted official reading
𱽵	U+31F75	no accepted official reading
𱽶	U+31F76	no accepted official reading
𱽸	U+31F78	no accepted official reading
𱽹	U+31F79	no accepted official reading
𱽺	U+31F7A	no accepted official reading
𱽼	U+31F7C	no accepted official reading
𱽽	U+31F7D	no accepted official reading
𱽾	U+31F7E	no accepted official reading
𱾀	U+31F80	no accepted official reading
𱾂	U+31F82	no accepted official reading
𱾄	U+31F84	no accepted official reading
𱾇	U+31F87	no accepted official reading
𱾊	U+31F8A	no accepted official reading
𱾋	U+31F8B	no accepted official reading
𱾍	U+31F8D	no accepted official reading
𱾏	U+31F8F	no accepted official reading
𱾐	U+31F90	no accepted official reading
𱾑	U+31F91	no accepted official reading
𱾖	U+31F96	no accepted official reading
𱾗	U+31F97	no accepted official reading
𱾘	U+31F98	no accepted official reading
𱾙	U+31F99	no accepted official reading
𱾚	U+31F9A	no accepted official reading
𱾛	U+31F9B	no accepted official reading
𱾞	U+31F9E	no accepted official reading
𱾟	U+31F9F	no accepted official reading
𱾠	U+31FA0	no accepted official reading
𱾡	U+31FA1	no accepted official reading
𱾢	U+31FA2	no accepted official reading
𱾣	U+31FA3	no accepted official reading
𱾤	U+31FA4	no accepted official reading
𱾦	U+31FA6	no accepted official reading
𱾧	U+31FA7	no accepted official reading
𱾨	U+31FA8	no accepted official reading
𱾩	U+31FA9	no accepted official reading
𱾪	U+31FAA	no accepted official reading
𱾫	U+31FAB	no accepted official reading
𱾭	U+31FAD	no accepted official reading
𱾮	U+31FAE	no accepted official reading
𱾯	U+31FAF	no accepted official reading
𱾰	U+31FB0	no accepted official reading
𱾳	U+31FB3	no accepted official reading
𱾷	U+31FB7	no accepted official reading
𱾸	U+31FB8	no accepted official reading
𱾻	U+31FBB	no accepted official reading
𱾼	U+31FBC	no accepted official reading
𱾽	U+31FBD	no accepted official reading
𱾿	U+31FBF	no accepted official reading
𱿁	U+31FC1	no accepted official reading
𱿂	U+31FC2	no accepted official reading
𱿃	U+31FC3	no accepted official reading
𱿄	U+31FC4	no accepted official reading
𱿆	U+31FC6	no accepted official reading
𱿉	U+31FC9	no accepted official reading
𱿊	U+31FCA	no accepted official reading
𱿋	U+31FCB	no accepted official reading
𱿌	U+31FCC	no accepted official reading
𱿍	U+31FCD	no accepted official reading
𱿎	U+31FCE	no accepted official reading
𱿏	U+31FCF	no accepted official reading
𱿐	U+31FD0	no accepted official reading
𱿑	U+31FD1	no accepted official reading
𱿒	U+31FD2	no accepted official reading
𱿓	U+31FD3	no accepted official reading
𱿔	U+31FD4	no accepted official reading
𱿕	U+31FD5	no accepted official reading
𱿘	U+31FD8	no accepted official reading
𱿙	U+31FD9	no accepted official reading
𱿚	U+31FDA	no accepted official reading
𱿛	U+31FDB	no accepted official reading
𱿜	U+31FDC	no accepted official reading
𱿞	U+31FDE	no accepted official reading
𱿟	U+31FDF	no accepted official reading
𱿠	U+31FE0	no accepted official reading
𱿡	U+31FE1	no accepted official reading
𱿢	U+31FE2	no accepted official reading
𱿤	U+31FE4	no accepted official reading
𱿥	U+31FE5	no accepted official reading
𱿦	U+31FE6	no accepted official reading
𱿧	U+31FE7	no accepted official reading
𱿨	U+31FE8	no accepted official reading
𱿩	U+31FE9	no accepted official reading
𱿭	U+31FED	no accepted official reading
𱿮	U+31FEE	no accepted official reading
𱿰	U+31FF0	no accepted official reading
𱿱	U+31FF1	no accepted official reading
𱿲	U+31FF2	no accepted official reading
𱿳	U+31FF3	no accepted official reading
𱿴	U+31FF4	no accepted official reading
𱿵	U+31FF5	no accepted official reading
𱿶	U+31FF6	no accepted official reading
𱿷	U+31FF7	no accepted official reading
𱿸	U+31FF8	no accepted official reading
𱿹	U+31FF9	no accepted official reading
𱿺	U+31FFA	no accepted official reading
𱿻	U+31FFB	no accepted official reading
𱿼	U+31FFC	no accepted official reading
𱿽	U+31FFD	no accepted official reading
𱿾	U+31FFE	no accepted official reading
𱿿	U+31FFF	no accepted official reading
𲀀	U+32000	no accepted official reading
𲀁	U+32001	no accepted official reading
𲀂	U+32002	no accepted official reading
𲀅	U+32005	no accepted official reading
𲀆	U+32006	no accepted official reading
𲀇	U+32007	no accepted official reading
𲀈	U+32008	no accepted official reading
𲀉	U+32009	no accepted official reading
𲀊	U+3200A	no accepted official reading
𲀋	U+3200B	no accepted official reading
𲀌	U+3200C	no accepted official reading
𲀎	U+3200E	no accepted official reading
𲀏	U+3200F	no accepted official reading
𲀐	U+32010	no accepted official reading
𲀒	U+32012	no accepted official reading
𲀓	U+32013	no accepted official reading
𲀔	U+32014	no accepted official reading
𲀕	U+32015	no accepted official reading
𲀖	U+32016	no accepted official reading
𲀗	U+32017	no accepted official reading
𲀙	U+32019	no accepted official reading
𲀚	U+3201A	no accepted official reading
𲀛	U+3201B	no accepted official reading
𲀜	U+3201C	no accepted official reading
𲀝	U+3201D	no accepted official reading
𲀠	U+32020	no accepted official reading
𲀢	U+32022	no accepted official reading
𲀣	U+32023	no accepted official reading
𲀤	U+32024	no accepted official reading
𲀥	U+32025	no accepted official reading
𲀦	U+32026	no accepted official reading
𲀧	U+32027	no accepted official reading
𲀨	U+32028	no accepted official reading
𲀩	U+32029	no accepted official reading
𲀪	U+3202A	no accepted official reading
𲀭	U+3202D	no accepted official reading
𲀮	U+3202E	no accepted official reading
𲀱	U+32031	no accepted official reading
𲀲	U+32032	no accepted official reading
𲀴	U+32034	no accepted official reading
𲀵	U+32035	no accepted official reading
𲀶	U+32036	no accepted official reading
𲀷	U+32037	no accepted official reading
𲀸	U+32038	no accepted official reading
𲀹	U+32039	no accepted official reading
𲀺	U+3203A	no accepted official reading
𲀻	U+3203B	no accepted official reading
𲀼	U+3203C	no accepted official reading
𲀽	U+3203D	no accepted official reading
𲀾	U+3203E	no accepted official reading
𲀿	U+3203F	no accepted official reading
𲁀	U+32040	no accepted official reading
𲁁	U+32041	no accepted official reading
𲁂	U+32042	no accepted official reading
𲁃	U+32043	no accepted official reading
𲁄	U+32044	no accepted official reading
𲁅	U+32045	no accepted official reading
𲁆	U+32046	no accepted official reading
𲁈	U+32048	no accepted official reading
𲁌	U+3204C	no accepted official reading
𲁏	U+3204F	no accepted official reading
𲁐	U+32050	no accepted official reading
𲁑	U+32051	no accepted official reading
𲁒	U+32052	no accepted official reading
𲁔	U+32054	no accepted official reading
𲁕	U+32055	no accepted official reading
𲁖	U+32056	no accepted official reading
𲁗	U+32057	no accepted official reading
𲁘	U+32058	no accepted official reading
𲁙	U+32059	no accepted official reading
𲁚	U+3205A	no accepted official reading
𲁛	U+3205B	no accepted official reading
𲁜	U+3205C	no accepted official reading
𲁝	U+3205D	no accepted official reading
𲁞	U+3205E	no accepted official reading
𲁟	U+3205F	no accepted official reading
𲁠	U+32060	no accepted official reading
𲁡	U+32061	no accepted official reading
𲁢	U+32062	no accepted official reading
𲁣	U+32063	no accepted official reading
𲁤	U+32064	no accepted official reading
𲁥	U+32065	no accepted official reading
𲁨	U+32068	no accepted official reading
𲁩	U+32069	no accepted official reading
𲁪	U+3206A	no accepted official reading
𲁬	U+3206C	no accepted official reading
𲁭	U+3206D	no accepted official reading
𲁮	U+3206E	no accepted official reading
𲁲	U+32072	no accepted official reading
𲁳	U+32073	no accepted official reading
𲁵	U+32075	no accepted official reading
𲁷	U+32077	no accepted official reading
𲁸	U+32078	no accepted official reading
𲁺	U+3207A	no accepted official reading
𲁼	U+3207C	no accepted official reading
𲁽	U+3207D	no accepted official reading
𲁾	U+3207E	no accepted official reading
𲁿	U+3207F	no accepted official reading
𲂁	U+32081	no accepted official reading
𲂂	U+32082	no accepted official reading
𲂃	U+32083	no accepted official reading
𲂄	U+32084	no accepted official reading
𲂅	U+32085	no accepted official reading
𲂇	U+32087	no accepted official reading
𲂈	U+32088	no accepted official reading
𲂉	U+32089	no accepted official reading
𲂊	U+3208A	no accepted official reading
𲂋	U+3208B	no accepted official reading
𲂌	U+3208C	no accepted official reading
𲂍	U+3208D	no accepted official reading
𲂎	U+3208E	no accepted official reading
𲂏	U+3208F	no accepted official reading
𲂐	U+32090	no accepted official reading
𲂑	U+32091	no accepted official reading
𲂒	U+32092	no accepted official reading
𲂕	U+32095	no accepted official reading
𲂖	U+32096	no accepted official reading
𲂗	U+32097	no accepted official reading
𲂘	U+32098	no accepted official reading
𲂙	U+32099	no accepted official reading
𲂚	U+3209A	no accepted official reading
𲂝	U+3209D	no accepted official reading
𲂢	U+320A2	no accepted official reading
𲂣	U+320A3	no accepted official reading
𲂤	U+320A4	no accepted official reading
𲂥	U+320A5	no accepted official reading
𲂦	U+320A6	no accepted official reading
𲂧	U+320A7	no accepted official reading
𲂨	U+320A8	no accepted official reading
𲂩	U+320A9	no accepted official reading
𲂪	U+320AA	no accepted official reading
𲂬	U+320AC	no accepted official reading
𲂭	U+320AD	no accepted official reading
𲂮	U+320AE	no accepted official reading
𲂯	U+320AF	no accepted official reading
𲂰	U+320B0	no accepted official reading
𲂱	U+320B1	no accepted official reading
𲂲	U+320B2	no accepted official reading
𲂳	U+320B3	no accepted official reading
𲂴	U+320B4	no accepted official reading
𲂵	U+320B5	no accepted official reading
𲂶	U+320B6	no accepted official reading
𲂷	U+320B7	no accepted official reading
𲂸	U+320B8	no accepted official reading
𲂹	U+320B9	no accepted official reading
𲂺	U+320BA	no accepted official reading
𲂼	U+320BC	no accepted official reading
𲂽	U+320BD	no accepted official reading
𲂾	U+320BE	no accepted official reading
𲂿	U+320BF	no accepted official reading
𲃁	U+320C1	no accepted official reading
𲃂	U+320C2	no accepted official reading
𲃃	U+320C3	no accepted official reading
𲃄	U+320C4	no accepted official reading
𲃅	U+320C5	no accepted official reading
𲃆	U+320C6	no accepted official reading
𲃇	U+320C7	no accepted official reading
𲃉	U+320C9	no accepted official reading
𲃊	U+320CA	no accepted official reading
𲃋	U+320CB	no accepted official reading
𲃌	U+320CC	no accepted official reading
𲃍	U+320CD	no accepted official reading
𲃎	U+320CE	no accepted official reading
𲃏	U+320CF	no accepted official reading
𲃐	U+320D0	no accepted official reading
𲃑	U+320D1	no accepted official reading
𲃒	U+320D2	no accepted official reading
𲃓	U+320D3	no accepted official reading
𲃔	U+320D4	no accepted official reading
𲃕	U+320D5	no accepted official reading
𲃖	U+320D6	no accepted official reading
𲃗	U+320D7	no accepted official reading
𲃘	U+320D8	no accepted official reading
𲃙	U+320D9	no accepted official reading
𲃚	U+320DA	no accepted official reading
𲃛	U+320DB	no accepted official reading
𲃜	U+320DC	no accepted official reading
𲃝	U+320DD	no accepted official reading
𲃞	U+320DE	no accepted official reading
𲃟	U+320DF	no accepted official reading
𲃠	U+320E0	no accepted official reading
𲃡	U+320E1	no accepted official reading
𲃢	U+320E2	no accepted official reading
𲃣	U+320E3	no accepted official reading
𲃤	U+320E4	no accepted official reading
𲃥	U+320E5	no accepted official reading
𲃦	U+320E6	no accepted official reading
𲃧	U+320E7	no accepted official reading
𲃨	U+320E8	no accepted official reading
𲃩	U+320E9	no accepted official reading
𲃪	U+320EA	no accepted official reading
𲃫	U+320EB	no accepted official reading
𲃬	U+320EC	no accepted official reading
𲃭	U+320ED	no accepted official reading
𲃮	U+320EE	no accepted official reading
𲃰	U+320F0	no accepted official reading
𲃱	U+320F1	no accepted official reading
𲃳	U+320F3	no accepted official reading
𲃴	U+320F4	no accepted official reading
𲃵	U+320F5	no accepted official reading
𲃶	U+320F6	no accepted official reading
𲃷	U+320F7	no accepted official reading
𲃸	U+320F8	no accepted official reading
𲃹	U+320F9	no accepted official reading
𲃺	U+320FA	no accepted official reading
𲃽	U+320FD	no accepted official reading
𲃾	U+320FE	no accepted official reading
𲃿	U+320FF	no accepted official reading
𲄁	U+32101	no accepted official reading
𲄂	U+32102	no accepted official reading
𲄃	U+32103	no accepted official reading
𲄄	U+32104	no accepted official reading
𲄅	U+32105	no accepted official reading
𲄆	U+32106	no accepted official reading
𲄇	U+32107	no accepted official reading
𲄉	U+32109	no accepted official reading
𲄊	U+3210A	no accepted official reading
𲄋	U+3210B	no accepted official reading
𲄌	U+3210C	no accepted official reading
𲄍	U+3210D	no accepted official reading
𲄎	U+3210E	no accepted official reading
𲄏	U+3210F	no accepted official reading
𲄐	U+32110	no accepted official reading
𲄑	U+32111	no accepted official reading
𲄒	U+32112	no accepted official reading
𲄓	U+32113	no accepted official reading
𲄔	U+32114	no accepted official reading
𲄕	U+32115	no accepted official reading
𲄖	U+32116	no accepted official reading
𲄘	U+32118	no accepted official reading
𲄙	U+32119	no accepted official reading
𲄛	U+3211B	no accepted official reading
𲄜	U+3211C	no accepted official reading
𲄝	U+3211D	no accepted official reading
𲄠	U+32120	no accepted official reading
𲄡	U+32121	no accepted official reading
𲄢	U+32122	no accepted official reading
𲄣	U+32123	no accepted official reading
𲄤	U+32124	no accepted official reading
𲄥	U+32125	no accepted official reading
𲄦	U+32126	no accepted official reading
𲄧	U+32127	no accepted official reading
𲄩	U+32129	no accepted official reading
𲄪	U+3212A	no accepted official reading
𲄫	U+3212B	no accepted official reading
𲄬	U+3212C	no accepted official reading
𲄭	U+3212D	no accepted official reading
𲄯	U+3212F	no accepted official reading
𲄰	U+32130	no accepted official reading
𲄱	U+32131	no accepted official reading
𲄲	U+32132	no accepted official reading
𲄳	U+32133	no accepted official reading
𲄴	U+32134	no accepted official reading
𲄶	U+32136	no accepted official reading
𲄷	U+32137	no accepted official reading
𲄹	U+32139	no accepted official reading
𲄺	U+3213A	no accepted official reading
𲄻	U+3213B	no accepted official reading
𲄼	U+3213C	no accepted official reading
𲄽	U+3213D	no accepted official reading
𲄾	U+3213E	no accepted official reading
𲄿	U+3213F	no accepted official reading
𲅀	U+32140	no accepted official reading
𲅁	U+32141	no accepted official reading
𲅃	U+32143	no accepted official reading
𲅄	U+32144	no accepted official reading
𲅅	U+32145	no accepted official reading
𲅆	U+32146	no accepted official reading
𲅈	U+32148	no accepted official reading
𲅉	U+32149	no accepted official reading
𲅊	U+3214A	no accepted official reading
𲅌	U+3214C	no accepted official reading
𲅎	U+3214E	no accepted official reading
𲅐	U+32150	no accepted official reading
𲅑	U+32151	no accepted official reading
𲅒	U+32152	no accepted official reading
𲅓	U+32153	no accepted official reading
𲅖	U+32156	no accepted official reading
𲅗	U+32157	no accepted official reading
𲅘	U+32158	no accepted official reading
𲅙	U+32159	no accepted official reading
𲅛	U+3215B	no accepted official reading
𲅠	U+32160	no accepted official reading
𲅢	U+32162	no accepted official reading
𲅣	U+32163	no accepted official reading
𲅤	U+32164	no accepted official reading
𲅥	U+32165	no accepted official reading
𲅦	U+32166	no accepted official reading
𲅧	U+32167	no accepted official reading
𲅩	U+32169	no accepted official reading
𲅪	U+3216A	no accepted official reading
𲅭	U+3216D	no accepted official reading
𲅰	U+32170	no accepted official reading
𲅲	U+32172	no accepted official reading
𲅶	U+32176	no accepted official reading
𲅷	U+32177	no accepted official reading
𲅸	U+32178	no accepted official reading
𲅻	U+3217B	no accepted official reading
𲅽	U+3217D	no accepted official reading
𲅿	U+3217F	no accepted official reading
𲆁	U+32181	no accepted official reading
𲆂	U+32182	no accepted official reading
𲆄	U+32184	no accepted official reading
𲆅	U+32185	no accepted official reading
𲆇	U+32187	no accepted official reading
𲆉	U+32189	no accepted official reading
𲆋	U+3218B	no accepted official reading
𲆌	U+3218C	no accepted official reading
𲆍	U+3218D	no accepted official reading
𲆎	U+3218E	no accepted official reading
𲆏	U+3218F	no accepted official reading
𲆐	U+32190	no accepted official reading
𲆑	U+32191	no accepted official reading
𲆒	U+32192	no accepted official reading
𲆓	U+32193	no accepted official reading
𲆔	U+32194	no accepted official reading
𲆖	U+32196	no accepted official reading
𲆗	U+32197	no accepted official reading
𲆙	U+32199	no accepted official reading
𲆛	U+3219B	no accepted official reading
𲆜	U+3219C	no accepted official reading
𲆝	U+3219D	no accepted official reading
𲆟	U+3219F	no accepted official reading
𲆠	U+321A0	no accepted official reading
𲆢	U+321A2	no accepted official reading
𲆣	U+321A3	no accepted official reading
𲆤	U+321A4	no accepted official reading
𲆥	U+321A5	no accepted official reading
𲆧	U+321A7	no accepted official reading
𲆨	U+321A8	no accepted official reading
𲆪	U+321AA	no accepted official reading
𲆬	U+321AC	no accepted official reading
𲆭	U+321AD	no accepted official reading
𲆮	U+321AE	no accepted official reading
𲆯	U+321AF	no accepted official reading
𲆲	U+321B2	no accepted official reading
𲆶	U+321B6	no accepted official reading
𲆷	U+321B7	no accepted official reading
𲆸	U+321B8	no accepted official reading
𲆹	U+321B9	no accepted official reading
𲆺	U+321BA	no accepted official reading
𲆻	U+321BB	no accepted official reading
𲆼	U+321BC	no accepted official reading
𲆽	U+321BD	no accepted official reading
𲆾	U+321BE	no accepted official reading
𲆿	U+321BF	no accepted official reading
𲇀	U+321C0	no accepted official reading
𲇁	U+321C1	no accepted official reading
𲇂	U+321C2	no accepted official reading
𲇃	U+321C3	no accepted official reading
𲇇	U+321C7	no accepted official reading
𲇋	U+321CB	no accepted official reading
𲇌	U+321CC	no accepted official reading
𲇎	U+321CE	no accepted official reading
𲇏	U+321CF	no accepted official reading
𲇐	U+321D0	no accepted official reading
𲇑	U+321D1	no accepted official reading
𲇒	U+321D2	no accepted official reading
𲇓	U+321D3	no accepted official reading
𲇔	U+321D4	no accepted official reading
𲇕	U+321D5	no accepted official reading
𲇖	U+321D6	no accepted official reading
𲇗	U+321D7	no accepted official reading
𲇚	U+321DA	no accepted official reading
𲇛	U+321DB	no accepted official reading
𲇜	U+321DC	no accepted official reading
𲇝	U+321DD	no accepted official reading
𲇞	U+321DE	no accepted official reading
𲇟	U+321DF	no accepted official reading
𲇠	U+321E0	no accepted official reading
𲇡	U+321E1	no accepted official reading
𲇢	U+321E2	no accepted official reading
𲇣	U+321E3	no accepted official reading
𲇤	U+321E4	no accepted official reading
𲇥	U+321E5	no accepted official reading
𲇦	U+321E6	no accepted official reading
𲇧	U+321E7	no accepted official reading
𲇪	U+321EA	no accepted official reading
𲇫	U+321EB	no accepted official reading
𲇬	U+321EC	no accepted official reading
𲇭	U+321ED	no accepted official reading
𲇮	U+321EE	no accepted official reading
𲇯	U+321EF	no accepted official reading
𲇱	U+321F1	no accepted official reading
𲇲	U+321F2	no accepted official reading
𲇳	U+321F3	no accepted official reading
𲇴	U+321F4	no accepted official reading
𲇵	U+321F5	no accepted official reading
𲇶	U+321F6	no accepted official reading
𲇷	U+321F7	no accepted official reading
𲇸	U+321F8	no accepted official reading
𲇹	U+321F9	no accepted official reading
𲇺	U+321FA	no accepted official reading
𲇻	U+321FB	no accepted official reading
𲇼	U+321FC	no accepted official reading
𲇽	U+321FD	no accepted official reading
𲇾	U+321FE	no accepted official reading
𲇿	U+321FF	no accepted official reading
𲈀	U+32200	no accepted official reading
𲈁	U+32201	no accepted official reading
𲈂	U+32202	no accepted official reading
𲈃	U+32203	no accepted official reading
𲈄	U+32204	no accepted official reading
𲈅	U+32205	no accepted official reading
𲈆	U+32206	no accepted official reading
𲈇	U+32207	no accepted official reading
𲈈	U+32208	no accepted official reading
𲈉	U+32209	no accepted official reading
𲈊	U+3220A	no accepted official reading
𲈋	U+3220B	no accepted official reading
𲈌	U+3220C	no accepted official reading
𲈎	U+3220E	no accepted official reading
𲈏	U+3220F	no accepted official reading
𲈐	U+32210	no accepted official reading
𲈑	U+32211	no accepted official reading
𲈒	U+32212	no accepted official reading
𲈓	U+32213	no accepted official reading
𲈔	U+32214	no accepted official reading
𲈕	U+32215	no accepted official reading
𲈗	U+32217	no accepted official reading
𲈘	U+32218	no accepted official reading
𲈙	U+32219	no accepted official reading
𲈚	U+3221A	no accepted official reading
𲈛	U+3221B	no accepted official reading
𲈜	U+3221C	no accepted official reading
𲈝	U+3221D	no accepted official reading
𲈞	U+3221E	no accepted official reading
𲈟	U+3221F	no accepted official reading
𲈠	U+32220	no accepted official reading
𲈡	U+32221	no accepted official reading
𲈤	U+32224	no accepted official reading
𲈥	U+32225	no accepted official reading
𲈦	U+32226	no accepted official reading
𲈧	U+32227	no accepted official reading
𲈨	U+32228	no accepted official reading
𲈩	U+32229	no accepted official reading
𲈪	U+3222A	no accepted official reading
𲈫	U+3222B	no accepted official reading
𲈬	U+3222C	no accepted official reading
𲈭	U+3222D	no accepted official reading
𲈮	U+3222E	no accepted official reading
𲈯	U+3222F	no accepted official reading
𲈰	U+32230	no accepted official reading
𲈲	U+32232	no accepted official reading
𲈵	U+32235	no accepted official reading
𲈶	U+32236	no accepted official reading
𲈷	U+32237	no accepted official reading
𲈸	U+32238	no accepted official reading
𲈹	U+32239	no accepted official reading
𲈺	U+3223A	no accepted official reading
𲈻	U+3223B	no accepted official reading
𲈽	U+3223D	no accepted official reading
𲈾	U+3223E	no accepted official reading
𲈿	U+3223F	no accepted official reading
𲉀	U+32240	no accepted official reading
𲉁	U+32241	no accepted official reading
𲉂	U+32242	no accepted official reading
𲉃	U+32243	no accepted official reading
𲉄	U+32244	no accepted official reading
𲉆	U+32246	no accepted official reading
𲉊	U+3224A	no accepted official reading
𲉋	U+3224B	no accepted official reading
𲉌	U+3224C	no accepted official reading
𲉍	U+3224D	no accepted official reading
𲉎	U+3224E	no accepted official reading
𲉏	U+3224F	no accepted official reading
𲉑	U+32251	no accepted official reading
𲉓	U+32253	no accepted official reading
𲉗	U+32257	no accepted official reading
𲉘	U+32258	no accepted official reading
𲉜	U+3225C	no accepted official reading
𲉝	U+3225D	no accepted official reading
𲉢	U+32262	no accepted official reading
𲉣	U+32263	no accepted official reading
𲉦	U+32266	no accepted official reading
𲉧	U+32267	no accepted official reading
𲉩	U+32269	no accepted official reading
𲉪	U+3226A	no accepted official reading
𲉫	U+3226B	no accepted official reading
𲉮	U+3226E	no accepted official reading
𲉰	U+32270	no accepted official reading
𲉲	U+32272	no accepted official reading
𲉳	U+32273	no accepted official reading
𲉴	U+32274	no accepted official reading
𲉵	U+32275	no accepted official reading
𲉶	U+32276	no accepted official reading
𲉷	U+32277	no accepted official reading
𲉸	U+32278	no accepted official reading
𲉹	U+32279	no accepted official reading
𲉺	U+3227A	no accepted official reading
𲉻	U+3227B	no accepted official reading
𲉼	U+3227C	no accepted official reading
𲉽	U+3227D	no accepted official reading
𲉾	U+3227E	no accepted official reading
𲉿	U+3227F	no accepted official reading
𲊀	U+32280	no accepted official reading
𲊂	U+32282	no accepted official reading
𲊄	U+32284	no accepted official reading
𲊅	U+32285	no accepted official reading
𲊆	U+32286	no accepted official reading
𲊇	U+32287	no accepted official reading
𲊈	U+32288	no accepted official reading
𲊉	U+32289	no accepted official reading
𲊊	U+3228A	no accepted official reading
𲊍	U+3228D	no accepted official reading
𲊎	U+3228E	no accepted official reading
𲊏	U+3228F	no accepted official reading
𲊑	U+32291	no accepted official reading
𲊒	U+32292	no accepted official reading
𲊔	U+32294	no accepted official reading
𲊕	U+32295	no accepted official reading
𲊖	U+32296	no accepted official reading
𲊗	U+32297	no accepted official reading
𲊘	U+32298	no accepted official reading
𲊙	U+32299	no accepted official reading
𲊚	U+3229A	no accepted official reading
𲊛	U+3229B	no accepted official reading
𲊞	U+3229E	no accepted official reading
𲊟	U+3229F	no accepted official reading
𲊠	U+322A0	no accepted official reading
𲊡	U+322A1	no accepted official reading
𲊢	U+322A2	no accepted official reading
𲊣	U+322A3	no accepted official reading
𲊤	U+322A4	no accepted official reading
𲊥	U+322A5	no accepted official reading
𲊦	U+322A6	no accepted official reading
𲊧	U+322A7	no accepted official reading
𲊨	U+322A8	no accepted official reading
𲊩	U+322A9	no accepted official reading
𲊪	U+322AA	no accepted official reading
𲊫	U+322AB	no accepted official reading
𲊬	U+322AC	no accepted official reading
𲊭	U+322AD	no accepted official reading
𲊮	U+322AE	no accepted official reading
𲊯	U+322AF	no accepted official reading
𲊰	U+322B0	no accepted official reading
𲊲	U+322B2	no accepted official reading
𲊳	U+322B3	no accepted official reading
𲊴	U+322B4	no accepted official reading
𲊵	U+322B5	no accepted official reading
𲊶	U+322B6	no accepted official reading
𲊸	U+322B8	no accepted official reading
𲊺	U+322BA	no accepted official reading
𲊻	U+322BB	no accepted official reading
𲊼	U+322BC	no accepted official reading
𲊾	U+322BE	no accepted official reading
𲊿	U+322BF	no accepted official reading
𲋀	U+322C0	no accepted official reading
𲋂	U+322C2	no accepted official reading
𲋃	U+322C3	no accepted official reading
𲋄	U+322C4	no accepted official reading
𲋅	U+322C5	no accepted official reading
𲋆	U+322C6	no accepted official reading
𲋉	U+322C9	no accepted official reading
𲋊	U+322CA	no accepted official reading
𲋌	U+322CC	no accepted official reading
𲋍	U+322CD	no accepted official reading
𲋎	U+322CE	no accepted official reading
𲋐	U+322D0	no accepted official reading
𲋑	U+322D1	no accepted official reading
𲋒	U+322D2	no accepted official reading
𲋓	U+322D3	no accepted official reading
𲋔	U+322D4	no accepted official reading
𲋕	U+322D5	no accepted official reading
𲋖	U+322D6	no accepted official reading
𲋗	U+322D7	no accepted official reading
𲋘	U+322D8	no accepted official reading
𲋙	U+322D9	no accepted official reading
𲋚	U+322DA	no accepted official reading
𲋛	U+322DB	no accepted official reading
𲋜	U+322DC	no accepted official reading
𲋝	U+322DD	no accepted official reading
𲋞	U+322DE	no accepted official reading
𲋟	U+322DF	no accepted official reading
𲋢	U+322E2	no accepted official reading
𲋣	U+322E3	no accepted official reading
𲋤	U+322E4	no accepted official reading
𲋥	U+322E5	no accepted official reading
𲋦	U+322E6	no accepted official reading
𲋧	U+322E7	no accepted official reading
𲋨	U+322E8	no accepted official reading
𲋩	U+322E9	no accepted official reading
𲋪	U+322EA	no accepted official reading
𲋫	U+322EB	no accepted official reading
𲋬	U+322EC	no accepted official reading
𲋭	U+322ED	no accepted official reading
𲋮	U+322EE	no accepted official reading
𲋯	U+322EF	no accepted official reading
𲋰	U+322F0	no accepted official reading
𲋱	U+322F1	no accepted official reading
𲋲	U+322F2	no accepted official reading
𲋳	U+322F3	no accepted official reading
𲋴	U+322F4	no accepted official reading
𲋸	U+322F8	no accepted official reading
𲋹	U+322F9	no accepted official reading
𲋼	U+322FC	no accepted official reading
𲋽	U+322FD	no accepted official reading
𲋾	U+322FE	no accepted official reading
𲋿	U+322FF	no accepted official reading
𲌀	U+32300	no accepted official reading
𲌁	U+32301	no accepted official reading
𲌂	U+32302	no accepted official reading
𲌃	U+32303	no accepted official reading
𲌄	U+32304	no accepted official reading
𲌅	U+32305	no accepted official reading
𲌆	U+32306	no accepted official reading
𲌇	U+32307	no accepted official reading
𲌈	U+32308	no accepted official reading
𲌊	U+3230A	no accepted official reading
𲌋	U+3230B	no accepted official reading
𲌌	U+3230C	no accepted official reading
𲌍	U+3230D	no accepted official reading
𲌎	U+3230E	no accepted official reading
𲌏	U+3230F	no accepted official reading
𲌐	U+32310	no accepted official reading
𲌑	U+32311	no accepted official reading
𲌒	U+32312	no accepted official reading
𲌓	U+32313	no accepted official reading
𲌔	U+32314	no accepted official reading
𲌕	U+32315	no accepted official reading
𲌖	U+32316	no accepted official reading
𲌗	U+32317	no accepted official reading
𲌙	U+32319	no accepted official reading
𲌚	U+3231A	no accepted official reading
𲌛	U+3231B	no accepted official reading
𲌜	U+3231C	no accepted official reading
𲌝	U+3231D	no accepted official reading
𲌟	U+3231F	no accepted official reading
𲌠	U+32320	no accepted official reading
𲌣	U+32323	no accepted official reading
𲌧	U+32327	no accepted official reading
𲌨	U+32328	no accepted official reading
𲌩	U+32329	no accepted official reading
𲌪	U+3232A	no accepted official reading
𲌫	U+3232B	no accepted official reading
𲌬	U+3232C	no accepted official reading
𲌭	U+3232D	no accepted official reading
𲌮	U+3232E	no accepted official reading
𲌯	U+3232F	no accepted official reading
𲌱	U+32331	no accepted official reading
𲌲	U+32332	no accepted official reading
𲌳	U+32333	no accepted official reading
𲌴	U+32334	no accepted official reading
𲌵	U+32335	no accepted official reading
𲌶	U+32336	no accepted official reading
𲌷	U+32337	no accepted official reading
𲌸	U+32338	no accepted official reading
𲌹	U+32339	no accepted official reading
𲌺	U+3233A	no accepted official reading
𲌼	U+3233C	no accepted official reading
𲌽	U+3233D	no accepted official reading
𲌾	U+3233E	no accepted official reading
𲌿	U+3233F	no accepted official reading
𲍀	U+32340	no accepted official reading
𲍁	U+32341	no accepted official reading
𲍂	U+32342	no accepted official reading
𲍃	U+32343	no accepted official reading
𲍄	U+32344	no accepted official reading
𲍆	U+32346	no accepted official reading
𲍈	U+32348	no accepted official reading
𲍊	U+3234A	no accepted official reading
𲍋	U+3234B	no accepted official reading
𲍌	U+3234C	no accepted official reading
𲍍	U+3234D	no accepted official reading
𲍎	U+3234E	no accepted official reading
𲍑	U+32351	no accepted official reading
𲍒	U+32352	no accepted official reading
𲍓	U+32353	no accepted official reading
𲍔	U+32354	no accepted official reading
𲍕	U+32355	no accepted official reading
𲍖	U+32356	no accepted official reading
𲍘	U+32358	no accepted official reading
𲍙	U+32359	no accepted official reading
𲍚	U+3235A	no accepted official reading
𲍛	U+3235B	no accepted official reading
𲍜	U+3235C	no accepted official reading
𲍝	U+3235D	no accepted official reading
𲍞	U+3235E	no accepted official reading
𲍟	U+3235F	no accepted official reading
𲍠	U+32360	no accepted official reading
𲍡	U+32361	no accepted official reading
𲍢	U+32362	no accepted official reading
𲍣	U+32363	no accepted official reading
𲍤	U+32364	no accepted official reading
𲍦	U+32366	no accepted official reading
𲍧	U+32367	no accepted official reading
𲍨	U+32368	no accepted official reading
𲍩	U+32369	no accepted official reading
𲍪	U+3236A	no accepted official reading
𲍫	U+3236B	no accepted official reading
𲍬	U+3236C	no accepted official reading
𲍱	U+32371	no accepted official reading
𲍲	U+32372	no accepted official reading
𲍴	U+32374	no accepted official reading
𲍵	U+32375	no accepted official reading
𲍶	U+32376	no accepted official reading
𲍷	U+32377	no accepted official reading
𲍸	U+32378	no accepted official reading
𲍺	U+3237A	no accepted official reading
𲍻	U+3237B	no accepted official reading
𲍼	U+3237C	no accepted official reading
𲍽	U+3237D	no accepted official reading
𲎀	U+32380	no accepted official reading
𲎁	U+32381	no accepted official reading
𲎂	U+32382	no accepted official reading
𲎃	U+32383	no accepted official reading
𲎄	U+32384	no accepted official reading
𲎇	U+32387	no accepted official reading
𲎊	U+3238A	no accepted official reading
𲎋	U+3238B	no accepted official reading
𲎌	U+3238C	no accepted official reading
𲎍	U+3238D	no accepted official reading
𲎎	U+3238E	no accepted official reading
𲎏	U+3238F	no accepted official reading
𲎐	U+32390	no accepted official reading
𲎑	U+32391	no accepted official reading
𲎒	U+32392	no accepted official reading
𲎔	U+32394	no accepted official reading
𲎗	U+32397	no accepted official reading
𲎘	U+32398	no accepted official reading
𲎚	U+3239A	no accepted official reading
𲎛	U+3239B	no accepted official reading
𲎜	U+3239C	no accepted official reading
𲎝	U+3239D	no accepted official reading
𲎞	U+3239E	no accepted official reading
𲎟	U+3239F	no accepted official reading
𲎠	U+323A0	no accepted official reading
𲎢	U+323A2	no accepted official reading
𲎣	U+323A3	no accepted official reading
𲎤	U+323A4	no accepted official reading
𲎥	U+323A5	no accepted official reading
𲎦	U+323A6	no accepted official reading
𲎧	U+323A7	no accepted official reading
𲎨	U+323A8	no accepted official reading
𲎩	U+323A9	no accepted official reading
𲎪	U+323AA	no accepted official reading
𲎫	U+323AB	no accepted official reading
𲎬	U+323AC	no accepted official reading
𲎭	U+323AD	no accepted official reading
𲎮	U+323AE	no accepted official reading
𲎳	U+323B3	no accepted official reading
𲎴	U+323B4	no accepted official reading
𲎵	U+323B5	no accepted official reading
𲎶	U+323B6	no accepted official reading
𲎷	U+323B7	no accepted official reading
𲎸	U+323B8	no accepted official reading
𲎹	U+323B9	no accepted official reading
𲎺	U+323BA	no accepted official reading
𲎼	U+323BC	no accepted official reading
𲎽	U+323BD	no accepted official reading
𲎾	U+323BE	no accepted official reading
𲎿	U+323BF	no accepted official reading
𲏀	U+323C0	no accepted official reading
𲏁	U+323C1	no accepted official reading
𲏄	U+323C4	no accepted official reading
𲏈	U+323C8	no accepted official reading
𲏉	U+323C9	no accepted official reading
𲏋	U+323CB	no accepted official reading
𲏌	U+323CC	no accepted official reading
𲏍	U+323CD	no accepted official reading
𲏎	U+323CE	no accepted official reading
𲏏	U+323CF	no accepted official reading
𲏐	U+323D0	no accepted official reading
𲏑	U+323D1	no accepted official reading
𲏓	U+323D3	no accepted official reading
𲏔	U+323D4	no accepted official reading
𲏕	U+323D5	no accepted official reading
𲏖	U+323D6	no accepted official reading
𲏗	U+323D7	no accepted official reading
𲏘	U+323D8	no accepted official reading
𲏙	U+323D9	no accepted official reading
𲏚	U+323DA	no accepted official reading
𲏛	U+323DB	no accepted official reading
𲏜	U+323DC	no accepted official reading
𲏝	U+323DD	no accepted official reading
𲏞	U+323DE	no accepted official reading
𲏟	U+323DF	no accepted official reading
𲏠	U+323E0	no accepted official reading
𲏡	U+323E1	no accepted official reading
𲏢	U+323E2	no accepted official reading
𲏣	U+323E3	no accepted official reading
𲏤	U+323E4	no accepted official reading
𲏥	U+323E5	no accepted official reading
𲏦	U+323E6	no accepted official reading
𲏧	U+323E7	no accepted official reading
𲏨	U+323E8	no accepted official reading
𲏩	U+323E9	no accepted official reading
𲏪	U+323EA	no accepted official reading
𲏫	U+323EB	no accepted official reading
𲏬	U+323EC	no accepted official reading
𲏭	U+323ED	no accepted official reading
𲏮	U+323EE	no accepted official reading
𲏯	U+323EF	no accepted official reading
𲏰	U+323F0	no accepted official reading
𲏱	U+323F1	no accepted official reading
𲏲	U+323F2	no accepted official reading
𲏳	U+323F3	no accepted official reading
𲏴	U+323F4	no accepted official reading
𲏵	U+323F5	no accepted official reading
𲏶	U+323F6	no accepted official reading
𲏷	U+323F7	no accepted official reading
𲏸	U+323F8	no accepted official reading
𲏹	U+323F9	no accepted official reading
𲏺	U+323FA	no accepted official reading
𲏻	U+323FB	no accepted official reading
𲏼	U+323FC	no accepted official reading
𲏽	U+323FD	no accepted official reading
𲏾	U+323FE	no accepted official reading
𲏿	U+323FF	no accepted official reading
𲐀	U+32400	no accepted official reading
𲐁	U+32401	no accepted official reading
𲐂	U+32402	no accepted official reading
𲐃	U+32403	no accepted official reading
𲐄	U+32404	no accepted official reading
𲐅	U+32405	no accepted official reading
𲐆	U+32406	no accepted official reading
𲐇	U+32407	no accepted official reading
𲐈	U+32408	no accepted official reading
𲐉	U+32409	no accepted official reading
𲐊	U+3240A	no accepted official reading
𲐋	U+3240B	no accepted official reading
𲐌	U+3240C	no accepted official reading
𲐍	U+3240D	no accepted official reading
𲐎	U+3240E	no accepted official reading
𲐏	U+3240F	no accepted official reading
𲐐	U+32410	no accepted official reading
𲐑	U+32411	no accepted official reading
𲐒	U+32412	no accepted official reading
𲐓	U+32413	no accepted official reading
𲐔	U+32414	no accepted official reading
𲐕	U+32415	no accepted official reading
𲐖	U+32416	no accepted official reading
𲐗	U+32417	no accepted official reading
𲐘	U+32418	no accepted official reading
𲐙	U+32419	no accepted official reading
𲐚	U+3241A	no accepted official reading
𲐜	U+3241C	no accepted official reading
𲐞	U+3241E	no accepted official reading
𲐡	U+32421	no accepted official reading
𲐢	U+32422	no accepted official reading
𲐣	U+32423	no accepted official reading
𲐤	U+32424	no accepted official reading
𲐥	U+32425	no accepted official reading
𲐦	U+32426	no accepted official reading
𲐧	U+32427	no accepted official reading
𲐨	U+32428	no accepted official reading
𲐩	U+32429	no accepted official reading
𲐪	U+3242A	no accepted official reading
𲐫	U+3242B	no accepted official reading
𲐭	U+3242D	no accepted official reading
𲐮	U+3242E	no accepted official reading
𲐯	U+3242F	no accepted official reading
𲐰	U+32430	no accepted official reading
𲐲	U+32432	no accepted official reading
𲐶	U+32436	no accepted official reading
𲐷	U+32437	no accepted official reading
𲐸	U+32438	no accepted official reading
𲐹	U+32439	no accepted official reading
𲐺	U+3243A	no accepted official reading
𲐻	U+3243B	no accepted official reading
𲐼	U+3243C	no accepted official reading
𲐽	U+3243D	no accepted official reading
𲐾	U+3243E	no accepted official reading
𲐿	U+3243F	no accepted official reading
𲑀	U+32440	no accepted official reading
𲑁	U+32441	no accepted official reading
𲑂	U+32442	no accepted official reading
𲑃	U+32443	no accepted official reading
𲑄	U+32444	no accepted official reading
𲑆	U+32446	no accepted official reading
𲑇	U+32447	no accepted official reading
𲑈	U+32448	no accepted official reading
𲑊	U+3244A	no accepted official reading
𲑋	U+3244B	no accepted official reading
𲑌	U+3244C	no accepted official reading
𲑍	U+3244D	no accepted official reading
𲑎	U+3244E	no accepted official reading
𲑐	U+32450	no accepted official reading
𲑑	U+32451	no accepted official reading
𲑒	U+32452	no accepted official reading
𲑓	U+32453	no accepted official reading
𲑔	U+32454	no accepted official reading
𲑕	U+32455	no accepted official reading
𲑖	U+32456	no accepted official reading
𲑗	U+32457	no accepted official reading
𲑘	U+32458	no accepted official reading
𲑙	U+32459	no accepted official reading
𲑚	U+3245A	no accepted official reading
𲑛	U+3245B	no accepted official reading
𲑜	U+3245C	no accepted official reading
𲑝	U+3245D	no accepted official reading
𲑞	U+3245E	no accepted official reading
𲑠	U+32460	no accepted official reading
𲑡	U+32461	no accepted official reading
𲑢	U+32462	no accepted official reading
𲑣	U+32463	no accepted official reading
𲑤	U+32464	no accepted official reading
𲑥	U+32465	no accepted official reading
𲑦	U+32466	no accepted official reading
𲑨	U+32468	no accepted official reading
𲑩	U+32469	no accepted official reading
𲑪	U+3246A	no accepted official reading
𲑫	U+3246B	no accepted official reading
𲑬	U+3246C	no accepted official reading
𲑭	U+3246D	no accepted official reading
𲑮	U+3246E	no accepted official reading
𲑯	U+3246F	no accepted official reading
𲑰	U+32470	no accepted official reading
𲑱	U+32471	no accepted official reading
𲑲	U+32472	no accepted official reading
𲑳	U+32473	no accepted official reading
𲑴	U+32474	no accepted official reading
𲑵	U+32475	no accepted official reading
𲑶	U+32476	no accepted official reading
𲑷	U+32477	no accepted official reading
𲑸	U+32478	no accepted official reading
𲑹	U+32479	no accepted official reading
𲑺	U+3247A	no accepted official reading
𲑻	U+3247B	no accepted official reading
𲑼	U+3247C	no accepted official reading
𲑽	U+3247D	no accepted official reading
𲑾	U+3247E	no accepted official reading
𲑿	U+3247F	no accepted official reading
𲒀	U+32480	no accepted official reading
𲒁	U+32481	no accepted official reading
𲒂	U+32482	no accepted official reading
𲒃	U+32483	no accepted official reading
𲒄	U+32484	no accepted official reading
𲒅	U+32485	no accepted official reading
𲒆	U+32486	no accepted official reading
𲒇	U+32487	no accepted official reading
𲒈	U+32488	no accepted official reading
𲒉	U+32489	no accepted official reading
𲒊	U+3248A	no accepted official reading
𲒋	U+3248B	no accepted official reading
𲒌	U+3248C	no accepted official reading
𲒍	U+3248D	no accepted official reading
𲒎	U+3248E	no accepted official reading
𲒏	U+3248F	no accepted official reading
𲒐	U+32490	no accepted official reading
𲒑	U+32491	no accepted official reading
𲒒	U+32492	no accepted official reading
𲒓	U+32493	no accepted official reading
𲒔	U+32494	no accepted official reading
𲒕	U+32495	no accepted official reading
𲒖	U+32496	no accepted official reading
𲒗	U+32497	no accepted official reading
𲒘	U+32498	no accepted official reading
𲒙	U+32499	no accepted official reading
𲒚	U+3249A	no accepted official reading
𲒛	U+3249B	no accepted official reading
𲒜	U+3249C	no accepted official reading
𲒝	U+3249D	no accepted official reading
𲒞	U+3249E	no accepted official reading
𲒟	U+3249F	no accepted official reading
𲒠	U+324A0	no accepted official reading
𲒡	U+324A1	no accepted official reading
𲒢	U+324A2	no accepted official reading
𲒣	U+324A3	no accepted official reading
𲒤	U+324A4	no accepted official reading
𲒥	U+324A5	no accepted official reading
𲒦	U+324A6	no accepted official reading
𲒧	U+324A7	no accepted official reading
𲒨	U+324A8	no accepted official reading
𲒩	U+324A9	no accepted official reading
𲒪	U+324AA	no accepted official reading
𲒫	U+324AB	no accepted official reading
𲒬	U+324AC	no accepted official reading
𲒭	U+324AD	no accepted official reading
𲒮	U+324AE	no accepted official reading
𲒯	U+324AF	no accepted official reading
𲒰	U+324B0	no accepted official reading
𲒱	U+324B1	no accepted official reading
𲒲	U+324B2	no accepted official reading
𲒳	U+324B3	no accepted official reading
𲒴	U+324B4	no accepted official reading
𲒵	U+324B5	no accepted official reading
𲒶	U+324B6	no accepted official reading
𲒷	U+324B7	no accepted official reading
𲒸	U+324B8	no accepted official reading
𲒹	U+324B9	no accepted official reading
𲒺	U+324BA	no accepted official reading
𲒽	U+324BD	no accepted official reading
𲒾	U+324BE	no accepted official reading
𲒿	U+324BF	no accepted official reading
𲓁	U+324C1	no accepted official reading
𲓂	U+324C2	no accepted official reading
𲓃	U+324C3	no accepted official reading
𲓄	U+324C4	no accepted official reading
𲓅	U+324C5	no accepted official reading
𲓆	U+324C6	no accepted official reading
𲓇	U+324C7	no accepted official reading
𲓈	U+324C8	no accepted official reading
𲓊	U+324CA	no accepted official reading
𲓋	U+324CB	no accepted official reading
𲓌	U+324CC	no accepted official reading
𲓍	U+324CD	no accepted official reading
𲓎	U+324CE	no accepted official reading
𲓏	U+324CF	no accepted official reading
𲓐	U+324D0	no accepted official reading
𲓑	U+324D1	no accepted official reading
𲓒	U+324D2	no accepted official reading
𲓓	U+324D3	no accepted official reading
𲓔	U+324D4	no accepted official reading
𲓕	U+324D5	no accepted official reading
𲓖	U+324D6	no accepted official reading
𲓗	U+324D7	no accepted official reading
𲓙	U+324D9	no accepted official reading
𲓚	U+324DA	no accepted official reading
𲓛	U+324DB	no accepted official reading
𲓜	U+324DC	no accepted official reading
𲓝	U+324DD	no accepted official reading
𲓞	U+324DE	no accepted official reading
𲓠	U+324E0	no accepted official reading
𲓡	U+324E1	no accepted official reading
𲓢	U+324E2	no accepted official reading
𲓣	U+324E3	no accepted official reading
𲓥	U+324E5	no accepted official reading
𲓧	U+324E7	no accepted official reading
𲓨	U+324E8	no accepted official reading
𲓩	U+324E9	no accepted official reading
𲓪	U+324EA	no accepted official reading
𲓫	U+324EB	no accepted official reading
𲓬	U+324EC	no accepted official reading
𲓭	U+324ED	no accepted official reading
𲓮	U+324EE	no accepted official reading
𲓯	U+324EF	no accepted official reading
𲓰	U+324F0	no accepted official reading
𲓱	U+324F1	no accepted official reading
𲓲	U+324F2	no accepted official reading
𲓺	U+324FA	no accepted official reading
𲓼	U+324FC	no accepted official reading
𲓽	U+324FD	no accepted official reading
𲓿	U+324FF	no accepted official reading
𲔁	U+32501	no accepted official reading
𲔃	U+32503	no accepted official reading
𲔄	U+32504	no accepted official reading
𲔅	U+32505	no accepted official reading
𲔆	U+32506	no accepted official reading
𲔇	U+32507	no accepted official reading
𲔉	U+32509	no accepted official reading
𲔊	U+3250A	no accepted official reading
𲔋	U+3250B	no accepted official reading
𲔌	U+3250C	no accepted official reading
𲔍	U+3250D	no accepted official reading
𲔎	U+3250E	no accepted official reading
𲔏	U+3250F	no accepted official reading
𲔐	U+32510	no accepted official reading
𲔑	U+32511	no accepted official reading
𲔒	U+32512	no accepted official reading
𲔓	U+32513	no accepted official reading
𲔔	U+32514	no accepted official reading
𲔕	U+32515	no accepted official reading
𲔖	U+32516	no accepted official reading
𲔗	U+32517	no accepted official reading
𲔘	U+32518	no accepted official reading
𲔚	U+3251A	no accepted official reading
𲔛	U+3251B	no accepted official reading
𲔜	U+3251C	no accepted official reading
𲔝	U+3251D	no accepted official reading
𲔞	U+3251E	no accepted official reading
𲔟	U+3251F	no accepted official reading
𲔠	U+32520	no accepted official reading
𲔡	U+32521	no accepted official reading
𲔢	U+32522	no accepted official reading
𲔣	U+32523	no accepted official reading
𲔤	U+32524	no accepted official reading
𲔥	U+32525	no accepted official reading
𲔧	U+32527	no accepted official reading
𲔨	U+32528	no accepted official reading
𲔩	U+32529	no accepted official reading
𲔫	U+3252B	no accepted official reading
𲔬	U+3252C	no accepted official reading
𲔮	U+3252E	no accepted official reading
𲔯	U+3252F	no accepted official reading
𲔰	U+32530	no accepted official reading
𲔱	U+32531	no accepted official reading
𲔲	U+32532	no accepted official reading
𲔳	U+32533	no accepted official reading
𲔴	U+32534	no accepted official reading
𲔵	U+32535	no accepted official reading
𲔶	U+32536	no accepted official reading
𲔷	U+32537	no accepted official reading
𲔸	U+32538	no accepted official reading
𲔻	U+3253B	no accepted official reading
𲔽	U+3253D	no accepted official reading
𲔾	U+3253E	no accepted official reading
𲔿	U+3253F	no accepted official reading
𲕁	U+32541	no accepted official reading
𲕂	U+32542	no accepted official reading
𲕃	U+32543	no accepted official reading
𲕄	U+32544	no accepted official reading
𲕅	U+32545	no accepted official reading
𲕆	U+32546	no accepted official reading
𲕇	U+32547	no accepted official reading
𲕈	U+32548	no accepted official reading
𲕉	U+32549	no accepted official reading
𲕊	U+3254A	no accepted official reading
𲕋	U+3254B	no accepted official reading
𲕌	U+3254C	no accepted official reading
𲕍	U+3254D	no accepted official reading
𲕎	U+3254E	no accepted official reading
𲕏	U+3254F	no accepted official reading
𲕐	U+32550	no accepted official reading
𲕑	U+32551	no accepted official reading
𲕓	U+32553	no accepted official reading
𲕔	U+32554	no accepted official reading
𲕕	U+32555	no accepted official reading
𲕗	U+32557	no accepted official reading
𲕘	U+32558	no accepted official reading
𲕙	U+32559	no accepted official reading
𲕚	U+3255A	no accepted official reading
𲕛	U+3255B	no accepted official reading
𲕜	U+3255C	no accepted official reading
𲕝	U+3255D	no accepted official reading
𲕞	U+3255E	no accepted official reading
𲕠	U+32560	no accepted official reading
𲕡	U+32561	no accepted official reading
𲕢	U+32562	no accepted official reading
𲕣	U+32563	no accepted official reading
𲕤	U+32564	no accepted official reading
𲕥	U+32565	no accepted official reading
𲕦	U+32566	no accepted official reading
𲕧	U+32567	no accepted official reading
𲕨	U+32568	no accepted official reading
𲕩	U+32569	no accepted official reading
𲕪	U+3256A	no accepted official reading
𲕫	U+3256B	no accepted official reading
𲕬	U+3256C	no accepted official reading
𲕭	U+3256D	no accepted official reading
𲕮	U+3256E	no accepted official reading
𲕯	U+3256F	no accepted official reading
𲕰	U+32570	no accepted official reading
𲕱	U+32571	no accepted official reading
𲕲	U+32572	no accepted official reading
𲕳	U+32573	no accepted official reading
𲕴	U+32574	no accepted official reading
𲕵	U+32575	no accepted official reading
𲕶	U+32576	no accepted official reading
𲕷	U+32577	no accepted official reading
𲕸	U+32578	no accepted official reading
𲕹	U+32579	no accepted official reading
𲕺	U+3257A	no accepted official reading
𲕻	U+3257B	no accepted official reading
𲕼	U+3257C	no accepted official reading
𲕽	U+3257D	no accepted official reading
𲕾	U+3257E	no accepted official reading
𲕿	U+3257F	no accepted official reading
𲖀	U+32580	no accepted official reading
𲖁	U+32581	no accepted official reading
𲖂	U+32582	no accepted official reading
𲖃	U+32583	no accepted official reading
𲖄	U+32584	no accepted official reading
𲖅	U+32585	no accepted official reading
𲖆	U+32586	no accepted official reading
𲖇	U+32587	no accepted official reading
𲖈	U+32588	no accepted official reading
𲖉	U+32589	no accepted official reading
𲖊	U+3258A	no accepted official reading
𲖋	U+3258B	no accepted official reading
𲖌	U+3258C	no accepted official reading
𲖍	U+3258D	no accepted official reading
𲖎	U+3258E	no accepted official reading
𲖏	U+3258F	no accepted official reading
𲖐	U+32590	no accepted official reading
𲖑	U+32591	no accepted official reading
𲖒	U+32592	no accepted official reading
𲖔	U+32594	no accepted official reading
𲖖	U+32596	no accepted official reading
𲖗	U+32597	no accepted official reading
𲖘	U+32598	no accepted official reading
𲖙	U+32599	no accepted official reading
𲖚	U+3259A	no accepted official reading
𲖛	U+3259B	no accepted official reading
𲖜	U+3259C	no accepted official reading
𲖝	U+3259D	no accepted official reading
𲖞	U+3259E	no accepted official reading
𲖟	U+3259F	no accepted official reading
𲖠	U+325A0	no accepted official reading
𲖡	U+325A1	no accepted official reading
𲖢	U+325A2	no accepted official reading
𲖣	U+325A3	no accepted official reading
𲖤	U+325A4	no accepted official reading
𲖥	U+325A5	no accepted official reading
𲖦	U+325A6	no accepted official reading
𲖧	U+325A7	no accepted official reading
𲖨	U+325A8	no accepted official reading
𲖩	U+325A9	no accepted official reading
𲖪	U+325AA	no accepted official reading
𲖫	U+325AB	no accepted official reading
𲖬	U+325AC	no accepted official reading
𲖭	U+325AD	no accepted official reading
𲖮	U+325AE	no accepted official reading
𲖯	U+325AF	no accepted official reading
𲖰	U+325B0	no accepted official reading
𲖱	U+325B1	no accepted official reading
𲖲	U+325B2	no accepted official reading
𲖳	U+325B3	no accepted official reading
𲖵	U+325B5	no accepted official reading
𲖶	U+325B6	no accepted official reading
𲖷	U+325B7	no accepted official reading
𲖸	U+325B8	no accepted official reading
𲖹	U+325B9	no accepted official reading
𲖺	U+325BA	no accepted official reading
𲖻	U+325BB	no accepted official reading
𲖼	U+325BC	no accepted official reading
𲖽	U+325BD	no accepted official reading
𲖾	U+325BE	no accepted official reading
𲖿	U+325BF	no accepted official reading
𲗀	U+325C0	no accepted official reading
𲗁	U+325C1	no accepted official reading
𲗃	U+325C3	no accepted official reading
𲗄	U+325C4	no accepted official reading
𲗅	U+325C5	no accepted official reading
𲗆	U+325C6	no accepted official reading
𲗇	U+325C7	no accepted official reading
𲗈	U+325C8	no accepted official reading
𲗉	U+325C9	no accepted official reading
𲗊	U+325CA	no accepted official reading
𲗋	U+325CB	no accepted official reading
𲗌	U+325CC	no accepted official reading
𲗍	U+325CD	no accepted official reading
𲗎	U+325CE	no accepted official reading
𲗏	U+325CF	no accepted official reading
𲗐	U+325D0	no accepted official reading
𲗑	U+325D1	no accepted official reading
𲗒	U+325D2	no accepted official reading
𲗓	U+325D3	no accepted official reading
𲗔	U+325D4	no accepted official reading
𲗕	U+325D5	no accepted official reading
𲗖	U+325D6	no accepted official reading
𲗗	U+325D7	no accepted official reading
𲗘	U+325D8	no accepted official reading
𲗙	U+325D9	no accepted official reading
𲗚	U+325DA	no accepted official reading
𲗝	U+325DD	no accepted official reading
𲗞	U+325DE	no accepted official reading
𲗟	U+325DF	no accepted official reading
𲗠	U+325E0	no accepted official reading
𲗡	U+325E1	no accepted official reading
𲗢	U+325E2	no accepted official reading
𲗣	U+325E3	no accepted official reading
𲗤	U+325E4	no accepted official reading
𲗥	U+325E5	no accepted official reading
𲗦	U+325E6	no accepted official reading
𲗨	U+325E8	no accepted official reading
𲗩	U+325E9	no accepted official reading
𲗪	U+325EA	no accepted official reading
𲗫	U+325EB	no accepted official reading
𲗬	U+325EC	no accepted official reading
𲗭	U+325ED	no accepted official reading
𲗮	U+325EE	no accepted official reading
𲗯	U+325EF	no accepted official reading
𲗰	U+325F0	no accepted official reading
𲗱	U+325F1	no accepted official reading
𲗲	U+325F2	no accepted official reading
𲗳	U+325F3	no accepted official reading
𲗴	U+325F4	no accepted official reading
𲗵	U+325F5	no accepted official reading
𲗶	U+325F6	no accepted official reading
𲗷	U+325F7	no accepted official reading
𲗸	U+325F8	no accepted official reading
𲗺	U+325FA	no accepted official reading
𲗻	U+325FB	no accepted official reading
𲗽	U+325FD	no accepted official reading
𲗾	U+325FE	no accepted official reading
𲗿	U+325FF	no accepted official reading
𲘀	U+32600	no accepted official reading
𲘁	U+32601	no accepted official reading
𲘂	U+32602	no accepted official reading
𲘃	U+32603	no accepted official reading
𲘄	U+32604	no accepted official reading
𲘅	U+32605	no accepted official reading
𲘆	U+32606	no accepted official reading
𲘇	U+32607	no accepted official reading
𲘈	U+32608	no accepted official reading
𲘉	U+32609	no accepted official reading
𲘊	U+3260A	no accepted official reading
𲘋	U+3260B	no accepted official reading
𲘍	U+3260D	no accepted official reading
𲘎	U+3260E	no accepted official reading
𲘏	U+3260F	no accepted official reading
𲘐	U+32610	no accepted official reading
𲘑	U+32611	no accepted official reading
𲘒	U+32612	no accepted official reading
𲘓	U+32613	no accepted official reading
𲘔	U+32614	no accepted official reading
𲘕	U+32615	no accepted official reading
𲘖	U+32616	no accepted official reading
𲘗	U+32617	no accepted official reading
𲘘	U+32618	no accepted official reading
𲘙	U+32619	no accepted official reading
𲘛	U+3261B	no accepted official reading
𲘜	U+3261C	no accepted official reading
𲘝	U+3261D	no accepted official reading
𲘞	U+3261E	no accepted official reading
𲘟	U+3261F	no accepted official reading
𲘠	U+32620	no accepted official reading
𲘡	U+32621	no accepted official reading
𲘢	U+32622	no accepted official reading
𲘣	U+32623	no accepted official reading
𲘤	U+32624	no accepted official reading
𲘥	U+32625	no accepted official reading
𲘦	U+32626	no accepted official reading
𲘧	U+32627	no accepted official reading
𲘨	U+32628	no accepted official reading
𲘩	U+32629	no accepted official reading
𲘪	U+3262A	no accepted official reading
𲘫	U+3262B	no accepted official reading
𲘬	U+3262C	no accepted official reading
𲘭	U+3262D	no accepted official reading
𲘮	U+3262E	no accepted official reading
𲘯	U+3262F	no accepted official reading
𲘰	U+32630	no accepted official reading
𲘱	U+32631	no accepted official reading
𲘲	U+32632	no accepted official reading
𲘳	U+32633	no accepted official reading
𲘴	U+32634	no accepted official reading
𲘵	U+32635	no accepted official reading
𲘶	U+32636	no accepted official reading
𲘷	U+32637	no accepted official reading
𲘸	U+32638	no accepted official reading
𲘹	U+32639	no accepted official reading
𲘺	U+3263A	no accepted official reading
𲘻	U+3263B	no accepted official reading
𲘼	U+3263C	no accepted official reading
𲘽	U+3263D	no accepted official reading
𲘾	U+3263E	no accepted official reading
𲘿	U+3263F	no accepted official reading
𲙀	U+32640	no accepted official reading
𲙁	U+32641	no accepted official reading
𲙂	U+32642	no accepted official reading
𲙄	U+32644	no accepted official reading
𲙅	U+32645	no accepted official reading
𲙆	U+32646	no accepted official reading
𲙇	U+32647	no accepted official reading
𲙈	U+32648	no accepted official reading
𲙉	U+32649	no accepted official reading
𲙊	U+3264A	no accepted official reading
𲙋	U+3264B	no accepted official reading
𲙌	U+3264C	no accepted official reading
𲙍	U+3264D	no accepted official reading
𲙎	U+3264E	no accepted official reading
𲙏	U+3264F	no accepted official reading
𲙐	U+32650	no accepted official reading
𲙑	U+32651	no accepted official reading
𲙒	U+32652	no accepted official reading
𲙓	U+32653	no accepted official reading
𲙔	U+32654	no accepted official reading
𲙕	U+32655	no accepted official reading
𲙖	U+32656	no accepted official reading
𲙗	U+32657	no accepted official reading
𲙘	U+32658	no accepted official reading
𲙙	U+32659	no accepted official reading
𲙚	U+3265A	no accepted official reading
𲙛	U+3265B	no accepted official reading
𲙜	U+3265C	no accepted official reading
𲙝	U+3265D	no accepted official reading
𲙞	U+3265E	no accepted official reading
𲙟	U+3265F	no accepted official reading
𲙠	U+32660	no accepted official reading
𲙡	U+32661	no accepted official reading
𲙢	U+32662	no accepted official reading
𲙣	U+32663	no accepted official reading
𲙤	U+32664	no accepted official reading
𲙥	U+32665	no accepted official reading
𲙦	U+32666	no accepted official reading
𲙧	U+32667	no accepted official reading
𲙨	U+32668	no accepted official reading
𲙩	U+32669	no accepted official reading
𲙪	U+3266A	no accepted official reading
𲙫	U+3266B	no accepted official reading
𲙬	U+3266C	no accepted official reading
𲙭	U+3266D	no accepted official reading
𲙮	U+3266E	no accepted official reading
𲙯	U+3266F	no accepted official reading
𲙰	U+32670	no accepted official reading
𲙱	U+32671	no accepted official reading
𲙲	U+32672	no accepted official reading
𲙳	U+32673	no accepted official reading
𲙴	U+32674	no accepted official reading
𲙵	U+32675	no accepted official reading
𲙶	U+32676	no accepted official reading
𲙷	U+32677	no accepted official reading
𲙸	U+32678	no accepted official reading
𲙹	U+32679	no accepted official reading
𲙺	U+3267A	no accepted official reading
𲙻	U+3267B	no accepted official reading
𲙼	U+3267C	no accepted official reading
𲙽	U+3267D	no accepted official reading
𲙿	U+3267F	no accepted official reading
𲚁	U+32681	no accepted official reading
𲚂	U+32682	no accepted official reading
𲚃	U+32683	no accepted official reading
𲚄	U+32684	no accepted official reading
𲚅	U+32685	no accepted official reading
𲚆	U+32686	no accepted official reading
𲚇	U+32687	no accepted official reading
𲚈	U+32688	no accepted official reading
𲚉	U+32689	no accepted official reading
𲚊	U+3268A	no accepted official reading
𲚌	U+3268C	no accepted official reading
𲚍	U+3268D	no accepted official reading
𲚎	U+3268E	no accepted official reading
𲚏	U+3268F	no accepted official reading
𲚐	U+32690	no accepted official reading
𲚑	U+32691	no accepted official reading
𲚒	U+32692	no accepted official reading
𲚓	U+32693	no accepted official reading
𲚔	U+32694	no accepted official reading
𲚕	U+32695	no accepted official reading
𲚖	U+32696	no accepted official reading
𲚗	U+32697	no accepted official reading
𲚘	U+32698	no accepted official reading
𲚚	U+3269A	no accepted official reading
𲚛	U+3269B	no accepted official reading
𲚝	U+3269D	no accepted official reading
𲚞	U+3269E	no accepted official reading
𲚟	U+3269F	no accepted official reading
𲚠	U+326A0	no accepted official reading
𲚡	U+326A1	no accepted official reading
𲚢	U+326A2	no accepted official reading
𲚣	U+326A3	no accepted official reading
𲚤	U+326A4	no accepted official reading
𲚥	U+326A5	no accepted official reading
𲚦	U+326A6	no accepted official reading
𲚧	U+326A7	no accepted official reading
𲚨	U+326A8	no accepted official reading
𲚩	U+326A9	no accepted official reading
𲚪	U+326AA	no accepted official reading
𲚫	U+326AB	no accepted official reading
𲚬	U+326AC	no accepted official reading
𲚭	U+326AD	no accepted official reading
𲚮	U+326AE	no accepted official reading
𲚯	U+326AF	no accepted official reading
𲚰	U+326B0	no accepted official reading
𲚱	U+326B1	no accepted official reading
𲚲	U+326B2	no accepted official reading
𲚳	U+326B3	no accepted official reading
𲚴	U+326B4	no accepted official reading
𲚵	U+326B5	no accepted official reading
𲚶	U+326B6	no accepted official reading
𲚷	U+326B7	no accepted official reading
𲚸	U+326B8	no accepted official reading
𲚹	U+326B9	no accepted official reading
𲚺	U+326BA	no accepted official reading
𲚻	U+326BB	no accepted official reading
𲚼	U+326BC	no accepted official reading
𲚽	U+326BD	no accepted official reading
𲚾	U+326BE	no accepted official reading
𲚿	U+326BF	no accepted official reading
𲛀	U+326C0	no accepted official reading
𲛁	U+326C1	no accepted official reading
𲛂	U+326C2	no accepted official reading
𲛃	U+326C3	no accepted official reading
𲛄	U+326C4	no accepted official reading
𲛅	U+326C5	no accepted official reading
𲛆	U+326C6	no accepted official reading
𲛇	U+326C7	no accepted official reading
𲛉	U+326C9	no accepted official reading
𲛊	U+326CA	no accepted official reading
𲛋	U+326CB	no accepted official reading
𲛌	U+326CC	no accepted official reading
𲛍	U+326CD	no accepted official reading
𲛎	U+326CE	no accepted official reading
𲛏	U+326CF	no accepted official reading
𲛐	U+326D0	no accepted official reading
𲛑	U+326D1	no accepted official reading
𲛒	U+326D2	no accepted official reading
𲛓	U+326D3	no accepted official reading
𲛔	U+326D4	no accepted official reading
𲛖	U+326D6	no accepted official reading
𲛗	U+326D7	no accepted official reading
𲛘	U+326D8	no accepted official reading
𲛙	U+326D9	no accepted official reading
𲛚	U+326DA	no accepted official reading
𲛛	U+326DB	no accepted official reading
𲛜	U+326DC	no accepted official reading
𲛝	U+326DD	no accepted official reading
𲛞	U+326DE	no accepted official reading
𲛟	U+326DF	no accepted official reading
𲛠	U+326E0	no accepted official reading
𲛡	U+326E1	no accepted official reading
𲛢	U+326E2	no accepted official reading
𲛣	U+326E3	no accepted official reading
𲛤	U+326E4	no accepted official reading
𲛥	U+326E5	no accepted official reading
𲛦	U+326E6	no accepted official reading
𲛧	U+326E7	no accepted official reading
𲛨	U+326E8	no accepted official reading
𲛩	U+326E9	no accepted official reading
𲛪	U+326EA	no accepted official reading
𲛬	U+326EC	no accepted official reading
𲛭	U+326ED	no accepted official reading
𲛮	U+326EE	no accepted official reading
𲛰	U+326F0	no accepted official reading
𲛱	U+326F1	no accepted official reading
𲛲	U+326F2	no accepted official reading
𲛴	U+326F4	no accepted official reading
𲛵	U+326F5	no accepted official reading
𲛶	U+326F6	no accepted official reading
𲛷	U+326F7	no accepted official reading
𲛸	U+326F8	no accepted official reading
𲛹	U+326F9	no accepted official reading
𲛺	U+326FA	no accepted official reading
𲛻	U+326FB	no accepted official reading
𲛼	U+326FC	no accepted official reading
𲛾	U+326FE	no accepted official reading
𲛿	U+326FF	no accepted official reading
𲜀	U+32700	no accepted official reading
𲜁	U+32701	no accepted official reading
𲜂	U+32702	no accepted official reading
𲜃	U+32703	no accepted official reading
𲜄	U+32704	no accepted official reading
𲜅	U+32705	no accepted official reading
𲜆	U+32706	no accepted official reading
𲜇	U+32707	no accepted official reading
𲜈	U+32708	no accepted official reading
𲜉	U+32709	no accepted official reading
𲜊	U+3270A	no accepted official reading
𲜋	U+3270B	no accepted official reading
𲜌	U+3270C	no accepted official reading
𲜍	U+3270D	no accepted official reading
𲜎	U+3270E	no accepted official reading
𲜏	U+3270F	no accepted official reading
𲜐	U+32710	no accepted official reading
𲜑	U+32711	no accepted official reading
𲜒	U+32712	no accepted official reading
𲜓	U+32713	no accepted official reading
𲜔	U+32714	no accepted official reading
𲜕	U+32715	no accepted official reading
𲜖	U+32716	no accepted official reading
𲜗	U+32717	no accepted official reading
𲜘	U+32718	no accepted official reading
𲜙	U+32719	no accepted official reading
𲜚	U+3271A	no accepted official reading
𲜛	U+3271B	no accepted official reading
𲜜	U+3271C	no accepted official reading
𲜝	U+3271D	no accepted official reading
𲜞	U+3271E	no accepted official reading
𲜟	U+3271F	no accepted official reading
𲜠	U+32720	no accepted official reading
𲜡	U+32721	no accepted official reading
𲜢	U+32722	no accepted official reading
𲜣	U+32723	no accepted official reading
𲜤	U+32724	no accepted official reading
𲜥	U+32725	no accepted official reading
𲜦	U+32726	no accepted official reading
𲜧	U+32727	no accepted official reading
𲜨	U+32728	no accepted official reading
𲜩	U+32729	no accepted official reading
𲜪	U+3272A	no accepted official reading
𲜫	U+3272B	no accepted official reading
𲜬	U+3272C	no accepted official reading
𲜭	U+3272D	no accepted official reading
𲜮	U+3272E	no accepted official reading
𲜯	U+3272F	no accepted official reading
𲜰	U+32730	no accepted official reading
𲜱	U+32731	no accepted official reading
𲜲	U+32732	no accepted official reading
𲜳	U+32733	no accepted official reading
𲜴	U+32734	no accepted official reading
𲜵	U+32735	no accepted official reading
𲜶	U+32736	no accepted official reading
𲜷	U+32737	no accepted official reading
𲜹	U+32739	no accepted official reading
𲜺	U+3273A	no accepted official reading
𲜻	U+3273B	no accepted official reading
𲜽	U+3273D	no accepted official reading
𲜾	U+3273E	no accepted official reading
𲜿	U+3273F	no accepted official reading
𲝀	U+32740	no accepted official reading
𲝁	U+32741	no accepted official reading
𲝂	U+32742	no accepted official reading
𲝃	U+32743	no accepted official reading
𲝄	U+32744	no accepted official reading
𲝅	U+32745	no accepted official reading
𲝆	U+32746	no accepted official reading
𲝇	U+32747	no accepted official reading
𲝈	U+32748	no accepted official reading
𲝉	U+32749	no accepted official reading
𲝊	U+3274A	no accepted official reading
𲝋	U+3274B	no accepted official reading
𲝌	U+3274C	no accepted official reading
𲝍	U+3274D	no accepted official reading
𲝎	U+3274E	no accepted official reading
𲝏	U+3274F	no accepted official reading
𲝐	U+32750	no accepted official reading
𲝑	U+32751	no accepted official reading
𲝒	U+32752	no accepted official reading
𲝓	U+32753	no accepted official reading
𲝔	U+32754	no accepted official reading
𲝕	U+32755	no accepted official reading
𲝖	U+32756	no accepted official reading
𲝗	U+32757	no accepted official reading
𲝘	U+32758	no accepted official reading
𲝙	U+32759	no accepted official reading
𲝚	U+3275A	no accepted official reading
𲝛	U+3275B	no accepted official reading
𲝜	U+3275C	no accepted official reading
𲝝	U+3275D	no accepted official reading
𲝞	U+3275E	no accepted official reading
𲝟	U+3275F	no accepted official reading
𲝠	U+32760	no accepted official reading
𲝡	U+32761	no accepted official reading
𲝢	U+32762	no accepted official reading
𲝣	U+32763	no accepted official reading
𲝤	U+32764	no accepted official reading
𲝥	U+32765	no accepted official reading
𲝦	U+32766	no accepted official reading
𲝧	U+32767	no accepted official reading
𲝨	U+32768	no accepted official reading
𲝩	U+32769	no accepted official reading
𲝪	U+3276A	no accepted official reading
𲝫	U+3276B	no accepted official reading
𲝬	U+3276C	no accepted official reading
𲝭	U+3276D	no accepted official reading
𲝮	U+3276E	no accepted official reading
𲝯	U+3276F	no accepted official reading
𲝰	U+32770	no accepted official reading
𲝱	U+32771	no accepted official reading
𲝲	U+32772	no accepted official reading
𲝳	U+32773	no accepted official reading
𲝴	U+32774	no accepted official reading
𲝵	U+32775	no accepted official reading
𲝶	U+32776	no accepted official reading
𲝷	U+32777	no accepted official reading
𲝸	U+32778	no accepted official reading
𲝹	U+32779	no accepted official reading
𲝺	U+3277A	no accepted official reading
𲝻	U+3277B	no accepted official reading
𲝼	U+3277C	no accepted official reading
𲝽	U+3277D	no accepted official reading
𲝾	U+3277E	no accepted official reading
𲝿	U+3277F	no accepted official reading
𲞀	U+32780	no accepted official reading
𲞁	U+32781	no accepted official reading
𲞂	U+32782	no accepted official reading
𲞃	U+32783	no accepted official reading
𲞄	U+32784	no accepted official reading
𲞅	U+32785	no accepted official reading
𲞆	U+32786	no accepted official reading
𲞇	U+32787	no accepted official reading
𲞈	U+32788	no accepted official reading
𲞉	U+32789	no accepted official reading
𲞊	U+3278A	no accepted official reading
𲞋	U+3278B	no accepted official reading
𲞌	U+3278C	no accepted official reading
𲞍	U+3278D	no accepted official reading
𲞎	U+3278E	no accepted official reading
𲞏	U+3278F	no accepted official reading
𲞐	U+32790	no accepted official reading
𲞑	U+32791	no accepted official reading
𲞒	U+32792	no accepted official reading
𲞓	U+32793	no accepted official reading
𲞔	U+32794	no accepted official reading
𲞕	U+32795	no accepted official reading
𲞖	U+32796	no accepted official reading
𲞗	U+32797	no accepted official reading
𲞘	U+32798	no accepted official reading
𲞙	U+32799	no accepted official reading
𲞚	U+3279A	no accepted official reading
𲞛	U+3279B	no accepted official reading
𲞝	U+3279D	no accepted official reading
𲞞	U+3279E	no accepted official reading
𲞟	U+3279F	no accepted official reading
𲞠	U+327A0	no accepted official reading
𲞡	U+327A1	no accepted official reading
𲞢	U+327A2	no accepted official reading
𲞣	U+327A3	no accepted official reading
𲞤	U+327A4	no accepted official reading
𲞥	U+327A5	no accepted official reading
𲞦	U+327A6	no accepted official reading
𲞧	U+327A7	no accepted official reading
𲞨	U+327A8	no accepted official reading
𲞩	U+327A9	no accepted official reading
𲞪	U+327AA	no accepted official reading
𲞫	U+327AB	no accepted official reading
𲞬	U+327AC	no accepted official reading
𲞭	U+327AD	no accepted official reading
𲞮	U+327AE	no accepted official reading
𲞯	U+327AF	no accepted official reading
𲞰	U+327B0	no accepted official reading
𲞱	U+327B1	no accepted official reading
𲞲	U+327B2	no accepted official reading
𲞳	U+327B3	no accepted official reading
𲞴	U+327B4	no accepted official reading
𲞵	U+327B5	no accepted official reading
𲞶	U+327B6	no accepted official reading
𲞸	U+327B8	no accepted official reading
𲞺	U+327BA	no accepted official reading
𲞻	U+327BB	no accepted official reading
𲞼	U+327BC	no accepted official reading
𲞽	U+327BD	no accepted official reading
𲞾	U+327BE	no accepted official reading
𲟀	U+327C0	no accepted official reading
𲟁	U+327C1	no accepted official reading
𲟂	U+327C2	no accepted official reading
𲟃	U+327C3	no accepted official reading
𲟄	U+327C4	no accepted official reading
𲟅	U+327C5	no accepted official reading
𲟆	U+327C6	no accepted official reading
𲟇	U+327C7	no accepted official reading
𲟈	U+327C8	no accepted official reading
𲟊	U+327CA	no accepted official reading
𲟋	U+327CB	no accepted official reading
𲟍	U+327CD	no accepted official reading
𲟎	U+327CE	no accepted official reading
𲟏	U+327CF	no accepted official reading
𲟑	U+327D1	no accepted official reading
𲟒	U+327D2	no accepted official reading
𲟓	U+327D3	no accepted official reading
𲟔	U+327D4	no accepted official reading
𲟕	U+327D5	no accepted official reading
𲟖	U+327D6	no accepted official reading
𲟗	U+327D7	no accepted official reading
𲟘	U+327D8	no accepted official reading
𲟙	U+327D9	no accepted official reading
𲟚	U+327DA	no accepted official reading
𲟛	U+327DB	no accepted official reading
𲟜	U+327DC	no accepted official reading
𲟝	U+327DD	no accepted official reading
𲟞	U+327DE	no accepted official reading
𲟟	U+327DF	no accepted official reading
𲟠	U+327E0	no accepted official reading
𲟡	U+327E1	no accepted official reading
𲟢	U+327E2	no accepted official reading
𲟣	U+327E3	no accepted official reading
𲟤	U+327E4	no accepted official reading
𲟥	U+327E5	no accepted official reading
𲟧	U+327E7	no accepted official reading
𲟨	U+327E8	no accepted official reading
𲟩	U+327E9	no accepted official reading
𲟪	U+327EA	no accepted official reading
𲟫	U+327EB	no accepted official reading
𲟬	U+327EC	no accepted official reading
𲟭	U+327ED	no accepted official reading
𲟮	U+327EE	no accepted official reading
𲟰	U+327F0	no accepted official reading
𲟱	U+327F1	no accepted official reading
𲟲	U+327F2	no accepted official reading
𲟳	U+327F3	no accepted official reading
𲟴	U+327F4	no accepted official reading
𲟵	U+327F5	no accepted official reading
𲟶	U+327F6	no accepted official reading
𲟷	U+327F7	no accepted official reading
𲟸	U+327F8	no accepted official reading
𲟹	U+327F9	no accepted official reading
𲟺	U+327FA	no accepted official reading
𲟻	U+327FB	no accepted official reading
𲟼	U+327FC	no accepted official reading
𲟽	U+327FD	no accepted official reading
𲟾	U+327FE	no accepted official reading
𲟿	U+327FF	no accepted official reading
𲠀	U+32800	no accepted official reading
𲠁	U+32801	no accepted official reading
𲠂	U+32802	no accepted official reading
𲠃	U+32803	no accepted official reading
𲠄	U+32804	no accepted official reading
𲠅	U+32805	no accepted official reading
𲠆	U+32806	no accepted official reading
𲠇	U+32807	no accepted official reading
𲠈	U+32808	no accepted official reading
𲠉	U+32809	no accepted official reading
𲠊	U+3280A	no accepted official reading
𲠋	U+3280B	no accepted official reading
𲠌	U+3280C	no accepted official reading
𲠍	U+3280D	no accepted official reading
𲠎	U+3280E	no accepted official reading
𲠏	U+3280F	no accepted official reading
𲠐	U+32810	no accepted official reading
𲠑	U+32811	no accepted official reading
𲠓	U+32813	no accepted official reading
𲠔	U+32814	no accepted official reading
𲠕	U+32815	no accepted official reading
𲠖	U+32816	no accepted official reading
𲠗	U+32817	no accepted official reading
𲠘	U+32818	no accepted official reading
𲠚	U+3281A	no accepted official reading
𲠛	U+3281B	no accepted official reading
𲠜	U+3281C	no accepted official reading
𲠟	U+3281F	no accepted official reading
𲠠	U+32820	no accepted official reading
𲠡	U+32821	no accepted official reading
𲠢	U+32822	no accepted official reading
𲠣	U+32823	no accepted official reading
𲠤	U+32824	no accepted official reading
𲠥	U+32825	no accepted official reading
𲠧	U+32827	no accepted official reading
𲠨	U+32828	no accepted official reading
𲠪	U+3282A	no accepted official reading
𲠫	U+3282B	no accepted official reading
𲠬	U+3282C	no accepted official reading
𲠮	U+3282E	no accepted official reading
𲠯	U+3282F	no accepted official reading
𲠰	U+32830	no accepted official reading
𲠱	U+32831	no accepted official reading
𲠲	U+32832	no accepted official reading
𲠳	U+32833	no accepted official reading
𲠴	U+32834	no accepted official reading
𲠵	U+32835	no accepted official reading
𲠶	U+32836	no accepted official reading
𲠷	U+32837	no accepted official reading
𲠸	U+32838	no accepted official reading
𲠹	U+32839	no accepted official reading
𲠺	U+3283A	no accepted official reading
𲠻	U+3283B	no accepted official reading
𲠼	U+3283C	no accepted official reading
𲠽	U+3283D	no accepted official reading
𲠾	U+3283E	no accepted official reading
𲠿	U+3283F	no accepted official reading
𲡀	U+32840	no accepted official reading
𲡁	U+32841	no accepted official reading
𲡂	U+32842	no accepted official reading
𲡄	U+32844	no accepted official reading
𲡅	U+32845	no accepted official reading
𲡆	U+32846	no accepted official reading
𲡇	U+32847	no accepted official reading
𲡈	U+32848	no accepted official reading
𲡉	U+32849	no accepted official reading
𲡊	U+3284A	no accepted official reading
𲡌	U+3284C	no accepted official reading
𲡍	U+3284D	no accepted official reading
𲡏	U+3284F	no accepted official reading
𲡐	U+32850	no accepted official reading
𲡑	U+32851	no accepted official reading
𲡒	U+32852	no accepted official reading
𲡓	U+32853	no accepted official reading
𲡔	U+32854	no accepted official reading
𲡕	U+32855	no accepted official reading
𲡖	U+32856	no accepted official reading
𲡗	U+32857	no accepted official reading
𲡘	U+32858	no accepted official reading
𲡙	U+32859	no accepted official reading
𲡚	U+3285A	no accepted official reading
𲡛	U+3285B	no accepted official reading
𲡜	U+3285C	no accepted official reading
𲡝	U+3285D	no accepted official reading
𲡞	U+3285E	no accepted official reading
𲡟	U+3285F	no accepted official reading
𲡠	U+32860	no accepted official reading
𲡡	U+32861	no accepted official reading
𲡢	U+32862	no accepted official reading
𲡣	U+32863	no accepted official reading
𲡤	U+32864	no accepted official reading
𲡥	U+32865	no accepted official reading
𲡦	U+32866	no accepted official reading
𲡧	U+32867	no accepted official reading
𲡨	U+32868	no accepted official reading
𲡩	U+32869	no accepted official reading
𲡪	U+3286A	no accepted official reading
𲡫	U+3286B	no accepted official reading
𲡬	U+3286C	no accepted official reading
𲡭	U+3286D	no accepted official reading
𲡮	U+3286E	no accepted official reading
𲡯	U+3286F	no accepted official reading
𲡰	U+32870	no accepted official reading
𲡱	U+32871	no accepted official reading
𲡲	U+32872	no accepted official reading
𲡳	U+32873	no accepted official reading
𲡴	U+32874	no accepted official reading
𲡵	U+32875	no accepted official reading
𲡶	U+32876	no accepted official reading
𲡸	U+32878	no accepted official reading
𲡹	U+32879	no accepted official reading
𲡺	U+3287A	no accepted official reading
𲡻	U+3287B	no accepted official reading
𲡼	U+3287C	no accepted official reading
𲡽	U+3287D	no accepted official reading
𲡾	U+3287E	no accepted official reading
𲡿	U+3287F	no accepted official reading
𲢀	U+32880	no accepted official reading
𲢁	U+32881	no accepted official reading
𲢂	U+32882	no accepted official reading
𲢃	U+32883	no accepted official reading
𲢄	U+32884	no accepted official reading
𲢅	U+32885	no accepted official reading
𲢇	U+32887	no accepted official reading
𲢈	U+32888	no accepted official reading
𲢉	U+32889	no accepted official reading
𲢊	U+3288A	no accepted official reading
𲢋	U+3288B	no accepted official reading
𲢌	U+3288C	no accepted official reading
𲢍	U+3288D	no accepted official reading
𲢎	U+3288E	no accepted official reading
𲢏	U+3288F	no accepted official reading
𲢐	U+32890	no accepted official reading
𲢑	U+32891	no accepted official reading
𲢒	U+32892	no accepted official reading
𲢓	U+32893	no accepted official reading
𲢔	U+32894	no accepted official reading
𲢕	U+32895	no accepted official reading
𲢖	U+32896	no accepted official reading
𲢗	U+32897	no accepted official reading
𲢘	U+32898	no accepted official reading
𲢙	U+32899	no accepted official reading
𲢚	U+3289A	no accepted official reading
𲢜	U+3289C	no accepted official reading
𲢝	U+3289D	no accepted official reading
𲢞	U+3289E	no accepted official reading
𲢟	U+3289F	no accepted official reading
𲢠	U+328A0	no accepted official reading
𲢡	U+328A1	no accepted official reading
𲢢	U+328A2	no accepted official reading
𲢥	U+328A5	no accepted official reading
𲢧	U+328A7	no accepted official reading
𲢨	U+328A8	no accepted official reading
𲢩	U+328A9	no accepted official reading
𲢪	U+328AA	no accepted official reading
𲢫	U+328AB	no accepted official reading
𲢭	U+328AD	no accepted official reading
𲢮	U+328AE	no accepted official reading
𲢯	U+328AF	no accepted official reading
𲢰	U+328B0	no accepted official reading
𲢱	U+328B1	no accepted official reading
𲢲	U+328B2	no accepted official reading
𲢳	U+328B3	no accepted official reading
𲢴	U+328B4	no accepted official reading
𲢵	U+328B5	no accepted official reading
𲢶	U+328B6	no accepted official reading
𲢷	U+328B7	no accepted official reading
𲢸	U+328B8	no accepted official reading
𲢹	U+328B9	no accepted official reading
𲢺	U+328BA	no accepted official reading
𲢻	U+328BB	no accepted official reading
𲢼	U+328BC	no accepted official reading
𲢽	U+328BD	no accepted official reading
𲢿	U+328BF	no accepted official reading
𲣀	U+328C0	no accepted official reading
𲣁	U+328C1	no accepted official reading
𲣂	U+328C2	no accepted official reading
𲣃	U+328C3	no accepted official reading
𲣄	U+328C4	no accepted official reading
𲣅	U+328C5	no accepted official reading
𲣆	U+328C6	no accepted official reading
𲣇	U+328C7	no accepted official reading
𲣈	U+328C8	no accepted official reading
𲣉	U+328C9	no accepted official reading
𲣊	U+328CA	no accepted official reading
𲣋	U+328CB	no accepted official reading
𲣌	U+328CC	no accepted official reading
𲣍	U+328CD	no accepted official reading
𲣎	U+328CE	no accepted official reading
𲣏	U+328CF	no accepted official reading
𲣐	U+328D0	no accepted official reading
𲣑	U+328D1	no accepted official reading
𲣒	U+328D2	no accepted official reading
𲣓	U+328D3	no accepted official reading
𲣔	U+328D4	no accepted official reading
𲣕	U+328D5	no accepted official reading
𲣖	U+328D6	no accepted official reading
𲣗	U+328D7	no accepted official reading
𲣘	U+328D8	no accepted official reading
𲣙	U+328D9	no accepted official reading
𲣚	U+328DA	no accepted official reading
𲣛	U+328DB	no accepted official reading
𲣝	U+328DD	no accepted official reading
𲣞	U+328DE	no accepted official reading
𲣟	U+328DF	no accepted official reading
𲣠	U+328E0	no accepted official reading
𲣡	U+328E1	no accepted official reading
𲣢	U+328E2	no accepted official reading
𲣣	U+328E3	no accepted official reading
𲣤	U+328E4	no accepted official reading
𲣦	U+328E6	no accepted official reading
𲣧	U+328E7	no accepted official reading
𲣨	U+328E8	no accepted official reading
𲣩	U+328E9	no accepted official reading
𲣪	U+328EA	no accepted official reading
𲣫	U+328EB	no accepted official reading
𲣬	U+328EC	no accepted official reading
𲣭	U+328ED	no accepted official reading
𲣯	U+328EF	no accepted official reading
𲣰	U+328F0	no accepted official reading
𲣱	U+328F1	no accepted official reading
𲣲	U+328F2	no accepted official reading
𲣳	U+328F3	no accepted official reading
𲣴	U+328F4	no accepted official reading
𲣵	U+328F5	no accepted official reading
𲣶	U+328F6	no accepted official reading
𲣷	U+328F7	no accepted official reading
𲣸	U+328F8	no accepted official reading
𲣹	U+328F9	no accepted official reading
𲣺	U+328FA	no accepted official reading
𲣻	U+328FB	no accepted official reading
𲣽	U+328FD	no accepted official reading
𲣾	U+328FE	no accepted official reading
𲣿	U+328FF	no accepted official reading
𲤀	U+32900	no accepted official reading
𲤁	U+32901	no accepted official reading
𲤂	U+32902	no accepted official reading
𲤃	U+32903	no accepted official reading
𲤄	U+32904	no accepted official reading
𲤅	U+32905	no accepted official reading
𲤆	U+32906	no accepted official reading
𲤇	U+32907	no accepted official reading
𲤈	U+32908	no accepted official reading
𲤉	U+32909	no accepted official reading
𲤊	U+3290A	no accepted official reading
𲤋	U+3290B	no accepted official reading
𲤌	U+3290C	no accepted official reading
𲤍	U+3290D	no accepted official reading
𲤎	U+3290E	no accepted official reading
𲤏	U+3290F	no accepted official reading
𲤐	U+32910	no accepted official reading
𲤑	U+32911	no accepted official reading
𲤒	U+32912	no accepted official reading
𲤓	U+32913	no accepted official reading
𲤔	U+32914	no accepted official reading
𲤕	U+32915	no accepted official reading
𲤖	U+32916	no accepted official reading
𲤗	U+32917	no accepted official reading
𲤘	U+32918	no accepted official reading
𲤙	U+32919	no accepted official reading
𲤚	U+3291A	no accepted official reading
𲤛	U+3291B	no accepted official reading
𲤜	U+3291C	no accepted official reading
𲤝	U+3291D	no accepted official reading
𲤞	U+3291E	no accepted official reading
𲤟	U+3291F	no accepted official reading
𲤠	U+32920	no accepted official reading
𲤡	U+32921	no accepted official reading
𲤢	U+32922	no accepted official reading
𲤣	U+32923	no accepted official reading
𲤤	U+32924	no accepted official reading
𲤥	U+32925	no accepted official reading
𲤦	U+32926	no accepted official reading
𲤧	U+32927	no accepted official reading
𲤨	U+32928	no accepted official reading
𲤩	U+32929	no accepted official reading
𲤪	U+3292A	no accepted official reading
𲤫	U+3292B	no accepted official reading
𲤬	U+3292C	no accepted official reading
𲤭	U+3292D	no accepted official reading
𲤮	U+3292E	no accepted official reading
𲤯	U+3292F	no accepted official reading
𲤰	U+32930	no accepted official reading
𲤱	U+32931	no accepted official reading
𲤲	U+32932	no accepted official reading
𲤳	U+32933	no accepted official reading
𲤴	U+32934	no accepted official reading
𲤵	U+32935	no accepted official reading
𲤶	U+32936	no accepted official reading
𲤷	U+32937	no accepted official reading
𲤸	U+32938	no accepted official reading
𲤹	U+32939	no accepted official reading
𲤺	U+3293A	no accepted official reading
𲤻	U+3293B	no accepted official reading
𲤼	U+3293C	no accepted official reading
𲤽	U+3293D	no accepted official reading
𲤾	U+3293E	no accepted official reading
𲤿	U+3293F	no accepted official reading
𲥀	U+32940	no accepted official reading
𲥁	U+32941	no accepted official reading
𲥂	U+32942	no accepted official reading
𲥃	U+32943	no accepted official reading
𲥄	U+32944	no accepted official reading
𲥅	U+32945	no accepted official reading
𲥆	U+32946	no accepted official reading
𲥇	U+32947	no accepted official reading
𲥈	U+32948	no accepted official reading
𲥉	U+32949	no accepted official reading
𲥊	U+3294A	no accepted official reading
𲥋	U+3294B	no accepted official reading
𲥎	U+3294E	no accepted official reading
𲥏	U+3294F	no accepted official reading
𲥐	U+32950	no accepted official reading
𲥑	U+32951	no accepted official reading
𲥒	U+32952	no accepted official reading
𲥓	U+32953	no accepted official reading
𲥔	U+32954	no accepted official reading
𲥕	U+32955	no accepted official reading
𲥖	U+32956	no accepted official reading
𲥘	U+32958	no accepted official reading
𲥙	U+32959	no accepted official reading
𲥚	U+3295A	no accepted official reading
𲥛	U+3295B	no accepted official reading
𲥜	U+3295C	no accepted official reading
𲥝	U+3295D	no accepted official reading
𲥞	U+3295E	no accepted official reading
𲥟	U+3295F	no accepted official reading
𲥠	U+32960	no accepted official reading
𲥡	U+32961	no accepted official reading
𲥢	U+32962	no accepted official reading
𲥣	U+32963	no accepted official reading
𲥤	U+32964	no accepted official reading
𲥥	U+32965	no accepted official reading
𲥦	U+32966	no accepted official reading
𲥧	U+32967	no accepted official reading
𲥨	U+32968	no accepted official reading
𲥩	U+32969	no accepted official reading
𲥪	U+3296A	no accepted official reading
𲥬	U+3296C	no accepted official reading
𲥭	U+3296D	no accepted official reading
𲥮	U+3296E	no accepted official reading
𲥯	U+3296F	no accepted official reading
𲥰	U+32970	no accepted official reading
𲥱	U+32971	no accepted official reading
𲥴	U+32974	no accepted official reading
𲥵	U+32975	no accepted official reading
𲥶	U+32976	no accepted official reading
𲥷	U+32977	no accepted official reading
𲥸	U+32978	no accepted official reading
𲥹	U+32979	no accepted official reading
𲥺	U+3297A	no accepted official reading
𲥼	U+3297C	no accepted official reading
𲥾	U+3297E	no accepted official reading
𲥿	U+3297F	no accepted official reading
𲦀	U+32980	no accepted official reading
𲦁	U+32981	no accepted official reading
𲦂	U+32982	no accepted official reading
𲦃	U+32983	no accepted official reading
𲦄	U+32984	no accepted official reading
𲦆	U+32986	no accepted official reading
𲦇	U+32987	no accepted official reading
𲦈	U+32988	no accepted official reading
𲦉	U+32989	no accepted official reading
𲦋	U+3298B	no accepted official reading
𲦍	U+3298D	no accepted official reading
𲦎	U+3298E	no accepted official reading
𲦏	U+3298F	no accepted official reading
𲦑	U+32991	no accepted official reading
𲦒	U+32992	no accepted official reading
𲦓	U+32993	no accepted official reading
𲦔	U+32994	no accepted official reading
𲦕	U+32995	no accepted official reading
𲦖	U+32996	no accepted official reading
𲦗	U+32997	no accepted official reading
𲦘	U+32998	no accepted official reading
𲦙	U+32999	no accepted official reading
𲦚	U+3299A	no accepted official reading
𲦛	U+3299B	no accepted official reading
𲦜	U+3299C	no accepted official reading
𲦝	U+3299D	no accepted official reading
𲦞	U+3299E	no accepted official reading
𲦟	U+3299F	no accepted official reading
𲦠	U+329A0	no accepted official reading
𲦡	U+329A1	no accepted official reading
𲦢	U+329A2	no accepted official reading
𲦣	U+329A3	no accepted official reading
𲦤	U+329A4	no accepted official reading
𲦥	U+329A5	no accepted official reading
𲦦	U+329A6	no accepted official reading
𲦧	U+329A7	no accepted official reading
𲦨	U+329A8	no accepted official reading
𲦩	U+329A9	no accepted official reading
𲦪	U+329AA	no accepted official reading
𲦬	U+329AC	no accepted official reading
𲦭	U+329AD	no accepted official reading
𲦯	U+329AF	no accepted official reading
𲦰	U+329B0	no accepted official reading
𲦲	U+329B2	no accepted official reading
𲦳	U+329B3	no accepted official reading
𲦶	U+329B6	no accepted official reading
𲦸	U+329B8	no accepted official reading
𲦹	U+329B9	no accepted official reading
𲦺	U+329BA	no accepted official reading
𲦻	U+329BB	no accepted official reading
𲦼	U+329BC	no accepted official reading
𲦽	U+329BD	no accepted official reading
𲦾	U+329BE	no accepted official reading
𲦿	U+329BF	no accepted official reading
𲧁	U+329C1	no accepted official reading
𲧃	U+329C3	no accepted official reading
𲧄	U+329C4	no accepted official reading
𲧅	U+329C5	no accepted official reading
𲧆	U+329C6	no accepted official reading
𲧇	U+329C7	no accepted official reading
𲧉	U+329C9	no accepted official reading
𲧊	U+329CA	no accepted official reading
𲧋	U+329CB	no accepted official reading
𲧌	U+329CC	no accepted official reading
𲧍	U+329CD	no accepted official reading
𲧎	U+329CE	no accepted official reading
𲧏	U+329CF	no accepted official reading
𲧐	U+329D0	no accepted official reading
𲧑	U+329D1	no accepted official reading
𲧒	U+329D2	no accepted official reading
𲧓	U+329D3	no accepted official reading
𲧔	U+329D4	no accepted official reading
𲧕	U+329D5	no accepted official reading
𲧖	U+329D6	no accepted official reading
𲧗	U+329D7	no accepted official reading
𲧘	U+329D8	no accepted official reading
𲧙	U+329D9	no accepted official reading
𲧚	U+329DA	no accepted official reading
𲧛	U+329DB	no accepted official reading
𲧜	U+329DC	no accepted official reading
𲧝	U+329DD	no accepted official reading
𲧞	U+329DE	no accepted official reading
𲧟	U+329DF	no accepted official reading
𲧠	U+329E0	no accepted official reading
𲧡	U+329E1	no accepted official reading
𲧢	U+329E2	no accepted official reading
𲧣	U+329E3	no accepted official reading
𲧤	U+329E4	no accepted official reading
𲧥	U+329E5	no accepted official reading
𲧦	U+329E6	no accepted official reading
𲧧	U+329E7	no accepted official reading
𲧨	U+329E8	no accepted official reading
𲧩	U+329E9	no accepted official reading
𲧪	U+329EA	no accepted official reading
𲧫	U+329EB	no accepted official reading
𲧬	U+329EC	no accepted official reading
𲧮	U+329EE	no accepted official reading
𲧯	U+329EF	no accepted official reading
𲧰	U+329F0	no accepted official reading
𲧱	U+329F1	no accepted official reading
𲧲	U+329F2	no accepted official reading
𲧳	U+329F3	no accepted official reading
𲧴	U+329F4	no accepted official reading
𲧵	U+329F5	no accepted official reading
𲧶	U+329F6	no accepted official reading
𲧷	U+329F7	no accepted official reading
𲧸	U+329F8	no accepted official reading
𲧹	U+329F9	no accepted official reading
𲧺	U+329FA	no accepted official reading
𲧼	U+329FC	no accepted official reading
𲧽	U+329FD	no accepted official reading
𲧾	U+329FE	no accepted official reading
𲧿	U+329FF	no accepted official reading
𲨀	U+32A00	no accepted official reading
𲨁	U+32A01	no accepted official reading
𲨄	U+32A04	no accepted official reading
𲨅	U+32A05	no accepted official reading
𲨆	U+32A06	no accepted official reading
𲨇	U+32A07	no accepted official reading
𲨈	U+32A08	no accepted official reading
𲨉	U+32A09	no accepted official reading
𲨊	U+32A0A	no accepted official reading
𲨋	U+32A0B	no accepted official reading
𲨌	U+32A0C	no accepted official reading
𲨍	U+32A0D	no accepted official reading
𲨎	U+32A0E	no accepted official reading
𲨏	U+32A0F	no accepted official reading
𲨐	U+32A10	no accepted official reading
𲨑	U+32A11	no accepted official reading
𲨒	U+32A12	no accepted official reading
𲨓	U+32A13	no accepted official reading
𲨔	U+32A14	no accepted official reading
𲨕	U+32A15	no accepted official reading
𲨖	U+32A16	no accepted official reading
𲨗	U+32A17	no accepted official reading
𲨘	U+32A18	no accepted official reading
𲨙	U+32A19	no accepted official reading
𲨚	U+32A1A	no accepted official reading
𲨛	U+32A1B	no accepted official reading
𲨜	U+32A1C	no accepted official reading
𲨝	U+32A1D	no accepted official reading
𲨞	U+32A1E	no accepted official reading
𲨟	U+32A1F	no accepted official reading
𲨠	U+32A20	no accepted official reading
𲨡	U+32A21	no accepted official reading
𲨢	U+32A22	no accepted official reading
𲨣	U+32A23	no accepted official reading
𲨤	U+32A24	no accepted official reading
𲨥	U+32A25	no accepted official reading
𲨦	U+32A26	no accepted official reading
𲨧	U+32A27	no accepted official reading
𲨨	U+32A28	no accepted official reading
𲨩	U+32A29	no accepted official reading
𲨪	U+32A2A	no accepted official reading
𲨫	U+32A2B	no accepted official reading
𲨬	U+32A2C	no accepted official reading
𲨭	U+32A2D	no accepted official reading
𲨮	U+32A2E	no accepted official reading
𲨯	U+32A2F	no accepted official reading
𲨰	U+32A30	no accepted official reading
𲨱	U+32A31	no accepted official reading
𲨲	U+32A32	no accepted official reading
𲨳	U+32A33	no accepted official reading
𲨵	U+32A35	no accepted official reading
𲨶	U+32A36	no accepted official reading
𲨸	U+32A38	no accepted official reading
𲨹	U+32A39	no accepted official reading
𲨺	U+32A3A	no accepted official reading
𲨻	U+32A3B	no accepted official reading
𲨼	U+32A3C	no accepted official reading
𲨽	U+32A3D	no accepted official reading
𲨾	U+32A3E	no accepted official reading
𲨿	U+32A3F	no accepted official reading
𲩀	U+32A40	no accepted official reading
𲩁	U+32A41	no accepted official reading
𲩂	U+32A42	no accepted official reading
𲩃	U+32A43	no accepted official reading
𲩄	U+32A44	no accepted official reading
𲩅	U+32A45	no accepted official reading
𲩆	U+32A46	no accepted official reading
𲩇	U+32A47	no accepted official reading
𲩈	U+32A48	no accepted official reading
𲩉	U+32A49	no accepted official reading
𲩊	U+32A4A	no accepted official reading
𲩋	U+32A4B	no accepted official reading
𲩌	U+32A4C	no accepted official reading
𲩍	U+32A4D	no accepted official reading
𲩎	U+32A4E	no accepted official reading
𲩏	U+32A4F	no accepted official reading
𲩐	U+32A50	no accepted official reading
𲩑	U+32A51	no accepted official reading
𲩒	U+32A52	no accepted official reading
𲩓	U+32A53	no accepted official reading
𲩔	U+32A54	no accepted official reading
𲩕	U+32A55	no accepted official reading
𲩖	U+32A56	no accepted official reading
𲩗	U+32A57	no accepted official reading
𲩘	U+32A58	no accepted official reading
𲩙	U+32A59	no accepted official reading
𲩚	U+32A5A	no accepted official reading
𲩟	U+32A5F	no accepted official reading
𲩠	U+32A60	no accepted official reading
𲩡	U+32A61	no accepted official reading
𲩢	U+32A62	no accepted official reading
𲩣	U+32A63	no accepted official reading
𲩤	U+32A64	no accepted official reading
𲩥	U+32A65	no accepted official reading
𲩦	U+32A66	no accepted official reading
𲩧	U+32A67	no accepted official reading
𲩨	U+32A68	no accepted official reading
𲩩	U+32A69	no accepted official reading
𲩪	U+32A6A	no accepted official reading
𲩫	U+32A6B	no accepted official reading
𲩬	U+32A6C	no accepted official reading
𲩭	U+32A6D	no accepted official reading
𲩮	U+32A6E	no accepted official reading
𲩰	U+32A70	no accepted official reading
𲩱	U+32A71	no accepted official reading
𲩲	U+32A72	no accepted official reading
𲩳	U+32A73	no accepted official reading
𲩴	U+32A74	no accepted official reading
𲩵	U+32A75	no accepted official reading
𲩶	U+32A76	no accepted official reading
𲩷	U+32A77	no accepted official reading
𲩸	U+32A78	no accepted official reading
𲩹	U+32A79	no accepted official reading
𲩺	U+32A7A	no accepted official reading
𲩻	U+32A7B	no accepted official reading
𲩼	U+32A7C	no accepted official reading
𲩽	U+32A7D	no accepted official reading
𲩾	U+32A7E	no accepted official reading
𲩿	U+32A7F	no accepted official reading
𲪀	U+32A80	no accepted official reading
𲪂	U+32A82	no accepted official reading
𲪄	U+32A84	no accepted official reading
𲪅	U+32A85	no accepted official reading
𲪆	U+32A86	no accepted official reading
𲪈	U+32A88	no accepted official reading
𲪉	U+32A89	no accepted official reading
𲪊	U+32A8A	no accepted official reading
𲪌	U+32A8C	no accepted official reading
𲪍	U+32A8D	no accepted official reading
𲪎	U+32A8E	no accepted official reading
𲪏	U+32A8F	no accepted official reading
𲪑	U+32A91	no accepted official reading
𲪒	U+32A92	no accepted official reading
𲪔	U+32A94	no accepted official reading
𲪕	U+32A95	no accepted official reading
𲪖	U+32A96	no accepted official reading
𲪘	U+32A98	no accepted official reading
𲪙	U+32A99	no accepted official reading
𲪚	U+32A9A	no accepted official reading
𲪛	U+32A9B	no accepted official reading
𲪜	U+32A9C	no accepted official reading
𲪝	U+32A9D	no accepted official reading
𲪟	U+32A9F	no accepted official reading
𲪡	U+32AA1	no accepted official reading
𲪢	U+32AA2	no accepted official reading
𲪣	U+32AA3	no accepted official reading
𲪤	U+32AA4	no accepted official reading
𲪥	U+32AA5	no accepted official reading
𲪧	U+32AA7	no accepted official reading
𲪨	U+32AA8	no accepted official reading
𲪩	U+32AA9	no accepted official reading
𲪪	U+32AAA	no accepted official reading
𲪫	U+32AAB	no accepted official reading
𲪬	U+32AAC	no accepted official reading
𲪭	U+32AAD	no accepted official reading
𲪮	U+32AAE	no accepted official reading
𲪯	U+32AAF	no accepted official reading
𲪱	U+32AB1	no accepted official reading
𲪲	U+32AB2	no accepted official reading
𲪳	U+32AB3	no accepted official reading
𲪴	U+32AB4	no accepted official reading
𲪵	U+32AB5	no accepted official reading
𲪶	U+32AB6	no accepted official reading
𲪷	U+32AB7	no accepted official reading
𲪸	U+32AB8	no accepted official reading
𲪹	U+32AB9	no accepted official reading
𲪺	U+32ABA	no accepted official reading
𲪻	U+32ABB	no accepted official reading
𲪼	U+32ABC	no accepted official reading
𲪽	U+32ABD	no accepted official reading
𲪾	U+32ABE	no accepted official reading
𲫁	U+32AC1	no accepted official reading
𲫃	U+32AC3	no accepted official reading
𲫄	U+32AC4	no accepted official reading
𲫅	U+32AC5	no accepted official reading
𲫆	U+32AC6	no accepted official reading
𲫇	U+32AC7	no accepted official reading
𲫈	U+32AC8	no accepted official reading
𲫉	U+32AC9	no accepted official reading
𲫊	U+32ACA	no accepted official reading
𲫋	U+32ACB	no accepted official reading
𲫌	U+32ACC	no accepted official reading
𲫍	U+32ACD	no accepted official reading
𲫎	U+32ACE	no accepted official reading
𲫏	U+32ACF	no accepted official reading
𲫐	U+32AD0	no accepted official reading
𲫑	U+32AD1	no accepted official reading
𲫒	U+32AD2	no accepted official reading
𲫓	U+32AD3	no accepted official reading
𲫔	U+32AD4	no accepted official reading
𲫕	U+32AD5	no accepted official reading
𲫖	U+32AD6	no accepted official reading
𲫗	U+32AD7	no accepted official reading
𲫘	U+32AD8	no accepted official reading
𲫙	U+32AD9	no accepted official reading
𲫚	U+32ADA	no accepted official reading
𲫛	U+32ADB	no accepted official reading
𲫝	U+32ADD	no accepted official reading
𲫞	U+32ADE	no accepted official reading
𲫟	U+32ADF	no accepted official reading
𲫠	U+32AE0	no accepted official reading
𲫡	U+32AE1	no accepted official reading
𲫢	U+32AE2	no accepted official reading
𲫣	U+32AE3	no accepted official reading
𲫤	U+32AE4	no accepted official reading
𲫥	U+32AE5	no accepted official reading
𲫦	U+32AE6	no accepted official reading
𲫧	U+32AE7	no accepted official reading
𲫨	U+32AE8	no accepted official reading
𲫩	U+32AE9	no accepted official reading
𲫪	U+32AEA	no accepted official reading
𲫫	U+32AEB	no accepted official reading
𲫬	U+32AEC	no accepted official reading
𲫭	U+32AED	no accepted official reading
𲫮	U+32AEE	no accepted official reading
𲫯	U+32AEF	no accepted official reading
𲫰	U+32AF0	no accepted official reading
𲫱	U+32AF1	no accepted official reading
𲫲	U+32AF2	no accepted official reading
𲫳	U+32AF3	no accepted official reading
𲫴	U+32AF4	no accepted official reading
𲫵	U+32AF5	no accepted official reading
𲫶	U+32AF6	no accepted official reading
𲫷	U+32AF7	no accepted official reading
𲫸	U+32AF8	no accepted official reading
𲫹	U+32AF9	no accepted official reading
𲫺	U+32AFA	no accepted official reading
𲫻	U+32AFB	no accepted official reading
𲫽	U+32AFD	no accepted official reading
𲫾	U+32AFE	no accepted official reading
𲫿	U+32AFF	no accepted official reading
𲬀	U+32B00	no accepted official reading
𲬁	U+32B01	no accepted official reading
𲬃	U+32B03	no accepted official reading
𲬄	U+32B04	no accepted official reading
𲬅	U+32B05	no accepted official reading
𲬆	U+32B06	no accepted official reading
𲬇	U+32B07	no accepted official reading
𲬈	U+32B08	no accepted official reading
𲬉	U+32B09	no accepted official reading
𲬊	U+32B0A	no accepted official reading
𲬋	U+32B0B	no accepted official reading
𲬌	U+32B0C	no accepted official reading
𲬍	U+32B0D	no accepted official reading
𲬏	U+32B0F	no accepted official reading
𲬐	U+32B10	no accepted official reading
𲬑	U+32B11	no accepted official reading
𲬒	U+32B12	no accepted official reading
𲬓	U+32B13	no accepted official reading
𲬔	U+32B14	no accepted official reading
𲬕	U+32B15	no accepted official reading
𲬖	U+32B16	no accepted official reading
𲬗	U+32B17	no accepted official reading
𲬘	U+32B18	no accepted official reading
𲬙	U+32B19	no accepted official reading
𲬚	U+32B1A	no accepted official reading
𲬛	U+32B1B	no accepted official reading
𲬝	U+32B1D	no accepted official reading
𲬞	U+32B1E	no accepted official reading
𲬟	U+32B1F	no accepted official reading
𲬠	U+32B20	no accepted official reading
𲬡	U+32B21	no accepted official reading
𲬢	U+32B22	no accepted official reading
𲬣	U+32B23	no accepted official reading
𲬤	U+32B24	no accepted official reading
𲬥	U+32B25	no accepted official reading
𲬦	U+32B26	no accepted official reading
𲬧	U+32B27	no accepted official reading
𲬩	U+32B29	no accepted official reading
𲬫	U+32B2B	no accepted official reading
𲬮	U+32B2E	no accepted official reading
𲬯	U+32B2F	no accepted official reading
𲬰	U+32B30	no accepted official reading
𲬲	U+32B32	no accepted official reading
𲬳	U+32B33	no accepted official reading
𲬴	U+32B34	no accepted official reading
𲬶	U+32B36	no accepted official reading
𲬷	U+32B37	no accepted official reading
𲬸	U+32B38	no accepted official reading
𲬺	U+32B3A	no accepted official reading
𲬻	U+32B3B	no accepted official reading
𲬼	U+32B3C	no accepted official reading
𲬽	U+32B3D	no accepted official reading
𲬾	U+32B3E	no accepted official reading
𲬿	U+32B3F	no accepted official reading
𲭀	U+32B40	no accepted official reading
𲭁	U+32B41	no accepted official reading
𲭂	U+32B42	no accepted official reading
𲭃	U+32B43	no accepted official reading
𲭄	U+32B44	no accepted official reading
𲭅	U+32B45	no accepted official reading
𲭆	U+32B46	no accepted official reading
𲭇	U+32B47	no accepted official reading
𲭉	U+32B49	no accepted official reading
𲭊	U+32B4A	no accepted official reading
𲭋	U+32B4B	no accepted official reading
𲭌	U+32B4C	no accepted official reading
𲭍	U+32B4D	no accepted official reading
𲭎	U+32B4E	no accepted official reading
𲭏	U+32B4F	no accepted official reading
𲭐	U+32B50	no accepted official reading
𲭑	U+32B51	no accepted official reading
𲭒	U+32B52	no accepted official reading
𲭓	U+32B53	no accepted official reading
𲭔	U+32B54	no accepted official reading
𲭕	U+32B55	no accepted official reading
𲭖	U+32B56	no accepted official reading
𲭗	U+32B57	no accepted official reading
𲭘	U+32B58	no accepted official reading
𲭙	U+32B59	no accepted official reading
𲭚	U+32B5A	no accepted official reading
𲭛	U+32B5B	no accepted official reading
𲭜	U+32B5C	no accepted official reading
𲭝	U+32B5D	no accepted official reading
𲭞	U+32B5E	no accepted official reading
𲭟	U+32B5F	no accepted official reading
𲭠	U+32B60	no accepted official reading
𲭡	U+32B61	no accepted official reading
𲭢	U+32B62	no accepted official reading
𲭣	U+32B63	no accepted official reading
𲭤	U+32B64	no accepted official reading
𲭥	U+32B65	no accepted official reading
𲭦	U+32B66	no accepted official reading
𲭧	U+32B67	no accepted official reading
𲭨	U+32B68	no accepted official reading
𲭩	U+32B69	no accepted official reading
𲭪	U+32B6A	no accepted official reading
𲭫	U+32B6B	no accepted official reading
𲭬	U+32B6C	no accepted official reading
𲭭	U+32B6D	no accepted official reading
𲭮	U+32B6E	no accepted official reading
𲭯	U+32B6F	no accepted official reading
𲭰	U+32B70	no accepted official reading
𲭱	U+32B71	no accepted official reading
𲭳	U+32B73	no accepted official reading
𲭴	U+32B74	no accepted official reading
𲭵	U+32B75	no accepted official reading
𲭶	U+32B76	no accepted official reading
𲭷	U+32B77	no accepted official reading
𲭸	U+32B78	no accepted official reading
𲭹	U+32B79	no accepted official reading
𲭺	U+32B7A	no accepted official reading
𲭻	U+32B7B	no accepted official reading
𲭼	U+32B7C	no accepted official reading
𲭽	U+32B7D	no accepted official reading
𲭾	U+32B7E	no accepted official reading
𲭿	U+32B7F	no accepted official reading
𲮀	U+32B80	no accepted official reading
𲮁	U+32B81	no accepted official reading
𲮂	U+32B82	no accepted official reading
𲮃	U+32B83	no accepted official reading
𲮄	U+32B84	no accepted official reading
𲮅	U+32B85	no accepted official reading
𲮆	U+32B86	no accepted official reading
𲮇	U+32B87	no accepted official reading
𲮈	U+32B88	no accepted official reading
𲮉	U+32B89	no accepted official reading
𲮊	U+32B8A	no accepted official reading
𲮋	U+32B8B	no accepted official reading
𲮍	U+32B8D	no accepted official reading
𲮎	U+32B8E	no accepted official reading
𲮏	U+32B8F	no accepted official reading
𲮐	U+32B90	no accepted official reading
𲮑	U+32B91	no accepted official reading
𲮒	U+32B92	no accepted official reading
𲮓	U+32B93	no accepted official reading
𲮔	U+32B94	no accepted official reading
𲮕	U+32B95	no accepted official reading
𲮖	U+32B96	no accepted official reading
𲮗	U+32B97	no accepted official reading
𲮘	U+32B98	no accepted official reading
𲮙	U+32B99	no accepted official reading
𲮚	U+32B9A	no accepted official reading
𲮛	U+32B9B	no accepted official reading
𲮝	U+32B9D	no accepted official reading
𲮞	U+32B9E	no accepted official reading
𲮠	U+32BA0	no accepted official reading
𲮡	U+32BA1	no accepted official reading
𲮢	U+32BA2	no accepted official reading
𲮣	U+32BA3	no accepted official reading
𲮤	U+32BA4	no accepted official reading
𲮥	U+32BA5	no accepted official reading
𲮦	U+32BA6	no accepted official reading
𲮧	U+32BA7	no accepted official reading
𲮨	U+32BA8	no accepted official reading
𲮩	U+32BA9	no accepted official reading
𲮪	U+32BAA	no accepted official reading
𲮫	U+32BAB	no accepted official reading
𲮬	U+32BAC	no accepted official reading
𲮭	U+32BAD	no accepted official reading
𲮮	U+32BAE	no accepted official reading
𲮯	U+32BAF	no accepted official reading
𲮰	U+32BB0	no accepted official reading
𲮱	U+32BB1	no accepted official reading
𲮲	U+32BB2	no accepted official reading
𲮳	U+32BB3	no accepted official reading
𲮴	U+32BB4	no accepted official reading
𲮵	U+32BB5	no accepted official reading
𲮶	U+32BB6	no accepted official reading
𲮷	U+32BB7	no accepted official reading
𲮸	U+32BB8	no accepted official reading
𲮹	U+32BB9	no accepted official reading
𲮺	U+32BBA	no accepted official reading
𲮻	U+32BBB	no accepted official reading
𲮼	U+32BBC	no accepted official reading
𲮽	U+32BBD	no accepted official reading
𲮾	U+32BBE	no accepted official reading
𲮿	U+32BBF	no accepted official reading
𲯁	U+32BC1	no accepted official reading
𲯂	U+32BC2	no accepted official reading
𲯃	U+32BC3	no accepted official reading
𲯄	U+32BC4	no accepted official reading
𲯅	U+32BC5	no accepted official reading
𲯆	U+32BC6	no accepted official reading
𲯇	U+32BC7	no accepted official reading
𲯈	U+32BC8	no accepted official reading
𲯉	U+32BC9	no accepted official reading
𲯊	U+32BCA	no accepted official reading
𲯌	U+32BCC	no accepted official reading
𲯍	U+32BCD	no accepted official reading
𲯎	U+32BCE	no accepted official reading
𲯏	U+32BCF	no accepted official reading
𲯐	U+32BD0	no accepted official reading
𲯑	U+32BD1	no accepted official reading
𲯒	U+32BD2	no accepted official reading
𲯓	U+32BD3	no accepted official reading
𲯔	U+32BD4	no accepted official reading
𲯕	U+32BD5	no accepted official reading
𲯖	U+32BD6	no accepted official reading
𲯗	U+32BD7	no accepted official reading
𲯘	U+32BD8	no accepted official reading
𲯙	U+32BD9	no accepted official reading
𲯚	U+32BDA	no accepted official reading
𲯛	U+32BDB	no accepted official reading
𲯜	U+32BDC	no accepted official reading
𲯝	U+32BDD	no accepted official reading
𲯞	U+32BDE	no accepted official reading
𲯟	U+32BDF	no accepted official reading
𲯠	U+32BE0	no accepted official reading
𲯡	U+32BE1	no accepted official reading
𲯢	U+32BE2	no accepted official reading
𲯣	U+32BE3	no accepted official reading
𲯤	U+32BE4	no accepted official reading
𲯥	U+32BE5	no accepted official reading
𲯧	U+32BE7	no accepted official reading
𲯨	U+32BE8	no accepted official reading
𲯩	U+32BE9	no accepted official reading
𲯪	U+32BEA	no accepted official reading
𲯫	U+32BEB	no accepted official reading
𲯬	U+32BEC	no accepted official reading
𲯭	U+32BED	no accepted official reading
𲯮	U+32BEE	no accepted official reading
𲯯	U+32BEF	no accepted official reading
𲯰	U+32BF0	no accepted official reading
𲯱	U+32BF1	no accepted official reading
𲯲	U+32BF2	no accepted official reading
𲯳	U+32BF3	no accepted official reading
𲯴	U+32BF4	no accepted official reading
𲯵	U+32BF5	no accepted official reading
𲯶	U+32BF6	no accepted official reading
𲯷	U+32BF7	no accepted official reading
𲯸	U+32BF8	no accepted official reading
𲯹	U+32BF9	no accepted official reading
𲯺	U+32BFA	no accepted official reading
𲯻	U+32BFB	no accepted official reading
𲯼	U+32BFC	no accepted official reading
𲯽	U+32BFD	no accepted official reading
𲯾	U+32BFE	no accepted official reading
𲯿	U+32BFF	no accepted official reading
𲰀	U+32C00	no accepted official reading
𲰁	U+32C01	no accepted official reading
𲰂	U+32C02	no accepted official reading
𲰃	U+32C03	no accepted official reading
𲰄	U+32C04	no accepted official reading
𲰅	U+32C05	no accepted official reading
𲰆	U+32C06	no accepted official reading
𲰇	U+32C07	no accepted official reading
𲰈	U+32C08	no accepted official reading
𲰉	U+32C09	no accepted official reading
𲰊	U+32C0A	no accepted official reading
𲰋	U+32C0B	no accepted official reading
𲰌	U+32C0C	no accepted official reading
𲰍	U+32C0D	no accepted official reading
𲰎	U+32C0E	no accepted official reading
𲰏	U+32C0F	no accepted official reading
𲰐	U+32C10	no accepted official reading
𲰑	U+32C11	no accepted official reading
𲰒	U+32C12	no accepted official reading
𲰓	U+32C13	no accepted official reading
𲰔	U+32C14	no accepted official reading
𲰕	U+32C15	no accepted official reading
𲰖	U+32C16	no accepted official reading
𲰗	U+32C17	no accepted official reading
𲰘	U+32C18	no accepted official reading
𲰙	U+32C19	no accepted official reading
𲰚	U+32C1A	no accepted official reading
𲰛	U+32C1B	no accepted official reading
𲰜	U+32C1C	no accepted official reading
𲰝	U+32C1D	no accepted official reading
𲰞	U+32C1E	no accepted official reading
𲰟	U+32C1F	no accepted official reading
𲰠	U+32C20	no accepted official reading
𲰡	U+32C21	no accepted official reading
𲰢	U+32C22	no accepted official reading
𲰤	U+32C24	no accepted official reading
𲰥	U+32C25	no accepted official reading
𲰦	U+32C26	no accepted official reading
𲰧	U+32C27	no accepted official reading
𲰨	U+32C28	no accepted official reading
𲰩	U+32C29	no accepted official reading
𲰪	U+32C2A	no accepted official reading
𲰫	U+32C2B	no accepted official reading
𲰬	U+32C2C	no accepted official reading
𲰭	U+32C2D	no accepted official reading
𲰮	U+32C2E	no accepted official reading
𲰯	U+32C2F	no accepted official reading
𲰰	U+32C30	no accepted official reading
𲰱	U+32C31	no accepted official reading
𲰲	U+32C32	no accepted official reading
𲰳	U+32C33	no accepted official reading
𲰴	U+32C34	no accepted official reading
𲰵	U+32C35	no accepted official reading
𲰶	U+32C36	no accepted official reading
𲰷	U+32C37	no accepted official reading
𲰸	U+32C38	no accepted official reading
𲰺	U+32C3A	no accepted official reading
𲰻	U+32C3B	no accepted official reading
𲰼	U+32C3C	no accepted official reading
𲰽	U+32C3D	no accepted official reading
𲰾	U+32C3E	no accepted official reading
𲰿	U+32C3F	no accepted official reading
𲱀	U+32C40	no accepted official reading
𲱁	U+32C41	no accepted official reading
𲱂	U+32C42	no accepted official reading
𲱃	U+32C43	no accepted official reading
𲱄	U+32C44	no accepted official reading
𲱅	U+32C45	no accepted official reading
𲱆	U+32C46	no accepted official reading
𲱈	U+32C48	no accepted official reading
𲱉	U+32C49	no accepted official reading
𲱊	U+32C4A	no accepted official reading
𲱋	U+32C4B	no accepted official reading
𲱌	U+32C4C	no accepted official reading
𲱍	U+32C4D	no accepted official reading
𲱎	U+32C4E	no accepted official reading
𲱏	U+32C4F	no accepted official reading
𲱐	U+32C50	no accepted official reading
𲱒	U+32C52	no accepted official reading
𲱓	U+32C53	no accepted official reading
𲱔	U+32C54	no accepted official reading
𲱕	U+32C55	no accepted official reading
𲱖	U+32C56	no accepted official reading
𲱗	U+32C57	no accepted official reading
𲱘	U+32C58	no accepted official reading
𲱚	U+32C5A	no accepted official reading
𲱛	U+32C5B	no accepted official reading
𲱜	U+32C5C	no accepted official reading
𲱝	U+32C5D	no accepted official reading
𲱞	U+32C5E	no accepted official reading
𲱟	U+32C5F	no accepted official reading
𲱠	U+32C60	no accepted official reading
𲱡	U+32C61	no accepted official reading
𲱢	U+32C62	no accepted official reading
𲱤	U+32C64	no accepted official reading
𲱥	U+32C65	no accepted official reading
𲱦	U+32C66	no accepted official reading
𲱧	U+32C67	no accepted official reading
𲱨	U+32C68	no accepted official reading
𲱩	U+32C69	no accepted official reading
𲱪	U+32C6A	no accepted official reading
𲱬	U+32C6C	no accepted official reading
𲱭	U+32C6D	no accepted official reading
𲱮	U+32C6E	no accepted official reading
𲱯	U+32C6F	no accepted official reading
𲱰	U+32C70	no accepted official reading
𲱱	U+32C71	no accepted official reading
𲱲	U+32C72	no accepted official reading
𲱳	U+32C73	no accepted official reading
𲱴	U+32C74	no accepted official reading
𲱵	U+32C75	no accepted official reading
𲱶	U+32C76	no accepted official reading
𲱷	U+32C77	no accepted official reading
𲱸	U+32C78	no accepted official reading
𲱹	U+32C79	no accepted official reading
𲱺	U+32C7A	no accepted official reading
𲱻	U+32C7B	no accepted official reading
𲱼	U+32C7C	no accepted official reading
𲱽	U+32C7D	no accepted official reading
𲱾	U+32C7E	no accepted official reading
𲱿	U+32C7F	no accepted official reading
𲲀	U+32C80	no accepted official reading
𲲁	U+32C81	no accepted official reading
𲲂	U+32C82	no accepted official reading
𲲃	U+32C83	no accepted official reading
𲲄	U+32C84	no accepted official reading
𲲅	U+32C85	no accepted official reading
𲲆	U+32C86	no accepted official reading
𲲇	U+32C87	no accepted official reading
𲲈	U+32C88	no accepted official reading
𲲉	U+32C89	no accepted official reading
𲲊	U+32C8A	no accepted official reading
𲲋	U+32C8B	no accepted official reading
𲲌	U+32C8C	no accepted official reading
𲲍	U+32C8D	no accepted official reading
𲲎	U+32C8E	no accepted official reading
𲲏	U+32C8F	no accepted official reading
𲲐	U+32C90	no accepted official reading
𲲑	U+32C91	no accepted official reading
𲲒	U+32C92	no accepted official reading
𲲓	U+32C93	no accepted official reading
𲲔	U+32C94	no accepted official reading
𲲕	U+32C95	no accepted official reading
𲲗	U+32C97	no accepted official reading
𲲘	U+32C98	no accepted official reading
𲲙	U+32C99	no accepted official reading
𲲚	U+32C9A	no accepted official reading
𲲛	U+32C9B	no accepted official reading
𲲝	U+32C9D	no accepted official reading
𲲟	U+32C9F	no accepted official reading
𲲠	U+32CA0	no accepted official reading
𲲡	U+32CA1	no accepted official reading
𲲢	U+32CA2	no accepted official reading
𲲣	U+32CA3	no accepted official reading
𲲤	U+32CA4	no accepted official reading
𲲥	U+32CA5	no accepted official reading
𲲦	U+32CA6	no accepted official reading
𲲧	U+32CA7	no accepted official reading
𲲨	U+32CA8	no accepted official reading
𲲩	U+32CA9	no accepted official reading
𲲪	U+32CAA	no accepted official reading
𲲫	U+32CAB	no accepted official reading
𲲬	U+32CAC	no accepted official reading
𲲭	U+32CAD	no accepted official reading
𲲮	U+32CAE	no accepted official reading
𲲯	U+32CAF	no accepted official reading
𲲰	U+32CB0	no accepted official reading
𲲱	U+32CB1	no accepted official reading
𲲲	U+32CB2	no accepted official reading
𲲳	U+32CB3	no accepted official reading
𲲴	U+32CB4	no accepted official reading
𲲵	U+32CB5	no accepted official reading
𲲶	U+32CB6	no accepted official reading
𲲷	U+32CB7	no accepted official reading
𲲸	U+32CB8	no accepted official reading
𲲹	U+32CB9	no accepted official reading
𲲺	U+32CBA	no accepted official reading
𲲻	U+32CBB	no accepted official reading
𲲼	U+32CBC	no accepted official reading
𲲽	U+32CBD	no accepted official reading
𲲾	U+32CBE	no accepted official reading
𲲿	U+32CBF	no accepted official reading
𲳁	U+32CC1	no accepted official reading
𲳂	U+32CC2	no accepted official reading
𲳃	U+32CC3	no accepted official reading
𲳄	U+32CC4	no accepted official reading
𲳅	U+32CC5	no accepted official reading
𲳆	U+32CC6	no accepted official reading
𲳇	U+32CC7	no accepted official reading
𲳈	U+32CC8	no accepted official reading
𲳉	U+32CC9	no accepted official reading
𲳊	U+32CCA	no accepted official reading
𲳋	U+32CCB	no accepted official reading
𲳌	U+32CCC	no accepted official reading
𲳍	U+32CCD	no accepted official reading
𲳎	U+32CCE	no accepted official reading
𲳏	U+32CCF	no accepted official reading
𲳐	U+32CD0	no accepted official reading
𲳑	U+32CD1	no accepted official reading
𲳒	U+32CD2	no accepted official reading
𲳓	U+32CD3	no accepted official reading
𲳔	U+32CD4	no accepted official reading
𲳕	U+32CD5	no accepted official reading
𲳖	U+32CD6	no accepted official reading
𲳗	U+32CD7	no accepted official reading
𲳘	U+32CD8	no accepted official reading
𲳙	U+32CD9	no accepted official reading
𲳚	U+32CDA	no accepted official reading
𲳛	U+32CDB	no accepted official reading
𲳜	U+32CDC	no accepted official reading
𲳝	U+32CDD	no accepted official reading
𲳞	U+32CDE	no accepted official reading
𲳟	U+32CDF	no accepted official reading
𲳠	U+32CE0	no accepted official reading
𲳡	U+32CE1	no accepted official reading
𲳢	U+32CE2	no accepted official reading
𲳣	U+32CE3	no accepted official reading
𲳤	U+32CE4	no accepted official reading
𲳥	U+32CE5	no accepted official reading
𲳦	U+32CE6	no accepted official reading
𲳧	U+32CE7	no accepted official reading
𲳨	U+32CE8	no accepted official reading
𲳩	U+32CE9	no accepted official reading
𲳪	U+32CEA	no accepted official reading
𲳫	U+32CEB	no accepted official reading
𲳬	U+32CEC	no accepted official reading
𲳭	U+32CED	no accepted official reading
𲳮	U+32CEE	no accepted official reading
𲳯	U+32CEF	no accepted official reading
𲳰	U+32CF0	no accepted official reading
𲳱	U+32CF1	no accepted official reading
𲳲	U+32CF2	no accepted official reading
𲳴	U+32CF4	no accepted official reading
𲳵	U+32CF5	no accepted official reading
𲳶	U+32CF6	no accepted official reading
𲳷	U+32CF7	no accepted official reading
𲳸	U+32CF8	no accepted official reading
𲳹	U+32CF9	no accepted official reading
𲳺	U+32CFA	no accepted official reading
𲳻	U+32CFB	no accepted official reading
𲳼	U+32CFC	no accepted official reading
𲳽	U+32CFD	no accepted official reading
𲳾	U+32CFE	no accepted official reading
𲳿	U+32CFF	no accepted official reading
𲴀	U+32D00	no accepted official reading
𲴁	U+32D01	no accepted official reading
𲴂	U+32D02	no accepted official reading
𲴃	U+32D03	no accepted official reading
𲴄	U+32D04	no accepted official reading
𲴅	U+32D05	no accepted official reading
𲴆	U+32D06	no accepted official reading
𲴇	U+32D07	no accepted official reading
𲴈	U+32D08	no accepted official reading
𲴉	U+32D09	no accepted official reading
𲴊	U+32D0A	no accepted official reading
𲴋	U+32D0B	no accepted official reading
𲴌	U+32D0C	no accepted official reading
𲴍	U+32D0D	no accepted official reading
𲴎	U+32D0E	no accepted official reading
𲴏	U+32D0F	no accepted official reading
𲴐	U+32D10	no accepted official reading
𲴑	U+32D11	no accepted official reading
𲴒	U+32D12	no accepted official reading
𲴓	U+32D13	no accepted official reading
𲴔	U+32D14	no accepted official reading
𲴕	U+32D15	no accepted official reading
𲴖	U+32D16	no accepted official reading
𲴗	U+32D17	no accepted official reading
𲴘	U+32D18	no accepted official reading
𲴙	U+32D19	no accepted official reading
𲴚	U+32D1A	no accepted official reading
𲴛	U+32D1B	no accepted official reading
𲴜	U+32D1C	no accepted official reading
𲴝	U+32D1D	no accepted official reading
𲴞	U+32D1E	no accepted official reading
𲴟	U+32D1F	no accepted official reading
𲴠	U+32D20	no accepted official reading
𲴡	U+32D21	no accepted official reading
𲴢	U+32D22	no accepted official reading
𲴣	U+32D23	no accepted official reading
𲴤	U+32D24	no accepted official reading
𲴥	U+32D25	no accepted official reading
𲴦	U+32D26	no accepted official reading
𲴧	U+32D27	no accepted official reading
𲴨	U+32D28	no accepted official reading
𲴩	U+32D29	no accepted official reading
𲴪	U+32D2A	no accepted official reading
𲴫	U+32D2B	no accepted official reading
𲴬	U+32D2C	no accepted official reading
𲴭	U+32D2D	no accepted official reading
𲴮	U+32D2E	no accepted official reading
𲴯	U+32D2F	no accepted official reading
𲴰	U+32D30	no accepted official reading
𲴲	U+32D32	no accepted official reading
𲴳	U+32D33	no accepted official reading
𲴵	U+32D35	no accepted official reading
𲴶	U+32D36	no accepted official reading
𲴷	U+32D37	no accepted official reading
𲴸	U+32D38	no accepted official reading
𲴹	U+32D39	no accepted official reading
𲴺	U+32D3A	no accepted official reading
𲴻	U+32D3B	no accepted official reading
𲴼	U+32D3C	no accepted official reading
𲴽	U+32D3D	no accepted official reading
𲴾	U+32D3E	no accepted official reading
𲴿	U+32D3F	no accepted official reading
𲵀	U+32D40	no accepted official reading
𲵁	U+32D41	no accepted official reading
𲵃	U+32D43	no accepted official reading
𲵄	U+32D44	no accepted official reading
𲵅	U+32D45	no accepted official reading
𲵆	U+32D46	no accepted official reading
𲵇	U+32D47	no accepted official reading
𲵈	U+32D48	no accepted official reading
𲵉	U+32D49	no accepted official reading
𲵊	U+32D4A	no accepted official reading
𲵋	U+32D4B	no accepted official reading
𲵌	U+32D4C	no accepted official reading
𲵍	U+32D4D	no accepted official reading
𲵎	U+32D4E	no accepted official reading
𲵏	U+32D4F	no accepted official reading
𲵑	U+32D51	no accepted official reading
𲵒	U+32D52	no accepted official reading
𲵓	U+32D53	no accepted official reading
𲵔	U+32D54	no accepted official reading
𲵕	U+32D55	no accepted official reading
𲵖	U+32D56	no accepted official reading
𲵘	U+32D58	no accepted official reading
𲵙	U+32D59	no accepted official reading
𲵚	U+32D5A	no accepted official reading
𲵛	U+32D5B	no accepted official reading
𲵜	U+32D5C	no accepted official reading
𲵝	U+32D5D	no accepted official reading
𲵞	U+32D5E	no accepted official reading
𲵟	U+32D5F	no accepted official reading
𲵠	U+32D60	no accepted official reading
𲵡	U+32D61	no accepted official reading
𲵢	U+32D62	no accepted official reading
𲵣	U+32D63	no accepted official reading
𲵤	U+32D64	no accepted official reading
𲵥	U+32D65	no accepted official reading
𲵦	U+32D66	no accepted official reading
𲵧	U+32D67	no accepted official reading
𲵨	U+32D68	no accepted official reading
𲵩	U+32D69	no accepted official reading
𲵪	U+32D6A	no accepted official reading
𲵫	U+32D6B	no accepted official reading
𲵬	U+32D6C	no accepted official reading
𲵭	U+32D6D	no accepted official reading
𲵮	U+32D6E	no accepted official reading
𲵯	U+32D6F	no accepted official reading
𲵰	U+32D70	no accepted official reading
𲵱	U+32D71	no accepted official reading
𲵲	U+32D72	no accepted official reading
𲵳	U+32D73	no accepted official reading
𲵴	U+32D74	no accepted official reading
𲵵	U+32D75	no accepted official reading
𲵶	U+32D76	no accepted official reading
𲵷	U+32D77	no accepted official reading
𲵸	U+32D78	no accepted official reading
𲵹	U+32D79	no accepted official reading
𲵺	U+32D7A	no accepted official reading
𲵻	U+32D7B	no accepted official reading
𲵼	U+32D7C	no accepted official reading
𲵽	U+32D7D	no accepted official reading
𲵾	U+32D7E	no accepted official reading
𲵿	U+32D7F	no accepted official reading
𲶂	U+32D82	no accepted official reading
𲶃	U+32D83	no accepted official reading
𲶄	U+32D84	no accepted official reading
𲶅	U+32D85	no accepted official reading
𲶆	U+32D86	no accepted official reading
𲶈	U+32D88	no accepted official reading
𲶉	U+32D89	no accepted official reading
𲶊	U+32D8A	no accepted official reading
𲶋	U+32D8B	no accepted official reading
𲶌	U+32D8C	no accepted official reading
𲶍	U+32D8D	no accepted official reading
𲶏	U+32D8F	no accepted official reading
𲶐	U+32D90	no accepted official reading
𲶑	U+32D91	no accepted official reading
𲶒	U+32D92	no accepted official reading
𲶓	U+32D93	no accepted official reading
𲶔	U+32D94	no accepted official reading
𲶕	U+32D95	no accepted official reading
𲶗	U+32D97	no accepted official reading
𲶘	U+32D98	no accepted official reading
𲶚	U+32D9A	no accepted official reading
𲶛	U+32D9B	no accepted official reading
𲶝	U+32D9D	no accepted official reading
𲶞	U+32D9E	no accepted official reading
𲶟	U+32D9F	no accepted official reading
𲶡	U+32DA1	no accepted official reading
𲶢	U+32DA2	no accepted official reading
𲶣	U+32DA3	no accepted official reading
𲶤	U+32DA4	no accepted official reading
𲶥	U+32DA5	no accepted official reading
𲶦	U+32DA6	no accepted official reading
𲶧	U+32DA7	no accepted official reading
𲶨	U+32DA8	no accepted official reading
𲶩	U+32DA9	no accepted official reading
𲶪	U+32DAA	no accepted official reading
𲶫	U+32DAB	no accepted official reading
𲶬	U+32DAC	no accepted official reading
𲶭	U+32DAD	no accepted official reading
𲶮	U+32DAE	no accepted official reading
𲶰	U+32DB0	no accepted official reading
𲶱	U+32DB1	no accepted official reading
𲶲	U+32DB2	no accepted official reading
𲶴	U+32DB4	no accepted official reading
𲶵	U+32DB5	no accepted official reading
𲶶	U+32DB6	no accepted official reading
𲶷	U+32DB7	no accepted official reading
𲶸	U+32DB8	no accepted official reading
𲶹	U+32DB9	no accepted official reading
𲶺	U+32DBA	no accepted official reading
𲶻	U+32DBB	no accepted official reading
𲶼	U+32DBC	no accepted official reading
𲶽	U+32DBD	no accepted official reading
𲶾	U+32DBE	no accepted official reading
𲶿	U+32DBF	no accepted official reading
𲷀	U+32DC0	no accepted official reading
𲷂	U+32DC2	no accepted official reading
𲷃	U+32DC3	no accepted official reading
𲷄	U+32DC4	no accepted official reading
𲷅	U+32DC5	no accepted official reading
𲷆	U+32DC6	no accepted official reading
𲷇	U+32DC7	no accepted official reading
𲷈	U+32DC8	no accepted official reading
𲷉	U+32DC9	no accepted official reading
𲷊	U+32DCA	no accepted official reading
𲷋	U+32DCB	no accepted official reading
𲷌	U+32DCC	no accepted official reading
𲷍	U+32DCD	no accepted official reading
𲷎	U+32DCE	no accepted official reading
𲷏	U+32DCF	no accepted official reading
𲷐	U+32DD0	no accepted official reading
𲷒	U+32DD2	no accepted official reading
𲷓	U+32DD3	no accepted official reading
𲷔	U+32DD4	no accepted official reading
𲷕	U+32DD5	no accepted official reading
𲷖	U+32DD6	no accepted official reading
𲷗	U+32DD7	no accepted official reading
𲷘	U+32DD8	no accepted official reading
𲷙	U+32DD9	no accepted official reading
𲷚	U+32DDA	no accepted official reading
𲷛	U+32DDB	no accepted official reading
𲷜	U+32DDC	no accepted official reading
𲷝	U+32DDD	no accepted official reading
𲷟	U+32DDF	no accepted official reading
𲷠	U+32DE0	no accepted official reading
𲷡	U+32DE1	no accepted official reading
𲷢	U+32DE2	no accepted official reading
𲷣	U+32DE3	no accepted official reading
𲷤	U+32DE4	no accepted official reading
𲷥	U+32DE5	no accepted official reading
𲷦	U+32DE6	no accepted official reading
𲷧	U+32DE7	no accepted official reading
𲷨	U+32DE8	no accepted official reading
𲷩	U+32DE9	no accepted official reading
𲷪	U+32DEA	no accepted official reading
𲷫	U+32DEB	no accepted official reading
𲷬	U+32DEC	no accepted official reading
𲷭	U+32DED	no accepted official reading
𲷮	U+32DEE	no accepted official reading
𲷯	U+32DEF	no accepted official reading
𲷰	U+32DF0	no accepted official reading
𲷱	U+32DF1	no accepted official reading
𲷲	U+32DF2	no accepted official reading
𲷳	U+32DF3	no accepted official reading
𲷴	U+32DF4	no accepted official reading
𲷶	U+32DF6	no accepted official reading
𲷷	U+32DF7	no accepted official reading
𲷸	U+32DF8	no accepted official reading
𲷹	U+32DF9	no accepted official reading
𲷺	U+32DFA	no accepted official reading
𲷻	U+32DFB	no accepted official reading
𲷼	U+32DFC	no accepted official reading
𲷽	U+32DFD	no accepted official reading
𲷾	U+32DFE	no accepted official reading
𲷿	U+32DFF	no accepted official reading
𲸀	U+32E00	no accepted official reading
𲸁	U+32E01	no accepted official reading
𲸃	U+32E03	no accepted official reading
𲸄	U+32E04	no accepted official reading
𲸅	U+32E05	no accepted official reading
𲸆	U+32E06	no accepted official reading
𲸇	U+32E07	no accepted official reading
𲸈	U+32E08	no accepted official reading
𲸉	U+32E09	no accepted official reading
𲸊	U+32E0A	no accepted official reading
𲸋	U+32E0B	no accepted official reading
𲸌	U+32E0C	no accepted official reading
𲸍	U+32E0D	no accepted official reading
𲸏	U+32E0F	no accepted official reading
𲸐	U+32E10	no accepted official reading
𲸑	U+32E11	no accepted official reading
𲸒	U+32E12	no accepted official reading
𲸔	U+32E14	no accepted official reading
𲸕	U+32E15	no accepted official reading
𲸖	U+32E16	no accepted official reading
𲸗	U+32E17	no accepted official reading
𲸘	U+32E18	no accepted official reading
𲸙	U+32E19	no accepted official reading
𲸚	U+32E1A	no accepted official reading
𲸛	U+32E1B	no accepted official reading
𲸜	U+32E1C	no accepted official reading
𲸝	U+32E1D	no accepted official reading
𲸞	U+32E1E	no accepted official reading
𲸟	U+32E1F	no accepted official reading
𲸠	U+32E20	no accepted official reading
𲸡	U+32E21	no accepted official reading
𲸢	U+32E22	no accepted official reading
𲸣	U+32E23	no accepted official reading
𲸤	U+32E24	no accepted official reading
𲸥	U+32E25	no accepted official reading
𲸦	U+32E26	no accepted official reading
𲸧	U+32E27	no accepted official reading
𲸨	U+32E28	no accepted official reading
𲸩	U+32E29	no accepted official reading
𲸪	U+32E2A	no accepted official reading
𲸫	U+32E2B	no accepted official reading
𲸬	U+32E2C	no accepted official reading
𲸮	U+32E2E	no accepted official reading
𲸯	U+32E2F	no accepted official reading
𲸰	U+32E30	no accepted official reading
𲸱	U+32E31	no accepted official reading
𲸲	U+32E32	no accepted official reading
𲸳	U+32E33	no accepted official reading
𲸴	U+32E34	no accepted official reading
𲸷	U+32E37	no accepted official reading
𲸸	U+32E38	no accepted official reading
𲸺	U+32E3A	no accepted official reading
𲸻	U+32E3B	no accepted official reading
𲸼	U+32E3C	no accepted official reading
𲸽	U+32E3D	no accepted official reading
𲸿	U+32E3F	no accepted official reading
𲹀	U+32E40	no accepted official reading
𲹁	U+32E41	no accepted official reading
𲹂	U+32E42	no accepted official reading
𲹃	U+32E43	no accepted official reading
𲹄	U+32E44	no accepted official reading
𲹅	U+32E45	no accepted official reading
𲹆	U+32E46	no accepted official reading
𲹇	U+32E47	no accepted official reading
𲹈	U+32E48	no accepted official reading
𲹉	U+32E49	no accepted official reading
𲹊	U+32E4A	no accepted official reading
𲹋	U+32E4B	no accepted official reading
𲹌	U+32E4C	no accepted official reading
𲹍	U+32E4D	no accepted official reading
𲹎	U+32E4E	no accepted official reading
𲹏	U+32E4F	no accepted official reading
𲹐	U+32E50	no accepted official reading
𲹑	U+32E51	no accepted official reading
𲹒	U+32E52	no accepted official reading
𲹓	U+32E53	no accepted official reading
𲹔	U+32E54	no accepted official reading
𲹕	U+32E55	no accepted official reading
𲹖	U+32E56	no accepted official reading
𲹗	U+32E57	no accepted official reading
𲹘	U+32E58	no accepted official reading
𲹙	U+32E59	no accepted official reading
𲹚	U+32E5A	no accepted official reading
𲹛	U+32E5B	no accepted official reading
𲹜	U+32E5C	no accepted official reading
𲹞	U+32E5E	no accepted official reading
𲹟	U+32E5F	no accepted official reading
𲹠	U+32E60	no accepted official reading
𲹢	U+32E62	no accepted official reading
𲹣	U+32E63	no accepted official reading
𲹤	U+32E64	no accepted official reading
𲹥	U+32E65	no accepted official reading
𲹦	U+32E66	no accepted official reading
𲹧	U+32E67	no accepted official reading
𲹨	U+32E68	no accepted official reading
𲹩	U+32E69	no accepted official reading
𲹪	U+32E6A	no accepted official reading
𲹫	U+32E6B	no accepted official reading
𲹬	U+32E6C	no accepted official reading
𲹭	U+32E6D	no accepted official reading
𲹮	U+32E6E	no accepted official reading
𲹯	U+32E6F	no accepted official reading
𲹰	U+32E70	no accepted official reading
𲹲	U+32E72	no accepted official reading
𲹳	U+32E73	no accepted official reading
𲹴	U+32E74	no accepted official reading
𲹵	U+32E75	no accepted official reading
𲹶	U+32E76	no accepted official reading
𲹷	U+32E77	no accepted official reading
𲹸	U+32E78	no accepted official reading
𲹹	U+32E79	no accepted official reading
𲹺	U+32E7A	no accepted official reading
𲹻	U+32E7B	no accepted official reading
𲹼	U+32E7C	no accepted official reading
𲹽	U+32E7D	no accepted official reading
𲹾	U+32E7E	no accepted official reading
𲹿	U+32E7F	no accepted official reading
𲺀	U+32E80	no accepted official reading
𲺁	U+32E81	no accepted official reading
𲺂	U+32E82	no accepted official reading
𲺃	U+32E83	no accepted official reading
𲺄	U+32E84	no accepted official reading
𲺅	U+32E85	no accepted official reading
𲺆	U+32E86	no accepted official reading
𲺇	U+32E87	no accepted official reading
𲺈	U+32E88	no accepted official reading
𲺉	U+32E89	no accepted official reading
𲺊	U+32E8A	no accepted official reading
𲺋	U+32E8B	no accepted official reading
𲺌	U+32E8C	no accepted official reading
𲺍	U+32E8D	no accepted official reading
𲺏	U+32E8F	no accepted official reading
𲺐	U+32E90	no accepted official reading
𲺑	U+32E91	no accepted official reading
𲺒	U+32E92	no accepted official reading
𲺓	U+32E93	no accepted official reading
𲺔	U+32E94	no accepted official reading
𲺕	U+32E95	no accepted official reading
𲺖	U+32E96	no accepted official reading
𲺗	U+32E97	no accepted official reading
𲺘	U+32E98	no accepted official reading
𲺙	U+32E99	no accepted official reading
𲺚	U+32E9A	no accepted official reading
𲺛	U+32E9B	no accepted official reading
𲺜	U+32E9C	no accepted official reading
𲺝	U+32E9D	no accepted official reading
𲺞	U+32E9E	no accepted official reading
𲺟	U+32E9F	no accepted official reading
𲺠	U+32EA0	no accepted official reading
𲺢	U+32EA2	no accepted official reading
𲺣	U+32EA3	no accepted official reading
𲺤	U+32EA4	no accepted official reading
𲺥	U+32EA5	no accepted official reading
𲺦	U+32EA6	no accepted official reading
𲺧	U+32EA7	no accepted official reading
𲺨	U+32EA8	no accepted official reading
𲺩	U+32EA9	no accepted official reading
𲺪	U+32EAA	no accepted official reading
𲺫	U+32EAB	no accepted official reading
𲺬	U+32EAC	no accepted official reading
𲺭	U+32EAD	no accepted official reading
𲺮	U+32EAE	no accepted official reading
𲺯	U+32EAF	no accepted official reading
𲺰	U+32EB0	no accepted official reading
𲺱	U+32EB1	no accepted official reading
𲺲	U+32EB2	no accepted official reading
𲺳	U+32EB3	no accepted official reading
𲺴	U+32EB4	no accepted official reading
𲺵	U+32EB5	no accepted official reading
𲺶	U+32EB6	no accepted official reading
𲺷	U+32EB7	no accepted official reading
𲺸	U+32EB8	no accepted official reading
𲺹	U+32EB9	no accepted official reading
𲺺	U+32EBA	no accepted official reading
𲺻	U+32EBB	no accepted official reading
𲺼	U+32EBC	no accepted official reading
𲺽	U+32EBD	no accepted official reading
𲺾	U+32EBE	no accepted official reading
𲺿	U+32EBF	no accepted official reading
𲻀	U+32EC0	no accepted official reading
𲻁	U+32EC1	no accepted official reading
𲻂	U+32EC2	no accepted official reading
𲻃	U+32EC3	no accepted official reading
𲻄	U+32EC4	no accepted official reading
𲻅	U+32EC5	no accepted official reading
𲻆	U+32EC6	no accepted official reading
𲻈	U+32EC8	no accepted official reading
𲻉	U+32EC9	no accepted official reading
𲻊	U+32ECA	no accepted official reading
𲻋	U+32ECB	no accepted official reading
𲻌	U+32ECC	no accepted official reading
𲻍	U+32ECD	no accepted official reading
𲻎	U+32ECE	no accepted official reading
𲻏	U+32ECF	no accepted official reading
𲻐	U+32ED0	no accepted official reading
𲻑	U+32ED1	no accepted official reading
𲻒	U+32ED2	no accepted official reading
𲻓	U+32ED3	no accepted official reading
𲻔	U+32ED4	no accepted official reading
𲻕	U+32ED5	no accepted official reading
𲻖	U+32ED6	no accepted official reading
𲻗	U+32ED7	no accepted official reading
𲻘	U+32ED8	no accepted official reading
𲻙	U+32ED9	no accepted official reading
𲻚	U+32EDA	no accepted official reading
𲻛	U+32EDB	no accepted official reading
𲻜	U+32EDC	no accepted official reading
𲻝	U+32EDD	no accepted official reading
𲻞	U+32EDE	no accepted official reading
𲻟	U+32EDF	no accepted official reading
𲻠	U+32EE0	no accepted official reading
𲻡	U+32EE1	no accepted official reading
𲻢	U+32EE2	no accepted official reading
𲻣	U+32EE3	no accepted official reading
𲻤	U+32EE4	no accepted official reading
𲻥	U+32EE5	no accepted official reading
𲻦	U+32EE6	no accepted official reading
𲻨	U+32EE8	no accepted official reading
𲻩	U+32EE9	no accepted official reading
𲻪	U+32EEA	no accepted official reading
𲻫	U+32EEB	no accepted official reading
𲻬	U+32EEC	no accepted official reading
𲻭	U+32EED	no accepted official reading
𲻮	U+32EEE	no accepted official reading
𲻯	U+32EEF	no accepted official reading
𲻰	U+32EF0	no accepted official reading
𲻱	U+32EF1	no accepted official reading
𲻲	U+32EF2	no accepted official reading
𲻳	U+32EF3	no accepted official reading
𲻴	U+32EF4	no accepted official reading
𲻵	U+32EF5	no accepted official reading
𲻶	U+32EF6	no accepted official reading
𲻷	U+32EF7	no accepted official reading
𲻹	U+32EF9	no accepted official reading
𲻺	U+32EFA	no accepted official reading
𲻻	U+32EFB	no accepted official reading
𲻼	U+32EFC	no accepted official reading
𲻽	U+32EFD	no accepted official reading
𲻾	U+32EFE	no accepted official reading
𲻿	U+32EFF	no accepted official reading
𲼀	U+32F00	no accepted official reading
𲼁	U+32F01	no accepted official reading
𲼂	U+32F02	no accepted official reading
𲼃	U+32F03	no accepted official reading
𲼄	U+32F04	no accepted official reading
𲼅	U+32F05	no accepted official reading
𲼆	U+32F06	no accepted official reading
𲼇	U+32F07	no accepted official reading
𲼈	U+32F08	no accepted official reading
𲼉	U+32F09	no accepted official reading
𲼊	U+32F0A	no accepted official reading
𲼋	U+32F0B	no accepted official reading
𲼍	U+32F0D	no accepted official reading
𲼎	U+32F0E	no accepted official reading
𲼏	U+32F0F	no accepted official reading
𲼐	U+32F10	no accepted official reading
𲼑	U+32F11	no accepted official reading
𲼓	U+32F13	no accepted official reading
𲼔	U+32F14	no accepted official reading
𲼕	U+32F15	no accepted official reading
𲼖	U+32F16	no accepted official reading
𲼘	U+32F18	no accepted official reading
𲼙	U+32F19	no accepted official reading
𲼚	U+32F1A	no accepted official reading
𲼛	U+32F1B	no accepted official reading
𲼜	U+32F1C	no accepted official reading
𲼝	U+32F1D	no accepted official reading
𲼞	U+32F1E	no accepted official reading
𲼟	U+32F1F	no accepted official reading
𲼠	U+32F20	no accepted official reading
𲼡	U+32F21	no accepted official reading
𲼢	U+32F22	no accepted official reading
𲼣	U+32F23	no accepted official reading
𲼤	U+32F24	no accepted official reading
𲼥	U+32F25	no accepted official reading
𲼦	U+32F26	no accepted official reading
𲼧	U+32F27	no accepted official reading
𲼨	U+32F28	no accepted official reading
𲼩	U+32F29	no accepted official reading
𲼬	U+32F2C	no accepted official reading
𲼭	U+32F2D	no accepted official reading
𲼮	U+32F2E	no accepted official reading
𲼯	U+32F2F	no accepted official reading
𲼰	U+32F30	no accepted official reading
𲼱	U+32F31	no accepted official reading
𲼲	U+32F32	no accepted official reading
𲼳	U+32F33	no accepted official reading
𲼴	U+32F34	no accepted official reading
𲼵	U+32F35	no accepted official reading
𲼶	U+32F36	no accepted official reading
𲼷	U+32F37	no accepted official reading
𲼸	U+32F38	no accepted official reading
𲼹	U+32F39	no accepted official reading
𲼺	U+32F3A	no accepted official reading
𲼻	U+32F3B	no accepted official reading
𲼽	U+32F3D	no accepted official reading
𲼿	U+32F3F	no accepted official reading
𲽀	U+32F40	no accepted official reading
𲽁	U+32F41	no accepted official reading
𲽂	U+32F42	no accepted official reading
𲽃	U+32F43	no accepted official reading
𲽄	U+32F44	no accepted official reading
𲽅	U+32F45	no accepted official reading
𲽆	U+32F46	no accepted official reading
𲽇	U+32F47	no accepted official reading
𲽈	U+32F48	no accepted official reading
𲽊	U+32F4A	no accepted official reading
𲽋	U+32F4B	no accepted official reading
𲽍	U+32F4D	no accepted official reading
𲽎	U+32F4E	no accepted official reading
𲽏	U+32F4F	no accepted official reading
𲽐	U+32F50	no accepted official reading
𲽑	U+32F51	no accepted official reading
𲽒	U+32F52	no accepted official reading
𲽓	U+32F53	no accepted official reading
𲽔	U+32F54	no accepted official reading
𲽖	U+32F56	no accepted official reading
𲽗	U+32F57	no accepted official reading
𲽙	U+32F59	no accepted official reading
𲽛	U+32F5B	no accepted official reading
𲽜	U+32F5C	no accepted official reading
𲽝	U+32F5D	no accepted official reading
𲽟	U+32F5F	no accepted official reading
𲽠	U+32F60	no accepted official reading
𲽡	U+32F61	no accepted official reading
𲽣	U+32F63	no accepted official reading
𲽤	U+32F64	no accepted official reading
𲽥	U+32F65	no accepted official reading
𲽦	U+32F66	no accepted official reading
𲽧	U+32F67	no accepted official reading
𲽨	U+32F68	no accepted official reading
𲽩	U+32F69	no accepted official reading
𲽪	U+32F6A	no accepted official reading
𲽫	U+32F6B	no accepted official reading
𲽮	U+32F6E	no accepted official reading
𲽯	U+32F6F	no accepted official reading
𲽰	U+32F70	no accepted official reading
𲽱	U+32F71	no accepted official reading
𲽲	U+32F72	no accepted official reading
𲽳	U+32F73	no accepted official reading
𲽴	U+32F74	no accepted official reading
𲽵	U+32F75	no accepted official reading
𲽶	U+32F76	no accepted official reading
𲽷	U+32F77	no accepted official reading
𲽸	U+32F78	no accepted official reading
𲽻	U+32F7B	no accepted official reading
𲽼	U+32F7C	no accepted official reading
𲽾	U+32F7E	no accepted official reading
𲽿	U+32F7F	no accepted official reading
𲾀	U+32F80	no accepted official reading
𲾁	U+32F81	no accepted official reading
𲾂	U+32F82	no accepted official reading
𲾃	U+32F83	no accepted official reading
𲾄	U+32F84	no accepted official reading
𲾅	U+32F85	no accepted official reading
𲾆	U+32F86	no accepted official reading
𲾇	U+32F87	no accepted official reading
𲾈	U+32F88	no accepted official reading
𲾉	U+32F89	no accepted official reading
𲾊	U+32F8A	no accepted official reading
𲾋	U+32F8B	no accepted official reading
𲾌	U+32F8C	no accepted official reading
𲾍	U+32F8D	no accepted official reading
𲾎	U+32F8E	no accepted official reading
𲾐	U+32F90	no accepted official reading
𲾑	U+32F91	no accepted official reading
𲾒	U+32F92	no accepted official reading
𲾓	U+32F93	no accepted official reading
𲾔	U+32F94	no accepted official reading
𲾕	U+32F95	no accepted official reading
𲾖	U+32F96	no accepted official reading
𲾘	U+32F98	no accepted official reading
𲾙	U+32F99	no accepted official reading
𲾚	U+32F9A	no accepted official reading
𲾛	U+32F9B	no accepted official reading
𲾜	U+32F9C	no accepted official reading
𲾝	U+32F9D	no accepted official reading
𲾞	U+32F9E	no accepted official reading
𲾟	U+32F9F	no accepted official reading
𲾡	U+32FA1	no accepted official reading
𲾢	U+32FA2	no accepted official reading
𲾣	U+32FA3	no accepted official reading
𲾤	U+32FA4	no accepted official reading
𲾦	U+32FA6	no accepted official reading
𲾧	U+32FA7	no accepted official reading
𲾨	U+32FA8	no accepted official reading
𲾩	U+32FA9	no accepted official reading
𲾪	U+32FAA	no accepted official reading
𲾫	U+32FAB	no accepted official reading
𲾬	U+32FAC	no accepted official reading
𲾭	U+32FAD	no accepted official reading
𲾮	U+32FAE	no accepted official reading
𲾯	U+32FAF	no accepted official reading
𲾰	U+32FB0	no accepted official reading
𲾱	U+32FB1	no accepted official reading
𲾲	U+32FB2	no accepted official reading
𲾳	U+32FB3	no accepted official reading
𲾴	U+32FB4	no accepted official reading
𲾵	U+32FB5	no accepted official reading
𲾶	U+32FB6	no accepted official reading
𲾷	U+32FB7	no accepted official reading
𲾸	U+32FB8	no accepted official reading
𲾹	U+32FB9	no accepted official reading
𲾻	U+32FBB	no accepted official reading
𲾼	U+32FBC	no accepted official reading
𲾽	U+32FBD	no accepted official reading
𲾾	U+32FBE	no accepted official reading
𲾿	U+32FBF	no accepted official reading
𲿀	U+32FC0	no accepted official reading
𲿁	U+32FC1	no accepted official reading
𲿃	U+32FC3	no accepted official reading
𲿄	U+32FC4	no accepted official reading
𲿅	U+32FC5	no accepted official reading
𲿆	U+32FC6	no accepted official reading
𲿇	U+32FC7	no accepted official reading
𲿈	U+32FC8	no accepted official reading
𲿉	U+32FC9	no accepted official reading
𲿊	U+32FCA	no accepted official reading
𲿋	U+32FCB	no accepted official reading
𲿌	U+32FCC	no accepted official reading
𲿍	U+32FCD	no accepted official reading
𲿎	U+32FCE	no accepted official reading
𲿐	U+32FD0	no accepted official reading
𲿑	U+32FD1	no accepted official reading
𲿒	U+32FD2	no accepted official reading
𲿓	U+32FD3	no accepted official reading
𲿔	U+32FD4	no accepted official reading
𲿗	U+32FD7	no accepted official reading
𲿘	U+32FD8	no accepted official reading
𲿙	U+32FD9	no accepted official reading
𲿚	U+32FDA	no accepted official reading
𲿛	U+32FDB	no accepted official reading
𲿜	U+32FDC	no accepted official reading
𲿝	U+32FDD	no accepted official reading
𲿞	U+32FDE	no accepted official reading
𲿟	U+32FDF	no accepted official reading
𲿠	U+32FE0	no accepted official reading
𲿡	U+32FE1	no accepted official reading
𲿢	U+32FE2	no accepted official reading
𲿣	U+32FE3	no accepted official reading
𲿤	U+32FE4	no accepted official reading
𲿥	U+32FE5	no accepted official reading
𲿦	U+32FE6	no accepted official reading
𲿧	U+32FE7	no accepted official reading
𲿨	U+32FE8	no accepted official reading
𲿩	U+32FE9	no accepted official reading
𲿪	U+32FEA	no accepted official reading
𲿫	U+32FEB	no accepted official reading
𲿭	U+32FED	no accepted official reading
𲿮	U+32FEE	no accepted official reading
𲿯	U+32FEF	no accepted official reading
𲿰	U+32FF0	no accepted official reading
𲿲	U+32FF2	no accepted official reading
𲿳	U+32FF3	no accepted official reading
𲿴	U+32FF4	no accepted official reading
𲿵	U+32FF5	no accepted official reading
𲿶	U+32FF6	no accepted official reading
𲿷	U+32FF7	no accepted official reading
𲿸	U+32FF8	no accepted official reading
𲿹	U+32FF9	no accepted official reading
𲿺	U+32FFA	no accepted official reading
𲿻	U+32FFB	no accepted official reading
𲿼	U+32FFC	no accepted official reading
𲿽	U+32FFD	no accepted official reading
𲿾	U+32FFE	no accepted official reading
𲿿	U+32FFF	no accepted official reading
𳀀	U+33000	no accepted official reading
𳀁	U+33001	no accepted official reading
𳀂	U+33002	no accepted official reading
𳀃	U+33003	no accepted official reading
𳀄	U+33004	no accepted official reading
𳀅	U+33005	no accepted official reading
𳀆	U+33006	no accepted official reading
𳀇	U+33007	no accepted official reading
𳀈	U+33008	no accepted official reading
𳀉	U+33009	no accepted official reading
𳀊	U+3300A	no accepted official reading
𳀋	U+3300B	no accepted official reading
𳀌	U+3300C	no accepted official reading
𳀍	U+3300D	no accepted official reading
𳀎	U+3300E	no accepted official reading
𳀏	U+3300F	no accepted official reading
𳀐	U+33010	no accepted official reading
𳀑	U+33011	no accepted official reading
𳀒	U+33012	no accepted official reading
𳀓	U+33013	no accepted official reading
𳀔	U+33014	no accepted official reading
𳀕	U+33015	no accepted official reading
𳀖	U+33016	no accepted official reading
𳀗	U+33017	no accepted official reading
𳀘	U+33018	no accepted official reading
𳀙	U+33019	no accepted official reading
𳀚	U+3301A	no accepted official reading
𳀛	U+3301B	no accepted official reading
𳀜	U+3301C	no accepted official reading
𳀝	U+3301D	no accepted official reading
𳀞	U+3301E	no accepted official reading
𳀟	U+3301F	no accepted official reading
𳀠	U+33020	no accepted official reading
𳀡	U+33021	no accepted official reading
𳀢	U+33022	no accepted official reading
𳀣	U+33023	no accepted official reading
𳀤	U+33024	no accepted official reading
𳀥	U+33025	no accepted official reading
𳀦	U+33026	no accepted official reading
𳀧	U+33027	no accepted official reading
𳀨	U+33028	no accepted official reading
𳀩	U+33029	no accepted official reading
𳀪	U+3302A	no accepted official reading
𳀫	U+3302B	no accepted official reading
𳀬	U+3302C	no accepted official reading
𳀭	U+3302D	no accepted official reading
𳀮	U+3302E	no accepted official reading
𳀯	U+3302F	no accepted official reading
𳀰	U+33030	no accepted official reading
𳀱	U+33031	no accepted official reading
𳀲	U+33032	no accepted official reading
𳀴	U+33034	no accepted official reading
𳀵	U+33035	no accepted official reading
𳀶	U+33036	no accepted official reading
𳀷	U+33037	no accepted official reading
𳀸	U+33038	no accepted official reading
𳀹	U+33039	no accepted official reading
𳀺	U+3303A	no accepted official reading
𳀻	U+3303B	no accepted official reading
𳀼	U+3303C	no accepted official reading
𳀽	U+3303D	no accepted official reading
𳀾	U+3303E	no accepted official reading
𳀿	U+3303F	no accepted official reading
𳁀	U+33040	no accepted official reading
𳁁	U+33041	no accepted official reading
𳁂	U+33042	no accepted official reading
𳁃	U+33043	no accepted official reading
𳁄	U+33044	no accepted official reading
𳁅	U+33045	no accepted official reading
𳁆	U+33046	no accepted official reading
𳁇	U+33047	no accepted official reading
𳁉	U+33049	no accepted official reading
𳁊	U+3304A	no accepted official reading
𳁋	U+3304B	no accepted official reading
𳁌	U+3304C	no accepted official reading
𳁍	U+3304D	no accepted official reading
𳁎	U+3304E	no accepted official reading
𳁏	U+3304F	no accepted official reading
𳁐	U+33050	no accepted official reading
𳁑	U+33051	no accepted official reading
𳁒	U+33052	no accepted official reading
𳁔	U+33054	no accepted official reading
𳁕	U+33055	no accepted official reading
𳁖	U+33056	no accepted official reading
𳁗	U+33057	no accepted official reading
𳁘	U+33058	no accepted official reading
𳁙	U+33059	no accepted official reading
𳁚	U+3305A	no accepted official reading
𳁛	U+3305B	no accepted official reading
𳁜	U+3305C	no accepted official reading
𳁝	U+3305D	no accepted official reading
𳁞	U+3305E	no accepted official reading
𳁟	U+3305F	no accepted official reading
𳁠	U+33060	no accepted official reading
𳁡	U+33061	no accepted official reading
𳁢	U+33062	no accepted official reading
𳁣	U+33063	no accepted official reading
𳁤	U+33064	no accepted official reading
𳁥	U+33065	no accepted official reading
𳁦	U+33066	no accepted official reading
𳁧	U+33067	no accepted official reading
𳁨	U+33068	no accepted official reading
𳁩	U+33069	no accepted official reading
𳁪	U+3306A	no accepted official reading
𳁬	U+3306C	no accepted official reading
𳁭	U+3306D	no accepted official reading
𳁮	U+3306E	no accepted official reading
𳁯	U+3306F	no accepted official reading
𳁱	U+33071	no accepted official reading
𳁲	U+33072	no accepted official reading
𳁳	U+33073	no accepted official reading
𳁴	U+33074	no accepted official reading
𳁵	U+33075	no accepted official reading
𳁶	U+33076	no accepted official reading
𳁸	U+33078	no accepted official reading
𳁹	U+33079	no accepted official reading
𳁺	U+3307A	no accepted official reading
𳁻	U+3307B	no accepted official reading
𳁼	U+3307C	no accepted official reading
𳁽	U+3307D	no accepted official reading
𳁾	U+3307E	no accepted official reading
𳁿	U+3307F	no accepted official reading
𳂀	U+33080	no accepted official reading
𳂁	U+33081	no accepted official reading
𳂂	U+33082	no accepted official reading
𳂃	U+33083	no accepted official reading
𳂄	U+33084	no accepted official reading
𳂅	U+33085	no accepted official reading
𳂆	U+33086	no accepted official reading
𳂇	U+33087	no accepted official reading
𳂈	U+33088	no accepted official reading
𳂉	U+33089	no accepted official reading
𳂊	U+3308A	no accepted official reading
𳂋	U+3308B	no accepted official reading
𳂌	U+3308C	no accepted official reading
𳂍	U+3308D	no accepted official reading
𳂎	U+3308E	no accepted official reading
𳂏	U+3308F	no accepted official reading
𳂐	U+33090	no accepted official reading
𳂑	U+33091	no accepted official reading
𳂒	U+33092	no accepted official reading
𳂓	U+33093	no accepted official reading
𳂔	U+33094	no accepted official reading
𳂖	U+33096	no accepted official reading
𳂗	U+33097	no accepted official reading
𳂘	U+33098	no accepted official reading
𳂙	U+33099	no accepted official reading
𳂚	U+3309A	no accepted official reading
𳂛	U+3309B	no accepted official reading
𳂜	U+3309C	no accepted official reading
𳂝	U+3309D	no accepted official reading
𳂞	U+3309E	no accepted official reading
𳂠	U+330A0	no accepted official reading
𳂡	U+330A1	no accepted official reading
𳂢	U+330A2	no accepted official reading
𳂣	U+330A3	no accepted official reading
𳂤	U+330A4	no accepted official reading
𳂥	U+330A5	no accepted official reading
𳂧	U+330A7	no accepted official reading
𳂨	U+330A8	no accepted official reading
𳂩	U+330A9	no accepted official reading
𳂪	U+330AA	no accepted official reading
𳂫	U+330AB	no accepted official reading
𳂬	U+330AC	no accepted official reading
𳂭	U+330AD	no accepted official reading
𳂮	U+330AE	no accepted official reading
𳂯	U+330AF	no accepted official reading
𳂰	U+330B0	no accepted official reading
𳂱	U+330B1	no accepted official reading
𳂲	U+330B2	no accepted official reading
𳂳	U+330B3	no accepted official reading
𳂴	U+330B4	no accepted official reading
𳂵	U+330B5	no accepted official reading
𳂶	U+330B6	no accepted official reading
𳂷	U+330B7	no accepted official reading
𳂸	U+330B8	no accepted official reading
𳂹	U+330B9	no accepted official reading
𳂺	U+330BA	no accepted official reading
𳂻	U+330BB	no accepted official reading
𳂼	U+330BC	no accepted official reading
𳂽	U+330BD	no accepted official reading
𳂾	U+330BE	no accepted official reading
𳂿	U+330BF	no accepted official reading
𳃀	U+330C0	no accepted official reading
𳃁	U+330C1	no accepted official reading
𳃂	U+330C2	no accepted official reading
𳃃	U+330C3	no accepted official reading
𳃄	U+330C4	no accepted official reading
𳃅	U+330C5	no accepted official reading
𳃆	U+330C6	no accepted official reading
𳃇	U+330C7	no accepted official reading
𳃈	U+330C8	no accepted official reading
𳃉	U+330C9	no accepted official reading
𳃊	U+330CA	no accepted official reading
𳃋	U+330CB	no accepted official reading
𳃌	U+330CC	no accepted official reading
𳃍	U+330CD	no accepted official reading
𳃎	U+330CE	no accepted official reading
𳃏	U+330CF	no accepted official reading
𳃐	U+330D0	no accepted official reading
𳃑	U+330D1	no accepted official reading
𳃒	U+330D2	no accepted official reading
𳃓	U+330D3	no accepted official reading
𳃔	U+330D4	no accepted official reading
𳃕	U+330D5	no accepted official reading
𳃖	U+330D6	no accepted official reading
𳃗	U+330D7	no accepted official reading
𳃘	U+330D8	no accepted official reading
𳃙	U+330D9	no accepted official reading
𳃚	U+330DA	no accepted official reading
𳃛	U+330DB	no accepted official reading
𳃜	U+330DC	no accepted official reading
𳃝	U+330DD	no accepted official reading
𳃞	U+330DE	no accepted official reading
𳃟	U+330DF	no accepted official reading
𳃠	U+330E0	no accepted official reading
𳃢	U+330E2	no accepted official reading
𳃣	U+330E3	no accepted official reading
𳃤	U+330E4	no accepted official reading
𳃥	U+330E5	no accepted official reading
𳃦	U+330E6	no accepted official reading
𳃧	U+330E7	no accepted official reading
𳃨	U+330E8	no accepted official reading
𳃩	U+330E9	no accepted official reading
𳃪	U+330EA	no accepted official reading
𳃫	U+330EB	no accepted official reading
𳃬	U+330EC	no accepted official reading
𳃭	U+330ED	no accepted official reading
𳃮	U+330EE	no accepted official reading
𳃯	U+330EF	no accepted official reading
𳃱	U+330F1	no accepted official reading
𳃲	U+330F2	no accepted official reading
𳃳	U+330F3	no accepted official reading
𳃴	U+330F4	no accepted official reading
𳃵	U+330F5	no accepted official reading
𳃶	U+330F6	no accepted official reading
𳃷	U+330F7	no accepted official reading
𳃸	U+330F8	no accepted official reading
𳃹	U+330F9	no accepted official reading
𳃺	U+330FA	no accepted official reading
𳃻	U+330FB	no accepted official reading
𳃼	U+330FC	no accepted official reading
𳃽	U+330FD	no accepted official reading
𳃾	U+330FE	no accepted official reading
𳃿	U+330FF	no accepted official reading
𳄀	U+33100	no accepted official reading
𳄁	U+33101	no accepted official reading
𳄂	U+33102	no accepted official reading
𳄃	U+33103	no accepted official reading
𳄄	U+33104	no accepted official reading
𳄅	U+33105	no accepted official reading
𳄆	U+33106	no accepted official reading
𳄇	U+33107	no accepted official reading
𳄈	U+33108	no accepted official reading
𳄉	U+33109	no accepted official reading
𳄊	U+3310A	no accepted official reading
𳄋	U+3310B	no accepted official reading
𳄌	U+3310C	no accepted official reading
𳄍	U+3310D	no accepted official reading
𳄎	U+3310E	no accepted official reading
𳄏	U+3310F	no accepted official reading
𳄐	U+33110	no accepted official reading
𳄑	U+33111	no accepted official reading
𳄒	U+33112	no accepted official reading
𳄓	U+33113	no accepted official reading
𳄔	U+33114	no accepted official reading
𳄕	U+33115	no accepted official reading
𳄖	U+33116	no accepted official reading
𳄗	U+33117	no accepted official reading
𳄘	U+33118	no accepted official reading
𳄙	U+33119	no accepted official reading
𳄚	U+3311A	no accepted official reading
𳄛	U+3311B	no accepted official reading
𳄜	U+3311C	no accepted official reading
𳄝	U+3311D	no accepted official reading
𳄞	U+3311E	no accepted official reading
𳄟	U+3311F	no accepted official reading
𳄠	U+33120	no accepted official reading
𳄡	U+33121	no accepted official reading
𳄢	U+33122	no accepted official reading
𳄣	U+33123	no accepted official reading
𳄤	U+33124	no accepted official reading
𳄥	U+33125	no accepted official reading
𳄦	U+33126	no accepted official reading
𳄧	U+33127	no accepted official reading
𳄨	U+33128	no accepted official reading
𳄩	U+33129	no accepted official reading
𳄪	U+3312A	no accepted official reading
𳄫	U+3312B	no accepted official reading
𳄬	U+3312C	no accepted official reading
𳄭	U+3312D	no accepted official reading
𳄮	U+3312E	no accepted official reading
𳄯	U+3312F	no accepted official reading
𳄰	U+33130	no accepted official reading
𳄱	U+33131	no accepted official reading
𳄲	U+33132	no accepted official reading
𳄳	U+33133	no accepted official reading
𳄴	U+33134	no accepted official reading
𳄵	U+33135	no accepted official reading
𳄶	U+33136	no accepted official reading
𳄷	U+33137	no accepted official reading
𳄸	U+33138	no accepted official reading
𳄹	U+33139	no accepted official reading
𳄺	U+3313A	no accepted official reading
𳄻	U+3313B	no accepted official reading
𳄽	U+3313D	no accepted official reading
𳄾	U+3313E	no accepted official reading
𳄿	U+3313F	no accepted official reading
𳅀	U+33140	no accepted official reading
𳅁	U+33141	no accepted official reading
𳅃	U+33143	no accepted official reading
𳅄	U+33144	no accepted official reading
𳅅	U+33145	no accepted official reading
𳅆	U+33146	no accepted official reading
𳅇	U+33147	no accepted official reading
𳅈	U+33148	no accepted official reading
𳅉	U+33149	no accepted official reading
𳅊	U+3314A	no accepted official reading
𳅋	U+3314B	no accepted official reading
𳅌	U+3314C	no accepted official reading
𳅍	U+3314D	no accepted official reading
𳅎	U+3314E	no accepted official reading
𳅏	U+3314F	no accepted official reading
𳅐	U+33150	no accepted official reading
𳅑	U+33151	no accepted official reading
𳅒	U+33152	no accepted official reading
𳅓	U+33153	no accepted official reading
𳅔	U+33154	no accepted official reading
𳅕	U+33155	no accepted official reading
𳅖	U+33156	no accepted official reading
𳅗	U+33157	no accepted official reading
𳅘	U+33158	no accepted official reading
𳅙	U+33159	no accepted official reading
𳅚	U+3315A	no accepted official reading
𳅛	U+3315B	no accepted official reading
𳅜	U+3315C	no accepted official reading
𳅝	U+3315D	no accepted official reading
𳅞	U+3315E	no accepted official reading
𳅟	U+3315F	no accepted official reading
𳅠	U+33160	no accepted official reading
𳅡	U+33161	no accepted official reading
𳅢	U+33162	no accepted official reading
𳅣	U+33163	no accepted official reading
𳅥	U+33165	no accepted official reading
𳅦	U+33166	no accepted official reading
𳅨	U+33168	no accepted official reading
𳅩	U+33169	no accepted official reading
𳅪	U+3316A	no accepted official reading
𳅫	U+3316B	no accepted official reading
𳅬	U+3316C	no accepted official reading
𳅭	U+3316D	no accepted official reading
𳅮	U+3316E	no accepted official reading
𳅯	U+3316F	no accepted official reading
𳅰	U+33170	no accepted official reading
𳅱	U+33171	no accepted official reading
𳅲	U+33172	no accepted official reading
𳅳	U+33173	no accepted official reading
𳅴	U+33174	no accepted official reading
𳅵	U+33175	no accepted official reading
𳅶	U+33176	no accepted official reading
𳅷	U+33177	no accepted official reading
𳅸	U+33178	no accepted official reading
𳅹	U+33179	no accepted official reading
𳅺	U+3317A	no accepted official reading
𳅻	U+3317B	no accepted official reading
𳅼	U+3317C	no accepted official reading
𳅽	U+3317D	no accepted official reading
𳅾	U+3317E	no accepted official reading
𳅿	U+3317F	no accepted official reading
𳆀	U+33180	no accepted official reading
𳆁	U+33181	no accepted official reading
𳆂	U+33182	no accepted official reading
𳆃	U+33183	no accepted official reading
𳆄	U+33184	no accepted official reading
𳆅	U+33185	no accepted official reading
𳆆	U+33186	no accepted official reading
𳆇	U+33187	no accepted official reading
𳆈	U+33188	no accepted official reading
𳆉	U+33189	no accepted official reading
𳆊	U+3318A	no accepted official reading
𳆋	U+3318B	no accepted official reading
𳆌	U+3318C	no accepted official reading
𳆍	U+3318D	no accepted official reading
𳆎	U+3318E	no accepted official reading
𳆐	U+33190	no accepted official reading
𳆑	U+33191	no accepted official reading
𳆒	U+33192	no accepted official reading
𳆓	U+33193	no accepted official reading
𳆔	U+33194	no accepted official reading
𳆖	U+33196	no accepted official reading
𳆗	U+33197	no accepted official reading
𳆘	U+33198	no accepted official reading
𳆙	U+33199	no accepted official reading
𳆚	U+3319A	no accepted official reading
𳆛	U+3319B	no accepted official reading
𳆜	U+3319C	no accepted official reading
𳆝	U+3319D	no accepted official reading
𳆞	U+3319E	no accepted official reading
𳆟	U+3319F	no accepted official reading
𳆠	U+331A0	no accepted official reading
𳆡	U+331A1	no accepted official reading
𳆢	U+331A2	no accepted official reading
𳆣	U+331A3	no accepted official reading
𳆤	U+331A4	no accepted official reading
𳆥	U+331A5	no accepted official reading
𳆦	U+331A6	no accepted official reading
𳆧	U+331A7	no accepted official reading
𳆨	U+331A8	no accepted official reading
𳆪	U+331AA	no accepted official reading
𳆫	U+331AB	no accepted official reading
𳆬	U+331AC	no accepted official reading
𳆭	U+331AD	no accepted official reading
𳆮	U+331AE	no accepted official reading
𳆯	U+331AF	no accepted official reading
𳆰	U+331B0	no accepted official reading
𳆱	U+331B1	no accepted official reading
𳆲	U+331B2	no accepted official reading
𳆳	U+331B3	no accepted official reading
𳆴	U+331B4	no accepted official reading
𳆵	U+331B5	no accepted official reading
𳆶	U+331B6	no accepted official reading
𳆷	U+331B7	no accepted official reading
𳆸	U+331B8	no accepted official reading
𳆹	U+331B9	no accepted official reading
𳆺	U+331BA	no accepted official reading
𳆻	U+331BB	no accepted official reading
𳆼	U+331BC	no accepted official reading
𳆽	U+331BD	no accepted official reading
𳆾	U+331BE	no accepted official reading
𳆿	U+331BF	no accepted official reading
𳇀	U+331C0	no accepted official reading
𳇁	U+331C1	no accepted official reading
𳇂	U+331C2	no accepted official reading
𳇃	U+331C3	no accepted official reading
𳇄	U+331C4	no accepted official reading
𳇅	U+331C5	no accepted official reading
𳇆	U+331C6	no accepted official reading
𳇇	U+331C7	no accepted official reading
𳇈	U+331C8	no accepted official reading
𳇉	U+331C9	no accepted official reading
𳇊	U+331CA	no accepted official reading
𳇋	U+331CB	no accepted official reading
𳇌	U+331CC	no accepted official reading
𳇍	U+331CD	no accepted official reading
𳇎	U+331CE	no accepted official reading
𳇏	U+331CF	no accepted official reading
𳇑	U+331D1	no accepted official reading
𳇒	U+331D2	no accepted official reading
𳇔	U+331D4	no accepted official reading
𳇖	U+331D6	no accepted official reading
𳇗	U+331D7	no accepted official reading
𳇘	U+331D8	no accepted official reading
𳇙	U+331D9	no accepted official reading
𳇚	U+331DA	no accepted official reading
𳇛	U+331DB	no accepted official reading
𳇜	U+331DC	no accepted official reading
𳇝	U+331DD	no accepted official reading
𳇞	U+331DE	no accepted official reading
𳇟	U+331DF	no accepted official reading
𳇠	U+331E0	no accepted official reading
𳇡	U+331E1	no accepted official reading
𳇢	U+331E2	no accepted official reading
𳇣	U+331E3	no accepted official reading
𳇤	U+331E4	no accepted official reading
𳇥	U+331E5	no accepted official reading
𳇦	U+331E6	no accepted official reading
𳇧	U+331E7	no accepted official reading
𳇨	U+331E8	no accepted official reading
𳇩	U+331E9	no accepted official reading
𳇪	U+331EA	no accepted official reading
𳇫	U+331EB	no accepted official reading
𳇬	U+331EC	no accepted official reading
𳇭	U+331ED	no accepted official reading
𳇮	U+331EE	no accepted official reading
𳇯	U+331EF	no accepted official reading
𳇰	U+331F0	no accepted official reading
𳇱	U+331F1	no accepted official reading
𳇲	U+331F2	no accepted official reading
𳇳	U+331F3	no accepted official reading
𳇴	U+331F4	no accepted official reading
𳇵	U+331F5	no accepted official reading
𳇶	U+331F6	no accepted official reading
𳇷	U+331F7	no accepted official reading
𳇸	U+331F8	no accepted official reading
𳇹	U+331F9	no accepted official reading
𳇺	U+331FA	no accepted official reading
𳇻	U+331FB	no accepted official reading
𳇼	U+331FC	no accepted official reading
𳇽	U+331FD	no accepted official reading
𳇾	U+331FE	no accepted official reading
𳇿	U+331FF	no accepted official reading
𳈀	U+33200	no accepted official reading
𳈁	U+33201	no accepted official reading
𳈂	U+33202	no accepted official reading
𳈃	U+33203	no accepted official reading
𳈄	U+33204	no accepted official reading
𳈅	U+33205	no accepted official reading
𳈆	U+33206	no accepted official reading
𳈇	U+33207	no accepted official reading
𳈈	U+33208	no accepted official reading
𳈊	U+3320A	no accepted official reading
𳈋	U+3320B	no accepted official reading
𳈌	U+3320C	no accepted official reading
𳈍	U+3320D	no accepted official reading
𳈎	U+3320E	no accepted official reading
𳈏	U+3320F	no accepted official reading
𳈐	U+33210	no accepted official reading
𳈑	U+33211	no accepted official reading
𳈒	U+33212	no accepted official reading
𳈓	U+33213	no accepted official reading
𳈔	U+33214	no accepted official reading
𳈕	U+33215	no accepted official reading
𳈖	U+33216	no accepted official reading
𳈘	U+33218	no accepted official reading
𳈚	U+3321A	no accepted official reading
𳈛	U+3321B	no accepted official reading
𳈜	U+3321C	no accepted official reading
𳈝	U+3321D	no accepted official reading
𳈞	U+3321E	no accepted official reading
𳈟	U+3321F	no accepted official reading
𳈠	U+33220	no accepted official reading
𳈡	U+33221	no accepted official reading
𳈢	U+33222	no accepted official reading
𳈣	U+33223	no accepted official reading
𳈤	U+33224	no accepted official reading
𳈥	U+33225	no accepted official reading
𳈦	U+33226	no accepted official reading
𳈧	U+33227	no accepted official reading
𳈨	U+33228	no accepted official reading
𳈪	U+3322A	no accepted official reading
𳈫	U+3322B	no accepted official reading
𳈬	U+3322C	no accepted official reading
𳈭	U+3322D	no accepted official reading
𳈮	U+3322E	no accepted official reading
𳈰	U+33230	no accepted official reading
𳈱	U+33231	no accepted official reading
𳈲	U+33232	no accepted official reading
𳈳	U+33233	no accepted official reading
𳈴	U+33234	no accepted official reading
𳈵	U+33235	no accepted official reading
𳈶	U+33236	no accepted official reading
𳈷	U+33237	no accepted official reading
𳈸	U+33238	no accepted official reading
𳈹	U+33239	no accepted official reading
𳈺	U+3323A	no accepted official reading
𳈻	U+3323B	no accepted official reading
𳈼	U+3323C	no accepted official reading
𳈽	U+3323D	no accepted official reading
𳈾	U+3323E	no accepted official reading
𳈿	U+3323F	no accepted official reading
𳉀	U+33240	no accepted official reading
𳉁	U+33241	no accepted official reading
𳉂	U+33242	no accepted official reading
𳉃	U+33243	no accepted official reading
𳉄	U+33244	no accepted official reading
𳉅	U+33245	no accepted official reading
𳉆	U+33246	no accepted official reading
𳉇	U+33247	no accepted official reading
𳉈	U+33248	no accepted official reading
𳉉	U+33249	no accepted official reading
𳉋	U+3324B	no accepted official reading
𳉌	U+3324C	no accepted official reading
𳉍	U+3324D	no accepted official reading
𳉎	U+3324E	no accepted official reading
𳉏	U+3324F	no accepted official reading
𳉐	U+33250	no accepted official reading
𳉒	U+33252	no accepted official reading
𳉓	U+33253	no accepted official reading
𳉔	U+33254	no accepted official reading
𳉕	U+33255	no accepted official reading
𳉖	U+33256	no accepted official reading
𳉗	U+33257	no accepted official reading
𳉘	U+33258	no accepted official reading
𳉙	U+33259	no accepted official reading
𳉚	U+3325A	no accepted official reading
𳉛	U+3325B	no accepted official reading
𳉜	U+3325C	no accepted official reading
𳉝	U+3325D	no accepted official reading
𳉞	U+3325E	no accepted official reading
𳉟	U+3325F	no accepted official reading
𳉠	U+33260	no accepted official reading
𳉡	U+33261	no accepted official reading
𳉣	U+33263	no accepted official reading
𳉤	U+33264	no accepted official reading
𳉥	U+33265	no accepted official reading
𳉦	U+33266	no accepted official reading
𳉨	U+33268	no accepted official reading
𳉩	U+33269	no accepted official reading
𳉫	U+3326B	no accepted official reading
𳉬	U+3326C	no accepted official reading
𳉭	U+3326D	no accepted official reading
𳉮	U+3326E	no accepted official reading
𳉯	U+3326F	no accepted official reading
𳉰	U+33270	no accepted official reading
𳉱	U+33271	no accepted official reading
𳉲	U+33272	no accepted official reading
𳉳	U+33273	no accepted official reading
𳉴	U+33274	no accepted official reading
𳉵	U+33275	no accepted official reading
𳉶	U+33276	no accepted official reading
𳉷	U+33277	no accepted official reading
𳉸	U+33278	no accepted official reading
𳉹	U+33279	no accepted official reading
𳉻	U+3327B	no accepted official reading
𳉼	U+3327C	no accepted official reading
𳉽	U+3327D	no accepted official reading
𳉾	U+3327E	no accepted official reading
𳉿	U+3327F	no accepted official reading
𳊀	U+33280	no accepted official reading
𳊂	U+33282	no accepted official reading
𳊄	U+33284	no accepted official reading
𳊈	U+33288	no accepted official reading
𳊊	U+3328A	no accepted official reading
𳊋	U+3328B	no accepted official reading
𳊌	U+3328C	no accepted official reading
𳊎	U+3328E	no accepted official reading
𳊏	U+3328F	no accepted official reading
𳊐	U+33290	no accepted official reading
𳊑	U+33291	no accepted official reading
𳊒	U+33292	no accepted official reading
𳊓	U+33293	no accepted official reading
𳊔	U+33294	no accepted official reading
𳊕	U+33295	no accepted official reading
𳊖	U+33296	no accepted official reading
𳊗	U+33297	no accepted official reading
𳊘	U+33298	no accepted official reading
𳊙	U+33299	no accepted official reading
𳊚	U+3329A	no accepted official reading
𳊛	U+3329B	no accepted official reading
𳊜	U+3329C	no accepted official reading
𳊝	U+3329D	no accepted official reading
𳊞	U+3329E	no accepted official reading
𳊟	U+3329F	no accepted official reading
𳊡	U+332A1	no accepted official reading
𳊢	U+332A2	no accepted official reading
𳊣	U+332A3	no accepted official reading
𳊤	U+332A4	no accepted official reading
𳊥	U+332A5	no accepted official reading
𳊦	U+332A6	no accepted official reading
𳊧	U+332A7	no accepted official reading
𳊨	U+332A8	no accepted official reading
𳊩	U+332A9	no accepted official reading
𳊪	U+332AA	no accepted official reading
𳊫	U+332AB	no accepted official reading
𳊬	U+332AC	no accepted official reading
𳊭	U+332AD	no accepted official reading
𳊮	U+332AE	no accepted official reading
𳊯	U+332AF	no accepted official reading
𳊰	U+332B0	no accepted official reading
𳊱	U+332B1	no accepted official reading
𳊲	U+332B2	no accepted official reading
𳊳	U+332B3	no accepted official reading
𳊴	U+332B4	no accepted official reading
𳊵	U+332B5	no accepted official reading
𳊷	U+332B7	no accepted official reading
𳊹	U+332B9	no accepted official reading
𳊺	U+332BA	no accepted official reading
𳊻	U+332BB	no accepted official reading
𳊼	U+332BC	no accepted official reading
𳊽	U+332BD	no accepted official reading
𳊾	U+332BE	no accepted official reading
𳊿	U+332BF	no accepted official reading
𳋀	U+332C0	no accepted official reading
𳋁	U+332C1	no accepted official reading
𳋂	U+332C2	no accepted official reading
𳋃	U+332C3	no accepted official reading
𳋄	U+332C4	no accepted official reading
𳋅	U+332C5	no accepted official reading
𳋆	U+332C6	no accepted official reading
𳋇	U+332C7	no accepted official reading
𳋈	U+332C8	no accepted official reading
𳋉	U+332C9	no accepted official reading
𳋊	U+332CA	no accepted official reading
𳋋	U+332CB	no accepted official reading
𳋌	U+332CC	no accepted official reading
𳋍	U+332CD	no accepted official reading
𳋎	U+332CE	no accepted official reading
𳋑	U+332D1	no accepted official reading
𳋒	U+332D2	no accepted official reading
𳋓	U+332D3	no accepted official reading
𳋔	U+332D4	no accepted official reading
𳋕	U+332D5	no accepted official reading
𳋖	U+332D6	no accepted official reading
𳋗	U+332D7	no accepted official reading
𳋘	U+332D8	no accepted official reading
𳋙	U+332D9	no accepted official reading
𳋚	U+332DA	no accepted official reading
𳋛	U+332DB	no accepted official reading
𳋜	U+332DC	no accepted official reading
𳋝	U+332DD	no accepted official reading
𳋞	U+332DE	no accepted official reading
𳋟	U+332DF	no accepted official reading
𳋡	U+332E1	no accepted official reading
𳋢	U+332E2	no accepted official reading
𳋣	U+332E3	no accepted official reading
𳋤	U+332E4	no accepted official reading
𳋧	U+332E7	no accepted official reading
𳋨	U+332E8	no accepted official reading
𳋩	U+332E9	no accepted official reading
𳋪	U+332EA	no accepted official reading
𳋫	U+332EB	no accepted official reading
𳋬	U+332EC	no accepted official reading
𳋭	U+332ED	no accepted official reading
𳋮	U+332EE	no accepted official reading
𳋰	U+332F0	no accepted official reading
𳋱	U+332F1	no accepted official reading
𳋲	U+332F2	no accepted official reading
𳋳	U+332F3	no accepted official reading
𳋴	U+332F4	no accepted official reading
𳋵	U+332F5	no accepted official reading
𳋶	U+332F6	no accepted official reading
𳋷	U+332F7	no accepted official reading
𳋸	U+332F8	no accepted official reading
𳋹	U+332F9	no accepted official reading
𳋺	U+332FA	no accepted official reading
𳋻	U+332FB	no accepted official reading
𳋼	U+332FC	no accepted official reading
𳋽	U+332FD	no accepted official reading
𳋾	U+332FE	no accepted official reading
𳋿	U+332FF	no accepted official reading
𳌀	U+33300	no accepted official reading
𳌁	U+33301	no accepted official reading
𳌂	U+33302	no accepted official reading
𳌃	U+33303	no accepted official reading
𳌄	U+33304	no accepted official reading
𳌅	U+33305	no accepted official reading
𳌆	U+33306	no accepted official reading
𳌇	U+33307	no accepted official reading
𳌈	U+33308	no accepted official reading
𳌊	U+3330A	no accepted official reading
𳌋	U+3330B	no accepted official reading
𳌍	U+3330D	no accepted official reading
𳌎	U+3330E	no accepted official reading
𳌏	U+3330F	no accepted official reading
𳌐	U+33310	no accepted official reading
𳌑	U+33311	no accepted official reading
𳌒	U+33312	no accepted official reading
𳌓	U+33313	no accepted official reading
𳌔	U+33314	no accepted official reading
𳌕	U+33315	no accepted official reading
𳌖	U+33316	no accepted official reading
𳌗	U+33317	no accepted official reading
𳌘	U+33318	no accepted official reading
𳌙	U+33319	no accepted official reading
𳌚	U+3331A	no accepted official reading
𳌛	U+3331B	no accepted official reading
𳌜	U+3331C	no accepted official reading
𳌝	U+3331D	no accepted official reading
𳌠	U+33320	no accepted official reading
𳌡	U+33321	no accepted official reading
𳌢	U+33322	no accepted official reading
𳌣	U+33323	no accepted official reading
𳌤	U+33324	no accepted official reading
𳌥	U+33325	no accepted official reading
𳌦	U+33326	no accepted official reading
𳌧	U+33327	no accepted official reading
𳌨	U+33328	no accepted official reading
𳌩	U+33329	no accepted official reading
𳌪	U+3332A	no accepted official reading
𳌬	U+3332C	no accepted official reading
𳌭	U+3332D	no accepted official reading
𳌮	U+3332E	no accepted official reading
𳌯	U+3332F	no accepted official reading
𳌰	U+33330	no accepted official reading
𳌱	U+33331	no accepted official reading
𳌲	U+33332	no accepted official reading
𳌳	U+33333	no accepted official reading
𳌴	U+33334	no accepted official reading
𳌵	U+33335	no accepted official reading
𳌶	U+33336	no accepted official reading
𳌷	U+33337	no accepted official reading
𳌸	U+33338	no accepted official reading
𳌹	U+33339	no accepted official reading
𳌺	U+3333A	no accepted official reading
𳌻	U+3333B	no accepted official reading
𳌼	U+3333C	no accepted official reading
𳌽	U+3333D	no accepted official reading
𳌾	U+3333E	no accepted official reading
𳌿	U+3333F	no accepted official reading
𳍀	U+33340	no accepted official reading
𳍁	U+33341	no accepted official reading
𳍂	U+33342	no accepted official reading
𳍃	U+33343	no accepted official reading
𳍄	U+33344	no accepted official reading
𳍅	U+33345	no accepted official reading
𳍆	U+33346	no accepted official reading
𳍇	U+33347	no accepted official reading
𳍈	U+33348	no accepted official reading
𳍉	U+33349	no accepted official reading
𳍊	U+3334A	no accepted official reading
𳍋	U+3334B	no accepted official reading
𳍌	U+3334C	no accepted official reading
𳍍	U+3334D	no accepted official reading
𳍎	U+3334E	no accepted official reading
𳍏	U+3334F	no accepted official reading
𳍐	U+33350	no accepted official reading
𳍑	U+33351	no accepted official reading
𳍒	U+33352	no accepted official reading
𳍓	U+33353	no accepted official reading
𳍔	U+33354	no accepted official reading
𳍕	U+33355	no accepted official reading
𳍖	U+33356	no accepted official reading
𳍗	U+33357	no accepted official reading
𳍙	U+33359	no accepted official reading
𳍚	U+3335A	no accepted official reading
𳍛	U+3335B	no accepted official reading
𳍜	U+3335C	no accepted official reading
𳍝	U+3335D	no accepted official reading
𳍞	U+3335E	no accepted official reading
𳍟	U+3335F	no accepted official reading
𳍠	U+33360	no accepted official reading
𳍡	U+33361	no accepted official reading
𳍢	U+33362	no accepted official reading
𳍤	U+33364	no accepted official reading
𳍥	U+33365	no accepted official reading
𳍧	U+33367	no accepted official reading
𳍨	U+33368	no accepted official reading
𳍩	U+33369	no accepted official reading
𳍫	U+3336B	no accepted official reading
𳍬	U+3336C	no accepted official reading
𳍭	U+3336D	no accepted official reading
𳍮	U+3336E	no accepted official reading
𳍯	U+3336F	no accepted official reading
𳍰	U+33370	no accepted official reading
𳍲	U+33372	no accepted official reading
𳍳	U+33373	no accepted official reading
𳍴	U+33374	no accepted official reading
𳍵	U+33375	no accepted official reading
𳍶	U+33376	no accepted official reading
𳍷	U+33377	no accepted official reading
𳍸	U+33378	no accepted official reading
𳍹	U+33379	no accepted official reading
𳍺	U+3337A	no accepted official reading
𳍻	U+3337B	no accepted official reading
𳍼	U+3337C	no accepted official reading
𳍾	U+3337E	no accepted official reading
𳍿	U+3337F	no accepted official reading
𳎀	U+33380	no accepted official reading
𳎁	U+33381	no accepted official reading
𳎂	U+33382	no accepted official reading
𳎃	U+33383	no accepted official reading
𳎄	U+33384	no accepted official reading
𳎅	U+33385	no accepted official reading
𳎆	U+33386	no accepted official reading
𳎇	U+33387	no accepted official reading
𳎈	U+33388	no accepted official reading
𳎉	U+33389	no accepted official reading
𳎊	U+3338A	no accepted official reading
𳎋	U+3338B	no accepted official reading
𳎌	U+3338C	no accepted official reading
𳎍	U+3338D	no accepted official reading
𳎎	U+3338E	no accepted official reading
𳎏	U+3338F	no accepted official reading
𳎐	U+33390	no accepted official reading
𳎑	U+33391	no accepted official reading
𳎒	U+33392	no accepted official reading
𳎓	U+33393	no accepted official reading
𳎔	U+33394	no accepted official reading
𳎕	U+33395	no accepted official reading
𳎖	U+33396	no accepted official reading
𳎗	U+33397	no accepted official reading
𳎘	U+33398	no accepted official reading
𳎙	U+33399	no accepted official reading
𳎚	U+3339A	no accepted official reading
𳎛	U+3339B	no accepted official reading
𳎜	U+3339C	no accepted official reading
𳎝	U+3339D	no accepted official reading
𳎞	U+3339E	no accepted official reading
𳎟	U+3339F	no accepted official reading
𳎠	U+333A0	no accepted official reading
𳎡	U+333A1	no accepted official reading
𳎢	U+333A2	no accepted official reading
𳎣	U+333A3	no accepted official reading
𳎤	U+333A4	no accepted official reading
𳎥	U+333A5	no accepted official reading
𳎦	U+333A6	no accepted official reading
𳎧	U+333A7	no accepted official reading
𳎨	U+333A8	no accepted official reading
𳎩	U+333A9	no accepted official reading
𳎪	U+333AA	no accepted official reading
𳎫	U+333AB	no accepted official reading
𳎬	U+333AC	no accepted official reading
𳎭	U+333AD	no accepted official reading
𳎮	U+333AE	no accepted official reading
𳎯	U+333AF	no accepted official reading
𳎰	U+333B0	no accepted official reading
𳎱	U+333B1	no accepted official reading
𳎲	U+333B2	no accepted official reading
𳎳	U+333B3	no accepted official reading
𳎴	U+333B4	no accepted official reading
𳎵	U+333B5	no accepted official reading
𳎶	U+333B6	no accepted official reading
𳎷	U+333B7	no accepted official reading
𳎸	U+333B8	no accepted official reading
𳎹	U+333B9	no accepted official reading
𳎺	U+333BA	no accepted official reading
𳎻	U+333BB	no accepted official reading
𳎼	U+333BC	no accepted official reading
𳎾	U+333BE	no accepted official reading
𳎿	U+333BF	no accepted official reading
𳏀	U+333C0	no accepted official reading
𳏁	U+333C1	no accepted official reading
𳏂	U+333C2	no accepted official reading
𳏃	U+333C3	no accepted official reading
𳏄	U+333C4	no accepted official reading
𳏅	U+333C5	no accepted official reading
𳏆	U+333C6	no accepted official reading
𳏇	U+333C7	no accepted official reading
𳏈	U+333C8	no accepted official reading
𳏉	U+333C9	no accepted official reading
𳏊	U+333CA	no accepted official reading
𳏋	U+333CB	no accepted official reading
𳏌	U+333CC	no accepted official reading
𳏍	U+333CD	no accepted official reading
𳏎	U+333CE	no accepted official reading
𳏏	U+333CF	no accepted official reading
𳏐	U+333D0	no accepted official reading
𳏑	U+333D1	no accepted official reading
𳏒	U+333D2	no accepted official reading
𳏓	U+333D3	no accepted official reading
𳏔	U+333D4	no accepted official reading
𳏕	U+333D5	no accepted official reading
𳏖	U+333D6	no accepted official reading
𳏗	U+333D7	no accepted official reading
𳏙	U+333D9	no accepted official reading
𳏚	U+333DA	no accepted official reading
𳏛	U+333DB	no accepted official reading
𳏜	U+333DC	no accepted official reading
𳏝	U+333DD	no accepted official reading
𳏞	U+333DE	no accepted official reading
𳏟	U+333DF	no accepted official reading
𳏠	U+333E0	no accepted official reading
𳏡	U+333E1	no accepted official reading
𳏢	U+333E2	no accepted official reading
𳏣	U+333E3	no accepted official reading
𳏤	U+333E4	no accepted official reading
𳏥	U+333E5	no accepted official reading
𳏦	U+333E6	no accepted official reading
𳏧	U+333E7	no accepted official reading
𳏨	U+333E8	no accepted official reading
𳏪	U+333EA	no accepted official reading
𳏫	U+333EB	no accepted official reading
𳏬	U+333EC	no accepted official reading
𳏮	U+333EE	no accepted official reading
𳏯	U+333EF	no accepted official reading
𳏰	U+333F0	no accepted official reading
𳏱	U+333F1	no accepted official reading
𳏲	U+333F2	no accepted official reading
𳏳	U+333F3	no accepted official reading
𳏴	U+333F4	no accepted official reading
𳏵	U+333F5	no accepted official reading
𳏶	U+333F6	no accepted official reading
𳏷	U+333F7	no accepted official reading
𳏸	U+333F8	no accepted official reading
𳏹	U+333F9	no accepted official reading
𳏺	U+333FA	no accepted official reading
𳏻	U+333FB	no accepted official reading
𳏼	U+333FC	no accepted official reading
𳏽	U+333FD	no accepted official reading
𳏾	U+333FE	no accepted official reading
𳏿	U+333FF	no accepted official reading
𳐀	U+33400	no accepted official reading
𳐁	U+33401	no accepted official reading
𳐂	U+33402	no accepted official reading
𳐃	U+33403	no accepted official reading
𳐄	U+33404	no accepted official reading
𳐅	U+33405	no accepted official reading
𳐆	U+33406	no accepted official reading
𳐇	U+33407	no accepted official reading
𳐈	U+33408	no accepted official reading
𳐉	U+33409	no accepted official reading
𳐊	U+3340A	no accepted official reading
𳐋	U+3340B	no accepted official reading
𳐌	U+3340C	no accepted official reading
𳐍	U+3340D	no accepted official reading
𳐎	U+3340E	no accepted official reading
𳐏	U+3340F	no accepted official reading
𳐐	U+33410	no accepted official reading
𳐑	U+33411	no accepted official reading
𳐒	U+33412	no accepted official reading
𳐓	U+33413	no accepted official reading
𳐔	U+33414	no accepted official reading
𳐕	U+33415	no accepted official reading
𳐗	U+33417	no accepted official reading
𳐘	U+33418	no accepted official reading
𳐙	U+33419	no accepted official reading
𳐚	U+3341A	no accepted official reading
𳐛	U+3341B	no accepted official reading
𳐜	U+3341C	no accepted official reading
𳐝	U+3341D	no accepted official reading
𳐞	U+3341E	no accepted official reading
𳐟	U+3341F	no accepted official reading
𳐠	U+33420	no accepted official reading
𳐡	U+33421	no accepted official reading
𳐢	U+33422	no accepted official reading
𳐣	U+33423	no accepted official reading
𳐤	U+33424	no accepted official reading
𳐥	U+33425	no accepted official reading
𳐦	U+33426	no accepted official reading
𳐧	U+33427	no accepted official reading
𳐨	U+33428	no accepted official reading
𳐩	U+33429	no accepted official reading
𳐪	U+3342A	no accepted official reading
𳐫	U+3342B	no accepted official reading
𳐬	U+3342C	no accepted official reading
𳐭	U+3342D	no accepted official reading
𳐮	U+3342E	no accepted official reading
𳐯	U+3342F	no accepted official reading
𳐰	U+33430	no accepted official reading
𳐱	U+33431	no accepted official reading
𳐲	U+33432	no accepted official reading
𳐳	U+33433	no accepted official reading
𳐴	U+33434	no accepted official reading
𳐵	U+33435	no accepted official reading
𳐶	U+33436	no accepted official reading
𳐷	U+33437	no accepted official reading
𳐸	U+33438	no accepted official reading
𳐹	U+33439	no accepted official reading
𳐺	U+3343A	no accepted official reading
𳐻	U+3343B	no accepted official reading
𳐼	U+3343C	no accepted official reading
𳐽	U+3343D	no accepted official reading
𳐾	U+3343E	no accepted official reading
𳐿	U+3343F	no accepted official reading
𳑀	U+33440	no accepted official reading
𳑁	U+33441	no accepted official reading
𳑂	U+33442	no accepted official reading
𳑃	U+33443	no accepted official reading
𳑄	U+33444	no accepted official reading
𳑅	U+33445	no accepted official reading
𳑆	U+33446	no accepted official reading
𳑇	U+33447	no accepted official reading
𳑈	U+33448	no accepted official reading
𳑉	U+33449	no accepted official reading
𳑊	U+3344A	no accepted official reading
𳑋	U+3344B	no accepted official reading
𳑌	U+3344C	no accepted official reading
𳑍	U+3344D	no accepted official reading
𳑎	U+3344E	no accepted official reading
𳑏	U+3344F	no accepted official reading
𳑐	U+33450	no accepted official reading
𳑑	U+33451	no accepted official reading
𳑒	U+33452	no accepted official reading
𳑓	U+33453	no accepted official reading
𳑔	U+33454	no accepted official reading
𳑕	U+33455	no accepted official reading
𳑖	U+33456	no accepted official reading
𳑗	U+33457	no accepted official reading
𳑘	U+33458	no accepted official reading
𳑙	U+33459	no accepted official reading
𳑚	U+3345A	no accepted official reading
𳑛	U+3345B	no accepted official reading
𳑜	U+3345C	no accepted official reading
𳑝	U+3345D	no accepted official reading
𳑞	U+3345E	no accepted official reading
𳑟	U+3345F	no accepted official reading
𳑠	U+33460	no accepted official reading
𳑡	U+33461	no accepted official reading
𳑢	U+33462	no accepted official reading
𳑣	U+33463	no accepted official reading
𳑤	U+33464	no accepted official reading
𳑥	U+33465	no accepted official reading
𳑦	U+33466	no accepted official reading
𳑧	U+33467	no accepted official reading
𳑨	U+33468	no accepted official reading
𳑩	U+33469	no accepted official reading
𳑪	U+3346A	no accepted official reading
𳑫	U+3346B	no accepted official reading
𳑬	U+3346C	no accepted official reading
𳑭	U+3346D	no accepted official reading
𳑮	U+3346E	no accepted official reading
𳑯	U+3346F	no accepted official reading
𳑰	U+33470	no accepted official reading
𳑱	U+33471	no accepted official reading
𳑲	U+33472	no accepted official reading
𳑴	U+33474	no accepted official reading
𳑵	U+33475	no accepted official reading
𳑶	U+33476	no accepted official reading
𳑷	U+33477	no accepted official reading
𳑸	U+33478	no accepted official reading
